{"type":"FeatureCollection","features":[{"type":"Feature","properties":{"step":1},"geometry":{"type":"MultiPolygon","coordinates":[[[[-78.82638,35.9133],[-78.82528,35.91453],[-78.82529,35.915],[-78.82494,35.91576],[-78.82495,35.91481],[-78.82548,35.91391],[-78.82626,35.91319],[-78.82638,35.91214],[-78.82739,35.9108],[-78.82783,35.9106],[-78.82776,35.91089],[-78.82661,35.91238],[-78.82638,35.9133]]],[[[-78.72365,35.74136],[-78.72424,35.74218],[-78.72493,35.74369],[-78.72492,35.74475],[-78.72471,35.74474],[-78.72464,35.74384],[-78.72344,35.74156],[-78.72303,35.7402],[-78.72216,35.73881],[-78.72257,35.73876],[-78.72356,35.74032],[-78.72365,35.74136]]],[[[-78.64362,35.71782],[-78.64253,35.71849],[-78.64238,35.71883],[-78.64102,35.71955],[-78.64127,35.71925],[-78.64228,35.71868],[-78.64242,35.71833],[-78.64347,35.71777],[-78.64363,35.71687],[-78.64421,35.71645],[-78.64372,35.71701],[-78.64362,35.71782]]],[[[-78.80704,35.88356],[-78.807,35.88391],[-78.80706,35.88513],[-78.80756,35.88719],[-78.80733,35.88938],[-78.80774,35.89047],[-78.80773,35.89112],[-78.8082,35.89192],[-78.80856,35.89216],[-78.80836,35.89225],[-78.80782,35.89179],[-78.80702,35.88934],[-78.80726,35.88887],[-78.8073,35.88712],[-78.80679,35.88481],[-78.80683,35.88409],[-78.80636,35.88355],[-78.80632,35.8825],[-78.80599,35.88212],[-78.80511,35.88162],[-78.8026,35.88192],[-78.80214,35.88222],[-78.80231,35.88565],[-78.8022,35.88653],[-78.80174,35.88678],[-78.80127,35.88744],[-78.80075,35.88771],[-78.79934,35.8879],[-78.79871,35.88869],[-78.7978,35.8889],[-78.79639,35.88958],[-78.79523,35.89035],[-78.79272,35.89237],[-78.79241,35.89327],[-78.79237,35.89461],[-78.79092,35.89515],[-78.79044,35.89312],[-78.79067,35.89246],[-78.7913,35.89171],[-78.79367,35.8898],[-78.79696,35.88866],[-78.79784,35.88797],[-78.79894,35.88745],[-78.79968,35.8874],[-78.80061,35.88674],[-78.80062,35.88646],[-78.79969,35.8858],[-78.8006,35.88392],[-78.80138,35.88355],[-78.80155,35.88326],[-78.80078,35.88237],[-78.80089,35.88148],[-78.80116,35.88121],[-78.80128,35.88059],[-78.8016,35.88018],[-78.80223,35.88007],[-78.80422,35.88064],[-78.80608,35.88152],[-78.80752,35.88266],[-78.80767,35.88316],[-78.80704,35.88356]]],[[[-78.78716,35.83964],[-78.78691,35.83978],[-78.78685,35.84029],[-78.78539,35.84069],[-78.78605,35.84125],[-78.78513,35.84107],[-78.78477,35.84153],[-78.78353,35.84083],[-78.78303,35.8402],[-78.78299,35.83948],[-78.78262,35.83902],[-78.78428,35.83682],[-78.78637,35.83848],[-78.78737,35.83976],[-78.78726,35.8401],[-78.78716,35.83964]]],[[[-78.78333,35.8372],[-78.78326,35.83729],[-78.78257,35.83672],[-78.78179,35.83665],[-78.78143,35.83689],[-78.78115,35.83719],[-78.78053,35.83889],[-78.77972,35.84003],[-78.77944,35.84018],[-78.77761,35.83998],[-78.77525,35.83864],[-78.774,35.83854],[-78.77302,35.83805],[-78.77218,35.83864],[-78.77193,35.83922],[-78.77199,35.83951],[-78.77286,35.84036],[-78.77293,35.84076],[-78.77276,35.84107],[-78.77007,35.84237],[-78.76935,35.84236],[-78.76856,35.84183],[-78.76809,35.84198],[-78.76807,35.84235],[-78.76943,35.84311],[-78.76976,35.8435],[-78.76946,35.84437],[-78.76835,35.84489],[-78.7676,35.84475],[-78.76728,35.84383],[-78.76652,35.84309],[-78.76316,35.84118],[-78.7628,35.84127],[-78.76127,35.84238],[-78.76013,35.84263],[-78.75839,35.84328],[-78.75812,35.84348],[-78.75773,35.84448],[-78.75731,35.84497],[-78.75665,35.84483],[-78.75605,35.84438],[-78.75474,35.8438],[-78.75399,35.84356],[-78.75282,35.84347],[-78.75226,35.84358],[-78.75104,35.84519],[-78.7505,35.84541],[-78.74971,35.845],[-78.74911,35.84389],[-78.74874,35.84354],[-78.74821,35.84343],[-78.74706,35.84362],[-78.74591,35.84335],[-78.74432,35.84258],[-78.74367,35.8411],[-78.74234,35.84135],[-78.7402,35.83992],[-78.73925,35.83967],[-78.73881,35.8398],[-78.73805,35.84033],[-78.73726,35.8414],[-78.73637,35.84345],[-78.73535,35.8443],[-78.73445,35.8459],[-78.73363,35.84663],[-78.73277,35.84713],[-78.73253,35.84711],[-78.7323,35.84679],[-78.73186,35.84453],[-78.73123,35.84324],[-78.73001,35.84219],[-78.72951,35.84225],[-78.72843,35.84276],[-78.72758,35.84399],[-78.72519,35.84549],[-78.72595,35.84597],[-78.72611,35.84682],[-78.72724,35.8476],[-78.72737,35.84788],[-78.72721,35.84906],[-78.72663,35.85011],[-78.72663,35.8505],[-78.727,35.85069],[-78.72706,35.85119],[-78.72646,35.85211],[-78.72645,35.85294],[-78.72909,35.85413],[-78.73175,35.85357],[-78.73192,35.85379],[-78.73179,35.85549],[-78.73196,35.85614],[-78.73225,35.85641],[-78.73291,35.85671],[-78.73498,35.85719],[-78.73602,35.8576],[-78.73645,35.85736],[-78.73715,35.85753],[-78.73791,35.8575],[-78.73814,35.85731],[-78.73941,35.85732],[-78.7428,35.85481],[-78.74298,35.85486],[-78.74403,35.85639],[-78.74433,35.8564],[-78.74517,35.85575],[-78.74525,35.85462],[-78.74557,35.8536],[-78.74596,35.8533],[-78.74705,35.85383],[-78.74896,35.85445],[-78.75168,35.8548],[-78.75277,35.85555],[-78.75309,35.85594],[-78.75303,35.85795],[-78.75365,35.85825],[-78.75365,35.85879],[-78.75332,35.85957],[-78.75249,35.86082],[-78.75237,35.86281],[-78.75212,35.863],[-78.75221,35.86312],[-78.75338,35.86267],[-78.7538,35.86332],[-78.75436,35.86355],[-78.75465,35.86356],[-78.75491,35.86338],[-78.75557,35.86353],[-78.75581,35.86332],[-78.7561,35.8637],[-78.75678,35.86387],[-78.75707,35.86411],[-78.75751,35.86348],[-78.75772,35.86377],[-78.75768,35.86406],[-78.75809,35.86387],[-78.75861,35.86417],[-78.75802,35.86433],[-78.75724,35.86506],[-78.75706,35.86558],[-78.75713,35.86622],[-78.75637,35.86642],[-78.75646,35.8666],[-78.7575,35.86698],[-78.75768,35.86807],[-78.76081,35.869],[-78.76168,35.8694],[-78.76232,35.87002],[-78.76269,35.86916],[-78.76334,35.86884],[-78.76415,35.86886],[-78.76441,35.86917],[-78.76469,35.86913],[-78.76505,35.86943],[-78.76593,35.86934],[-78.76558,35.86952],[-78.76571,35.86973],[-78.76648,35.86947],[-78.766,35.87017],[-78.76597,35.87046],[-78.76633,35.87117],[-78.76633,35.87176],[-78.76713,35.87255],[-78.76765,35.87257],[-78.76814,35.87224],[-78.76847,35.87224],[-78.76848,35.87196],[-78.76898,35.87168],[-78.76978,35.87179],[-78.77056,35.8717],[-78.77032,35.87196],[-78.76923,35.87242],[-78.76878,35.87302],[-78.76873,35.87329],[-78.76902,35.87405],[-78.76881,35.87477],[-78.76839,35.87537],[-78.76847,35.87551],[-78.76958,35.87563],[-78.76957,35.87593],[-78.76908,35.87604],[-78.76911,35.8766],[-78.76974,35.87718],[-78.77018,35.87789],[-78.76989,35.87842],[-78.77002,35.87921],[-78.77121,35.88003],[-78.77212,35.88003],[-78.77166,35.88046],[-78.77222,35.88086],[-78.7715,35.88075],[-78.7708,35.88036],[-78.77024,35.88045],[-78.76996,35.88073],[-78.77015,35.88205],[-78.76972,35.88351],[-78.77005,35.88435],[-78.76985,35.88533],[-78.76953,35.8854],[-78.76946,35.88626],[-78.76918,35.88675],[-78.76922,35.8878],[-78.76904,35.88878],[-78.76921,35.88994],[-78.7692,35.89223],[-78.7687,35.89374],[-78.76868,35.89476],[-78.76837,35.89549],[-78.76776,35.89622],[-78.76777,35.89758],[-78.76598,35.90065],[-78.76502,35.90185],[-78.76502,35.90222],[-78.76533,35.9026],[-78.76497,35.90372],[-78.76509,35.90422],[-78.76472,35.90471],[-78.76417,35.90699],[-78.76422,35.90736],[-78.76303,35.90815],[-78.76369,35.90746],[-78.76407,35.90657],[-78.7642,35.90503],[-78.76456,35.90429],[-78.76459,35.9024],[-78.76486,35.90225],[-78.76484,35.90185],[-78.76588,35.9005],[-78.76758,35.89764],[-78.76772,35.89713],[-78.76726,35.89608],[-78.76667,35.89606],[-78.76487,35.8966],[-78.76366,35.89738],[-78.76161,35.89817],[-78.7614,35.89801],[-78.76462,35.89652],[-78.76635,35.89602],[-78.76727,35.89599],[-78.7676,35.89571],[-78.7679,35.89488],[-78.76804,35.8922],[-78.76782,35.89082],[-78.76788,35.88933],[-78.76829,35.88699],[-78.76883,35.88538],[-78.76867,35.8836],[-78.76807,35.88364],[-78.76827,35.88204],[-78.76812,35.88169],[-78.76845,35.88136],[-78.76862,35.88052],[-78.76748,35.87901],[-78.76754,35.87869],[-78.76718,35.87769],[-78.76683,35.87727],[-78.76649,35.87721],[-78.76665,35.87678],[-78.76651,35.8763],[-78.76621,35.87623],[-78.76653,35.87598],[-78.76651,35.87548],[-78.7663,35.87524],[-78.76657,35.87519],[-78.76696,35.87485],[-78.7668,35.87433],[-78.76613,35.87401],[-78.76604,35.87357],[-78.76553,35.87365],[-78.76521,35.87353],[-78.76511,35.87304],[-78.76479,35.87291],[-78.7649,35.87273],[-78.76477,35.87251],[-78.76435,35.87215],[-78.76405,35.87213],[-78.76398,35.87152],[-78.763,35.87146],[-78.7624,35.8716],[-78.76254,35.87097],[-78.7624,35.87043],[-78.76155,35.86955],[-78.76067,35.8691],[-78.75881,35.86873],[-78.75859,35.86952],[-78.75778,35.87095],[-78.75742,35.87108],[-78.75771,35.87084],[-78.75853,35.86939],[-78.75871,35.8687],[-78.7578,35.86855],[-78.75741,35.86832],[-78.75693,35.86727],[-78.75649,35.86723],[-78.7559,35.86746],[-78.75609,35.8671],[-78.75592,35.86693],[-78.75537,35.8666],[-78.75462,35.86653],[-78.75472,35.8661],[-78.75536,35.86533],[-78.75538,35.86499],[-78.7552,35.86478],[-78.75469,35.8646],[-78.75431,35.86479],[-78.75417,35.86452],[-78.75393,35.86443],[-78.75339,35.86459],[-78.75334,35.86431],[-78.75306,35.86422],[-78.75272,35.86437],[-78.75232,35.86489],[-78.75197,35.86494],[-78.75259,35.86388],[-78.75237,35.86359],[-78.75174,35.86386],[-78.75167,35.86352],[-78.75204,35.86338],[-78.75237,35.86064],[-78.75305,35.85967],[-78.75343,35.85845],[-78.75285,35.85818],[-78.75288,35.85592],[-78.75166,35.85495],[-78.74856,35.85454],[-78.74596,35.85347],[-78.74576,35.85363],[-78.74543,35.85464],[-78.74529,35.8559],[-78.74468,35.85647],[-78.7442,35.85662],[-78.74392,35.85655],[-78.74314,35.85536],[-78.74273,35.85502],[-78.74158,35.85603],[-78.74023,35.85688],[-78.73964,35.8575],[-78.73841,35.85745],[-78.73799,35.85774],[-78.73664,35.85764],[-78.73599,35.85791],[-78.73504,35.85746],[-78.73263,35.85689],[-78.73177,35.85626],[-78.73162,35.85547],[-78.73168,35.85421],[-78.73152,35.85391],[-78.729,35.85441],[-78.72777,35.85371],[-78.72598,35.85326],[-78.72585,35.85276],[-78.72626,35.85236],[-78.72625,35.8519],[-78.72672,35.85158],[-78.7268,35.85111],[-78.72666,35.85074],[-78.7262,35.85054],[-78.72645,35.85003],[-78.726,35.85002],[-78.72566,35.84959],[-78.72589,35.84928],[-78.72582,35.84854],[-78.72621,35.84834],[-78.72607,35.84788],[-78.72553,35.84748],[-78.72538,35.84786],[-78.72487,35.84809],[-78.72315,35.8483],[-78.72299,35.8486],[-78.72369,35.8507],[-78.72295,35.85184],[-78.72444,35.8521],[-78.72494,35.85344],[-78.72464,35.85469],[-78.72321,35.85502],[-78.72272,35.85492],[-78.7227,35.85551],[-78.723,35.85576],[-78.72302,35.85612],[-78.72402,35.85637],[-78.72554,35.85704],[-78.72582,35.85724],[-78.72599,35.85768],[-78.72629,35.85783],[-78.7257,35.85851],[-78.72556,35.85903],[-78.72503,35.85982],[-78.72493,35.86148],[-78.72558,35.86168],[-78.72642,35.86218],[-78.7266,35.86266],[-78.72735,35.86277],[-78.7295,35.86409],[-78.73135,35.86499],[-78.73147,35.86538],[-78.7312,35.86637],[-78.73127,35.86773],[-78.73171,35.8685],[-78.7319,35.86932],[-78.73225,35.8694],[-78.732,35.86962],[-78.73118,35.86807],[-78.73108,35.86643],[-78.73129,35.86561],[-78.73121,35.86499],[-78.72969,35.86443],[-78.7273,35.86293],[-78.7265,35.86275],[-78.72637,35.86231],[-78.72555,35.86183],[-78.72528,35.86214],[-78.72526,35.86278],[-78.7251,35.86307],[-78.72527,35.86354],[-78.72523,35.86427],[-78.72478,35.86523],[-78.72418,35.86544],[-78.72348,35.86607],[-78.72331,35.86676],[-78.72369,35.86769],[-78.72322,35.86809],[-78.72338,35.8686],[-78.72298,35.87009],[-78.72327,35.86861],[-78.72313,35.86806],[-78.72357,35.86762],[-78.72336,35.86742],[-78.72321,35.86672],[-78.72338,35.86605],[-78.72402,35.86541],[-78.72469,35.86517],[-78.72514,35.86419],[-78.72505,35.86297],[-78.7252,35.8621],[-78.72542,35.86181],[-78.72462,35.86157],[-78.72477,35.8598],[-78.72512,35.85891],[-78.72593,35.8579],[-78.72547,35.85724],[-78.72413,35.85661],[-78.72276,35.85624],[-78.72267,35.85579],[-78.72244,35.85564],[-78.72246,35.85477],[-78.72275,35.85469],[-78.72312,35.8548],[-78.72357,35.85461],[-78.72444,35.85454],[-78.72467,35.85405],[-78.72472,35.85338],[-78.72415,35.85231],[-78.72289,35.85212],[-78.72275,35.85195],[-78.72297,35.85135],[-78.7235,35.85069],[-78.72288,35.84838],[-78.72329,35.84813],[-78.72488,35.8479],[-78.72535,35.84736],[-78.72533,35.84632],[-78.72484,35.84561],[-78.72457,35.84576],[-78.72445,35.84563],[-78.72419,35.84588],[-78.72375,35.84596],[-78.72258,35.84598],[-78.72097,35.84539],[-78.71873,35.84509],[-78.71707,35.84398],[-78.71676,35.84391],[-78.71618,35.84404],[-78.71548,35.84565],[-78.71511,35.84584],[-78.71451,35.84578],[-78.71189,35.845],[-78.71064,35.84391],[-78.70974,35.84236],[-78.70792,35.8412],[-78.70736,35.84102],[-78.70132,35.84211],[-78.70005,35.84211],[-78.69943,35.84252],[-78.69781,35.84464],[-78.69687,35.84546],[-78.69633,35.84571],[-78.6947,35.84574],[-78.69208,35.84511],[-78.68922,35.8452],[-78.68861,35.84507],[-78.68812,35.846],[-78.68943,35.84687],[-78.68957,35.84736],[-78.68946,35.8483],[-78.68867,35.84959],[-78.68867,35.84987],[-78.69046,35.85113],[-78.69056,35.85205],[-78.69008,35.85398],[-78.6901,35.85266],[-78.69038,35.85212],[-78.69027,35.85108],[-78.68883,35.85031],[-78.68826,35.84973],[-78.68921,35.84824],[-78.68931,35.84737],[-78.68911,35.84683],[-78.68796,35.84608],[-78.68838,35.84499],[-78.68526,35.84397],[-78.6846,35.84312],[-78.68393,35.84156],[-78.67906,35.83843],[-78.67881,35.838],[-78.67722,35.83722],[-78.67515,35.83685],[-78.67471,35.83712],[-78.67425,35.83799],[-78.67375,35.83832],[-78.67229,35.83819],[-78.67168,35.83831],[-78.67102,35.83859],[-78.67023,35.83926],[-78.66873,35.83964],[-78.66845,35.83957],[-78.66809,35.83915],[-78.66679,35.83855],[-78.66536,35.83831],[-78.66394,35.83843],[-78.66372,35.83905],[-78.6641,35.83942],[-78.66387,35.84033],[-78.66336,35.84082],[-78.6621,35.84139],[-78.6624,35.84185],[-78.66201,35.84234],[-78.66194,35.84212],[-78.66215,35.84183],[-78.66181,35.84161],[-78.66186,35.84136],[-78.66308,35.84085],[-78.66374,35.84036],[-78.66396,35.83943],[-78.6636,35.83915],[-78.66376,35.83845],[-78.66318,35.83843],[-78.66243,35.83801],[-78.66013,35.83525],[-78.65786,35.83413],[-78.65707,35.83343],[-78.65694,35.83354],[-78.65598,35.83287],[-78.65498,35.83187],[-78.65472,35.8314],[-78.65463,35.83042],[-78.65526,35.8293],[-78.65534,35.8287],[-78.65514,35.82839],[-78.6539,35.82811],[-78.6516,35.82804],[-78.65051,35.82784],[-78.65001,35.82744],[-78.64916,35.82623],[-78.6478,35.82586],[-78.64571,35.82406],[-78.64408,35.8237],[-78.64169,35.82248],[-78.63986,35.82255],[-78.63857,35.82227],[-78.6386,35.82299],[-78.63818,35.82402],[-78.6375,35.82446],[-78.63623,35.8247],[-78.63562,35.82414],[-78.63456,35.82186],[-78.63299,35.82045],[-78.6324,35.82008],[-78.63094,35.81958],[-78.62909,35.81838],[-78.62911,35.82018],[-78.62959,35.82095],[-78.62992,35.82249],[-78.62942,35.82381],[-78.62882,35.82473],[-78.6287,35.82551],[-78.63044,35.82765],[-78.63049,35.82797],[-78.63026,35.82879],[-78.62928,35.82945],[-78.62898,35.83047],[-78.62889,35.82992],[-78.62902,35.8295],[-78.62937,35.82912],[-78.63005,35.82876],[-78.63035,35.82819],[-78.62967,35.82751],[-78.62961,35.82717],[-78.62824,35.82543],[-78.62839,35.82457],[-78.62906,35.82393],[-78.62964,35.82222],[-78.62942,35.82089],[-78.62895,35.82018],[-78.62894,35.81825],[-78.62859,35.81792],[-78.62713,35.81718],[-78.62543,35.81739],[-78.62494,35.81732],[-78.62406,35.81626],[-78.62351,35.81592],[-78.62197,35.81512],[-78.61981,35.81434],[-78.61978,35.81412],[-78.61953,35.81403],[-78.61929,35.81414],[-78.61873,35.81398],[-78.61819,35.81409],[-78.61762,35.81389],[-78.61725,35.81401],[-78.61688,35.81424],[-78.61643,35.81512],[-78.61607,35.81544],[-78.61428,35.81498],[-78.61078,35.81492],[-78.61018,35.81473],[-78.61,35.81427],[-78.61095,35.81248],[-78.61133,35.81115],[-78.61057,35.81028],[-78.60863,35.80978],[-78.60788,35.80878],[-78.60738,35.80648],[-78.6082,35.80495],[-78.60818,35.80422],[-78.60779,35.8041],[-78.60668,35.80535],[-78.60425,35.80659],[-78.60373,35.80664],[-78.60316,35.80649],[-78.59941,35.80383],[-78.59927,35.80353],[-78.59893,35.80348],[-78.5982,35.80298],[-78.59637,35.80079],[-78.59289,35.79717],[-78.59135,35.79771],[-78.59066,35.7989],[-78.59085,35.80053],[-78.59217,35.80176],[-78.59237,35.80226],[-78.5916,35.80463],[-78.59166,35.80561],[-78.59149,35.80628],[-78.59186,35.80678],[-78.59291,35.80748],[-78.59311,35.8098],[-78.59233,35.81176],[-78.5925,35.81215],[-78.59352,35.81303],[-78.59362,35.81328],[-78.5932,35.81469],[-78.59305,35.8165],[-78.59372,35.81798],[-78.59377,35.81937],[-78.59398,35.81969],[-78.59446,35.81982],[-78.5956,35.82102],[-78.59663,35.82313],[-78.59737,35.82516],[-78.59776,35.82736],[-78.59873,35.83028],[-78.59889,35.83186],[-78.59881,35.83295],[-78.59839,35.83462],[-78.5981,35.83506],[-78.59775,35.83786],[-78.59823,35.84144],[-78.5991,35.8434],[-78.5993,35.84443],[-78.59988,35.84539],[-78.60018,35.84648],[-78.59988,35.84885],[-78.5996,35.84982],[-78.5997,35.85052],[-78.60014,35.85121],[-78.60007,35.85139],[-78.59946,35.85061],[-78.59919,35.8498],[-78.59968,35.84843],[-78.59994,35.84695],[-78.59976,35.84565],[-78.59737,35.84127],[-78.59674,35.8416],[-78.59641,35.84243],[-78.59622,35.8425],[-78.59644,35.84278],[-78.59612,35.84345],[-78.5949,35.84483],[-78.59503,35.84513],[-78.59477,35.84568],[-78.59479,35.8461],[-78.59455,35.84629],[-78.59464,35.84651],[-78.59423,35.84751],[-78.59371,35.84771],[-78.59381,35.84816],[-78.59479,35.84824],[-78.59458,35.84924],[-78.59464,35.85009],[-78.59443,35.85028],[-78.5946,35.85123],[-78.59424,35.85209],[-78.59447,35.85374],[-78.59424,35.85427],[-78.59407,35.85251],[-78.59315,35.85095],[-78.59363,35.8502],[-78.5934,35.8498],[-78.59337,35.84827],[-78.59357,35.84767],[-78.59406,35.84748],[-78.5943,35.84703],[-78.59442,35.84608],[-78.59424,35.84555],[-78.59522,35.84386],[-78.5952,35.84291],[-78.5958,35.8424],[-78.5961,35.8424],[-78.5961,35.84217],[-78.59623,35.84225],[-78.59639,35.84212],[-78.59669,35.84137],[-78.5973,35.84111],[-78.59721,35.84032],[-78.59752,35.8388],[-78.59744,35.83765],[-78.59768,35.8369],[-78.59775,35.83524],[-78.59818,35.83463],[-78.59832,35.83104],[-78.59862,35.83093],[-78.59819,35.83045],[-78.5971,35.8275],[-78.59625,35.82581],[-78.59557,35.82358],[-78.5946,35.8219],[-78.59386,35.82293],[-78.59377,35.8232],[-78.59393,35.82335],[-78.59353,35.82383],[-78.59267,35.82633],[-78.5924,35.82691],[-78.59206,35.82709],[-78.59156,35.82775],[-78.59121,35.82921],[-78.59072,35.8303],[-78.59032,35.83072],[-78.59,35.83249],[-78.58913,35.83434],[-78.58895,35.83541],[-78.58804,35.83652],[-78.58835,35.83743],[-78.58782,35.83747],[-78.58695,35.83823],[-78.58681,35.83885],[-78.58625,35.83944],[-78.5863,35.83974],[-78.58605,35.84009],[-78.58574,35.84148],[-78.58546,35.842],[-78.58466,35.84273],[-78.58431,35.84347],[-78.58539,35.84401],[-78.5852,35.84467],[-78.58455,35.84504],[-78.58478,35.8458],[-78.58433,35.84586],[-78.58317,35.84556],[-78.58312,35.84528],[-78.58318,35.84517],[-78.58369,35.84523],[-78.58425,35.84494],[-78.5842,35.84325],[-78.58443,35.84279],[-78.58535,35.84191],[-78.58563,35.84131],[-78.58564,35.84023],[-78.58537,35.83929],[-78.58552,35.8393],[-78.58549,35.8391],[-78.58571,35.83903],[-78.58602,35.83859],[-78.58588,35.83803],[-78.58635,35.83729],[-78.58705,35.83692],[-78.58814,35.83706],[-78.58788,35.83646],[-78.58825,35.83577],[-78.58878,35.83537],[-78.58889,35.83512],[-78.58855,35.83388],[-78.58864,35.83337],[-78.58897,35.83273],[-78.58951,35.83229],[-78.58986,35.83221],[-78.59001,35.83186],[-78.59005,35.83074],[-78.59083,35.82937],[-78.59107,35.8284],[-78.59091,35.82771],[-78.59185,35.82696],[-78.5921,35.82599],[-78.59226,35.8239],[-78.59266,35.82351],[-78.59263,35.82308],[-78.59345,35.82312],[-78.59422,35.82127],[-78.59356,35.82032],[-78.59363,35.81969],[-78.59292,35.81873],[-78.59261,35.81777],[-78.59241,35.81638],[-78.59282,35.81411],[-78.5922,35.81256],[-78.59184,35.81106],[-78.59221,35.80938],[-78.5919,35.80831],[-78.59084,35.80624],[-78.59093,35.80469],[-78.59127,35.80372],[-78.59119,35.80226],[-78.59062,35.80115],[-78.59062,35.79952],[-78.59035,35.79913],[-78.59022,35.79844],[-78.59082,35.79615],[-78.59081,35.79506],[-78.59095,35.79484],[-78.59166,35.79456],[-78.59187,35.79413],[-78.59105,35.79185],[-78.59075,35.79157],[-78.59023,35.79142],[-78.58862,35.79182],[-78.58757,35.79143],[-78.58435,35.79097],[-78.58064,35.79089],[-78.57902,35.79074],[-78.57833,35.79044],[-78.57787,35.78928],[-78.57807,35.78901],[-78.57801,35.7883],[-78.57818,35.78775],[-78.57796,35.78693],[-78.57804,35.78576],[-78.57725,35.78441],[-78.57713,35.78304],[-78.57689,35.78285],[-78.5742,35.78246],[-78.57359,35.78273],[-78.57036,35.78313],[-78.56924,35.78283],[-78.56585,35.78376],[-78.56467,35.78388],[-78.56299,35.78376],[-78.56144,35.78333],[-78.55936,35.78061],[-78.55763,35.77869],[-78.55655,35.77776],[-78.55409,35.77757],[-78.55363,35.77772],[-78.55294,35.77827],[-78.5525,35.77838],[-78.55065,35.77726],[-78.55007,35.77659],[-78.54916,35.775],[-78.5477,35.77426],[-78.54678,35.77326],[-78.54626,35.77189],[-78.54525,35.77162],[-78.5436,35.76982],[-78.54282,35.76821],[-78.54196,35.7672],[-78.54154,35.76682],[-78.5412,35.76673],[-78.54014,35.76688],[-78.53976,35.76859],[-78.53964,35.77097],[-78.53985,35.77232],[-78.54048,35.7736],[-78.53954,35.77597],[-78.53874,35.77717],[-78.53804,35.78004],[-78.53736,35.78613],[-78.53727,35.7885],[-78.53774,35.79048],[-78.53845,35.7917],[-78.53994,35.79335],[-78.54249,35.79534],[-78.54268,35.79616],[-78.5424,35.79728],[-78.54108,35.7997],[-78.53999,35.80045],[-78.5388,35.80173],[-78.53908,35.80425],[-78.53781,35.80691],[-78.53602,35.80893],[-78.53424,35.81032],[-78.53379,35.81085],[-78.53463,35.81237],[-78.53557,35.81338],[-78.5381,35.81547],[-78.53964,35.8175],[-78.53978,35.81793],[-78.53973,35.81846],[-78.53905,35.82009],[-78.54,35.82277],[-78.5398,35.82519],[-78.54002,35.82704],[-78.53983,35.82786],[-78.53924,35.82888],[-78.53797,35.83007],[-78.53674,35.83085],[-78.53682,35.83144],[-78.53725,35.83161],[-78.53768,35.83252],[-78.53752,35.8335],[-78.53769,35.83425],[-78.53763,35.83454],[-78.53738,35.83471],[-78.5382,35.83522],[-78.53919,35.83665],[-78.53963,35.83769],[-78.54021,35.83813],[-78.54248,35.83876],[-78.54344,35.83948],[-78.54618,35.8402],[-78.54665,35.8406],[-78.54728,35.84086],[-78.54867,35.84089],[-78.54952,35.84141],[-78.55197,35.84163],[-78.55333,35.84285],[-78.55379,35.84285],[-78.55451,35.84223],[-78.55542,35.84217],[-78.5567,35.84268],[-78.55875,35.84305],[-78.55993,35.843],[-78.56038,35.84315],[-78.56144,35.84301],[-78.5624,35.84368],[-78.56396,35.84309],[-78.56447,35.84321],[-78.56466,35.84338],[-78.56488,35.84465],[-78.56516,35.84508],[-78.56507,35.8454],[-78.5657,35.8462],[-78.56533,35.84639],[-78.56483,35.84575],[-78.56421,35.84442],[-78.56419,35.84399],[-78.5638,35.84374],[-78.56226,35.84392],[-78.56174,35.84359],[-78.56051,35.84374],[-78.55562,35.84286],[-78.5547,35.84289],[-78.55392,35.84334],[-78.55325,35.84336],[-78.55252,35.84298],[-78.55218,35.84241],[-78.55187,35.8422],[-78.55106,35.84225],[-78.5493,35.84202],[-78.54877,35.84182],[-78.54826,35.84137],[-78.54719,35.84129],[-78.54679,35.84111],[-78.54565,35.84033],[-78.54433,35.84032],[-78.54336,35.84],[-78.54211,35.83923],[-78.53896,35.83825],[-78.538,35.83764],[-78.53763,35.8364],[-78.53628,35.83511],[-78.53646,35.83495],[-78.53629,35.83453],[-78.53584,35.83431],[-78.53534,35.83428],[-78.53542,35.83379],[-78.53503,35.83359],[-78.535,35.83301],[-78.53524,35.83225],[-78.53544,35.8321],[-78.53498,35.83198],[-78.53507,35.83177],[-78.53634,35.83127],[-78.53652,35.83097],[-78.53473,35.8316],[-78.53276,35.83134],[-78.53215,35.83179],[-78.53167,35.83242],[-78.53137,35.834],[-78.53184,35.83716],[-78.53143,35.83984],[-78.53135,35.84454],[-78.53058,35.84802],[-78.53046,35.84939],[-78.53071,35.85333],[-78.53047,35.8541],[-78.52979,35.85518],[-78.52827,35.86042],[-78.52824,35.86244],[-78.52866,35.86393],[-78.52925,35.86483],[-78.53302,35.86705],[-78.53371,35.86754],[-78.53477,35.8687],[-78.53607,35.87081],[-78.53631,35.87239],[-78.53607,35.87332],[-78.53493,35.87488],[-78.53324,35.87669],[-78.53015,35.87906],[-78.52809,35.88173],[-78.52744,35.88234],[-78.52738,35.88282],[-78.52762,35.88318],[-78.52871,35.88404],[-78.53014,35.88473],[-78.53108,35.88481],[-78.53172,35.88453],[-78.53237,35.88396],[-78.5342,35.88047],[-78.53505,35.87996],[-78.53705,35.87975],[-78.53852,35.87999],[-78.5412,35.88116],[-78.54185,35.88219],[-78.54201,35.88328],[-78.54241,35.88351],[-78.54293,35.88347],[-78.54388,35.88267],[-78.54462,35.88089],[-78.54652,35.8799],[-78.54848,35.87846],[-78.55002,35.87839],[-78.55097,35.87776],[-78.55257,35.87624],[-78.55292,35.8752],[-78.55182,35.87317],[-78.55228,35.87177],[-78.55202,35.87137],[-78.55204,35.87095],[-78.55215,35.87049],[-78.55264,35.87003],[-78.5528,35.86858],[-78.55367,35.86705],[-78.55393,35.86713],[-78.55388,35.8678],[-78.55344,35.86826],[-78.5535,35.86989],[-78.55324,35.87058],[-78.55274,35.87118],[-78.55216,35.87279],[-78.55223,35.87335],[-78.55296,35.87441],[-78.55318,35.87514],[-78.553,35.87623],[-78.5537,35.87559],[-78.55655,35.87559],[-78.55703,35.87532],[-78.55759,35.87469],[-78.55981,35.87442],[-78.56201,35.8749],[-78.5636,35.87562],[-78.5659,35.87563],[-78.56709,35.87608],[-78.56809,35.87601],[-78.56908,35.87554],[-78.5695,35.87559],[-78.5699,35.87578],[-78.57027,35.87646],[-78.57098,35.87702],[-78.57271,35.87765],[-78.57282,35.87905],[-78.57267,35.87892],[-78.57245,35.87774],[-78.57127,35.8776],[-78.57073,35.87722],[-78.57008,35.87704],[-78.56929,35.87594],[-78.56856,35.87613],[-78.56767,35.87662],[-78.56682,35.8766],[-78.56598,35.87605],[-78.56543,35.87617],[-78.56393,35.87615],[-78.56207,35.87569],[-78.56122,35.87509],[-78.56018,35.87495],[-78.55953,35.87499],[-78.55823,35.87536],[-78.55714,35.87603],[-78.55596,35.87612],[-78.55464,35.87652],[-78.5537,35.87664],[-78.55298,35.87756],[-78.55202,35.87831],[-78.55135,35.87868],[-78.55077,35.87873],[-78.55218,35.8798],[-78.55365,35.87996],[-78.55598,35.88088],[-78.55859,35.8822],[-78.55956,35.88289],[-78.56025,35.88441],[-78.56021,35.88505],[-78.56052,35.88593],[-78.56097,35.8865],[-78.56095,35.88712],[-78.56043,35.88735],[-78.56032,35.88636],[-78.55951,35.88529],[-78.55942,35.88436],[-78.55829,35.88294],[-78.55556,35.88133],[-78.55412,35.88102],[-78.55203,35.88033],[-78.55163,35.88008],[-78.55112,35.87945],[-78.55038,35.87909],[-78.54979,35.87955],[-78.54896,35.87954],[-78.5482,35.87989],[-78.54721,35.88072],[-78.54612,35.88182],[-78.54544,35.88291],[-78.54382,35.88386],[-78.54204,35.884],[-78.54147,35.88572],[-78.54035,35.88725],[-78.5388,35.88885],[-78.53591,35.8908],[-78.5354,35.89173],[-78.53483,35.89351],[-78.53471,35.89447],[-78.53489,35.896],[-78.53664,35.90358],[-78.53759,35.90511],[-78.53815,35.90581],[-78.53868,35.90619],[-78.53912,35.90643],[-78.53977,35.90656],[-78.54205,35.90543],[-78.54323,35.90524],[-78.54716,35.90565],[-78.55001,35.90621],[-78.55718,35.90962],[-78.55759,35.9096],[-78.55857,35.90994],[-78.55918,35.9104],[-78.56006,35.91146],[-78.56039,35.91299],[-78.56012,35.91588],[-78.55921,35.91773],[-78.55694,35.9213],[-78.55629,35.92263],[-78.55473,35.92678],[-78.55467,35.92807],[-78.55496,35.92859],[-78.55841,35.93099],[-78.56063,35.93226],[-78.56219,35.93296],[-78.56458,35.93365],[-78.56678,35.93375],[-78.56795,35.93366],[-78.56876,35.93389],[-78.56956,35.93443],[-78.57165,35.93649],[-78.57369,35.93782],[-78.57649,35.94004],[-78.5784,35.94048],[-78.57992,35.94018],[-78.58202,35.94056],[-78.58193,35.94092],[-78.58145,35.94084],[-78.58067,35.94119],[-78.57936,35.94137],[-78.57822,35.94129],[-78.57599,35.94079],[-78.57318,35.93837],[-78.5711,35.93704],[-78.56812,35.93474],[-78.56505,35.93466],[-78.56235,35.93416],[-78.55963,35.93314],[-78.55707,35.93163],[-78.55513,35.93417],[-78.55362,35.937],[-78.55275,35.94176],[-78.55291,35.94463],[-78.55276,35.94554],[-78.55306,35.94666],[-78.55266,35.94757],[-78.55273,35.94875],[-78.55112,35.95016],[-78.55048,35.95244],[-78.54926,35.95419],[-78.54887,35.95572],[-78.54615,35.95677],[-78.54603,35.95748],[-78.54583,35.95773],[-78.5456,35.95769],[-78.54541,35.95787],[-78.54553,35.95833],[-78.54459,35.95987],[-78.54511,35.96029],[-78.54513,35.96054],[-78.54567,35.96127],[-78.54574,35.96199],[-78.54623,35.96316],[-78.54612,35.96416],[-78.54554,35.96552],[-78.54489,35.9662],[-78.54442,35.96797],[-78.54429,35.96975],[-78.54451,35.97102],[-78.54416,35.97165],[-78.54373,35.9733],[-78.54378,35.97432],[-78.54362,35.97341],[-78.544,35.9717],[-78.54443,35.97089],[-78.54417,35.96953],[-78.54433,35.96799],[-78.54475,35.96615],[-78.54551,35.96534],[-78.54594,35.96364],[-78.54579,35.96282],[-78.54523,35.96178],[-78.54521,35.96136],[-78.54473,35.96037],[-78.54437,35.96011],[-78.54209,35.96181],[-78.54181,35.96276],[-78.54119,35.96361],[-78.53993,35.96433],[-78.53944,35.96446],[-78.53869,35.96529],[-78.53669,35.96645],[-78.53642,35.96718],[-78.53498,35.96854],[-78.53469,35.96786],[-78.53642,35.96624],[-78.53829,35.96477],[-78.53914,35.96383],[-78.53962,35.96362],[-78.54105,35.96166],[-78.54165,35.96141],[-78.54203,35.96152],[-78.54228,35.96144],[-78.54265,35.96109],[-78.54275,35.9607],[-78.54368,35.95974],[-78.54559,35.95717],[-78.54583,35.95641],[-78.54829,35.95471],[-78.54899,35.95386],[-78.54969,35.95258],[-78.54933,35.95177],[-78.54939,35.95099],[-78.55057,35.94944],[-78.5512,35.94828],[-78.55121,35.94737],[-78.55149,35.94647],[-78.551,35.94581],[-78.55114,35.94477],[-78.55179,35.94316],[-78.55132,35.9417],[-78.5513,35.9405],[-78.55204,35.93816],[-78.55289,35.93679],[-78.55266,35.935],[-78.55355,35.93329],[-78.5562,35.93106],[-78.55417,35.92964],[-78.55346,35.92895],[-78.55332,35.92771],[-78.55341,35.92663],[-78.55419,35.92516],[-78.55469,35.92273],[-78.55518,35.92151],[-78.55846,35.91606],[-78.55881,35.91487],[-78.559,35.91332],[-78.55868,35.91193],[-78.55784,35.91055],[-78.55638,35.91013],[-78.55367,35.90897],[-78.55245,35.9088],[-78.54875,35.90874],[-78.5438,35.90799],[-78.54253,35.90836],[-78.53995,35.90946],[-78.53908,35.9106],[-78.53615,35.91325],[-78.53497,35.91482],[-78.53527,35.91661],[-78.535,35.91752],[-78.53407,35.91717],[-78.53363,35.91532],[-78.53364,35.91474],[-78.53427,35.91365],[-78.53581,35.9119],[-78.53641,35.91094],[-78.53828,35.90913],[-78.5354,35.90517],[-78.53494,35.90584],[-78.53389,35.90591],[-78.53366,35.90579],[-78.53334,35.90513],[-78.53291,35.90516],[-78.53213,35.90491],[-78.53166,35.9051],[-78.53072,35.90597],[-78.52842,35.90675],[-78.52819,35.90708],[-78.52803,35.90805],[-78.5267,35.90938],[-78.52661,35.90997],[-78.52625,35.9104],[-78.52514,35.91034],[-78.52433,35.91079],[-78.52377,35.91034],[-78.52321,35.91028],[-78.52265,35.91058],[-78.52145,35.91082],[-78.52101,35.91112],[-78.52038,35.91099],[-78.51951,35.91119],[-78.5186,35.91113],[-78.51744,35.9113],[-78.51578,35.91239],[-78.51555,35.91358],[-78.51458,35.91439],[-78.51443,35.91504],[-78.51374,35.91527],[-78.51263,35.91513],[-78.51346,35.91411],[-78.51392,35.91404],[-78.51446,35.91431],[-78.51513,35.91382],[-78.51531,35.91343],[-78.51535,35.91256],[-78.5157,35.91189],[-78.51608,35.91156],[-78.51717,35.91104],[-78.51841,35.91087],[-78.51939,35.91098],[-78.52036,35.9107],[-78.52102,35.91084],[-78.5226,35.91045],[-78.52283,35.91017],[-78.5232,35.91008],[-78.52381,35.91011],[-78.52437,35.91046],[-78.52504,35.91017],[-78.52616,35.91025],[-78.52639,35.90993],[-78.52651,35.90924],[-78.52704,35.9087],[-78.52704,35.90844],[-78.52757,35.90771],[-78.52795,35.90642],[-78.52972,35.90506],[-78.53025,35.90483],[-78.53106,35.90474],[-78.53111,35.90441],[-78.53135,35.90424],[-78.53226,35.90415],[-78.53355,35.90428],[-78.535,35.90506],[-78.53506,35.9046],[-78.53426,35.90158],[-78.53305,35.89789],[-78.5325,35.89556],[-78.5324,35.8945],[-78.53272,35.89274],[-78.53321,35.89122],[-78.53393,35.88974],[-78.53453,35.8893],[-78.53566,35.88887],[-78.53726,35.88784],[-78.5388,35.88641],[-78.53974,35.88521],[-78.54011,35.88395],[-78.54,35.88248],[-78.53954,35.88214],[-78.53789,35.8815],[-78.5371,35.88131],[-78.5358,35.88134],[-78.5353,35.88169],[-78.5341,35.88407],[-78.53311,35.88526],[-78.53259,35.88568],[-78.53144,35.88622],[-78.53013,35.88625],[-78.52944,35.88602],[-78.52788,35.88475],[-78.52609,35.88318],[-78.52577,35.88269],[-78.52585,35.88188],[-78.52697,35.88088],[-78.52805,35.87907],[-78.52761,35.87919],[-78.52715,35.87982],[-78.5266,35.87991],[-78.52584,35.87982],[-78.52473,35.87917],[-78.52366,35.87935],[-78.52327,35.87959],[-78.52231,35.8795],[-78.52238,35.87933],[-78.5229,35.87939],[-78.52484,35.87898],[-78.52639,35.87941],[-78.52738,35.87891],[-78.52813,35.87897],[-78.5294,35.87748],[-78.53177,35.87555],[-78.53305,35.87412],[-78.53381,35.87272],[-78.53377,35.87143],[-78.53301,35.87051],[-78.52789,35.86667],[-78.5271,35.86563],[-78.52652,35.86365],[-78.52661,35.861],[-78.52765,35.85721],[-78.52689,35.85776],[-78.52553,35.85818],[-78.52321,35.85766],[-78.52228,35.85822],[-78.5218,35.85828],[-78.52013,35.85783],[-78.51865,35.8571],[-78.5181,35.85702],[-78.51744,35.85721],[-78.5168,35.85765],[-78.51676,35.85797],[-78.51713,35.85861],[-78.51695,35.85895],[-78.51618,35.85944],[-78.51629,35.86105],[-78.51714,35.86224],[-78.51704,35.86258],[-78.51649,35.86279],[-78.51623,35.86308],[-78.51655,35.86379],[-78.51647,35.86415],[-78.5138,35.86519],[-78.51335,35.86523],[-78.51224,35.86492],[-78.51202,35.86501],[-78.51175,35.86551],[-78.51108,35.86589],[-78.5116,35.86667],[-78.5118,35.86744],[-78.51172,35.86792],[-78.51064,35.86826],[-78.51,35.86804],[-78.50965,35.86755],[-78.50941,35.86757],[-78.50917,35.86798],[-78.50932,35.86855],[-78.50898,35.86906],[-78.50795,35.86926],[-78.50756,35.86954],[-78.50744,35.87001],[-78.50857,35.87107],[-78.50846,35.87121],[-78.50704,35.87189],[-78.50515,35.87192],[-78.50403,35.87215],[-78.50282,35.87362],[-78.50102,35.87329],[-78.50078,35.87387],[-78.50053,35.87401],[-78.50038,35.87473],[-78.4996,35.87495],[-78.49897,35.87467],[-78.49839,35.87517],[-78.49781,35.87534],[-78.49763,35.87607],[-78.49743,35.87602],[-78.49711,35.87553],[-78.49668,35.8756],[-78.49617,35.87599],[-78.49619,35.87659],[-78.49566,35.87681],[-78.4955,35.8771],[-78.49467,35.87716],[-78.49429,35.87742],[-78.49376,35.87737],[-78.49393,35.8777],[-78.49384,35.87793],[-78.49295,35.8786],[-78.49242,35.87936],[-78.49251,35.8796],[-78.49336,35.87978],[-78.49387,35.88091],[-78.49415,35.88117],[-78.49409,35.88149],[-78.49337,35.88131],[-78.49303,35.88088],[-78.49272,35.88078],[-78.4923,35.88155],[-78.49227,35.8823],[-78.49239,35.88252],[-78.4929,35.88268],[-78.49217,35.88333],[-78.49199,35.88375],[-78.49119,35.88321],[-78.48975,35.88319],[-78.48893,35.88403],[-78.489,35.88471],[-78.48844,35.88574],[-78.48775,35.88616],[-78.48708,35.88629],[-78.48729,35.88589],[-78.48538,35.88439],[-78.48589,35.88444],[-78.4863,35.884],[-78.48807,35.88481],[-78.48832,35.88464],[-78.48837,35.88392],[-78.48923,35.88249],[-78.49115,35.88239],[-78.49131,35.88228],[-78.49145,35.88109],[-78.49128,35.88047],[-78.49157,35.8801],[-78.49143,35.87986],[-78.49186,35.87942],[-78.49192,35.87826],[-78.49258,35.87784],[-78.49211,35.87687],[-78.49151,35.87625],[-78.49203,35.87604],[-78.49244,35.87626],[-78.49302,35.87628],[-78.49346,35.87598],[-78.4939,35.8753],[-78.49469,35.87568],[-78.49562,35.87551],[-78.49686,35.87464],[-78.49666,35.87374],[-78.49634,35.87353],[-78.49633,35.8733],[-78.49717,35.87332],[-78.49792,35.87306],[-78.49906,35.873],[-78.49981,35.8726],[-78.50069,35.87177],[-78.50114,35.87181],[-78.50205,35.87152],[-78.50317,35.87173],[-78.5037,35.87203],[-78.50652,35.87117],[-78.50683,35.87095],[-78.50691,35.86994],[-78.50713,35.86957],[-78.50831,35.86871],[-78.50836,35.86836],[-78.50795,35.86759],[-78.50828,35.8668],[-78.50908,35.86645],[-78.5101,35.86642],[-78.51055,35.86622],[-78.51077,35.86561],[-78.51197,35.86432],[-78.51249,35.86427],[-78.51304,35.86482],[-78.51334,35.8649],[-78.51382,35.86486],[-78.5161,35.86402],[-78.51596,35.86307],[-78.51623,35.86262],[-78.51631,35.862],[-78.51578,35.86153],[-78.51518,35.86048],[-78.51541,35.85969],[-78.51584,35.85936],[-78.51616,35.85872],[-78.51632,35.85783],[-78.51432,35.85709],[-78.51405,35.85622],[-78.51239,35.85634],[-78.51015,35.85531],[-78.5094,35.85534],[-78.50866,35.85626],[-78.50764,35.85692],[-78.50611,35.85717],[-78.50576,35.85705],[-78.50519,35.85652],[-78.50205,35.85594],[-78.50064,35.85598],[-78.49979,35.85543],[-78.49795,35.85474],[-78.49498,35.85444],[-78.49464,35.85405],[-78.49399,35.85481],[-78.49183,35.85479],[-78.49046,35.85402],[-78.48822,35.85229],[-78.48777,35.85212],[-78.48754,35.85206],[-78.48733,35.8522],[-78.4873,35.85281],[-78.48706,35.85316],[-78.48624,35.85308],[-78.48559,35.85253],[-78.48495,35.8516],[-78.48455,35.85157],[-78.48447,35.85137],[-78.4852,35.85139],[-78.48617,35.85256],[-78.48639,35.85265],[-78.48669,35.8526],[-78.48708,35.8519],[-78.48825,35.85194],[-78.48985,35.85316],[-78.49083,35.8535],[-78.49169,35.8541],[-78.49311,35.85417],[-78.49472,35.85369],[-78.49613,35.85367],[-78.49731,35.85407],[-78.49815,35.85454],[-78.49881,35.85443],[-78.50087,35.85563],[-78.50206,35.85561],[-78.50255,35.85579],[-78.50514,35.85613],[-78.50634,35.85681],[-78.50759,35.85659],[-78.50829,35.85527],[-78.5089,35.85481],[-78.50945,35.85466],[-78.51021,35.8547],[-78.51262,35.85599],[-78.5142,35.85591],[-78.51467,35.8568],[-78.51623,35.8574],[-78.51657,35.85732],[-78.51741,35.85664],[-78.51808,35.85648],[-78.51866,35.85648],[-78.52186,35.85723],[-78.52302,35.85687],[-78.52527,35.85682],[-78.52579,35.85669],[-78.52642,35.85634],[-78.52778,35.85504],[-78.52851,35.85474],[-78.52915,35.85386],[-78.52932,35.85313],[-78.52917,35.84849],[-78.52959,35.84723],[-78.53011,35.84365],[-78.53031,35.83988],[-78.53086,35.83688],[-78.53039,35.83374],[-78.53021,35.83384],[-78.52962,35.83541],[-78.52901,35.83574],[-78.52888,35.83638],[-78.52837,35.8365],[-78.52744,35.83631],[-78.52645,35.83583],[-78.52524,35.83603],[-78.52353,35.83587],[-78.52322,35.83548],[-78.52262,35.83522],[-78.52233,35.8345],[-78.52015,35.83433],[-78.51977,35.83382],[-78.51946,35.83368],[-78.51668,35.83336],[-78.51617,35.83336],[-78.51581,35.8337],[-78.51462,35.83419],[-78.51447,35.83447],[-78.5146,35.83485],[-78.51425,35.83516],[-78.51324,35.83523],[-78.51322,35.83512],[-78.51429,35.83496],[-78.51427,35.83403],[-78.5162,35.83321],[-78.51895,35.83325],[-78.51984,35.83349],[-78.52021,35.83402],[-78.52127,35.83428],[-78.52254,35.83437],[-78.52277,35.83495],[-78.52376,35.8356],[-78.52566,35.83572],[-78.52592,35.83545],[-78.52673,35.83563],[-78.52762,35.83611],[-78.52811,35.83609],[-78.5287,35.83538],[-78.52919,35.83523],[-78.52953,35.834],[-78.53037,35.83359],[-78.53107,35.83172],[-78.53198,35.83066],[-78.53254,35.83053],[-78.5343,35.83069],[-78.53508,35.83052],[-78.53698,35.8295],[-78.53822,35.82834],[-78.53861,35.82728],[-78.53884,35.82304],[-78.53865,35.82214],[-78.53804,35.82086],[-78.53788,35.81996],[-78.5388,35.8179],[-78.53751,35.81646],[-78.53563,35.81494],[-78.53415,35.81524],[-78.53299,35.81503],[-78.53331,35.81563],[-78.53286,35.81622],[-78.53202,35.81611],[-78.5319,35.81584],[-78.53159,35.81572],[-78.5302,35.81604],[-78.52997,35.81561],[-78.53005,35.81501],[-78.52949,35.81494],[-78.52914,35.81467],[-78.52876,35.81497],[-78.5282,35.81512],[-78.52842,35.81571],[-78.52782,35.81617],[-78.52846,35.81728],[-78.52827,35.8177],[-78.5278,35.81804],[-78.52732,35.81923],[-78.52535,35.81964],[-78.52468,35.81929],[-78.52455,35.81902],[-78.52474,35.81869],[-78.52451,35.81857],[-78.52401,35.81974],[-78.52312,35.81994],[-78.52288,35.82014],[-78.52208,35.81973],[-78.52201,35.81924],[-78.52163,35.8189],[-78.52143,35.81826],[-78.52117,35.81833],[-78.52109,35.81798],[-78.52031,35.81772],[-78.51953,35.81775],[-78.51928,35.81744],[-78.51928,35.81691],[-78.51848,35.81633],[-78.51762,35.81611],[-78.51643,35.81615],[-78.51614,35.81595],[-78.51599,35.81563],[-78.51552,35.81529],[-78.5155,35.81292],[-78.51652,35.81292],[-78.51691,35.81333],[-78.51677,35.81355],[-78.51707,35.81365],[-78.51739,35.81426],[-78.51808,35.81446],[-78.51845,35.81485],[-78.51964,35.81515],[-78.52009,35.8155],[-78.52063,35.81567],[-78.52089,35.81562],[-78.52181,35.81609],[-78.5227,35.81684],[-78.52289,35.81763],[-78.52257,35.81781],[-78.52275,35.81833],[-78.52305,35.81841],[-78.52348,35.81835],[-78.52437,35.8179],[-78.52495,35.81786],[-78.52545,35.81742],[-78.52561,35.81686],[-78.52649,35.81672],[-78.5262,35.81628],[-78.52536,35.81564],[-78.5242,35.8151],[-78.52454,35.81432],[-78.52457,35.81374],[-78.52535,35.81336],[-78.52633,35.81339],[-78.52706,35.81289],[-78.52786,35.81283],[-78.52842,35.81293],[-78.52875,35.81327],[-78.52919,35.8134],[-78.53026,35.81334],[-78.5307,35.81399],[-78.53137,35.8144],[-78.53293,35.81403],[-78.53304,35.8147],[-78.53429,35.81478],[-78.53503,35.81457],[-78.53506,35.81432],[-78.53273,35.81212],[-78.53234,35.81153],[-78.53208,35.81061],[-78.53219,35.81005],[-78.53248,35.8097],[-78.53391,35.8089],[-78.53484,35.80815],[-78.53595,35.80703],[-78.53754,35.80481],[-78.53774,35.80402],[-78.53743,35.80244],[-78.53745,35.80166],[-78.53946,35.7983],[-78.5405,35.79717],[-78.54094,35.79595],[-78.5409,35.7955],[-78.54034,35.79465],[-78.53879,35.79397],[-78.53515,35.79058],[-78.5345,35.78956],[-78.53434,35.7889],[-78.53444,35.78821],[-78.53547,35.78588],[-78.53724,35.7768],[-78.53864,35.77488],[-78.5393,35.77366],[-78.53847,35.77142],[-78.53803,35.77217],[-78.53692,35.77252],[-78.53632,35.77298],[-78.53545,35.77306],[-78.53502,35.7734],[-78.53465,35.77327],[-78.53441,35.77296],[-78.53414,35.77292],[-78.53343,35.77372],[-78.53137,35.77394],[-78.52994,35.77429],[-78.52723,35.77587],[-78.52753,35.77505],[-78.52976,35.77391],[-78.53133,35.77353],[-78.53345,35.77342],[-78.53382,35.77287],[-78.53414,35.77281],[-78.53488,35.77306],[-78.53525,35.77279],[-78.53606,35.77282],[-78.53778,35.77157],[-78.53839,35.77086],[-78.53839,35.76879],[-78.53878,35.766],[-78.53865,35.76269],[-78.53801,35.76143],[-78.53553,35.76054],[-78.5344,35.7599],[-78.53284,35.75813],[-78.53162,35.75516],[-78.53117,35.75259],[-78.52998,35.74862],[-78.52935,35.74731],[-78.52713,35.74386],[-78.52633,35.74207],[-78.52617,35.74036],[-78.52766,35.7375],[-78.52818,35.73616],[-78.52831,35.73472],[-78.52797,35.73352],[-78.52754,35.73283],[-78.52689,35.73243],[-78.52514,35.73181],[-78.52318,35.73153],[-78.5223,35.73157],[-78.51985,35.73233],[-78.5169,35.73263],[-78.51567,35.7325],[-78.51455,35.7321],[-78.51316,35.73101],[-78.51044,35.73127],[-78.50957,35.73154],[-78.50866,35.73215],[-78.50774,35.73241],[-78.50671,35.73296],[-78.50539,35.73493],[-78.50493,35.73536],[-78.50602,35.7399],[-78.50589,35.7406],[-78.50475,35.74197],[-78.5048,35.74239],[-78.50511,35.74282],[-78.50505,35.74452],[-78.50524,35.74629],[-78.50552,35.74704],[-78.5077,35.75094],[-78.50895,35.75433],[-78.5086,35.75572],[-78.5084,35.75796],[-78.50804,35.75877],[-78.50831,35.76019],[-78.50767,35.7602],[-78.50752,35.75875],[-78.50794,35.75754],[-78.50788,35.75548],[-78.50838,35.75433],[-78.50838,35.75391],[-78.5075,35.75146],[-78.50476,35.74692],[-78.504,35.74418],[-78.50352,35.74355],[-78.50344,35.74317],[-78.50252,35.74292],[-78.50152,35.74362],[-78.50063,35.74397],[-78.49896,35.74436],[-78.49779,35.74422],[-78.49734,35.74503],[-78.49697,35.74529],[-78.49541,35.74525],[-78.49426,35.74551],[-78.49382,35.74584],[-78.49381,35.74545],[-78.49475,35.74504],[-78.49564,35.74487],[-78.49684,35.74508],[-78.49772,35.74397],[-78.49883,35.74404],[-78.50084,35.74363],[-78.50158,35.74323],[-78.50256,35.74229],[-78.50303,35.74228],[-78.50338,35.74252],[-78.50379,35.74247],[-78.50421,35.74126],[-78.5047,35.74092],[-78.50504,35.74015],[-78.50471,35.73887],[-78.50503,35.73823],[-78.50504,35.73772],[-78.50455,35.73658],[-78.50439,35.73551],[-78.50585,35.73283],[-78.50652,35.73232],[-78.50819,35.7319],[-78.50962,35.7307],[-78.51028,35.7306],[-78.51126,35.73092],[-78.51296,35.73059],[-78.51323,35.7304],[-78.51339,35.73006],[-78.51328,35.72738],[-78.51277,35.72703],[-78.50862,35.72692],[-78.50236,35.72646],[-78.4958,35.72668],[-78.49284,35.72632],[-78.49092,35.72584],[-78.49068,35.72395],[-78.49345,35.72506],[-78.49587,35.72532],[-78.49929,35.72504],[-78.50087,35.72446],[-78.5021,35.7242],[-78.50381,35.72423],[-78.51046,35.72584],[-78.51346,35.72641],[-78.51407,35.72659],[-78.51454,35.72729],[-78.5149,35.72849],[-78.51502,35.73027],[-78.51522,35.7306],[-78.51583,35.73092],[-78.51668,35.73112],[-78.51819,35.73125],[-78.51997,35.73117],[-78.52156,35.73064],[-78.5229,35.73041],[-78.52316,35.72999],[-78.5236,35.72984],[-78.52292,35.72946],[-78.52261,35.72897],[-78.52246,35.72826],[-78.52291,35.72821],[-78.52266,35.72756],[-78.52403,35.72699],[-78.52454,35.72312],[-78.52536,35.72172],[-78.52532,35.72051],[-78.52584,35.71994],[-78.52758,35.71881],[-78.52768,35.71888],[-78.52583,35.72011],[-78.52543,35.72055],[-78.52556,35.72175],[-78.52474,35.72325],[-78.52443,35.72511],[-78.52434,35.72711],[-78.52417,35.72729],[-78.52324,35.72751],[-78.52286,35.72775],[-78.52347,35.7288],[-78.52376,35.72978],[-78.52326,35.73007],[-78.52306,35.7304],[-78.52546,35.73074],[-78.52834,35.7316],[-78.52904,35.73219],[-78.53002,35.73356],[-78.53029,35.73469],[-78.52997,35.73664],[-78.52962,35.73749],[-78.52787,35.74045],[-78.5278,35.74166],[-78.52873,35.74378],[-78.53171,35.74835],[-78.53234,35.7505],[-78.53269,35.75066],[-78.53329,35.75055],[-78.53377,35.74951],[-78.53426,35.74913],[-78.53524,35.74922],[-78.537,35.74823],[-78.53957,35.74775],[-78.54189,35.74797],[-78.5436,35.74933],[-78.54431,35.74959],[-78.54659,35.74955],[-78.54925,35.74974],[-78.5501,35.74955],[-78.55103,35.74888],[-78.55267,35.74889],[-78.55441,35.74831],[-78.55633,35.74819],[-78.55738,35.74762],[-78.55812,35.7474],[-78.5589,35.7475],[-78.55981,35.74784],[-78.56016,35.74774],[-78.56108,35.74679],[-78.56214,35.74637],[-78.56331,35.74642],[-78.56429,35.74671],[-78.56508,35.74665],[-78.56675,35.74564],[-78.56818,35.74508],[-78.56878,35.74424],[-78.5684,35.74146],[-78.56911,35.73962],[-78.56906,35.73901],[-78.5694,35.73863],[-78.56927,35.73792],[-78.5697,35.73723],[-78.56938,35.73652],[-78.56888,35.73357],[-78.56786,35.73002],[-78.56701,35.72615],[-78.56606,35.72319],[-78.56602,35.7216],[-78.56542,35.7211],[-78.56462,35.72002],[-78.56346,35.71805],[-78.56376,35.71601],[-78.56417,35.71565],[-78.56391,35.71432],[-78.56401,35.71332],[-78.56379,35.71108],[-78.56363,35.71064],[-78.56305,35.7103],[-78.56313,35.70994],[-78.56193,35.7096],[-78.56112,35.70906],[-78.56055,35.70837],[-78.5606,35.708],[-78.55973,35.70662],[-78.5594,35.70637],[-78.55913,35.70515],[-78.5585,35.70429],[-78.55779,35.70426],[-78.5572,35.70445],[-78.55712,35.70426],[-78.55772,35.70389],[-78.55869,35.70359],[-78.55931,35.704],[-78.56055,35.70664],[-78.5617,35.70776],[-78.56226,35.70928],[-78.56371,35.70911],[-78.56447,35.70929],[-78.56499,35.71054],[-78.5645,35.71061],[-78.56439,35.71074],[-78.5646,35.71332],[-78.56444,35.71413],[-78.56479,35.71543],[-78.56441,35.71659],[-78.56414,35.71692],[-78.56412,35.71775],[-78.56449,35.71862],[-78.56696,35.72158],[-78.56691,35.72294],[-78.56783,35.72598],[-78.56801,35.726],[-78.56849,35.72563],[-78.56904,35.7256],[-78.56986,35.72521],[-78.57136,35.72492],[-78.57174,35.72462],[-78.57254,35.72461],[-78.5735,35.72312],[-78.57405,35.72259],[-78.57419,35.72197],[-78.5748,35.72131],[-78.57619,35.72143],[-78.57662,35.7212],[-78.57755,35.72104],[-78.57854,35.72047],[-78.57931,35.72021],[-78.57974,35.72062],[-78.58014,35.7206],[-78.58023,35.72029],[-78.58075,35.71999],[-78.58062,35.71947],[-78.58108,35.71862],[-78.58211,35.71818],[-78.58279,35.71707],[-78.58344,35.71671],[-78.5835,35.71568],[-78.5835,35.7167],[-78.58292,35.71715],[-78.58273,35.71776],[-78.58096,35.71924],[-78.58075,35.71959],[-78.58087,35.72008],[-78.58055,35.72014],[-78.58024,35.72071],[-78.5796,35.72078],[-78.57938,35.72049],[-78.57896,35.72044],[-78.57809,35.72101],[-78.57611,35.72166],[-78.5749,35.72158],[-78.57451,35.72193],[-78.57422,35.72295],[-78.57387,35.72312],[-78.57373,35.72387],[-78.57321,35.72418],[-78.57292,35.72471],[-78.57253,35.7249],[-78.57178,35.72489],[-78.57154,35.7252],[-78.57053,35.72557],[-78.56875,35.7259],[-78.56823,35.72613],[-78.56791,35.72609],[-78.56969,35.73265],[-78.57033,35.73626],[-78.5708,35.73723],[-78.57077,35.7383],[-78.57055,35.73893],[-78.57079,35.73969],[-78.57178,35.7397],[-78.5729,35.73926],[-78.57351,35.73925],[-78.57391,35.73905],[-78.57407,35.73867],[-78.57465,35.73815],[-78.57551,35.73825],[-78.57687,35.73793],[-78.57816,35.73788],[-78.57911,35.73735],[-78.58102,35.73718],[-78.58145,35.73662],[-78.58255,35.7364],[-78.58335,35.73589],[-78.58357,35.73544],[-78.58355,35.73346],[-78.58392,35.73278],[-78.58489,35.73178],[-78.58562,35.73141],[-78.58661,35.73125],[-78.58668,35.73146],[-78.58548,35.73243],[-78.58486,35.73343],[-78.58462,35.73394],[-78.58437,35.73551],[-78.58399,35.7361],[-78.58434,35.73639],[-78.58477,35.73631],[-78.58556,35.73691],[-78.58589,35.73742],[-78.58681,35.73797],[-78.58937,35.73811],[-78.5894,35.73822],[-78.58751,35.73839],[-78.58694,35.73857],[-78.58655,35.7385],[-78.58561,35.73798],[-78.58533,35.73761],[-78.58437,35.73752],[-78.58383,35.73732],[-78.58366,35.7371],[-78.58253,35.73702],[-78.58175,35.73736],[-78.58127,35.73798],[-78.57996,35.73805],[-78.57884,35.73878],[-78.57731,35.73874],[-78.57574,35.73923],[-78.57514,35.7392],[-78.57465,35.73956],[-78.57458,35.73984],[-78.5742,35.73999],[-78.57199,35.74068],[-78.57088,35.74049],[-78.57034,35.74109],[-78.57017,35.74207],[-78.57036,35.74278],[-78.57009,35.74326],[-78.57053,35.74451],[-78.57024,35.7452],[-78.5715,35.74572],[-78.57162,35.74614],[-78.57214,35.74615],[-78.57347,35.74701],[-78.57363,35.7479],[-78.5734,35.74906],[-78.5741,35.75083],[-78.57476,35.75109],[-78.57541,35.75173],[-78.57507,35.75244],[-78.57513,35.75295],[-78.57574,35.75318],[-78.577,35.75323],[-78.57729,35.75336],[-78.57747,35.75368],[-78.57729,35.75467],[-78.57772,35.75625],[-78.5776,35.75657],[-78.57707,35.75692],[-78.57706,35.75633],[-78.57675,35.75557],[-78.57446,35.75315],[-78.57413,35.7524],[-78.57317,35.75164],[-78.57183,35.75005],[-78.57175,35.74962],[-78.57204,35.74905],[-78.57179,35.74837],[-78.5719,35.74776],[-78.57149,35.74752],[-78.56907,35.74683],[-78.56821,35.74673],[-78.56709,35.74741],[-78.5662,35.74763],[-78.5651,35.7477],[-78.56452,35.74755],[-78.56417,35.7477],[-78.56281,35.74898],[-78.56122,35.74982],[-78.56067,35.74982],[-78.55912,35.74911],[-78.55878,35.74907],[-78.55677,35.75022],[-78.55521,35.75014],[-78.55357,35.75057],[-78.55293,35.7513],[-78.55255,35.75148],[-78.55189,35.75155],[-78.55108,35.75136],[-78.54872,35.75189],[-78.54621,35.75179],[-78.54405,35.75148],[-78.54345,35.75125],[-78.54189,35.75017],[-78.53983,35.74957],[-78.5389,35.74948],[-78.53602,35.74999],[-78.53531,35.74991],[-78.53446,35.74947],[-78.53414,35.74983],[-78.53389,35.75081],[-78.53246,35.75134],[-78.53283,35.75447],[-78.53342,35.75629],[-78.53439,35.75821],[-78.53558,35.75938],[-78.53837,35.76032],[-78.53932,35.76107],[-78.54001,35.7626],[-78.54019,35.76603],[-78.54166,35.76645],[-78.54221,35.76688],[-78.54313,35.76801],[-78.54361,35.769],[-78.54518,35.77101],[-78.54573,35.77131],[-78.5471,35.77156],[-78.54724,35.77236],[-78.54772,35.7734],[-78.54988,35.77502],[-78.55069,35.7765],[-78.55144,35.7774],[-78.55254,35.77797],[-78.55303,35.77757],[-78.55322,35.77705],[-78.55379,35.77688],[-78.55708,35.77764],[-78.5591,35.77965],[-78.56168,35.78257],[-78.56236,35.78309],[-78.56321,35.78337],[-78.56511,35.78328],[-78.56919,35.78228],[-78.57163,35.78242],[-78.57393,35.78223],[-78.57638,35.78106],[-78.57945,35.78165],[-78.57967,35.78206],[-78.57946,35.78302],[-78.57845,35.78372],[-78.5783,35.78401],[-78.57882,35.78956],[-78.57908,35.7899],[-78.57969,35.79019],[-78.58048,35.79022],[-78.58275,35.78956],[-78.58409,35.79014],[-78.58598,35.79034],[-78.58611,35.79067],[-78.58637,35.79075],[-78.58679,35.79078],[-78.58712,35.79049],[-78.58869,35.79081],[-78.58912,35.78944],[-78.58963,35.78913],[-78.59039,35.78909],[-78.59126,35.78932],[-78.59217,35.78985],[-78.59372,35.79139],[-78.59533,35.79153],[-78.59617,35.79285],[-78.59581,35.79433],[-78.59589,35.79518],[-78.59698,35.79623],[-78.59851,35.79725],[-78.59906,35.79966],[-78.60046,35.80185],[-78.60124,35.80228],[-78.60287,35.80255],[-78.60364,35.80291],[-78.60436,35.8039],[-78.60465,35.80402],[-78.60511,35.80402],[-78.60737,35.80346],[-78.60788,35.80352],[-78.6079,35.80369],[-78.60825,35.80384],[-78.60851,35.80318],[-78.60841,35.80266],[-78.6087,35.8014],[-78.609,35.80082],[-78.60929,35.80053],[-78.60978,35.80041],[-78.61012,35.80002],[-78.61077,35.79983],[-78.61093,35.79935],[-78.61144,35.79881],[-78.61087,35.79959],[-78.61084,35.79986],[-78.61021,35.80004],[-78.60983,35.80048],[-78.60931,35.80064],[-78.60894,35.80109],[-78.60878,35.80267],[-78.60895,35.80284],[-78.60859,35.80318],[-78.60857,35.80349],[-78.60869,35.80384],[-78.60923,35.80409],[-78.61026,35.80402],[-78.61231,35.80646],[-78.61302,35.80709],[-78.61334,35.80704],[-78.61399,35.80659],[-78.61423,35.80608],[-78.61472,35.80582],[-78.61553,35.80582],[-78.61745,35.80476],[-78.61896,35.80331],[-78.6205,35.80277],[-78.62203,35.802],[-78.62255,35.8021],[-78.62366,35.80146],[-78.62468,35.80122],[-78.62535,35.8018],[-78.62549,35.80213],[-78.62523,35.80295],[-78.62553,35.80313],[-78.62643,35.80317],[-78.62726,35.80269],[-78.62835,35.80241],[-78.62954,35.80112],[-78.63002,35.80092],[-78.63115,35.80086],[-78.63624,35.7991],[-78.63809,35.79764],[-78.64032,35.79718],[-78.64087,35.79588],[-78.64197,35.79515],[-78.64313,35.79208],[-78.6431,35.79143],[-78.64341,35.79102],[-78.64382,35.78886],[-78.64433,35.78888],[-78.64408,35.79097],[-78.64326,35.79226],[-78.64295,35.79368],[-78.64226,35.79473],[-78.64197,35.79556],[-78.64123,35.79604],[-78.6407,35.79724],[-78.63811,35.79775],[-78.63707,35.79864],[-78.63696,35.79889],[-78.63653,35.79913],[-78.63199,35.80082],[-78.63014,35.80178],[-78.62921,35.80183],[-78.62862,35.80251],[-78.62776,35.80282],[-78.62665,35.80348],[-78.62621,35.80355],[-78.62538,35.80341],[-78.62494,35.80317],[-78.62521,35.80224],[-78.62514,35.80184],[-78.62459,35.80133],[-78.62389,35.80149],[-78.62042,35.80342],[-78.61998,35.80392],[-78.6196,35.80408],[-78.61817,35.80528],[-78.61643,35.80547],[-78.61406,35.80689],[-78.61347,35.80755],[-78.61293,35.80767],[-78.61247,35.80751],[-78.6105,35.80452],[-78.60989,35.80419],[-78.60899,35.8043],[-78.60916,35.80586],[-78.60966,35.80764],[-78.61098,35.80888],[-78.6112,35.80966],[-78.61111,35.81024],[-78.61177,35.81075],[-78.61165,35.81191],[-78.61127,35.81296],[-78.61147,35.81358],[-78.61345,35.81341],[-78.61541,35.8141],[-78.61624,35.81325],[-78.61704,35.81299],[-78.61784,35.81298],[-78.61996,35.81344],[-78.62036,35.81335],[-78.62494,35.81487],[-78.62665,35.81512],[-78.62774,35.81593],[-78.63236,35.81829],[-78.63435,35.82081],[-78.63421,35.82096],[-78.63433,35.82108],[-78.6345,35.82095],[-78.63532,35.82135],[-78.63657,35.82343],[-78.63682,35.82342],[-78.63727,35.82304],[-78.63743,35.82147],[-78.63836,35.82124],[-78.64042,35.82149],[-78.64443,35.82244],[-78.64529,35.82224],[-78.64579,35.82228],[-78.6466,35.82281],[-78.6477,35.82399],[-78.64958,35.82405],[-78.65078,35.82424],[-78.65292,35.82393],[-78.65317,35.82367],[-78.65325,35.82329],[-78.65267,35.82267],[-78.65267,35.82244],[-78.65295,35.82222],[-78.65297,35.82177],[-78.65447,35.82093],[-78.65496,35.82115],[-78.65534,35.82108],[-78.65568,35.82121],[-78.65584,35.82148],[-78.65618,35.82148],[-78.65689,35.82033],[-78.65873,35.81924],[-78.65919,35.81805],[-78.6601,35.81734],[-78.66203,35.81407],[-78.66234,35.81333],[-78.66243,35.81236],[-78.66393,35.81044],[-78.66403,35.8105],[-78.6638,35.81101],[-78.66351,35.81118],[-78.66317,35.8119],[-78.66271,35.8124],[-78.66264,35.81332],[-78.66112,35.81604],[-78.66399,35.81556],[-78.66522,35.81569],[-78.66548,35.81546],[-78.66769,35.81505],[-78.66874,35.81509],[-78.66935,35.81461],[-78.66957,35.81411],[-78.67,35.81368],[-78.67087,35.81329],[-78.6723,35.81228],[-78.67253,35.81156],[-78.67316,35.81121],[-78.67339,35.81058],[-78.67353,35.8096],[-78.67345,35.80856],[-78.67384,35.80706],[-78.67377,35.80584],[-78.67506,35.80353],[-78.67633,35.80251],[-78.67749,35.80114],[-78.67646,35.80285],[-78.67609,35.80323],[-78.67535,35.80354],[-78.6747,35.80457],[-78.67414,35.80623],[-78.67406,35.80743],[-78.67362,35.80867],[-78.6738,35.8095],[-78.67361,35.81096],[-78.67346,35.81136],[-78.67249,35.8124],[-78.66981,35.81425],[-78.66883,35.81515],[-78.66764,35.81521],[-78.66671,35.81565],[-78.66619,35.81572],[-78.66409,35.81572],[-78.66131,35.81633],[-78.65984,35.81822],[-78.65905,35.81961],[-78.65847,35.82002],[-78.65785,35.82007],[-78.65709,35.82065],[-78.65661,35.8222],[-78.65582,35.82231],[-78.65578,35.82249],[-78.65471,35.8222],[-78.6539,35.82255],[-78.65353,35.82296],[-78.65331,35.82427],[-78.6525,35.82426],[-78.65205,35.82451],[-78.65134,35.82456],[-78.64988,35.82426],[-78.64805,35.82444],[-78.64832,35.82499],[-78.64955,35.82611],[-78.64993,35.82678],[-78.65088,35.82738],[-78.6509,35.82755],[-78.65249,35.82777],[-78.65387,35.82774],[-78.65569,35.82835],[-78.65585,35.82862],[-78.65583,35.82908],[-78.65511,35.83026],[-78.65519,35.83144],[-78.65886,35.83404],[-78.66051,35.83497],[-78.66188,35.83633],[-78.66246,35.8373],[-78.66272,35.83745],[-78.66395,35.83775],[-78.66591,35.83765],[-78.66695,35.83776],[-78.66848,35.83904],[-78.66905,35.83926],[-78.66985,35.83911],[-78.6714,35.83796],[-78.67318,35.83798],[-78.67383,35.83766],[-78.67513,35.83636],[-78.6761,35.83653],[-78.67637,35.83629],[-78.67649,35.836],[-78.67627,35.83545],[-78.67713,35.83482],[-78.67718,35.83408],[-78.67837,35.8318],[-78.67897,35.83107],[-78.68072,35.8301],[-78.68117,35.82939],[-78.68109,35.82992],[-78.6792,35.83122],[-78.67873,35.83178],[-78.67871,35.83217],[-78.6782,35.83258],[-78.67795,35.83311],[-78.67797,35.83375],[-78.67744,35.83428],[-78.67745,35.83477],[-78.6766,35.83552],[-78.67665,35.83613],[-78.67629,35.83657],[-78.67716,35.83674],[-78.67913,35.83767],[-78.67957,35.83816],[-78.68045,35.83861],[-78.68439,35.84144],[-78.68484,35.84255],[-78.6861,35.84331],[-78.6891,35.84393],[-78.69147,35.84463],[-78.69209,35.84454],[-78.6927,35.84464],[-78.69583,35.84549],[-78.69643,35.84532],[-78.69722,35.8448],[-78.69899,35.84262],[-78.70013,35.84165],[-78.70136,35.8418],[-78.70733,35.8407],[-78.70799,35.84095],[-78.71003,35.84222],[-78.71078,35.84357],[-78.71156,35.84429],[-78.7139,35.8454],[-78.71513,35.84559],[-78.71542,35.84533],[-78.71589,35.84397],[-78.7167,35.84368],[-78.71726,35.84379],[-78.71865,35.84478],[-78.72013,35.84475],[-78.72123,35.84506],[-78.72102,35.8442],[-78.71963,35.84369],[-78.71875,35.84306],[-78.71905,35.84187],[-78.71898,35.84108],[-78.71862,35.84018],[-78.7191,35.83937],[-78.71995,35.83858],[-78.71965,35.83756],[-78.71964,35.83677],[-78.71918,35.83648],[-78.71856,35.8357],[-78.71832,35.83479],[-78.71871,35.83445],[-78.7199,35.83412],[-78.72159,35.83408],[-78.72184,35.83434],[-78.72188,35.83472],[-78.72251,35.83485],[-78.72229,35.83531],[-78.72184,35.83508],[-78.72208,35.83566],[-78.72338,35.83541],[-78.72384,35.83438],[-78.72438,35.83406],[-78.72467,35.83357],[-78.72451,35.83254],[-78.72455,35.83151],[-78.72492,35.83119],[-78.72513,35.83073],[-78.72572,35.83074],[-78.72601,35.83031],[-78.72613,35.82959],[-78.7261,35.8304],[-78.7258,35.83083],[-78.72517,35.83081],[-78.72499,35.83124],[-78.72466,35.83152],[-78.72476,35.83358],[-78.72447,35.83411],[-78.72395,35.83441],[-78.72347,35.83548],[-78.72216,35.83584],[-78.72166,35.83502],[-78.72186,35.83495],[-78.72217,35.83516],[-78.72234,35.83496],[-78.72172,35.83474],[-78.7217,35.8343],[-78.72152,35.83421],[-78.71993,35.83425],[-78.7188,35.83454],[-78.71845,35.83486],[-78.71866,35.83565],[-78.71973,35.83676],[-78.72006,35.83854],[-78.71997,35.83879],[-78.71927,35.83934],[-78.71882,35.84028],[-78.71923,35.84142],[-78.71913,35.84251],[-78.71889,35.84305],[-78.71963,35.8436],[-78.72111,35.84411],[-78.72144,35.84516],[-78.72267,35.84557],[-78.72368,35.84563],[-78.72419,35.84533],[-78.72454,35.84533],[-78.72699,35.84402],[-78.72793,35.84242],[-78.72939,35.84179],[-78.72937,35.84147],[-78.72854,35.84052],[-78.72884,35.84014],[-78.72948,35.84002],[-78.73011,35.8406],[-78.73073,35.8419],[-78.73188,35.84372],[-78.73248,35.84507],[-78.73252,35.84643],[-78.73268,35.8467],[-78.73494,35.84417],[-78.73607,35.84325],[-78.73696,35.84129],[-78.73787,35.84019],[-78.73905,35.83943],[-78.74035,35.8395],[-78.74176,35.84069],[-78.74249,35.84102],[-78.74417,35.84084],[-78.7445,35.84203],[-78.74513,35.84274],[-78.74656,35.84334],[-78.74757,35.84335],[-78.74835,35.84313],[-78.74871,35.84324],[-78.74913,35.84351],[-78.74983,35.8447],[-78.75044,35.84501],[-78.75086,35.84495],[-78.75188,35.84369],[-78.75284,35.84322],[-78.75483,35.84351],[-78.75572,35.8439],[-78.75679,35.8447],[-78.75724,35.8448],[-78.75794,35.84338],[-78.75834,35.84307],[-78.76142,35.84212],[-78.76247,35.84139],[-78.76251,35.84119],[-78.7632,35.84103],[-78.7638,35.84124],[-78.76675,35.84305],[-78.76739,35.84371],[-78.76765,35.84454],[-78.76786,35.84472],[-78.76822,35.84474],[-78.76923,35.84434],[-78.76953,35.84354],[-78.7694,35.84327],[-78.76797,35.84243],[-78.76787,35.84221],[-78.76801,35.84186],[-78.7686,35.84167],[-78.76934,35.8422],[-78.76997,35.84225],[-78.77264,35.84098],[-78.77264,35.84044],[-78.77177,35.83964],[-78.77167,35.83919],[-78.77213,35.83844],[-78.77298,35.8379],[-78.77405,35.83838],[-78.77533,35.83852],[-78.77751,35.83981],[-78.7793,35.84004],[-78.77959,35.8399],[-78.78023,35.83902],[-78.78108,35.83686],[-78.78166,35.83645],[-78.78231,35.83648],[-78.78297,35.83612],[-78.78333,35.83637],[-78.78285,35.83665],[-78.78333,35.8372]]],[[[-78.75714,35.87119],[-78.75714,35.87143],[-78.75767,35.87169],[-78.7575,35.87251],[-78.75765,35.87308],[-78.75718,35.87386],[-78.75752,35.87444],[-78.75723,35.87485],[-78.7564,35.87487],[-78.75725,35.87446],[-78.75698,35.87387],[-78.75753,35.87306],[-78.75737,35.87252],[-78.75748,35.8717],[-78.75698,35.87153],[-78.75699,35.87127],[-78.75712,35.87107],[-78.75742,35.87108],[-78.75714,35.87119]]],[[[-78.75818,35.78499],[-78.7579,35.785],[-78.75627,35.7833],[-78.75437,35.78265],[-78.75304,35.78178],[-78.75209,35.78077],[-78.75206,35.78],[-78.75258,35.77953],[-78.75292,35.77962],[-78.75436,35.78169],[-78.75541,35.78189],[-78.75572,35.78233],[-78.75718,35.78357],[-78.75762,35.78435],[-78.76091,35.78569],[-78.76089,35.78584],[-78.76088,35.78594],[-78.75969,35.78563],[-78.75818,35.78499]]],[[[-78.7843,35.84463],[-78.78398,35.84375],[-78.78435,35.84343],[-78.78372,35.84297],[-78.78338,35.8429],[-78.78358,35.8427],[-78.78348,35.84239],[-78.78328,35.84237],[-78.78327,35.8419],[-78.78343,35.84169],[-78.78459,35.84227],[-78.78516,35.84336],[-78.78479,35.84391],[-78.78459,35.84515],[-78.78465,35.84626],[-78.78425,35.84734],[-78.78435,35.84921],[-78.78505,35.85012],[-78.78469,35.85022],[-78.78402,35.8494],[-78.78392,35.84748],[-78.78432,35.84626],[-78.7843,35.84463]]],[[[-78.78852,35.89879],[-78.78822,35.89953],[-78.78771,35.89973],[-78.78742,35.90002],[-78.78542,35.9005],[-78.7836,35.90247],[-78.78303,35.90339],[-78.78329,35.90402],[-78.78266,35.90542],[-78.78276,35.90608],[-78.78144,35.90721],[-78.77982,35.90951],[-78.77954,35.90974],[-78.77896,35.90985],[-78.77959,35.90952],[-78.78117,35.90715],[-78.78249,35.90602],[-78.78249,35.90538],[-78.78287,35.9045],[-78.78263,35.90323],[-78.78315,35.90229],[-78.78425,35.90103],[-78.78497,35.90072],[-78.78538,35.90029],[-78.78608,35.90004],[-78.78734,35.8999],[-78.7876,35.89969],[-78.78801,35.8992],[-78.78804,35.89834],[-78.78868,35.8975],[-78.78961,35.89722],[-78.78999,35.89727],[-78.79068,35.89689],[-78.78968,35.89642],[-78.7911,35.89574],[-78.79266,35.89541],[-78.79245,35.8972],[-78.79131,35.89902],[-78.79019,35.90007],[-78.78942,35.90156],[-78.78986,35.90207],[-78.79041,35.9034],[-78.7901,35.90485],[-78.7893,35.90675],[-78.78918,35.9079],[-78.78955,35.90887],[-78.7904,35.91011],[-78.79089,35.91151],[-78.79079,35.9122],[-78.79112,35.91501],[-78.79126,35.91551],[-78.79176,35.91613],[-78.79155,35.9167],[-78.79159,35.91754],[-78.79182,35.9176],[-78.79173,35.91859],[-78.79139,35.91945],[-78.7922,35.92021],[-78.79225,35.92079],[-78.79225,35.92218],[-78.79055,35.92468],[-78.79022,35.92462],[-78.79094,35.9236],[-78.79107,35.92295],[-78.79185,35.92197],[-78.79162,35.92158],[-78.79141,35.92036],[-78.79089,35.91939],[-78.79088,35.91907],[-78.79132,35.91813],[-78.7901,35.91757],[-78.79133,35.91754],[-78.79138,35.91701],[-78.79074,35.9162],[-78.79081,35.91544],[-78.79057,35.91503],[-78.79003,35.91272],[-78.78981,35.91069],[-78.78969,35.91022],[-78.7883,35.90785],[-78.78833,35.90743],[-78.7894,35.90508],[-78.78976,35.90283],[-78.78959,35.90225],[-78.78889,35.90187],[-78.78866,35.90142],[-78.78917,35.90036],[-78.78924,35.89984],[-78.78998,35.89914],[-78.7901,35.89866],[-78.7899,35.89756],[-78.78939,35.89759],[-78.78874,35.89795],[-78.78836,35.89839],[-78.78852,35.89879]]],[[[-78.76241,35.91045],[-78.76252,35.91071],[-78.76229,35.9111],[-78.762,35.91114],[-78.76262,35.9093],[-78.76311,35.90911],[-78.76241,35.91045]]],[[[-78.77702,35.9112],[-78.77751,35.91074],[-78.77769,35.91006],[-78.77876,35.91071],[-78.7777,35.91096],[-78.77705,35.91129],[-78.77645,35.91183],[-78.77509,35.91201],[-78.77494,35.91192],[-78.77623,35.91157],[-78.77702,35.9112]]],[[[-78.77333,35.91487],[-78.77402,35.9135],[-78.77417,35.91283],[-78.77467,35.91236],[-78.77482,35.91247],[-78.77459,35.91327],[-78.77383,35.91422],[-78.77343,35.9154],[-78.77327,35.91711],[-78.77257,35.91894],[-78.7727,35.92097],[-78.7725,35.92096],[-78.77246,35.92082],[-78.77239,35.91989],[-78.77259,35.91823],[-78.77297,35.91717],[-78.77333,35.91487]]],[[[-78.81897,35.91977],[-78.81789,35.91985],[-78.81709,35.92083],[-78.81699,35.92079],[-78.81776,35.91981],[-78.81894,35.91967],[-78.82042,35.91901],[-78.82059,35.91838],[-78.82322,35.91708],[-78.82401,35.91639],[-78.81989,35.91558],[-78.8225,35.91592],[-78.82336,35.91624],[-78.82404,35.91629],[-78.82429,35.91605],[-78.8245,35.91532],[-78.82468,35.91529],[-78.82446,35.91626],[-78.82394,35.91691],[-78.82142,35.91824],[-78.82084,35.9184],[-78.82063,35.919],[-78.82029,35.91925],[-78.82009,35.92078],[-78.81973,35.92168],[-78.81955,35.92164],[-78.8198,35.92076],[-78.81992,35.91925],[-78.81897,35.91977]]],[[[-78.76009,35.91366],[-78.76115,35.91303],[-78.76184,35.91141],[-78.76209,35.91144],[-78.76148,35.91317],[-78.76046,35.91377],[-78.76046,35.91459],[-78.75978,35.91525],[-78.75998,35.9156],[-78.75934,35.91686],[-78.75949,35.91785],[-78.75924,35.91839],[-78.75925,35.91888],[-78.75894,35.91903],[-78.75867,35.91944],[-78.75878,35.91959],[-78.75882,35.91964],[-78.75884,35.91972],[-78.75881,35.92031],[-78.75861,35.92051],[-78.7583,35.92182],[-78.75695,35.92363],[-78.75466,35.92625],[-78.75416,35.92744],[-78.75248,35.92923],[-78.75226,35.92978],[-78.75159,35.93065],[-78.75106,35.9321],[-78.74972,35.93313],[-78.7496,35.93318],[-78.7495,35.93323],[-78.74928,35.93327],[-78.74907,35.93337],[-78.74874,35.93392],[-78.74862,35.93387],[-78.74898,35.93329],[-78.74965,35.93303],[-78.75098,35.93201],[-78.75139,35.93059],[-78.75155,35.93054],[-78.75287,35.92835],[-78.75391,35.92735],[-78.75489,35.9254],[-78.75669,35.92357],[-78.75808,35.92155],[-78.75855,35.92022],[-78.75835,35.91938],[-78.75891,35.91808],[-78.7589,35.91702],[-78.75957,35.91563],[-78.75938,35.91531],[-78.76009,35.91452],[-78.76009,35.91366]]],[[[-78.71328,35.76305],[-78.71287,35.76236],[-78.71245,35.7621],[-78.71155,35.76207],[-78.71065,35.76269],[-78.70994,35.76295],[-78.70984,35.76304],[-78.71003,35.76339],[-78.70926,35.7632],[-78.70838,35.76371],[-78.70808,35.76492],[-78.70791,35.76493],[-78.70736,35.76361],[-78.7064,35.76348],[-78.70563,35.76372],[-78.70533,35.76404],[-78.70477,35.76397],[-78.70472,35.76331],[-78.70493,35.76278],[-78.70458,35.76243],[-78.70302,35.7619],[-78.7004,35.76133],[-78.69899,35.76153],[-78.69811,35.7625],[-78.69696,35.76491],[-78.69644,35.76549],[-78.69548,35.76557],[-78.69473,35.76582],[-78.69457,35.76605],[-78.69404,35.76583],[-78.69319,35.76626],[-78.69288,35.76744],[-78.69169,35.76814],[-78.69079,35.76848],[-78.69028,35.76924],[-78.68945,35.76984],[-78.68887,35.77013],[-78.68805,35.77015],[-78.68682,35.76958],[-78.68539,35.76792],[-78.68481,35.76698],[-78.68424,35.76672],[-78.68362,35.76666],[-78.68287,35.76693],[-78.68228,35.76664],[-78.68192,35.76611],[-78.68172,35.7661],[-78.68177,35.76667],[-78.68159,35.76707],[-78.6807,35.76714],[-78.68047,35.76641],[-78.68021,35.76628],[-78.68005,35.76675],[-78.67971,35.76675],[-78.6797,35.76742],[-78.67947,35.76768],[-78.67884,35.76773],[-78.6782,35.76752],[-78.67782,35.76672],[-78.67672,35.76636],[-78.67661,35.7658],[-78.67678,35.76538],[-78.67629,35.76527],[-78.676,35.76465],[-78.67538,35.76418],[-78.67501,35.7634],[-78.67524,35.76324],[-78.67484,35.76327],[-78.67486,35.76296],[-78.67439,35.76293],[-78.67413,35.76319],[-78.6738,35.76325],[-78.67319,35.76323],[-78.66905,35.76251],[-78.66436,35.76017],[-78.66296,35.75969],[-78.66154,35.75945],[-78.66077,35.75908],[-78.65837,35.7592],[-78.65766,35.75951],[-78.6567,35.75966],[-78.6552,35.75935],[-78.65346,35.75838],[-78.65296,35.75776],[-78.65274,35.75714],[-78.6528,35.75628],[-78.65078,35.75435],[-78.64924,35.75427],[-78.65039,35.75414],[-78.65093,35.75426],[-78.65223,35.75495],[-78.65284,35.75567],[-78.65461,35.75617],[-78.65515,35.7567],[-78.65532,35.75774],[-78.65613,35.75891],[-78.65827,35.75909],[-78.65887,35.75819],[-78.66018,35.75754],[-78.66358,35.75816],[-78.66395,35.75829],[-78.66397,35.75845],[-78.66457,35.75881],[-78.66808,35.75991],[-78.66931,35.76157],[-78.67256,35.76191],[-78.67345,35.76222],[-78.67356,35.76211],[-78.67429,35.76233],[-78.67451,35.76265],[-78.67539,35.76268],[-78.67558,35.76295],[-78.6755,35.76345],[-78.67598,35.76359],[-78.67639,35.76395],[-78.67666,35.76481],[-78.67701,35.76505],[-78.67733,35.76489],[-78.678,35.76548],[-78.67841,35.76526],[-78.67951,35.76364],[-78.68035,35.76327],[-78.68089,35.76264],[-78.68154,35.7628],[-78.68202,35.76325],[-78.68236,35.76319],[-78.68262,35.76295],[-78.68349,35.76299],[-78.68562,35.76508],[-78.68619,35.76616],[-78.68714,35.76631],[-78.68748,35.76657],[-78.68785,35.7683],[-78.68844,35.76907],[-78.68869,35.76918],[-78.69092,35.76778],[-78.69283,35.7656],[-78.69411,35.76508],[-78.69463,35.7653],[-78.6958,35.76429],[-78.69742,35.76217],[-78.69777,35.76144],[-78.69834,35.76092],[-78.6995,35.76082],[-78.70112,35.76114],[-78.70438,35.76214],[-78.70534,35.76143],[-78.70641,35.76029],[-78.70647,35.76003],[-78.70677,35.7599],[-78.70681,35.76032],[-78.7065,35.76095],[-78.70659,35.7614],[-78.70774,35.76193],[-78.70853,35.76193],[-78.70899,35.76143],[-78.70937,35.75981],[-78.70984,35.75959],[-78.70983,35.75916],[-78.71005,35.75877],[-78.7113,35.75791],[-78.71181,35.75703],[-78.71186,35.75612],[-78.7121,35.75601],[-78.71253,35.75637],[-78.71241,35.75687],[-78.71296,35.75703],[-78.71242,35.75755],[-78.71251,35.75831],[-78.7135,35.75863],[-78.71581,35.76079],[-78.71658,35.76117],[-78.71707,35.76082],[-78.71751,35.75988],[-78.71776,35.75978],[-78.71799,35.76048],[-78.71837,35.76056],[-78.71904,35.76114],[-78.71986,35.76123],[-78.72051,35.76101],[-78.72048,35.7614],[-78.72082,35.76164],[-78.72116,35.76227],[-78.72106,35.76301],[-78.72141,35.76313],[-78.7217,35.76308],[-78.72182,35.76285],[-78.72206,35.76289],[-78.72263,35.76331],[-78.72298,35.76391],[-78.72303,35.76488],[-78.72262,35.76591],[-78.72276,35.76664],[-78.72237,35.76803],[-78.72251,35.76867],[-78.72319,35.76924],[-78.72312,35.76932],[-78.72173,35.76938],[-78.7212,35.769],[-78.72122,35.76692],[-78.72062,35.76534],[-78.72026,35.7649],[-78.71907,35.76439],[-78.71766,35.763],[-78.7165,35.76282],[-78.71572,35.7624],[-78.71485,35.76255],[-78.71405,35.76232],[-78.71365,35.76245],[-78.71328,35.76305]]],[[[-78.73517,35.76972],[-78.73498,35.76947],[-78.73432,35.7692],[-78.73065,35.76917],[-78.7297,35.76943],[-78.72825,35.77039],[-78.72799,35.77023],[-78.72722,35.7704],[-78.72554,35.77036],[-78.72515,35.7703],[-78.72496,35.77008],[-78.72652,35.76966],[-78.72843,35.76985],[-78.72917,35.7691],[-78.73172,35.76851],[-78.73391,35.76872],[-78.73577,35.76937],[-78.73628,35.77205],[-78.7368,35.77292],[-78.73733,35.77293],[-78.7381,35.77248],[-78.73914,35.77215],[-78.73968,35.77211],[-78.74015,35.77226],[-78.73962,35.77273],[-78.73817,35.77313],[-78.73744,35.77316],[-78.73682,35.77301],[-78.73624,35.77262],[-78.73561,35.77186],[-78.73517,35.76972]]],[[[-78.74537,35.77379],[-78.74488,35.77324],[-78.74338,35.77265],[-78.74221,35.77242],[-78.74159,35.7719],[-78.74126,35.77182],[-78.74128,35.77163],[-78.74209,35.7714],[-78.7431,35.7715],[-78.74451,35.77234],[-78.74546,35.7727],[-78.74604,35.77322],[-78.74631,35.77449],[-78.74664,35.77516],[-78.74816,35.77595],[-78.74866,35.77607],[-78.74908,35.77581],[-78.7503,35.77606],[-78.75067,35.77599],[-78.75142,35.77659],[-78.75242,35.77776],[-78.75246,35.77884],[-78.75225,35.7788],[-78.75182,35.77818],[-78.75149,35.77799],[-78.75127,35.7773],[-78.75058,35.7768],[-78.7486,35.77686],[-78.74682,35.77613],[-78.74575,35.77506],[-78.74537,35.77379]]],[[[-78.68291,35.78827],[-78.6828,35.78805],[-78.68246,35.78796],[-78.68017,35.78632],[-78.67917,35.78541],[-78.68259,35.78781],[-78.6851,35.78922],[-78.68538,35.7896],[-78.68341,35.78842],[-78.68291,35.78827]]],[[[-78.68854,35.792],[-78.68818,35.79179],[-78.68773,35.7909],[-78.68715,35.79046],[-78.68659,35.79024],[-78.68622,35.7903],[-78.68587,35.78981],[-78.68679,35.79031],[-78.68707,35.79033],[-78.68772,35.79077],[-78.68867,35.79183],[-78.68859,35.79217],[-78.68877,35.79261],[-78.69007,35.79372],[-78.69001,35.79388],[-78.6904,35.79406],[-78.69076,35.79475],[-78.69046,35.79489],[-78.68967,35.79343],[-78.68864,35.7926],[-78.68854,35.792]]],[[[-78.72579,35.79697],[-78.72646,35.79809],[-78.72615,35.79841],[-78.72634,35.79865],[-78.72608,35.79979],[-78.72623,35.80077],[-78.72606,35.80072],[-78.72586,35.79977],[-78.72598,35.79763],[-78.72567,35.79702],[-78.72579,35.79697]]],[[[-78.72588,35.80322],[-78.72619,35.80426],[-78.7259,35.80469],[-78.7256,35.80337],[-78.72605,35.80129],[-78.72588,35.80322]]],[[[-78.72643,35.80475],[-78.72674,35.80605],[-78.72603,35.8082],[-78.72591,35.80813],[-78.72608,35.80693],[-78.72644,35.80635],[-78.72613,35.80507],[-78.72643,35.80475]]],[[[-78.69491,35.80699],[-78.6961,35.80699],[-78.69615,35.80716],[-78.69564,35.80713],[-78.6951,35.80777],[-78.69536,35.80821],[-78.69587,35.80846],[-78.69592,35.80872],[-78.69565,35.80846],[-78.69522,35.80851],[-78.69484,35.80837],[-78.69438,35.80863],[-78.69434,35.80767],[-78.69491,35.80699]]],[[[-78.71716,35.80912],[-78.71694,35.80892],[-78.71641,35.80889],[-78.71627,35.80884],[-78.71619,35.80859],[-78.71591,35.80851],[-78.71585,35.80821],[-78.71599,35.80846],[-78.71628,35.80854],[-78.71633,35.80879],[-78.71704,35.80886],[-78.71723,35.80908],[-78.71779,35.80909],[-78.71803,35.80924],[-78.72043,35.80932],[-78.72103,35.80903],[-78.72055,35.80938],[-78.71805,35.80931],[-78.71716,35.80912]]],[[[-78.6907,35.81397],[-78.69077,35.81303],[-78.69127,35.81164],[-78.6917,35.81138],[-78.69217,35.80965],[-78.69257,35.80905],[-78.69311,35.80855],[-78.69339,35.80848],[-78.69226,35.80964],[-78.692,35.81099],[-78.69159,35.81165],[-78.69155,35.81214],[-78.69098,35.81367],[-78.69103,35.8142],[-78.68991,35.81515],[-78.68947,35.81516],[-78.68978,35.81466],[-78.6907,35.81397]]],[[[-78.72709,35.82579],[-78.72731,35.82576],[-78.72748,35.82531],[-78.72734,35.82474],[-78.72773,35.82445],[-78.72804,35.8253],[-78.72841,35.82544],[-78.72888,35.82532],[-78.7298,35.82563],[-78.72977,35.82547],[-78.72949,35.82537],[-78.72976,35.82495],[-78.72964,35.82443],[-78.72977,35.82313],[-78.72962,35.82288],[-78.72987,35.82269],[-78.7298,35.8216],[-78.72972,35.82134],[-78.72919,35.82118],[-78.72893,35.82084],[-78.72922,35.82082],[-78.72948,35.82111],[-78.72982,35.82101],[-78.73035,35.82034],[-78.73062,35.81935],[-78.73095,35.81945],[-78.73123,35.81932],[-78.73089,35.81872],[-78.73092,35.81847],[-78.73139,35.81822],[-78.73202,35.81734],[-78.73225,35.81727],[-78.73374,35.81751],[-78.73405,35.8174],[-78.73404,35.81706],[-78.73367,35.8166],[-78.73368,35.81573],[-78.73341,35.81477],[-78.7331,35.81481],[-78.73217,35.81447],[-78.73197,35.81358],[-78.73137,35.81329],[-78.72919,35.81286],[-78.72741,35.81215],[-78.72565,35.80984],[-78.72335,35.80892],[-78.7222,35.80885],[-78.72236,35.80872],[-78.72353,35.80862],[-78.72516,35.80953],[-78.72575,35.80965],[-78.72623,35.80991],[-78.72702,35.81088],[-78.72746,35.81195],[-78.72843,35.8122],[-78.72863,35.81251],[-78.72911,35.81268],[-78.73083,35.81288],[-78.73116,35.81312],[-78.73151,35.81308],[-78.73233,35.81365],[-78.73177,35.81181],[-78.73206,35.81169],[-78.73306,35.81175],[-78.73329,35.81158],[-78.73329,35.81075],[-78.73351,35.81045],[-78.73362,35.80934],[-78.73337,35.80887],[-78.73328,35.80805],[-78.73414,35.80703],[-78.73435,35.80637],[-78.73487,35.80618],[-78.73501,35.80549],[-78.73477,35.80521],[-78.73477,35.80484],[-78.73516,35.80441],[-78.73511,35.80415],[-78.73605,35.80323],[-78.73705,35.80278],[-78.73739,35.80167],[-78.7378,35.8011],[-78.73851,35.80053],[-78.73962,35.80004],[-78.73946,35.80024],[-78.73858,35.80058],[-78.73792,35.80115],[-78.73757,35.80173],[-78.73757,35.80282],[-78.73623,35.80343],[-78.73535,35.80419],[-78.73533,35.80454],[-78.73497,35.80509],[-78.73521,35.8054],[-78.73516,35.80621],[-78.73445,35.80668],[-78.73421,35.80722],[-78.73341,35.80799],[-78.73371,35.80959],[-78.73339,35.81178],[-78.73215,35.81192],[-78.73197,35.81212],[-78.7324,35.8137],[-78.73265,35.81395],[-78.73256,35.81443],[-78.73346,35.81453],[-78.73381,35.81482],[-78.73392,35.81655],[-78.73479,35.81718],[-78.73546,35.81723],[-78.73529,35.81755],[-78.73569,35.81785],[-78.73485,35.81839],[-78.73372,35.8185],[-78.73275,35.81882],[-78.7327,35.81929],[-78.73321,35.81936],[-78.73335,35.81948],[-78.7332,35.81939],[-78.73259,35.81958],[-78.7325,35.82034],[-78.73096,35.82183],[-78.73171,35.82285],[-78.73163,35.82393],[-78.73182,35.82413],[-78.7325,35.82436],[-78.73273,35.82422],[-78.73289,35.82441],[-78.73348,35.82424],[-78.73407,35.82426],[-78.73436,35.82452],[-78.73355,35.82487],[-78.7336,35.82514],[-78.73344,35.82523],[-78.73324,35.82504],[-78.7322,35.8248],[-78.73214,35.82461],[-78.73207,35.82475],[-78.73108,35.82475],[-78.73123,35.82484],[-78.73128,35.82527],[-78.73089,35.82613],[-78.73129,35.82646],[-78.73148,35.82715],[-78.7309,35.82682],[-78.7307,35.82776],[-78.73032,35.82746],[-78.72986,35.82758],[-78.72957,35.82782],[-78.72942,35.8285],[-78.72894,35.82823],[-78.72825,35.82876],[-78.72744,35.82911],[-78.72554,35.82886],[-78.72517,35.82823],[-78.72509,35.82766],[-78.72452,35.82721],[-78.72499,35.82701],[-78.72501,35.82642],[-78.72557,35.82682],[-78.72638,35.82622],[-78.72654,35.82593],[-78.72606,35.82537],[-78.72709,35.82579]]],[[[-78.68922,35.81492],[-78.68917,35.81511],[-78.68831,35.81522],[-78.68765,35.81561],[-78.68825,35.81484],[-78.68922,35.81492]]],[[[-78.68447,35.82318],[-78.68463,35.82261],[-78.68501,35.82255],[-78.68526,35.82215],[-78.6853,35.82156],[-78.6858,35.82112],[-78.68676,35.81973],[-78.68693,35.8191],[-78.68679,35.81885],[-78.68729,35.81831],[-78.68701,35.81758],[-78.6872,35.81731],[-78.68788,35.81692],[-78.68778,35.81606],[-78.68796,35.81599],[-78.68812,35.81704],[-78.68803,35.81723],[-78.68732,35.8176],[-78.68749,35.8183],[-78.68693,35.81885],[-78.68709,35.81911],[-78.68693,35.81996],[-78.68607,35.82112],[-78.6855,35.8216],[-78.68532,35.82266],[-78.68498,35.82294],[-78.68503,35.82316],[-78.68467,35.82351],[-78.68402,35.82479],[-78.68399,35.8255],[-78.68327,35.82607],[-78.68296,35.82594],[-78.68366,35.82348],[-78.68447,35.82318]]],[[[-78.6815,35.82698],[-78.68277,35.82641],[-78.68311,35.82652],[-78.68212,35.82714],[-78.68187,35.82797],[-78.68087,35.829],[-78.68138,35.82797],[-78.6815,35.82698]]],[[[-78.69094,35.85641],[-78.69161,35.85659],[-78.69379,35.8563],[-78.69429,35.85685],[-78.69509,35.85725],[-78.69575,35.85807],[-78.69542,35.86087],[-78.69574,35.86147],[-78.69574,35.86202],[-78.69603,35.86257],[-78.69642,35.86275],[-78.6967,35.86317],[-78.69752,35.86342],[-78.69774,35.86514],[-78.69841,35.86611],[-78.6999,35.86765],[-78.69983,35.86862],[-78.69931,35.86897],[-78.69918,35.86892],[-78.69963,35.86836],[-78.69964,35.86767],[-78.69824,35.86621],[-78.69756,35.86524],[-78.69715,35.86371],[-78.69621,35.86339],[-78.69557,35.8629],[-78.69532,35.8618],[-78.69485,35.86089],[-78.69513,35.85934],[-78.69477,35.85824],[-78.69351,35.85661],[-78.69107,35.85678],[-78.69047,35.85648],[-78.68974,35.85462],[-78.68973,35.85423],[-78.6899,35.85409],[-78.69055,35.85598],[-78.69094,35.85641]]],[[[-78.69914,35.86904],[-78.69853,35.86937],[-78.6991,35.86898],[-78.69914,35.86904]]],[[[-78.72293,35.87017],[-78.7226,35.8706],[-78.72157,35.87124],[-78.72282,35.87009],[-78.72293,35.87017]]],[[[-78.6982,35.87101],[-78.69852,35.87091],[-78.69846,35.87044],[-78.69804,35.87038],[-78.69792,35.87022],[-78.698,35.86972],[-78.69838,35.86938],[-78.69804,35.86987],[-78.69803,35.87021],[-78.69873,35.87035],[-78.69857,35.8706],[-78.69862,35.87094],[-78.69832,35.87102],[-78.69824,35.8713],[-78.69732,35.8714],[-78.69697,35.87164],[-78.6971,35.87143],[-78.6982,35.87117],[-78.6982,35.87101]]],[[[-78.72089,35.87293],[-78.72079,35.87244],[-78.72116,35.87181],[-78.72153,35.87158],[-78.72089,35.87293]]],[[[-78.6971,35.87223],[-78.69698,35.87223],[-78.69708,35.87203],[-78.6971,35.87223]]],[[[-78.73289,35.87666],[-78.73277,35.87597],[-78.7333,35.87495],[-78.73318,35.8747],[-78.7333,35.87425],[-78.73129,35.87372],[-78.73106,35.87307],[-78.73134,35.87268],[-78.73129,35.87219],[-78.73076,35.87154],[-78.73125,35.87053],[-78.73178,35.87007],[-78.73182,35.86987],[-78.73236,35.8694],[-78.73305,35.8693],[-78.7334,35.86952],[-78.73285,35.86975],[-78.73287,35.87054],[-78.73308,35.87071],[-78.73357,35.87076],[-78.73413,35.87106],[-78.73415,35.87122],[-78.73392,35.87133],[-78.73264,35.87111],[-78.73228,35.87167],[-78.73263,35.87285],[-78.73309,35.8737],[-78.73379,35.87423],[-78.7336,35.87437],[-78.73369,35.87493],[-78.73296,35.87594],[-78.73298,35.87678],[-78.7326,35.87685],[-78.73273,35.87716],[-78.73249,35.87732],[-78.73254,35.87678],[-78.73289,35.87666]]],[[[-78.72038,35.87398],[-78.7201,35.87504],[-78.71979,35.87425],[-78.71983,35.87392],[-78.72015,35.87357],[-78.7208,35.87324],[-78.72094,35.87355],[-78.72038,35.87398]]],[[[-78.73207,35.87756],[-78.73215,35.87788],[-78.73306,35.87859],[-78.73291,35.87894],[-78.733,35.87862],[-78.732,35.87794],[-78.73207,35.87756]]],[[[-78.72166,35.88464],[-78.7222,35.8839],[-78.72157,35.88269],[-78.72229,35.88156],[-78.72166,35.88032],[-78.72095,35.88013],[-78.72037,35.87969],[-78.71863,35.87925],[-78.71831,35.87904],[-78.71815,35.87858],[-78.71878,35.87649],[-78.71947,35.87556],[-78.71934,35.8751],[-78.71947,35.87475],[-78.71971,35.875],[-78.71989,35.8749],[-78.7202,35.87555],[-78.71939,35.87662],[-78.71832,35.87851],[-78.71856,35.87903],[-78.71971,35.87927],[-78.72131,35.88004],[-78.72201,35.88018],[-78.7225,35.88164],[-78.72201,35.88224],[-78.7219,35.88277],[-78.72235,35.88393],[-78.72176,35.88465],[-78.72183,35.88568],[-78.72129,35.88659],[-78.72138,35.88596],[-78.72172,35.88562],[-78.72166,35.88464]]],[[[-78.72287,35.88959],[-78.72152,35.88919],[-78.72089,35.88759],[-78.72108,35.88698],[-78.72153,35.88906],[-78.72293,35.88949],[-78.72287,35.88959]]],[[[-78.74197,35.90629],[-78.74226,35.90607],[-78.74243,35.90516],[-78.74284,35.90485],[-78.74427,35.90459],[-78.74555,35.904],[-78.74613,35.90406],[-78.74675,35.90386],[-78.74749,35.9027],[-78.74774,35.90155],[-78.7508,35.89974],[-78.75207,35.89957],[-78.75305,35.89966],[-78.75426,35.89945],[-78.75508,35.9001],[-78.75586,35.90028],[-78.75736,35.89938],[-78.75791,35.89925],[-78.75891,35.89937],[-78.7604,35.89848],[-78.76086,35.89838],[-78.7611,35.89856],[-78.75994,35.89931],[-78.75902,35.89955],[-78.7573,35.8997],[-78.75688,35.90011],[-78.7557,35.90055],[-78.75518,35.90041],[-78.75431,35.89977],[-78.75323,35.89991],[-78.75097,35.89991],[-78.74968,35.90092],[-78.74824,35.90174],[-78.74761,35.90327],[-78.74683,35.90415],[-78.74581,35.90431],[-78.74442,35.90479],[-78.74292,35.90511],[-78.7426,35.90546],[-78.7424,35.90612],[-78.74148,35.90675],[-78.74074,35.90696],[-78.73905,35.90702],[-78.73789,35.90782],[-78.73769,35.90776],[-78.73903,35.90679],[-78.74095,35.90678],[-78.74197,35.90629]]],[[[-78.67653,35.91744],[-78.67703,35.91647],[-78.67799,35.91587],[-78.67811,35.91539],[-78.678,35.91478],[-78.67903,35.9133],[-78.67991,35.91254],[-78.68046,35.91234],[-78.68197,35.91245],[-78.6828,35.91202],[-78.68413,35.9121],[-78.68487,35.91197],[-78.68605,35.91277],[-78.68671,35.91247],[-78.68773,35.91275],[-78.68774,35.91287],[-78.68697,35.91276],[-78.68601,35.913],[-78.68545,35.91295],[-78.68497,35.91282],[-78.68497,35.9121],[-78.68467,35.91242],[-78.68352,35.91226],[-78.68292,35.91233],[-78.68228,35.91259],[-78.68087,35.91256],[-78.68012,35.91271],[-78.67925,35.91336],[-78.67813,35.91481],[-78.67842,35.91517],[-78.67841,35.91602],[-78.67754,35.91646],[-78.67692,35.91737],[-78.67732,35.91892],[-78.67725,35.91924],[-78.67687,35.91935],[-78.67697,35.91853],[-78.67653,35.91744]]],[[[-78.69158,35.92039],[-78.69178,35.92002],[-78.69242,35.91951],[-78.69362,35.91944],[-78.69441,35.91877],[-78.69543,35.9183],[-78.69671,35.91841],[-78.6979,35.91879],[-78.69901,35.91969],[-78.70034,35.91966],[-78.70142,35.91894],[-78.70327,35.91839],[-78.70402,35.91736],[-78.70475,35.917],[-78.7054,35.91701],[-78.70542,35.91649],[-78.7067,35.91648],[-78.70801,35.91623],[-78.7102,35.91384],[-78.71101,35.9134],[-78.7112,35.91376],[-78.71011,35.91425],[-78.70867,35.91563],[-78.70819,35.91638],[-78.70571,35.91661],[-78.70553,35.91722],[-78.70413,35.91744],[-78.7033,35.91856],[-78.70148,35.91913],[-78.70046,35.91985],[-78.69911,35.92012],[-78.69847,35.91989],[-78.69743,35.91906],[-78.69656,35.91881],[-78.69559,35.91878],[-78.69472,35.91918],[-78.69372,35.91988],[-78.69261,35.91982],[-78.69109,35.92115],[-78.69045,35.92205],[-78.68994,35.9218],[-78.69066,35.92085],[-78.69158,35.92039]]],[[[-78.5907,35.7302],[-78.59271,35.72919],[-78.59522,35.72714],[-78.59623,35.72682],[-78.59641,35.72628],[-78.59653,35.72621],[-78.59673,35.7261],[-78.59664,35.72687],[-78.59679,35.72701],[-78.59904,35.72765],[-78.60067,35.72773],[-78.60127,35.7272],[-78.60213,35.72717],[-78.60206,35.72693],[-78.60289,35.72574],[-78.60279,35.72541],[-78.60313,35.72519],[-78.60305,35.72463],[-78.60316,35.72452],[-78.60325,35.72526],[-78.60298,35.72545],[-78.60298,35.72579],[-78.60246,35.72657],[-78.60226,35.72721],[-78.60285,35.72778],[-78.60373,35.72822],[-78.60522,35.72953],[-78.60572,35.72955],[-78.60623,35.73029],[-78.60635,35.73123],[-78.60686,35.73129],[-78.60773,35.73005],[-78.60849,35.72979],[-78.60901,35.72937],[-78.60968,35.72798],[-78.61024,35.72739],[-78.61175,35.72691],[-78.61228,35.72619],[-78.61403,35.72488],[-78.61438,35.72425],[-78.61498,35.724],[-78.6157,35.72326],[-78.61645,35.72314],[-78.61655,35.72329],[-78.61581,35.7234],[-78.61388,35.72528],[-78.61249,35.72627],[-78.61188,35.72704],[-78.6104,35.72762],[-78.60924,35.72949],[-78.60866,35.72996],[-78.60804,35.73019],[-78.60738,35.73091],[-78.60725,35.7313],[-78.6067,35.73146],[-78.60613,35.73135],[-78.60579,35.73093],[-78.60558,35.73024],[-78.60348,35.72841],[-78.60259,35.72789],[-78.6023,35.7275],[-78.60183,35.72733],[-78.60131,35.72744],[-78.60099,35.72785],[-78.60069,35.72797],[-78.59903,35.72793],[-78.59794,35.72766],[-78.59653,35.72753],[-78.5953,35.72777],[-78.59402,35.72859],[-78.59242,35.73039],[-78.59041,35.73222],[-78.58895,35.73194],[-78.5883,35.73163],[-78.58793,35.73176],[-78.58719,35.72979],[-78.58993,35.73035],[-78.5907,35.7302]]],[[[-78.63606,35.72948],[-78.63587,35.72952],[-78.63534,35.72883],[-78.63532,35.72814],[-78.63565,35.72818],[-78.63567,35.72883],[-78.63606,35.72948]]],[[[-78.63604,35.72985],[-78.63622,35.72986],[-78.63632,35.73018],[-78.63614,35.73006],[-78.63604,35.72985]]],[[[-78.64012,35.74015],[-78.64028,35.73957],[-78.63963,35.73851],[-78.63939,35.73837],[-78.63932,35.73798],[-78.63867,35.73698],[-78.63864,35.73662],[-78.63812,35.73629],[-78.63787,35.73591],[-78.63708,35.73361],[-78.63591,35.73218],[-78.63598,35.73135],[-78.63625,35.73051],[-78.63641,35.73052],[-78.63639,35.73094],[-78.63602,35.7316],[-78.63599,35.73216],[-78.63727,35.73357],[-78.63791,35.73551],[-78.63842,35.73617],[-78.63901,35.73644],[-78.63905,35.73681],[-78.64059,35.73946],[-78.64044,35.73974],[-78.6407,35.74084],[-78.64061,35.74159],[-78.64026,35.74241],[-78.64006,35.74239],[-78.64033,35.74086],[-78.64012,35.74015]]],[[[-78.59244,35.73799],[-78.59285,35.7377],[-78.59378,35.73762],[-78.59599,35.7382],[-78.59643,35.73801],[-78.59702,35.73805],[-78.59744,35.73786],[-78.59798,35.73784],[-78.5984,35.73753],[-78.599,35.73735],[-78.59981,35.7373],[-78.59957,35.73677],[-78.60096,35.73683],[-78.60138,35.73668],[-78.60151,35.73701],[-78.60238,35.73719],[-78.60256,35.73746],[-78.603,35.7375],[-78.60322,35.73779],[-78.60396,35.7378],[-78.60438,35.73796],[-78.60428,35.73803],[-78.60395,35.73788],[-78.6032,35.73787],[-78.60296,35.73762],[-78.60258,35.73754],[-78.60155,35.7376],[-78.60141,35.73791],[-78.60106,35.7376],[-78.59993,35.73738],[-78.5972,35.73819],[-78.59642,35.7382],[-78.59607,35.73837],[-78.5934,35.73788],[-78.59255,35.73868],[-78.59066,35.73871],[-78.59029,35.73803],[-78.59156,35.73786],[-78.59244,35.73799]]],[[[-78.60467,35.73768],[-78.60505,35.7379],[-78.60555,35.73788],[-78.60507,35.73797],[-78.60462,35.73781],[-78.60438,35.73796],[-78.60467,35.73768]]],[[[-78.63753,35.74825],[-78.6387,35.74755],[-78.63875,35.7467],[-78.63926,35.746],[-78.63949,35.7452],[-78.6393,35.74429],[-78.63997,35.74273],[-78.6402,35.74274],[-78.63977,35.74413],[-78.64013,35.74524],[-78.63909,35.74693],[-78.63933,35.74853],[-78.63866,35.74918],[-78.6385,35.74978],[-78.63782,35.74984],[-78.63715,35.75093],[-78.63744,35.75124],[-78.63815,35.75299],[-78.63794,35.75354],[-78.63624,35.75222],[-78.63697,35.74954],[-78.63753,35.74825]]],[[[-78.6364,35.75617],[-78.63757,35.75594],[-78.63833,35.75605],[-78.63982,35.75668],[-78.6412,35.75686],[-78.64221,35.75665],[-78.6432,35.75679],[-78.64416,35.75661],[-78.64437,35.75609],[-78.64439,35.75474],[-78.64478,35.75408],[-78.64568,35.75382],[-78.6468,35.75375],[-78.64803,35.75392],[-78.64883,35.7542],[-78.64882,35.75432],[-78.64685,35.75392],[-78.64599,35.75413],[-78.64565,35.75437],[-78.64528,35.75498],[-78.64493,35.75614],[-78.64487,35.75709],[-78.64429,35.75721],[-78.64378,35.75697],[-78.64286,35.75701],[-78.64201,35.75684],[-78.6409,35.7572],[-78.64038,35.75705],[-78.63922,35.75783],[-78.63989,35.75845],[-78.63981,35.75867],[-78.63883,35.75764],[-78.63797,35.75728],[-78.63694,35.75654],[-78.63606,35.75664],[-78.6364,35.75617]]],[[[-78.60169,35.76199],[-78.60031,35.76079],[-78.59877,35.76112],[-78.59835,35.7611],[-78.59773,35.76076],[-78.59727,35.76002],[-78.59696,35.75878],[-78.59663,35.75849],[-78.5959,35.75852],[-78.5943,35.75898],[-78.59345,35.75882],[-78.59267,35.75886],[-78.5899,35.76041],[-78.58932,35.76048],[-78.58768,35.76028],[-78.58624,35.76136],[-78.58513,35.76154],[-78.58439,35.76127],[-78.58388,35.76087],[-78.58329,35.75971],[-78.5818,35.75838],[-78.58152,35.75769],[-78.58082,35.75728],[-78.57905,35.75774],[-78.5784,35.75773],[-78.57802,35.75735],[-78.57798,35.75693],[-78.58012,35.75619],[-78.58153,35.75635],[-78.58185,35.75649],[-78.58276,35.75791],[-78.58451,35.75907],[-78.58518,35.75998],[-78.58538,35.76015],[-78.58602,35.76019],[-78.58721,35.75969],[-78.58927,35.75807],[-78.59054,35.75754],[-78.59332,35.7566],[-78.59481,35.75639],[-78.59613,35.75643],[-78.5969,35.75666],[-78.59808,35.75747],[-78.59841,35.75794],[-78.59863,35.75922],[-78.59933,35.75993],[-78.59986,35.75976],[-78.59998,35.75953],[-78.60104,35.75926],[-78.60183,35.75937],[-78.60309,35.75994],[-78.60357,35.7604],[-78.60427,35.76224],[-78.60459,35.76256],[-78.60494,35.76236],[-78.60549,35.76109],[-78.60599,35.76095],[-78.60976,35.76178],[-78.61183,35.76245],[-78.61293,35.76255],[-78.61313,35.76231],[-78.61541,35.76159],[-78.61768,35.76],[-78.61768,35.75885],[-78.61806,35.75779],[-78.61849,35.75717],[-78.61927,35.75682],[-78.61971,35.7567],[-78.62144,35.75672],[-78.6231,35.75695],[-78.62373,35.75689],[-78.62427,35.75714],[-78.62582,35.75721],[-78.628,35.757],[-78.63104,35.75699],[-78.63226,35.75666],[-78.63471,35.75652],[-78.63474,35.75681],[-78.63428,35.75684],[-78.63366,35.7578],[-78.63298,35.75848],[-78.62812,35.75988],[-78.62649,35.7599],[-78.62444,35.75957],[-78.62195,35.75943],[-78.62119,35.75922],[-78.62009,35.7594],[-78.61976,35.75927],[-78.61932,35.75861],[-78.61893,35.75848],[-78.61871,35.75862],[-78.61856,35.75942],[-78.61856,35.76123],[-78.61813,35.76176],[-78.61688,35.76272],[-78.61617,35.7629],[-78.61563,35.76284],[-78.61415,35.76227],[-78.61388,35.76239],[-78.61372,35.76295],[-78.61335,35.76336],[-78.61247,35.76409],[-78.61186,35.76429],[-78.60948,35.76396],[-78.60751,35.76305],[-78.60586,35.76316],[-78.60465,35.763],[-78.60296,35.76321],[-78.60217,35.76281],[-78.60169,35.76199]]],[[[-78.64293,35.76601],[-78.64262,35.76601],[-78.64232,35.76531],[-78.64261,35.76365],[-78.64203,35.76255],[-78.64184,35.7617],[-78.64082,35.76032],[-78.64012,35.75891],[-78.64026,35.7588],[-78.64161,35.76007],[-78.64252,35.76129],[-78.64289,35.76224],[-78.6428,35.76258],[-78.64306,35.76282],[-78.64325,35.76349],[-78.64287,35.76519],[-78.64303,35.76558],[-78.64357,35.76609],[-78.645,35.76599],[-78.64567,35.7661],[-78.64635,35.76653],[-78.64636,35.76701],[-78.64603,35.76733],[-78.64608,35.76701],[-78.6455,35.76666],[-78.64403,35.7666],[-78.64343,35.7664],[-78.64293,35.76601]]],[[[-78.67312,35.78275],[-78.6707,35.78186],[-78.66966,35.78112],[-78.66836,35.78068],[-78.66793,35.78036],[-78.66599,35.78033],[-78.66429,35.77986],[-78.66416,35.77959],[-78.66329,35.77921],[-78.66335,35.77892],[-78.66294,35.77868],[-78.66256,35.77874],[-78.6625,35.77769],[-78.66268,35.77754],[-78.66238,35.77708],[-78.66193,35.77696],[-78.65924,35.77517],[-78.65866,35.77494],[-78.65695,35.77484],[-78.65636,35.7751],[-78.656,35.7751],[-78.65569,35.7742],[-78.65592,35.77357],[-78.65576,35.77292],[-78.65187,35.77067],[-78.64807,35.76984],[-78.64739,35.76907],[-78.64674,35.76774],[-78.64695,35.76754],[-78.64713,35.76759],[-78.64771,35.76841],[-78.64784,35.76926],[-78.64822,35.76968],[-78.64879,35.76994],[-78.65067,35.77018],[-78.6519,35.7705],[-78.65528,35.77256],[-78.65594,35.77278],[-78.65621,35.77322],[-78.656,35.77407],[-78.65629,35.77493],[-78.65689,35.77457],[-78.65875,35.77483],[-78.66199,35.77684],[-78.66243,35.77694],[-78.66281,35.77745],[-78.66291,35.77848],[-78.66374,35.77902],[-78.66425,35.77898],[-78.66605,35.7795],[-78.6666,35.77979],[-78.66688,35.78013],[-78.66721,35.78017],[-78.66763,35.77996],[-78.66806,35.78003],[-78.67084,35.78169],[-78.67576,35.78373],[-78.67694,35.78408],[-78.67897,35.78525],[-78.67693,35.78424],[-78.6734,35.783],[-78.67312,35.78275]]],[[[-78.6664,35.80038],[-78.66619,35.80038],[-78.66681,35.79879],[-78.66696,35.79886],[-78.66667,35.79989],[-78.6664,35.80038]]],[[[-78.67864,35.79959],[-78.67883,35.79965],[-78.67857,35.80027],[-78.67757,35.80114],[-78.67747,35.80108],[-78.67805,35.80032],[-78.67844,35.80009],[-78.67864,35.79959]]],[[[-78.66547,35.80265],[-78.66561,35.80122],[-78.66614,35.80054],[-78.66632,35.80054],[-78.66563,35.80206],[-78.66561,35.8025],[-78.66547,35.80265]]],[[[-78.66383,35.80923],[-78.66406,35.80899],[-78.66374,35.80855],[-78.66382,35.80827],[-78.66406,35.80792],[-78.66492,35.80736],[-78.66468,35.80702],[-78.66538,35.8065],[-78.66544,35.80604],[-78.66504,35.80533],[-78.66509,35.80372],[-78.66552,35.80273],[-78.66533,35.80349],[-78.66537,35.80487],[-78.66513,35.80538],[-78.66563,35.80612],[-78.66544,35.8067],[-78.66478,35.80703],[-78.66508,35.80736],[-78.66426,35.80787],[-78.66386,35.80843],[-78.66426,35.80912],[-78.66434,35.80984],[-78.66399,35.81046],[-78.66366,35.8103],[-78.66388,35.80976],[-78.66383,35.80923]]],[[[-78.62592,35.83838],[-78.62615,35.83659],[-78.62587,35.83602],[-78.62526,35.83589],[-78.62488,35.83562],[-78.62482,35.83522],[-78.62459,35.83502],[-78.62574,35.83428],[-78.62564,35.83365],[-78.62592,35.83306],[-78.6269,35.83234],[-78.62712,35.83168],[-78.62773,35.83133],[-78.62818,35.8308],[-78.6282,35.83041],[-78.62881,35.83149],[-78.62818,35.8325],[-78.62814,35.83296],[-78.62835,35.83333],[-78.62675,35.83402],[-78.62666,35.83503],[-78.62625,35.83587],[-78.62642,35.83729],[-78.62602,35.83874],[-78.62566,35.83903],[-78.62575,35.83959],[-78.62549,35.84039],[-78.62562,35.84174],[-78.6253,35.84011],[-78.62547,35.83893],[-78.62592,35.83838]]],[[[-78.66293,35.8548],[-78.66362,35.85428],[-78.66394,35.85225],[-78.66412,35.85199],[-78.66409,35.85149],[-78.66355,35.85093],[-78.66386,35.85049],[-78.66371,35.84981],[-78.66317,35.84878],[-78.66284,35.84853],[-78.66126,35.84829],[-78.66113,35.84782],[-78.66077,35.84752],[-78.66158,35.84637],[-78.6628,35.84547],[-78.6628,35.8442],[-78.66294,35.84395],[-78.66279,35.84362],[-78.66236,35.84344],[-78.66218,35.84265],[-78.66233,35.84258],[-78.66253,35.84333],[-78.66307,35.84344],[-78.66344,35.84384],[-78.66315,35.84491],[-78.66324,35.84544],[-78.66293,35.84583],[-78.66181,35.84652],[-78.66101,35.84758],[-78.66124,35.84779],[-78.66131,35.84819],[-78.66309,35.84841],[-78.66367,35.84879],[-78.66404,35.84987],[-78.664,35.85056],[-78.66366,35.85088],[-78.66425,35.85138],[-78.66424,35.85213],[-78.66405,35.85232],[-78.66393,35.85358],[-78.66366,35.85442],[-78.66308,35.85486],[-78.66134,35.85536],[-78.66101,35.8562],[-78.66103,35.85569],[-78.66128,35.85529],[-78.66293,35.8548]]],[[[-78.62635,35.84265],[-78.627,35.84281],[-78.62777,35.84275],[-78.62823,35.84298],[-78.6296,35.84316],[-78.63028,35.84355],[-78.63056,35.84353],[-78.63107,35.84418],[-78.63155,35.84427],[-78.6328,35.84547],[-78.63447,35.84647],[-78.63314,35.84594],[-78.63233,35.84504],[-78.63059,35.84388],[-78.63052,35.84361],[-78.63023,35.84363],[-78.62967,35.84334],[-78.62818,35.84305],[-78.62771,35.84283],[-78.62635,35.84283],[-78.62651,35.8446],[-78.62617,35.84608],[-78.62445,35.84841],[-78.62339,35.8512],[-78.62319,35.85137],[-78.6238,35.85226],[-78.62447,35.85279],[-78.62492,35.85303],[-78.62677,35.85335],[-78.6275,35.85381],[-78.62696,35.85399],[-78.62679,35.85388],[-78.62594,35.85395],[-78.62583,35.8543],[-78.6262,35.85484],[-78.62642,35.85582],[-78.6261,35.85596],[-78.62532,35.85473],[-78.62515,35.85399],[-78.62484,35.85371],[-78.6247,35.85328],[-78.62374,35.8524],[-78.6231,35.85146],[-78.6233,35.85041],[-78.62432,35.84836],[-78.62606,35.84595],[-78.62637,35.84445],[-78.62621,35.84255],[-78.62543,35.84254],[-78.62534,35.84224],[-78.62563,35.84189],[-78.62553,35.84242],[-78.62629,35.84237],[-78.62635,35.84265]]],[[[-78.60151,35.85349],[-78.60147,35.85356],[-78.6012,35.85339],[-78.60025,35.85158],[-78.60129,35.85337],[-78.60151,35.85349]]],[[[-78.61159,35.86027],[-78.61095,35.85932],[-78.60891,35.85855],[-78.60857,35.85803],[-78.60766,35.85739],[-78.60734,35.85689],[-78.60669,35.85654],[-78.60602,35.8553],[-78.60563,35.85498],[-78.60412,35.8548],[-78.60325,35.855],[-78.6024,35.85498],[-78.6018,35.8539],[-78.60179,35.85369],[-78.60226,35.85311],[-78.60339,35.85314],[-78.60381,35.85384],[-78.60405,35.85395],[-78.60435,35.85375],[-78.60466,35.85316],[-78.60595,35.85326],[-78.60576,35.85337],[-78.60568,35.85383],[-78.60623,35.85451],[-78.60744,35.85684],[-78.60884,35.85777],[-78.60906,35.85844],[-78.61026,35.85863],[-78.61151,35.85936],[-78.61187,35.85974],[-78.61196,35.8611],[-78.6117,35.86183],[-78.61197,35.86248],[-78.61165,35.8626],[-78.61158,35.86194],[-78.61178,35.8613],[-78.61159,35.86027]]],[[[-78.65632,35.86593],[-78.65514,35.86522],[-78.65576,35.86545],[-78.65678,35.86523],[-78.65717,35.865],[-78.65738,35.86421],[-78.65728,35.86393],[-78.65755,35.86365],[-78.65763,35.86325],[-78.65754,35.86295],[-78.65791,35.86267],[-78.65815,35.86199],[-78.6576,35.86098],[-78.6583,35.86118],[-78.65868,35.86083],[-78.65861,35.86065],[-78.65735,35.86002],[-78.65796,35.85987],[-78.65841,35.86004],[-78.65884,35.86002],[-78.6595,35.85931],[-78.65954,35.85901],[-78.65889,35.85795],[-78.65913,35.85771],[-78.65915,35.85713],[-78.65894,35.85682],[-78.65911,35.85634],[-78.6597,35.85636],[-78.66007,35.85662],[-78.66031,35.85652],[-78.66164,35.85667],[-78.6638,35.85718],[-78.66354,35.85748],[-78.66356,35.8588],[-78.66304,35.85958],[-78.66319,35.86005],[-78.66305,35.86029],[-78.66424,35.86072],[-78.66519,35.86079],[-78.66587,35.86019],[-78.66626,35.86005],[-78.66795,35.85989],[-78.66864,35.8591],[-78.66912,35.85892],[-78.6706,35.85919],[-78.67095,35.85891],[-78.67148,35.85894],[-78.67206,35.85918],[-78.67204,35.85944],[-78.67302,35.85969],[-78.67364,35.86009],[-78.67377,35.86087],[-78.67397,35.86109],[-78.6739,35.86138],[-78.6734,35.86013],[-78.67292,35.85986],[-78.67197,35.85966],[-78.67172,35.85983],[-78.6711,35.85975],[-78.67077,35.85987],[-78.67058,35.85936],[-78.66913,35.85947],[-78.66789,35.86012],[-78.66653,35.8602],[-78.66519,35.86088],[-78.66411,35.86079],[-78.66232,35.86014],[-78.66189,35.86087],[-78.66092,35.8617],[-78.66051,35.86326],[-78.66069,35.86365],[-78.6601,35.86382],[-78.65922,35.86544],[-78.65924,35.86563],[-78.6596,35.86585],[-78.65936,35.86612],[-78.65938,35.86728],[-78.6589,35.86793],[-78.65842,35.86825],[-78.65844,35.86876],[-78.6582,35.86875],[-78.65689,35.86768],[-78.65633,35.86785],[-78.65616,35.86724],[-78.65467,35.86679],[-78.6545,35.86653],[-78.65626,35.86664],[-78.65632,35.86593]]],[[[-78.6497,35.87277],[-78.65116,35.8724],[-78.65098,35.87221],[-78.65096,35.87175],[-78.65123,35.87083],[-78.65087,35.87065],[-78.65049,35.86991],[-78.65034,35.86901],[-78.65066,35.86807],[-78.65157,35.86678],[-78.6518,35.86664],[-78.65211,35.86671],[-78.65288,35.86729],[-78.65364,35.86669],[-78.65419,35.86653],[-78.65428,35.86679],[-78.6541,35.86685],[-78.6539,35.86728],[-78.65322,35.86776],[-78.65279,35.86782],[-78.65187,35.86752],[-78.65171,35.86759],[-78.65141,35.8681],[-78.65098,35.86839],[-78.65113,35.86877],[-78.65108,35.86959],[-78.65163,35.87001],[-78.65158,35.87034],[-78.65232,35.87091],[-78.65341,35.8711],[-78.65323,35.87251],[-78.65347,35.87322],[-78.6546,35.87364],[-78.65515,35.8735],[-78.65549,35.87361],[-78.65575,35.87401],[-78.65586,35.8747],[-78.65728,35.87512],[-78.65724,35.87543],[-78.65542,35.8752],[-78.65512,35.87491],[-78.6551,35.87388],[-78.6543,35.87384],[-78.65314,35.87355],[-78.65266,35.87325],[-78.65243,35.87273],[-78.65247,35.87204],[-78.65279,35.87135],[-78.65175,35.87092],[-78.65148,35.87154],[-78.65111,35.87168],[-78.65125,35.87255],[-78.64983,35.87285],[-78.64866,35.87346],[-78.64792,35.87418],[-78.64788,35.87408],[-78.64857,35.87342],[-78.6497,35.87277]]],[[[-78.63478,35.87492],[-78.6358,35.87478],[-78.63721,35.87474],[-78.63803,35.87494],[-78.63899,35.87498],[-78.63947,35.87465],[-78.63948,35.87491],[-78.64004,35.87493],[-78.63991,35.87517],[-78.64049,35.87518],[-78.64061,35.87537],[-78.64037,35.87576],[-78.63964,35.87603],[-78.63908,35.87557],[-78.63742,35.87489],[-78.6358,35.87495],[-78.63442,35.8752],[-78.63478,35.87492]]],[[[-78.64417,35.87705],[-78.64225,35.87705],[-78.6414,35.87664],[-78.6405,35.87653],[-78.64111,35.87634],[-78.6407,35.87579],[-78.6411,35.87581],[-78.6414,35.87643],[-78.64223,35.87669],[-78.64236,35.87688],[-78.64389,35.87687],[-78.64444,35.87662],[-78.64477,35.87691],[-78.64563,35.87678],[-78.6459,35.87626],[-78.6458,35.87607],[-78.64614,35.87579],[-78.64632,35.87531],[-78.64695,35.87498],[-78.64742,35.87435],[-78.64788,35.87444],[-78.64798,35.87457],[-78.64739,35.87568],[-78.64758,35.87629],[-78.64722,35.87615],[-78.64667,35.87666],[-78.64625,35.87678],[-78.64623,35.87725],[-78.64583,35.87731],[-78.64528,35.87716],[-78.64489,35.87733],[-78.64437,35.87879],[-78.64417,35.87869],[-78.64455,35.8772],[-78.64417,35.87705]]],[[[-78.60118,35.87594],[-78.60098,35.87565],[-78.60031,35.87562],[-78.59961,35.8759],[-78.59933,35.87587],[-78.59764,35.87528],[-78.59667,35.87525],[-78.5965,35.875],[-78.59709,35.87477],[-78.59742,35.87496],[-78.59826,35.87507],[-78.59858,35.87537],[-78.59931,35.87529],[-78.60023,35.87479],[-78.60041,35.87479],[-78.60031,35.87488],[-78.6005,35.87503],[-78.6007,35.87491],[-78.60087,35.87499],[-78.60098,35.87459],[-78.60135,35.87536],[-78.60293,35.87579],[-78.6024,35.87577],[-78.60203,35.87592],[-78.60178,35.87655],[-78.60191,35.87706],[-78.60074,35.87691],[-78.60113,35.87655],[-78.60118,35.87594]]],[[[-78.59329,35.8756],[-78.59417,35.87552],[-78.5945,35.87525],[-78.59468,35.87531],[-78.59544,35.8749],[-78.59609,35.87494],[-78.5961,35.87515],[-78.59542,35.87503],[-78.59514,35.87544],[-78.5945,35.87587],[-78.59293,35.87624],[-78.59171,35.87766],[-78.59132,35.87775],[-78.59118,35.87767],[-78.59278,35.8759],[-78.59329,35.8756]]],[[[-78.59096,35.87786],[-78.59125,35.87799],[-78.59092,35.87839],[-78.59077,35.87834],[-78.59012,35.8789],[-78.58914,35.87941],[-78.58893,35.87915],[-78.59035,35.87852],[-78.59096,35.87786]]],[[[-78.61038,35.88308],[-78.61044,35.88288],[-78.61001,35.88251],[-78.61015,35.88245],[-78.61005,35.88238],[-78.60943,35.88238],[-78.60896,35.88215],[-78.60847,35.88242],[-78.60827,35.88205],[-78.60867,35.88211],[-78.60873,35.882],[-78.60801,35.88186],[-78.60759,35.88141],[-78.60666,35.88117],[-78.60582,35.88074],[-78.60525,35.88099],[-78.60472,35.88096],[-78.60422,35.88055],[-78.60412,35.88014],[-78.60362,35.87985],[-78.60215,35.87932],[-78.60137,35.87941],[-78.60106,35.87826],[-78.6004,35.8776],[-78.60036,35.87719],[-78.60092,35.87715],[-78.6019,35.87738],[-78.60205,35.87755],[-78.60205,35.87837],[-78.60225,35.87868],[-78.60296,35.8788],[-78.60393,35.87935],[-78.60435,35.87997],[-78.60428,35.88039],[-78.60465,35.88076],[-78.60516,35.88084],[-78.60594,35.88049],[-78.60628,35.8805],[-78.60691,35.88103],[-78.60779,35.88124],[-78.608,35.88159],[-78.60928,35.88173],[-78.60951,35.88194],[-78.60992,35.88196],[-78.61062,35.8823],[-78.61106,35.88323],[-78.6126,35.88328],[-78.61223,35.8838],[-78.61201,35.88366],[-78.61127,35.8839],[-78.61099,35.88385],[-78.61086,35.88377],[-78.61098,35.88351],[-78.61071,35.88317],[-78.61038,35.88308]]],[[[-78.64162,35.88261],[-78.64195,35.88096],[-78.64279,35.87891],[-78.643,35.87875],[-78.64436,35.87884],[-78.64446,35.87972],[-78.6439,35.87981],[-78.64369,35.87936],[-78.64327,35.87928],[-78.64236,35.88068],[-78.64223,35.88147],[-78.64198,35.88179],[-78.64213,35.882],[-78.64207,35.8826],[-78.64171,35.883],[-78.64146,35.88456],[-78.64037,35.88523],[-78.64003,35.88532],[-78.64125,35.8845],[-78.64128,35.88323],[-78.64162,35.88261]]],[[[-78.6136,35.88303],[-78.61371,35.8832],[-78.61478,35.88333],[-78.61512,35.88371],[-78.61574,35.88385],[-78.61607,35.88408],[-78.61673,35.88417],[-78.61754,35.88367],[-78.6177,35.88401],[-78.61833,35.88394],[-78.61885,35.88408],[-78.61886,35.88423],[-78.6171,35.88411],[-78.61646,35.88472],[-78.61645,35.88521],[-78.6162,35.88566],[-78.6155,35.88569],[-78.61528,35.88503],[-78.61484,35.88474],[-78.61425,35.88469],[-78.61346,35.88501],[-78.61214,35.88439],[-78.61349,35.88271],[-78.61376,35.88284],[-78.6136,35.88303]]],[[[-78.61224,35.9243],[-78.611,35.92475],[-78.60967,35.92586],[-78.60795,35.92636],[-78.60814,35.92601],[-78.60881,35.92567],[-78.60952,35.92478],[-78.61016,35.92445],[-78.61197,35.92404],[-78.61241,35.92315],[-78.61353,35.92304],[-78.61422,35.92203],[-78.61484,35.92158],[-78.61525,35.92073],[-78.61586,35.92007],[-78.61502,35.92171],[-78.61358,35.92345],[-78.61273,35.92379],[-78.61224,35.9243]]],[[[-78.60467,35.92213],[-78.6049,35.92225],[-78.60393,35.92456],[-78.60358,35.92658],[-78.60311,35.92653],[-78.60386,35.92385],[-78.60467,35.92213]]],[[[-78.58455,35.71485],[-78.58466,35.71499],[-78.58438,35.71507],[-78.58436,35.71494],[-78.58455,35.71485]]],[[[-78.4802,35.82802],[-78.48078,35.82769],[-78.4819,35.82796],[-78.48287,35.82757],[-78.48337,35.82769],[-78.48418,35.82746],[-78.48431,35.82745],[-78.48457,35.82745],[-78.48499,35.82765],[-78.4856,35.82751],[-78.48692,35.82769],[-78.48903,35.82828],[-78.4886,35.82837],[-78.48796,35.82816],[-78.48766,35.82822],[-78.48757,35.82841],[-78.48676,35.82812],[-78.48615,35.82838],[-78.48475,35.82805],[-78.48428,35.82778],[-78.48355,35.82788],[-78.48293,35.82776],[-78.48196,35.82814],[-78.48089,35.82783],[-78.48055,35.8282],[-78.4802,35.8283],[-78.47906,35.82806],[-78.47839,35.82744],[-78.47916,35.82789],[-78.4802,35.82802]]],[[[-78.5103,35.81292],[-78.51095,35.81298],[-78.51161,35.8133],[-78.5126,35.81315],[-78.51403,35.8134],[-78.51487,35.81339],[-78.51489,35.81383],[-78.51475,35.81414],[-78.51448,35.81415],[-78.51248,35.81369],[-78.51162,35.81383],[-78.51092,35.81342],[-78.51037,35.81338],[-78.50974,35.81348],[-78.50895,35.81394],[-78.50812,35.81417],[-78.50813,35.81405],[-78.50813,35.81347],[-78.50949,35.81301],[-78.5103,35.81292]]],[[[-78.56709,35.84717],[-78.56677,35.84749],[-78.56664,35.84744],[-78.56576,35.84697],[-78.56543,35.84654],[-78.56686,35.8468],[-78.56709,35.84717]]],[[[-78.55922,35.86368],[-78.5601,35.86277],[-78.55964,35.86235],[-78.56041,35.86179],[-78.56051,35.86144],[-78.56079,35.86136],[-78.56087,35.86087],[-78.56165,35.86108],[-78.56179,35.8613],[-78.56115,35.86158],[-78.56118,35.86168],[-78.56162,35.86156],[-78.5617,35.86168],[-78.56105,35.86221],[-78.56113,35.86268],[-78.5606,35.86297],[-78.55994,35.86301],[-78.55966,35.8635],[-78.55928,35.86372],[-78.55924,35.86448],[-78.55853,35.86576],[-78.55848,35.86541],[-78.55913,35.8645],[-78.55922,35.86368]]],[[[-78.55652,35.86641],[-78.55747,35.86692],[-78.55807,35.8666],[-78.55846,35.86607],[-78.55837,35.86651],[-78.55785,35.86692],[-78.55745,35.86699],[-78.55658,35.86656],[-78.55564,35.86643],[-78.55432,35.86656],[-78.55406,35.86636],[-78.55561,35.86622],[-78.55652,35.86641]]],[[[-78.5757,35.87937],[-78.57779,35.87872],[-78.57925,35.87859],[-78.57981,35.87825],[-78.58011,35.8772],[-78.58036,35.87722],[-78.5808,35.87695],[-78.58129,35.87695],[-78.58222,35.87736],[-78.58303,35.87804],[-78.58323,35.87867],[-78.58351,35.87861],[-78.58416,35.87896],[-78.5844,35.87951],[-78.58483,35.8798],[-78.58493,35.87959],[-78.58504,35.87978],[-78.58489,35.88005],[-78.58414,35.87988],[-78.58172,35.87989],[-78.5803,35.87946],[-78.57914,35.87978],[-78.57795,35.8796],[-78.57716,35.87981],[-78.57653,35.87968],[-78.57565,35.88028],[-78.57435,35.87989],[-78.57384,35.8796],[-78.57481,35.8798],[-78.5757,35.87937]]],[[[-78.5872,35.87953],[-78.58756,35.87964],[-78.5872,35.87994],[-78.58606,35.88025],[-78.58536,35.88022],[-78.58562,35.87994],[-78.58666,35.87985],[-78.5872,35.87953]]],[[[-78.51869,35.87972],[-78.51891,35.88004],[-78.5202,35.88007],[-78.52081,35.87993],[-78.52141,35.87934],[-78.52219,35.8793],[-78.52213,35.87946],[-78.52154,35.87962],[-78.5209,35.88025],[-78.5192,35.88017],[-78.51845,35.87993],[-78.51752,35.88025],[-78.51687,35.88017],[-78.51548,35.88044],[-78.5149,35.88068],[-78.51478,35.88123],[-78.5146,35.88111],[-78.51473,35.88055],[-78.51527,35.88027],[-78.51631,35.88001],[-78.51761,35.88007],[-78.51869,35.87972]]],[[[-78.50938,35.88331],[-78.5119,35.88277],[-78.51241,35.88284],[-78.51367,35.88238],[-78.51442,35.88123],[-78.51472,35.88141],[-78.51382,35.8824],[-78.51325,35.88258],[-78.51279,35.88298],[-78.50942,35.88342],[-78.50849,35.88377],[-78.50834,35.88418],[-78.508,35.88442],[-78.50825,35.88368],[-78.50938,35.88331]]],[[[-78.55818,35.97981],[-78.5573,35.97958],[-78.55624,35.9796],[-78.55578,35.97981],[-78.55482,35.97969],[-78.55733,35.97946],[-78.55818,35.97981]]],[[[-78.55962,35.97854],[-78.56031,35.97854],[-78.56212,35.97902],[-78.56181,35.97911],[-78.5618,35.97911],[-78.56017,35.97867],[-78.55967,35.97869],[-78.55948,35.97965],[-78.55928,35.97958],[-78.55944,35.97869],[-78.55962,35.97854]]]]}},{"type":"Feature","properties":{"step":2},"geometry":{"type":"MultiPolygon","coordinates":[[[[-78.8292,35.89529],[-78.82896,35.89634],[-78.82891,35.89643],[-78.82868,35.89633],[-78.82863,35.89692],[-78.82852,35.89702],[-78.82849,35.89649],[-78.82866,35.89617],[-78.82843,35.89578],[-78.82844,35.89527],[-78.82825,35.89509],[-78.8276,35.89493],[-78.82652,35.895],[-78.82545,35.89529],[-78.8249,35.89522],[-78.82398,35.8954],[-78.82387,35.89517],[-78.82539,35.89484],[-78.82588,35.89493],[-78.82628,35.89456],[-78.8269,35.89457],[-78.82728,35.89436],[-78.82872,35.89455],[-78.82911,35.89442],[-78.82942,35.89397],[-78.82962,35.89451],[-78.82957,35.89497],[-78.8292,35.89529]]],[[[-78.82632,35.9124],[-78.82568,35.91243],[-78.8256,35.9122],[-78.82594,35.91182],[-78.82649,35.91157],[-78.82702,35.91083],[-78.82742,35.91072],[-78.82786,35.91033],[-78.82775,35.91061],[-78.82729,35.9109],[-78.82632,35.9124]]],[[[-78.82741,35.91193],[-78.82719,35.91226],[-78.82661,35.91238],[-78.82703,35.91199],[-78.82751,35.91108],[-78.8278,35.91088],[-78.82775,35.91121],[-78.82733,35.91159],[-78.82741,35.91193]]],[[[-78.82646,35.91336],[-78.82637,35.91331],[-78.82663,35.91247],[-78.82676,35.91276],[-78.82646,35.91336]]],[[[-78.82592,35.91339],[-78.8255,35.91359],[-78.8257,35.91344],[-78.82565,35.91336],[-78.8256,35.91337],[-78.82561,35.91324],[-78.82545,35.91332],[-78.82545,35.91326],[-78.82581,35.91312],[-78.82575,35.9126],[-78.8263,35.91247],[-78.82628,35.91312],[-78.82591,35.91352],[-78.82592,35.91339]]],[[[-78.82624,35.91344],[-78.82633,35.91335],[-78.82633,35.91343],[-78.82624,35.91344]]],[[[-78.82616,35.91354],[-78.8262,35.91348],[-78.8262,35.91354],[-78.82616,35.91354]]],[[[-78.82609,35.91364],[-78.82607,35.91358],[-78.82614,35.91365],[-78.82609,35.91364]]],[[[-78.82589,35.91373],[-78.82592,35.91369],[-78.82591,35.91372],[-78.82589,35.91373]]],[[[-78.82593,35.91441],[-78.8256,35.91404],[-78.82572,35.91392],[-78.82591,35.9142],[-78.82593,35.91441]]],[[[-78.8255,35.91443],[-78.82529,35.9148],[-78.82533,35.91459],[-78.8255,35.91443]]],[[[-78.8253,35.91484],[-78.82529,35.9148],[-78.82532,35.91482],[-78.8253,35.91484]]],[[[-78.82495,35.91484],[-78.82497,35.91529],[-78.82491,35.91489],[-78.82495,35.91484]]],[[[-78.82411,35.91593],[-78.82436,35.91505],[-78.82473,35.91491],[-78.82472,35.91532],[-78.8245,35.91532],[-78.8241,35.91628],[-78.82328,35.91621],[-78.82267,35.91591],[-78.8237,35.91616],[-78.82411,35.91593]]],[[[-78.82539,35.91485],[-78.82555,35.91498],[-78.82565,35.91481],[-78.82584,35.91495],[-78.82571,35.91496],[-78.82571,35.91504],[-78.82596,35.91505],[-78.82596,35.91518],[-78.82569,35.91546],[-78.82553,35.91623],[-78.82532,35.91638],[-78.8249,35.91632],[-78.82481,35.91643],[-78.82485,35.91568],[-78.8251,35.91566],[-78.8253,35.91492],[-78.82542,35.9151],[-78.82539,35.91485]]],[[[-78.82175,35.91567],[-78.82259,35.91591],[-78.81989,35.91558],[-78.81997,35.91544],[-78.82101,35.91568],[-78.82175,35.91567]]],[[[-78.82299,35.91698],[-78.82325,35.91636],[-78.82143,35.91591],[-78.82058,35.9161],[-78.82034,35.91581],[-78.82006,35.91584],[-78.81987,35.91567],[-78.82253,35.91602],[-78.82332,35.91631],[-78.82401,35.91638],[-78.82322,35.91708],[-78.82057,35.91839],[-78.82139,35.91765],[-78.82241,35.91735],[-78.82299,35.91698]]],[[[-78.82142,35.91824],[-78.82211,35.91782],[-78.82394,35.91691],[-78.82446,35.91626],[-78.82469,35.91565],[-78.82438,35.91678],[-78.82373,35.91711],[-78.8235,35.91756],[-78.82232,35.91777],[-78.82131,35.91849],[-78.82239,35.9186],[-78.82291,35.9188],[-78.82115,35.91884],[-78.82049,35.91934],[-78.82026,35.91998],[-78.82034,35.92067],[-78.81986,35.9217],[-78.81973,35.92168],[-78.82009,35.92078],[-78.82025,35.91939],[-78.82087,35.91838],[-78.82142,35.91824]]],[[[-78.82051,35.91861],[-78.82042,35.91901],[-78.81894,35.91967],[-78.81792,35.91973],[-78.81814,35.91948],[-78.81863,35.91948],[-78.81924,35.91912],[-78.82011,35.91895],[-78.82051,35.91861]]],[[[-78.81782,35.91977],[-78.81783,35.91976],[-78.81787,35.91975],[-78.81782,35.91977]]],[[[-78.81766,35.91984],[-78.81766,35.91989],[-78.81757,35.91988],[-78.81766,35.91984]]],[[[-78.81768,35.92001],[-78.81775,35.91994],[-78.81773,35.92001],[-78.81768,35.92001]]],[[[-78.81749,35.9201],[-78.81747,35.92008],[-78.81752,35.92004],[-78.81749,35.9201]]],[[[-78.81759,35.92015],[-78.81758,35.92017],[-78.81759,35.92013],[-78.81759,35.92015]]],[[[-78.8174,35.92028],[-78.81739,35.92024],[-78.81747,35.92016],[-78.8174,35.92028]]],[[[-78.81897,35.91977],[-78.81992,35.91925],[-78.81975,35.91977],[-78.81983,35.9205],[-78.81972,35.92097],[-78.8195,35.92016],[-78.81786,35.91987],[-78.81897,35.91977]]],[[[-78.81736,35.9203],[-78.81738,35.92031],[-78.81725,35.92047],[-78.81732,35.92037],[-78.81736,35.9203]]],[[[-78.81714,35.92086],[-78.81715,35.92074],[-78.8175,35.92043],[-78.81714,35.92086]]],[[[-78.81723,35.9205],[-78.817,35.92077],[-78.81711,35.92057],[-78.81723,35.9205]]],[[[-78.81964,35.92135],[-78.81955,35.92164],[-78.81947,35.92149],[-78.81964,35.92135]]],[[[-78.80737,35.88364],[-78.80793,35.88368],[-78.80813,35.88412],[-78.8093,35.88411],[-78.80962,35.88456],[-78.81011,35.88483],[-78.80986,35.885],[-78.80897,35.8849],[-78.80839,35.88501],[-78.8081,35.88565],[-78.80839,35.88671],[-78.80898,35.8871],[-78.80933,35.88705],[-78.81136,35.88749],[-78.81155,35.88771],[-78.81112,35.88817],[-78.8084,35.88787],[-78.80803,35.88819],[-78.80785,35.88974],[-78.80819,35.8905],[-78.80824,35.89103],[-78.80854,35.89127],[-78.8085,35.89185],[-78.80905,35.89266],[-78.80899,35.89298],[-78.80784,35.89279],[-78.80747,35.89217],[-78.80722,35.8921],[-78.8073,35.8918],[-78.80716,35.89152],[-78.80687,35.89162],[-78.80668,35.89151],[-78.80678,35.89091],[-78.80625,35.89081],[-78.80665,35.89061],[-78.80672,35.89031],[-78.80651,35.88989],[-78.80625,35.88975],[-78.80644,35.88959],[-78.80641,35.88912],[-78.80598,35.88901],[-78.80613,35.889],[-78.80643,35.88856],[-78.80639,35.88837],[-78.80601,35.8882],[-78.80632,35.88796],[-78.80635,35.88772],[-78.80626,35.88724],[-78.80599,35.88705],[-78.80633,35.88679],[-78.80637,35.88651],[-78.80614,35.88551],[-78.80561,35.88539],[-78.80613,35.88475],[-78.80568,35.88446],[-78.80591,35.8842],[-78.8057,35.88378],[-78.8058,35.88359],[-78.80559,35.88345],[-78.8058,35.88336],[-78.80574,35.88297],[-78.80485,35.88217],[-78.80333,35.88226],[-78.80313,35.88248],[-78.8022,35.88211],[-78.8026,35.88192],[-78.80497,35.8816],[-78.80577,35.88196],[-78.80632,35.8825],[-78.80636,35.88355],[-78.80683,35.88409],[-78.80679,35.88481],[-78.8073,35.88712],[-78.80726,35.88887],[-78.80702,35.88934],[-78.80738,35.89017],[-78.80753,35.89116],[-78.80798,35.892],[-78.80836,35.89225],[-78.80856,35.89216],[-78.8082,35.89192],[-78.80773,35.89112],[-78.80774,35.89047],[-78.80733,35.88938],[-78.80756,35.88719],[-78.80699,35.88458],[-78.80704,35.88356],[-78.80767,35.88316],[-78.80746,35.8825],[-78.80773,35.88272],[-78.80792,35.88338],[-78.80737,35.88364]]],[[[-78.80121,35.88112],[-78.80087,35.88063],[-78.80174,35.88],[-78.80223,35.88007],[-78.8014,35.88038],[-78.80121,35.88112]]],[[[-78.79988,35.88096],[-78.80061,35.88082],[-78.80072,35.88106],[-78.80111,35.88126],[-78.80084,35.88174],[-78.80078,35.88237],[-78.80096,35.8827],[-78.80063,35.88257],[-78.80043,35.88134],[-78.79988,35.88096]]],[[[-78.80064,35.88263],[-78.80103,35.88278],[-78.80149,35.88305],[-78.80155,35.88313],[-78.80143,35.88305],[-78.80154,35.88322],[-78.80137,35.88356],[-78.80094,35.88363],[-78.80033,35.88348],[-78.80071,35.88309],[-78.80064,35.88263]]],[[[-78.8023,35.88618],[-78.80215,35.8822],[-78.80255,35.88249],[-78.80237,35.88306],[-78.80244,35.88374],[-78.80267,35.88403],[-78.80312,35.88416],[-78.80319,35.88436],[-78.80256,35.88445],[-78.80237,35.8847],[-78.80238,35.88508],[-78.80266,35.8853],[-78.80245,35.88554],[-78.80222,35.88678],[-78.80252,35.88711],[-78.80198,35.88701],[-78.80179,35.88714],[-78.80198,35.8877],[-78.80154,35.88745],[-78.80109,35.88765],[-78.80028,35.88837],[-78.80034,35.88883],[-78.79974,35.88829],[-78.79997,35.88887],[-78.79947,35.88902],[-78.79936,35.8895],[-78.79873,35.88976],[-78.79856,35.89022],[-78.79857,35.88991],[-78.79846,35.8905],[-78.79816,35.89055],[-78.79807,35.89077],[-78.79666,35.89073],[-78.79589,35.89106],[-78.79512,35.89209],[-78.79546,35.89295],[-78.79571,35.89312],[-78.79572,35.89384],[-78.79517,35.89351],[-78.79498,35.89255],[-78.79405,35.89226],[-78.79367,35.89258],[-78.79371,35.89357],[-78.79318,35.89387],[-78.79321,35.89426],[-78.7931,35.89407],[-78.79252,35.89449],[-78.79248,35.89474],[-78.79181,35.89489],[-78.79237,35.89461],[-78.79241,35.89327],[-78.79279,35.89229],[-78.79639,35.88958],[-78.7978,35.8889],[-78.79871,35.88869],[-78.79934,35.8879],[-78.80086,35.88766],[-78.80142,35.8873],[-78.80174,35.88679],[-78.8022,35.88653],[-78.8023,35.88618]]],[[[-78.79803,35.88559],[-78.79692,35.885],[-78.797,35.88526],[-78.79636,35.88509],[-78.79624,35.885],[-78.79643,35.88482],[-78.79671,35.88496],[-78.79636,35.88448],[-78.79651,35.88459],[-78.79648,35.88446],[-78.79668,35.88449],[-78.79633,35.88431],[-78.79623,35.88411],[-78.79677,35.88448],[-78.79671,35.88452],[-78.79673,35.88457],[-78.79704,35.88464],[-78.79706,35.88497],[-78.79715,35.88466],[-78.79775,35.88469],[-78.79715,35.88461],[-78.7968,35.88449],[-78.79846,35.88469],[-78.79891,35.88468],[-78.79917,35.88449],[-78.79952,35.8846],[-78.79963,35.88411],[-78.80005,35.88389],[-78.80029,35.8835],[-78.80103,35.88367],[-78.8006,35.88392],[-78.79969,35.88581],[-78.80062,35.88646],[-78.80065,35.88666],[-78.79968,35.8874],[-78.79894,35.88745],[-78.79809,35.88784],[-78.79696,35.88866],[-78.79507,35.88927],[-78.79435,35.88964],[-78.79367,35.8898],[-78.7913,35.89171],[-78.79067,35.89246],[-78.79044,35.89312],[-78.79097,35.89514],[-78.78938,35.89556],[-78.78966,35.89523],[-78.78933,35.89487],[-78.78926,35.89437],[-78.78949,35.89417],[-78.78938,35.89408],[-78.78979,35.89385],[-78.78915,35.89381],[-78.78854,35.89347],[-78.788,35.89343],[-78.78788,35.89359],[-78.78785,35.89339],[-78.78744,35.89334],[-78.78689,35.89287],[-78.78642,35.89288],[-78.78716,35.89275],[-78.7875,35.89292],[-78.78785,35.89278],[-78.78787,35.8926],[-78.78803,35.89289],[-78.78865,35.89305],[-78.78922,35.89305],[-78.78945,35.89284],[-78.78989,35.8929],[-78.79034,35.89273],[-78.79068,35.89212],[-78.79018,35.89138],[-78.79077,35.89181],[-78.79111,35.89179],[-78.7914,35.89142],[-78.792,35.89111],[-78.79332,35.89004],[-78.79316,35.88983],[-78.79236,35.88968],[-78.793,35.88956],[-78.79288,35.88917],[-78.79267,35.88901],[-78.7926,35.8889],[-78.7926,35.88883],[-78.79341,35.88951],[-78.79393,35.88964],[-78.79651,35.88868],[-78.79722,35.88807],[-78.7971,35.8878],[-78.79674,35.8876],[-78.79754,35.88762],[-78.79785,35.88736],[-78.79801,35.88672],[-78.79838,35.88627],[-78.79878,35.88647],[-78.79843,35.88604],[-78.79906,35.88589],[-78.79925,35.88571],[-78.79803,35.88559]]],[[[-78.78623,35.89289],[-78.78615,35.89262],[-78.78642,35.89288],[-78.78623,35.89289]]],[[[-78.79091,35.91162],[-78.79072,35.9109],[-78.7904,35.91011],[-78.78955,35.90887],[-78.78918,35.9079],[-78.7893,35.90675],[-78.7901,35.90485],[-78.79041,35.9034],[-78.78986,35.90207],[-78.78942,35.90156],[-78.79019,35.90007],[-78.79131,35.89902],[-78.79245,35.8972],[-78.79267,35.89544],[-78.79276,35.89598],[-78.79309,35.89633],[-78.79314,35.8967],[-78.79302,35.89714],[-78.79255,35.89734],[-78.79262,35.89766],[-78.79341,35.89806],[-78.79302,35.89819],[-78.79325,35.89848],[-78.79326,35.89888],[-78.79484,35.90061],[-78.79482,35.90076],[-78.79445,35.90088],[-78.79569,35.90124],[-78.79592,35.9014],[-78.79594,35.90173],[-78.79569,35.90175],[-78.79538,35.90152],[-78.79456,35.90132],[-78.79466,35.90113],[-78.7939,35.9009],[-78.79411,35.90057],[-78.794,35.90027],[-78.79312,35.89944],[-78.79257,35.89917],[-78.79242,35.89867],[-78.79212,35.89868],[-78.79171,35.89923],[-78.79188,35.89968],[-78.79011,35.90086],[-78.79034,35.90128],[-78.79024,35.90147],[-78.78964,35.90162],[-78.79013,35.90185],[-78.79003,35.90219],[-78.79064,35.90186],[-78.79043,35.90211],[-78.7908,35.90309],[-78.79065,35.90324],[-78.79068,35.90421],[-78.79024,35.90498],[-78.79037,35.90552],[-78.79011,35.90614],[-78.79015,35.90632],[-78.79058,35.90642],[-78.7898,35.9069],[-78.79053,35.90745],[-78.7899,35.90785],[-78.78979,35.9082],[-78.7902,35.90914],[-78.79071,35.90922],[-78.79051,35.9096],[-78.79089,35.91037],[-78.79084,35.91098],[-78.79105,35.91129],[-78.79091,35.91229],[-78.79131,35.91394],[-78.7913,35.91532],[-78.79196,35.91613],[-78.79335,35.91645],[-78.79342,35.91663],[-78.79246,35.91656],[-78.79217,35.91671],[-78.79172,35.91629],[-78.79175,35.91606],[-78.79124,35.91545],[-78.79079,35.9122],[-78.79091,35.91162]]],[[[-78.79139,35.91945],[-78.79173,35.91859],[-78.79181,35.91763],[-78.79227,35.91871],[-78.79198,35.91892],[-78.79182,35.91959],[-78.79233,35.9203],[-78.79272,35.92042],[-78.79242,35.92067],[-78.79259,35.92161],[-78.79245,35.92171],[-78.79246,35.92212],[-78.79425,35.92247],[-78.7957,35.92368],[-78.7954,35.92374],[-78.79488,35.92332],[-78.79282,35.92294],[-78.79276,35.92279],[-78.79182,35.92329],[-78.79094,35.92456],[-78.79088,35.92476],[-78.7913,35.9256],[-78.79102,35.92627],[-78.79121,35.9263],[-78.79081,35.92686],[-78.7912,35.92839],[-78.79109,35.92871],[-78.79142,35.92924],[-78.79143,35.92991],[-78.79179,35.9308],[-78.79196,35.93107],[-78.79234,35.93116],[-78.79218,35.93128],[-78.79232,35.93165],[-78.79213,35.93146],[-78.79207,35.9314],[-78.79171,35.93116],[-78.79107,35.93069],[-78.79071,35.92934],[-78.79042,35.92892],[-78.79014,35.92892],[-78.78942,35.92948],[-78.78898,35.92916],[-78.78855,35.9293],[-78.78809,35.92941],[-78.78917,35.92902],[-78.79005,35.92816],[-78.78971,35.9269],[-78.78999,35.92679],[-78.79016,35.92611],[-78.79049,35.92562],[-78.79013,35.92512],[-78.78963,35.92506],[-78.78963,35.92489],[-78.78934,35.92491],[-78.79017,35.92462],[-78.79041,35.92396],[-78.79076,35.92358],[-78.7906,35.92321],[-78.79087,35.92273],[-78.79165,35.92227],[-78.7915,35.92185],[-78.79111,35.92186],[-78.7912,35.92153],[-78.79107,35.92133],[-78.79135,35.92106],[-78.79129,35.9208],[-78.7909,35.92033],[-78.79044,35.92015],[-78.79081,35.9198],[-78.79077,35.91932],[-78.78984,35.91824],[-78.79012,35.91778],[-78.79005,35.91758],[-78.79132,35.91813],[-78.79088,35.91907],[-78.79089,35.91939],[-78.79141,35.92036],[-78.79162,35.92158],[-78.79185,35.92197],[-78.7917,35.92229],[-78.79107,35.92295],[-78.79094,35.9236],[-78.79022,35.92462],[-78.79055,35.92468],[-78.79225,35.92218],[-78.7922,35.92021],[-78.79139,35.91945]]],[[[-78.79762,35.93408],[-78.79774,35.93385],[-78.79768,35.93415],[-78.79946,35.93443],[-78.80003,35.93465],[-78.80026,35.93501],[-78.79965,35.9347],[-78.79912,35.93468],[-78.79899,35.93442],[-78.7983,35.93439],[-78.79776,35.9342],[-78.79684,35.93445],[-78.79645,35.93438],[-78.79717,35.93409],[-78.79762,35.93408]]],[[[-78.78703,35.92961],[-78.78637,35.92971],[-78.78669,35.92955],[-78.78703,35.92961]]],[[[-78.78757,35.92939],[-78.78767,35.9295],[-78.78758,35.92942],[-78.78757,35.92939]]],[[[-78.78239,35.83644],[-78.78146,35.83656],[-78.78186,35.83638],[-78.78239,35.83644]]],[[[-78.78286,35.83662],[-78.78298,35.83658],[-78.78331,35.83719],[-78.78286,35.83662]]],[[[-78.78163,35.83678],[-78.7812,35.83723],[-78.78109,35.83762],[-78.78095,35.8378],[-78.78117,35.83716],[-78.78166,35.83668],[-78.78266,35.83676],[-78.78325,35.83729],[-78.78303,35.83736],[-78.78205,35.83677],[-78.78163,35.83678]]],[[[-78.78101,35.83696],[-78.78071,35.83756],[-78.78078,35.83719],[-78.78101,35.83696]]],[[[-78.77931,35.83829],[-78.77919,35.83805],[-78.78009,35.83812],[-78.78065,35.8377],[-78.78009,35.83918],[-78.78004,35.83866],[-78.77931,35.83829]]],[[[-78.78028,35.83926],[-78.78087,35.83794],[-78.7806,35.83903],[-78.78028,35.83926]]],[[[-78.77392,35.83813],[-78.77572,35.8385],[-78.77694,35.83898],[-78.77725,35.83895],[-78.77754,35.83867],[-78.77782,35.83868],[-78.77788,35.83893],[-78.77769,35.83897],[-78.77782,35.83914],[-78.77905,35.83952],[-78.77984,35.83952],[-78.7793,35.84004],[-78.77751,35.83981],[-78.77533,35.83852],[-78.77396,35.83836],[-78.77317,35.83789],[-78.77264,35.83813],[-78.77315,35.83784],[-78.77359,35.83783],[-78.77392,35.83813]]],[[[-78.774,35.83854],[-78.77525,35.83864],[-78.77761,35.83998],[-78.77947,35.84017],[-78.77919,35.8405],[-78.77922,35.84027],[-78.77772,35.84007],[-78.77705,35.83976],[-78.777,35.83998],[-78.77648,35.83955],[-78.77604,35.83939],[-78.7757,35.83945],[-78.77463,35.839],[-78.77272,35.83848],[-78.77227,35.83882],[-78.77201,35.83936],[-78.77234,35.83956],[-78.77239,35.83981],[-78.7727,35.84003],[-78.77283,35.84026],[-78.77288,35.84045],[-78.77195,35.83946],[-78.77218,35.83864],[-78.77313,35.83804],[-78.774,35.83854]]],[[[-78.78002,35.83962],[-78.78002,35.83991],[-78.77974,35.84001],[-78.78002,35.83962]]],[[[-78.77264,35.84098],[-78.77242,35.84111],[-78.77269,35.84086],[-78.77253,35.84079],[-78.77254,35.84049],[-78.77169,35.83964],[-78.77162,35.83947],[-78.77166,35.83903],[-78.77171,35.83955],[-78.77259,35.84035],[-78.77274,35.84084],[-78.77264,35.84098]]],[[[-78.77277,35.84106],[-78.77289,35.84046],[-78.7731,35.84063],[-78.77288,35.84107],[-78.77277,35.84106]]],[[[-78.77218,35.84119],[-78.77129,35.84153],[-78.77023,35.84216],[-78.77009,35.84222],[-78.76995,35.84225],[-78.7698,35.84226],[-78.76956,35.84226],[-78.76934,35.8422],[-78.76862,35.84168],[-78.76803,35.84183],[-78.76787,35.8422],[-78.76797,35.84243],[-78.76843,35.84276],[-78.76802,35.84252],[-78.76782,35.84225],[-78.76794,35.8419],[-78.76805,35.84178],[-78.76821,35.84169],[-78.76866,35.84163],[-78.76934,35.84218],[-78.76975,35.84225],[-78.76988,35.842],[-78.76989,35.84218],[-78.77009,35.8422],[-78.7713,35.84147],[-78.772,35.84122],[-78.77218,35.84119]]],[[[-78.76938,35.84325],[-78.76948,35.84336],[-78.76953,35.84353],[-78.76953,35.84368],[-78.76933,35.84422],[-78.76943,35.84332],[-78.76894,35.84307],[-78.76843,35.84276],[-78.76938,35.84325]]],[[[-78.77107,35.84228],[-78.77081,35.84206],[-78.77017,35.84237],[-78.76998,35.8424],[-78.76936,35.84238],[-78.76854,35.84186],[-78.76816,35.84193],[-78.76825,35.84185],[-78.76847,35.84182],[-78.76878,35.84194],[-78.76937,35.84236],[-78.77009,35.84237],[-78.77096,35.8419],[-78.77107,35.84228]]],[[[-78.76815,35.84239],[-78.76807,35.84235],[-78.76809,35.84198],[-78.76816,35.84193],[-78.76815,35.84239]]],[[[-78.76863,35.84267],[-78.76881,35.84279],[-78.76902,35.84288],[-78.76918,35.84299],[-78.76877,35.84279],[-78.76815,35.84239],[-78.76863,35.84267]]],[[[-78.77138,35.84166],[-78.77278,35.84117],[-78.77096,35.8419],[-78.77138,35.84166]]],[[[-78.78327,35.84194],[-78.78328,35.84203],[-78.78325,35.84196],[-78.78327,35.84194]]],[[[-78.78351,35.84167],[-78.78463,35.84228],[-78.78501,35.84294],[-78.78472,35.84269],[-78.78459,35.84227],[-78.78349,35.8417],[-78.78329,35.84187],[-78.78343,35.84167],[-78.78351,35.84167]]],[[[-78.78328,35.84234],[-78.78333,35.84239],[-78.78323,35.84239],[-78.78328,35.84234]]],[[[-78.78347,35.84298],[-78.78336,35.84289],[-78.78341,35.84277],[-78.78347,35.84298]]],[[[-78.78507,35.84314],[-78.78502,35.84296],[-78.7851,35.84307],[-78.78507,35.84314]]],[[[-78.7836,35.84299],[-78.78372,35.84297],[-78.78406,35.84319],[-78.7837,35.84312],[-78.7836,35.84299]]],[[[-78.76526,35.8431],[-78.7655,35.84252],[-78.76539,35.84244],[-78.76569,35.8426],[-78.76554,35.84255],[-78.76531,35.84302],[-78.7654,35.8432],[-78.76526,35.8431]]],[[[-78.78413,35.84322],[-78.78435,35.84343],[-78.78407,35.84365],[-78.78433,35.84343],[-78.78413,35.84322]]],[[[-78.78477,35.8442],[-78.78484,35.84372],[-78.78487,35.84368],[-78.78477,35.8442]]],[[[-78.78506,35.8434],[-78.7852,35.84339],[-78.78487,35.84368],[-78.78506,35.8434]]],[[[-78.78392,35.8452],[-78.78366,35.84489],[-78.78402,35.84406],[-78.78393,35.84371],[-78.78404,35.84369],[-78.78398,35.84375],[-78.78406,35.84394],[-78.78401,35.84414],[-78.7843,35.84463],[-78.78432,35.84626],[-78.78393,35.84731],[-78.78401,35.84935],[-78.78359,35.84773],[-78.78375,35.84699],[-78.78346,35.84696],[-78.78358,35.84679],[-78.78331,35.84681],[-78.78389,35.84649],[-78.7838,35.84573],[-78.78392,35.8452]]],[[[-78.78465,35.8455],[-78.78467,35.8466],[-78.78483,35.84684],[-78.78452,35.84686],[-78.7843,35.84753],[-78.78457,35.84876],[-78.78479,35.84927],[-78.78503,35.84942],[-78.78505,35.85012],[-78.78439,35.84932],[-78.78427,35.84877],[-78.78425,35.84734],[-78.78465,35.84626],[-78.78458,35.84533],[-78.78477,35.84424],[-78.78459,35.84539],[-78.78465,35.8455]]],[[[-78.78428,35.84988],[-78.78417,35.84974],[-78.78402,35.84944],[-78.78401,35.84937],[-78.78469,35.85022],[-78.78454,35.85031],[-78.78421,35.84988],[-78.78428,35.84988]]],[[[-78.76694,35.89239],[-78.76696,35.89208],[-78.7675,35.89057],[-78.7674,35.88982],[-78.76722,35.88964],[-78.76734,35.88842],[-78.76753,35.88823],[-78.76764,35.88744],[-78.7676,35.88672],[-78.76727,35.88574],[-78.76775,35.8855],[-78.76692,35.88542],[-78.76684,35.8853],[-78.76699,35.88518],[-78.76797,35.88523],[-78.76788,35.8839],[-78.76807,35.88364],[-78.76867,35.8836],[-78.76883,35.88538],[-78.76829,35.88699],[-78.76788,35.88933],[-78.76782,35.89082],[-78.76804,35.8922],[-78.7679,35.89488],[-78.7676,35.89571],[-78.76727,35.89599],[-78.76635,35.89602],[-78.76568,35.89625],[-78.76544,35.89631],[-78.76587,35.89607],[-78.76636,35.89558],[-78.76695,35.89532],[-78.76715,35.89254],[-78.76694,35.89239]]],[[[-78.76462,35.89652],[-78.76141,35.89801],[-78.76114,35.89784],[-78.7616,35.89757],[-78.76284,35.89729],[-78.76353,35.89663],[-78.76406,35.89664],[-78.76466,35.89642],[-78.76476,35.89625],[-78.76497,35.89636],[-78.76544,35.89631],[-78.76462,35.89652]]],[[[-78.7687,35.89374],[-78.7692,35.89223],[-78.7691,35.89187],[-78.76921,35.88994],[-78.76904,35.88878],[-78.76922,35.8878],[-78.76918,35.88675],[-78.76946,35.88626],[-78.76953,35.8854],[-78.76985,35.88533],[-78.76989,35.88505],[-78.77007,35.88554],[-78.76962,35.88561],[-78.77029,35.88579],[-78.77087,35.88625],[-78.77038,35.88606],[-78.77003,35.88612],[-78.76959,35.88665],[-78.76931,35.88755],[-78.76929,35.88844],[-78.77004,35.88852],[-78.76967,35.88853],[-78.76989,35.88884],[-78.76974,35.88898],[-78.76989,35.88966],[-78.76967,35.89011],[-78.76937,35.89028],[-78.76929,35.89177],[-78.76912,35.89185],[-78.76952,35.89232],[-78.76957,35.89263],[-78.76902,35.89326],[-78.76893,35.89508],[-78.76912,35.89531],[-78.76892,35.89533],[-78.76839,35.89605],[-78.7684,35.89642],[-78.76812,35.89634],[-78.76799,35.89646],[-78.76801,35.89686],[-78.76778,35.89762],[-78.76732,35.89846],[-78.76758,35.89887],[-78.76711,35.89886],[-78.76688,35.8994],[-78.76725,35.90006],[-78.767,35.90017],[-78.76671,35.90083],[-78.76601,35.90064],[-78.76573,35.90118],[-78.7656,35.90108],[-78.76777,35.89758],[-78.76774,35.89635],[-78.76855,35.89521],[-78.7687,35.89374]]],[[[-78.79165,35.89493],[-78.79176,35.8949],[-78.79179,35.8949],[-78.7917,35.89493],[-78.79165,35.89493]]],[[[-78.7899,35.89649],[-78.79069,35.89685],[-78.78999,35.89727],[-78.78961,35.89722],[-78.78868,35.8975],[-78.78804,35.89834],[-78.78801,35.8992],[-78.7876,35.89968],[-78.78739,35.89938],[-78.78842,35.89769],[-78.78867,35.89733],[-78.78897,35.89734],[-78.78935,35.89707],[-78.78989,35.89698],[-78.7899,35.89649]]],[[[-78.78837,35.89938],[-78.78834,35.89941],[-78.78852,35.89879],[-78.78836,35.89839],[-78.78862,35.89806],[-78.78939,35.89759],[-78.7899,35.89756],[-78.79006,35.89897],[-78.78998,35.89914],[-78.78924,35.89984],[-78.78917,35.90036],[-78.78866,35.90142],[-78.78889,35.90187],[-78.78959,35.90225],[-78.78974,35.90273],[-78.78947,35.90476],[-78.78833,35.90743],[-78.7883,35.90785],[-78.78864,35.90833],[-78.78969,35.91022],[-78.79028,35.9139],[-78.79081,35.91544],[-78.79074,35.9162],[-78.79138,35.91705],[-78.79044,35.91706],[-78.79083,35.91702],[-78.79084,35.91681],[-78.7899,35.9162],[-78.7896,35.91582],[-78.7891,35.91575],[-78.78853,35.91604],[-78.78818,35.91573],[-78.78858,35.91538],[-78.78883,35.91459],[-78.78914,35.91444],[-78.78967,35.91448],[-78.78979,35.91428],[-78.78972,35.9139],[-78.78942,35.91377],[-78.78917,35.91336],[-78.78922,35.91308],[-78.78872,35.91274],[-78.78932,35.91277],[-78.78985,35.91376],[-78.79008,35.91371],[-78.78981,35.91288],[-78.78921,35.91236],[-78.78962,35.9119],[-78.78934,35.91138],[-78.78921,35.91155],[-78.78914,35.91142],[-78.78938,35.91123],[-78.78934,35.91085],[-78.78905,35.91082],[-78.78936,35.91071],[-78.78934,35.91027],[-78.7889,35.90978],[-78.78865,35.90908],[-78.78876,35.90902],[-78.78865,35.9084],[-78.78855,35.90855],[-78.78845,35.90816],[-78.78764,35.90802],[-78.78814,35.90778],[-78.78851,35.90678],[-78.78842,35.90646],[-78.7889,35.90577],[-78.78928,35.90474],[-78.78906,35.90449],[-78.78905,35.90402],[-78.78879,35.90357],[-78.78859,35.90351],[-78.7891,35.90318],[-78.78951,35.9025],[-78.78937,35.90238],[-78.78877,35.90273],[-78.78913,35.9023],[-78.78855,35.90166],[-78.78881,35.90086],[-78.78845,35.90058],[-78.7882,35.90064],[-78.78817,35.90043],[-78.78895,35.90056],[-78.78872,35.90036],[-78.78901,35.89983],[-78.78938,35.89969],[-78.78949,35.89936],[-78.7895,35.89862],[-78.78933,35.89847],[-78.78849,35.89913],[-78.78837,35.89938]]],[[[-78.78804,35.89984],[-78.78771,35.89973],[-78.78834,35.89941],[-78.78804,35.89984]]],[[[-78.76569,35.89743],[-78.76471,35.89726],[-78.76376,35.89783],[-78.76363,35.89765],[-78.76316,35.89774],[-78.76258,35.89817],[-78.76206,35.89825],[-78.76204,35.89842],[-78.76162,35.89816],[-78.76366,35.89738],[-78.76487,35.8966],[-78.76642,35.89612],[-78.76726,35.89608],[-78.76772,35.89713],[-78.76768,35.89736],[-78.76549,35.90099],[-78.76541,35.89996],[-78.7658,35.89811],[-78.76569,35.89743]]],[[[-78.78733,35.8999],[-78.78691,35.9],[-78.78709,35.89987],[-78.78733,35.8999]]],[[[-78.78517,35.90046],[-78.78434,35.90034],[-78.78591,35.89952],[-78.78666,35.8997],[-78.78651,35.90002],[-78.78608,35.90004],[-78.78538,35.90029],[-78.78497,35.90072],[-78.78425,35.90103],[-78.78326,35.90216],[-78.78348,35.9016],[-78.78339,35.9012],[-78.78292,35.90104],[-78.7832,35.9007],[-78.78497,35.90071],[-78.78517,35.90046]]],[[[-78.76575,35.90183],[-78.76613,35.9022],[-78.76605,35.90231],[-78.76535,35.90204],[-78.76518,35.90217],[-78.76535,35.90242],[-78.76566,35.90247],[-78.76586,35.90235],[-78.76593,35.90254],[-78.76572,35.90294],[-78.76546,35.90306],[-78.76567,35.90342],[-78.76502,35.90369],[-78.76511,35.90429],[-78.76467,35.90555],[-78.76478,35.90593],[-78.76426,35.90701],[-78.76422,35.90747],[-78.76353,35.90785],[-78.76422,35.90736],[-78.76417,35.90699],[-78.76472,35.90471],[-78.76509,35.90422],[-78.76497,35.90372],[-78.76533,35.9026],[-78.76502,35.90222],[-78.76502,35.90185],[-78.76528,35.90149],[-78.76553,35.90165],[-78.76613,35.90143],[-78.76575,35.90183]]],[[[-78.78276,35.90608],[-78.78266,35.90542],[-78.78329,35.90402],[-78.78303,35.90339],[-78.7836,35.90247],[-78.78542,35.9005],[-78.78634,35.90025],[-78.78526,35.9007],[-78.78603,35.90084],[-78.78557,35.90132],[-78.78466,35.90173],[-78.78361,35.90323],[-78.78321,35.90344],[-78.78339,35.9041],[-78.78295,35.90518],[-78.78272,35.90532],[-78.78288,35.90598],[-78.78269,35.90647],[-78.78153,35.90746],[-78.78114,35.90824],[-78.78049,35.90871],[-78.77943,35.91001],[-78.77905,35.90991],[-78.77975,35.90958],[-78.78144,35.90721],[-78.78276,35.90608]]],[[[-78.78744,35.89995],[-78.7875,35.9001],[-78.78684,35.90031],[-78.78634,35.90025],[-78.78744,35.89995]]],[[[-78.76431,35.90453],[-78.76443,35.90378],[-78.76413,35.90307],[-78.76483,35.90202],[-78.76479,35.90186],[-78.76499,35.90165],[-78.76486,35.90152],[-78.76515,35.90141],[-78.76496,35.90174],[-78.76484,35.90185],[-78.76486,35.90225],[-78.76459,35.9024],[-78.76456,35.90429],[-78.7642,35.90503],[-78.76407,35.90657],[-78.76369,35.90746],[-78.76297,35.90816],[-78.76401,35.90586],[-78.76356,35.90496],[-78.76431,35.90453]]],[[[-78.78235,35.90602],[-78.78248,35.90501],[-78.78281,35.90444],[-78.78254,35.90319],[-78.78276,35.90295],[-78.78256,35.90293],[-78.783,35.90236],[-78.78325,35.90218],[-78.78261,35.90331],[-78.78287,35.9045],[-78.78249,35.90538],[-78.78249,35.90602],[-78.78117,35.90715],[-78.77959,35.90952],[-78.77896,35.90985],[-78.77884,35.90969],[-78.77942,35.90905],[-78.7801,35.90861],[-78.78088,35.90746],[-78.78045,35.90736],[-78.78046,35.90716],[-78.78128,35.90695],[-78.78235,35.90602]]],[[[-78.7636,35.90908],[-78.76233,35.91103],[-78.76255,35.9106],[-78.76241,35.91045],[-78.7631,35.90912],[-78.76404,35.90877],[-78.7636,35.90908]]],[[[-78.76183,35.91066],[-78.76192,35.9098],[-78.76262,35.90931],[-78.76198,35.91111],[-78.76157,35.91074],[-78.76183,35.91066]]],[[[-78.77532,35.91166],[-78.77582,35.91156],[-78.77614,35.91126],[-78.77594,35.91082],[-78.77639,35.91106],[-78.77703,35.91111],[-78.77767,35.91009],[-78.77751,35.91074],[-78.77702,35.9112],[-78.77623,35.91157],[-78.77513,35.91178],[-78.77532,35.91166]]],[[[-78.7761,35.91216],[-78.77511,35.912],[-78.77645,35.91183],[-78.77705,35.91129],[-78.77837,35.91075],[-78.7761,35.91216]]],[[[-78.77509,35.9118],[-78.77494,35.91192],[-78.77471,35.91185],[-78.77509,35.9118]]],[[[-78.76009,35.91452],[-78.75938,35.91531],[-78.75957,35.91563],[-78.75896,35.91679],[-78.7588,35.91631],[-78.75934,35.91566],[-78.75926,35.91552],[-78.75945,35.91515],[-78.75995,35.91459],[-78.75985,35.91403],[-78.75999,35.91362],[-78.76078,35.91322],[-78.76123,35.91204],[-78.76184,35.91141],[-78.76123,35.91293],[-78.76105,35.91314],[-78.76009,35.91366],[-78.76017,35.91409],[-78.76009,35.91452]]],[[[-78.75978,35.91525],[-78.76046,35.91459],[-78.76046,35.91377],[-78.76148,35.91317],[-78.76208,35.91145],[-78.76226,35.91171],[-78.76221,35.91204],[-78.76153,35.91344],[-78.76151,35.91386],[-78.76117,35.91416],[-78.76092,35.91483],[-78.76034,35.9154],[-78.76042,35.91572],[-78.75998,35.91607],[-78.75983,35.91709],[-78.75967,35.91731],[-78.75951,35.91789],[-78.7593,35.91829],[-78.7595,35.91845],[-78.75926,35.91851],[-78.75933,35.9187],[-78.75931,35.91878],[-78.75925,35.91888],[-78.75916,35.91841],[-78.75949,35.91785],[-78.75934,35.91686],[-78.75998,35.9156],[-78.75978,35.91525]]],[[[-78.7591,35.91909],[-78.75887,35.91931],[-78.7591,35.92],[-78.75859,35.92162],[-78.75871,35.92186],[-78.75827,35.92192],[-78.75751,35.92331],[-78.75641,35.92434],[-78.7565,35.92484],[-78.75587,35.925],[-78.75504,35.92596],[-78.75511,35.92624],[-78.75481,35.92638],[-78.75506,35.92708],[-78.7547,35.92716],[-78.75446,35.92778],[-78.75456,35.92785],[-78.75403,35.9282],[-78.75399,35.92876],[-78.75332,35.92837],[-78.75259,35.92914],[-78.75211,35.93014],[-78.75175,35.93047],[-78.75109,35.93204],[-78.75159,35.93065],[-78.75226,35.92978],[-78.75248,35.92923],[-78.75416,35.92744],[-78.75466,35.92625],[-78.75695,35.92363],[-78.7583,35.92182],[-78.75885,35.91988],[-78.75879,35.91959],[-78.75874,35.91972],[-78.75847,35.91944],[-78.75886,35.91889],[-78.75898,35.91888],[-78.75893,35.91903],[-78.75925,35.91888],[-78.7591,35.91909]]],[[[-78.77149,35.9198],[-78.77075,35.92011],[-78.77161,35.91968],[-78.7723,35.91876],[-78.77225,35.91833],[-78.77278,35.91736],[-78.77256,35.91685],[-78.77308,35.9158],[-78.77309,35.91556],[-78.7728,35.91516],[-78.77316,35.91495],[-78.77299,35.91477],[-78.77309,35.91446],[-78.77369,35.91339],[-78.77343,35.9131],[-78.77413,35.91283],[-78.77419,35.91246],[-78.77453,35.91235],[-78.77417,35.91283],[-78.77402,35.9135],[-78.77333,35.91487],[-78.77297,35.91717],[-78.77236,35.91924],[-78.77246,35.92082],[-78.7725,35.92096],[-78.7727,35.92097],[-78.77252,35.9192],[-78.77327,35.91711],[-78.77343,35.9154],[-78.77383,35.91422],[-78.77459,35.91327],[-78.77482,35.91247],[-78.77489,35.91268],[-78.77458,35.91366],[-78.77409,35.91404],[-78.77373,35.9148],[-78.77346,35.91728],[-78.77286,35.91842],[-78.77307,35.91885],[-78.77257,35.91944],[-78.77285,35.92115],[-78.77322,35.92138],[-78.7731,35.92191],[-78.77255,35.92278],[-78.77249,35.92385],[-78.77172,35.92471],[-78.77192,35.92556],[-78.77129,35.92575],[-78.7713,35.92598],[-78.77134,35.92601],[-78.77177,35.92601],[-78.77153,35.92619],[-78.77163,35.92657],[-78.77134,35.92675],[-78.7717,35.9272],[-78.77078,35.92898],[-78.77061,35.92908],[-78.77053,35.92935],[-78.77035,35.92955],[-78.77065,35.92882],[-78.77078,35.92769],[-78.77106,35.92711],[-78.77131,35.92711],[-78.77117,35.92653],[-78.77074,35.92646],[-78.77038,35.92651],[-78.77023,35.92646],[-78.77087,35.92624],[-78.771,35.92599],[-78.77128,35.92598],[-78.77124,35.9256],[-78.77149,35.92542],[-78.77133,35.92482],[-78.77204,35.92416],[-78.77239,35.92337],[-78.77228,35.92258],[-78.77277,35.92167],[-78.77223,35.92094],[-78.77213,35.9198],[-78.77149,35.9198]]],[[[-78.7702,35.92973],[-78.77023,35.93008],[-78.77001,35.93051],[-78.77024,35.93118],[-78.76981,35.93171],[-78.76967,35.93188],[-78.76963,35.93193],[-78.76955,35.93202],[-78.76948,35.93212],[-78.76941,35.9322],[-78.76915,35.93252],[-78.769,35.93219],[-78.76926,35.9316],[-78.76905,35.93111],[-78.76948,35.93102],[-78.76899,35.93051],[-78.76941,35.93038],[-78.77035,35.92955],[-78.7702,35.92973]]],[[[-78.72446,35.77084],[-78.72418,35.77034],[-78.72469,35.77009],[-78.7243,35.7698],[-78.72436,35.76971],[-78.72485,35.76986],[-78.72477,35.76969],[-78.7251,35.76962],[-78.72505,35.76945],[-78.72435,35.76947],[-78.72608,35.76912],[-78.72569,35.76928],[-78.72578,35.7694],[-78.72649,35.76955],[-78.7277,35.76952],[-78.72789,35.7698],[-78.72823,35.76985],[-78.72859,35.7697],[-78.72893,35.76916],[-78.72921,35.769],[-78.73076,35.76865],[-78.73182,35.76848],[-78.73278,35.7684],[-78.73576,35.7692],[-78.73619,35.76974],[-78.73603,35.77052],[-78.73644,35.77193],[-78.73681,35.7723],[-78.73661,35.7724],[-78.73685,35.77271],[-78.73678,35.77289],[-78.73628,35.77205],[-78.73577,35.76937],[-78.73391,35.76872],[-78.73172,35.76851],[-78.72917,35.7691],[-78.72891,35.76926],[-78.72862,35.76974],[-78.72843,35.76985],[-78.72826,35.76988],[-78.72794,35.76984],[-78.72755,35.76968],[-78.72698,35.76975],[-78.72672,35.76965],[-78.72501,35.77001],[-78.72515,35.7703],[-78.72554,35.77036],[-78.72722,35.7704],[-78.72802,35.77023],[-78.7276,35.77066],[-78.72722,35.77074],[-78.72713,35.77103],[-78.72688,35.77119],[-78.72699,35.77163],[-78.7263,35.77106],[-78.72446,35.77084]]],[[[-78.73352,35.76911],[-78.73432,35.7692],[-78.73498,35.76947],[-78.73527,35.76995],[-78.73561,35.77186],[-78.73649,35.77281],[-78.73612,35.77304],[-78.7356,35.77206],[-78.73537,35.77194],[-78.73552,35.77188],[-78.73518,35.77134],[-78.73496,35.77022],[-78.73469,35.76978],[-78.73392,35.76943],[-78.73346,35.76953],[-78.73327,35.76931],[-78.73276,35.76914],[-78.7323,35.7692],[-78.7323,35.76956],[-78.73104,35.76956],[-78.73007,35.76973],[-78.72979,35.76991],[-78.72952,35.77015],[-78.72947,35.77046],[-78.72974,35.77096],[-78.72963,35.77159],[-78.72987,35.77186],[-78.72941,35.77153],[-78.72936,35.772],[-78.72919,35.77166],[-78.7296,35.77113],[-78.72911,35.77125],[-78.72904,35.77095],[-78.72842,35.7707],[-78.72802,35.77023],[-78.72825,35.77039],[-78.72845,35.77034],[-78.72992,35.76933],[-78.73065,35.76917],[-78.73352,35.76911]]],[[[-78.73914,35.77215],[-78.7381,35.77248],[-78.73733,35.77293],[-78.73706,35.77298],[-78.73701,35.77297],[-78.73917,35.77169],[-78.74007,35.7722],[-78.73914,35.77215]]],[[[-78.74061,35.77304],[-78.74021,35.77318],[-78.73812,35.7735],[-78.73749,35.77352],[-78.73657,35.77333],[-78.73688,35.77302],[-78.73768,35.77316],[-78.73892,35.77297],[-78.73962,35.77273],[-78.74019,35.77229],[-78.74079,35.77274],[-78.74061,35.77304]]],[[[-78.74977,35.77687],[-78.74888,35.77699],[-78.74798,35.77673],[-78.74771,35.77728],[-78.74697,35.77655],[-78.74574,35.77514],[-78.74543,35.77469],[-78.74508,35.77455],[-78.74354,35.77322],[-78.74228,35.77259],[-78.74128,35.77188],[-78.74088,35.77143],[-78.74171,35.77147],[-78.74227,35.77107],[-78.74234,35.77134],[-78.7426,35.77134],[-78.74312,35.77083],[-78.74313,35.77052],[-78.74333,35.77091],[-78.74315,35.77118],[-78.7439,35.77154],[-78.74451,35.77234],[-78.7431,35.7715],[-78.74209,35.7714],[-78.74128,35.77163],[-78.74126,35.77182],[-78.74159,35.7719],[-78.74221,35.77242],[-78.74338,35.77265],[-78.74488,35.77324],[-78.74537,35.77379],[-78.74575,35.77506],[-78.74682,35.77613],[-78.7486,35.77686],[-78.75058,35.7768],[-78.75127,35.7773],[-78.75146,35.77793],[-78.75182,35.77818],[-78.75225,35.7788],[-78.75246,35.77884],[-78.75242,35.77776],[-78.75142,35.77659],[-78.75067,35.77599],[-78.7503,35.77606],[-78.75006,35.77597],[-78.75096,35.77595],[-78.75148,35.77627],[-78.75143,35.77648],[-78.75166,35.77671],[-78.75216,35.77667],[-78.75258,35.77741],[-78.75352,35.77744],[-78.75365,35.77754],[-78.7535,35.7777],[-78.75385,35.77769],[-78.75375,35.77753],[-78.75402,35.77775],[-78.75347,35.77784],[-78.75325,35.77775],[-78.7528,35.77805],[-78.75294,35.77862],[-78.75234,35.77891],[-78.75183,35.77901],[-78.75208,35.77871],[-78.75202,35.77848],[-78.75136,35.77828],[-78.75071,35.7777],[-78.75048,35.77723],[-78.74977,35.77687]]],[[[-78.74518,35.77242],[-78.74595,35.77283],[-78.74643,35.77282],[-78.74638,35.77297],[-78.74692,35.77307],[-78.74655,35.77329],[-78.74652,35.77353],[-78.74648,35.77475],[-78.74672,35.7752],[-78.74664,35.77516],[-78.74631,35.77449],[-78.74604,35.77322],[-78.74546,35.7727],[-78.74452,35.77235],[-78.74518,35.77242]]],[[[-78.74978,35.77597],[-78.75006,35.77597],[-78.74974,35.77599],[-78.74896,35.77581],[-78.74866,35.77607],[-78.7484,35.77604],[-78.74672,35.7752],[-78.74978,35.77597]]],[[[-78.75437,35.78265],[-78.75627,35.7833],[-78.7579,35.785],[-78.75818,35.78499],[-78.75969,35.78563],[-78.76088,35.78594],[-78.76081,35.78646],[-78.75938,35.78613],[-78.75874,35.78582],[-78.7585,35.78597],[-78.75826,35.78585],[-78.75768,35.78486],[-78.75727,35.78467],[-78.75674,35.78393],[-78.75567,35.7835],[-78.75507,35.78297],[-78.75361,35.78238],[-78.75307,35.78189],[-78.75253,35.78164],[-78.75253,35.78147],[-78.75216,35.7815],[-78.75166,35.77995],[-78.75237,35.77951],[-78.75307,35.77933],[-78.753,35.77963],[-78.7532,35.78001],[-78.75383,35.78021],[-78.75403,35.78115],[-78.75428,35.7815],[-78.75437,35.78169],[-78.75436,35.78169],[-78.75278,35.77954],[-78.75258,35.77953],[-78.75206,35.78],[-78.75209,35.78077],[-78.75304,35.78178],[-78.75437,35.78265]]],[[[-78.75498,35.78171],[-78.75541,35.78189],[-78.75437,35.78169],[-78.75498,35.78171]]],[[[-78.75793,35.78403],[-78.7582,35.78462],[-78.75855,35.78477],[-78.75938,35.78469],[-78.75992,35.78485],[-78.76014,35.78535],[-78.76091,35.78569],[-78.76008,35.78538],[-78.75986,35.7852],[-78.75837,35.78472],[-78.75762,35.78435],[-78.75718,35.78357],[-78.75572,35.78233],[-78.75543,35.78192],[-78.75751,35.78384],[-78.75793,35.78403]]],[[[-78.72579,35.79697],[-78.72594,35.79693],[-78.72604,35.79708],[-78.72657,35.79656],[-78.72676,35.79579],[-78.72659,35.79676],[-78.72674,35.79711],[-78.72648,35.7975],[-78.72625,35.79756],[-78.72661,35.79814],[-78.72633,35.79952],[-78.72614,35.79948],[-78.72634,35.79865],[-78.72618,35.79836],[-78.72646,35.79809],[-78.72579,35.79697]]],[[[-78.7261,35.79973],[-78.72625,35.79976],[-78.72615,35.79994],[-78.7261,35.79973]]],[[[-78.73908,35.80059],[-78.7386,35.8006],[-78.73834,35.80124],[-78.73805,35.8015],[-78.73765,35.80159],[-78.73771,35.80192],[-78.73752,35.80224],[-78.73757,35.80173],[-78.73761,35.80162],[-78.73792,35.80115],[-78.73858,35.80058],[-78.73973,35.80011],[-78.73916,35.80038],[-78.73908,35.80059]]],[[[-78.72605,35.80184],[-78.72613,35.80131],[-78.72615,35.80178],[-78.72605,35.80184]]],[[[-78.72629,35.80366],[-78.72619,35.80426],[-78.72588,35.80333],[-78.72604,35.80232],[-78.72592,35.80328],[-78.72629,35.80366]]],[[[-78.73419,35.80656],[-78.73465,35.8059],[-78.73462,35.80483],[-78.73509,35.80434],[-78.7351,35.80397],[-78.73526,35.80398],[-78.73517,35.80407],[-78.73516,35.80441],[-78.73477,35.80484],[-78.73477,35.80521],[-78.73501,35.80549],[-78.73487,35.80618],[-78.73435,35.80637],[-78.73414,35.80703],[-78.73329,35.80803],[-78.7332,35.80787],[-78.73404,35.80711],[-78.73419,35.80656]]],[[[-78.73535,35.80347],[-78.73551,35.80329],[-78.73576,35.80345],[-78.73596,35.80311],[-78.73657,35.80275],[-78.73769,35.80111],[-78.73917,35.79974],[-78.73962,35.80004],[-78.73851,35.80053],[-78.7378,35.8011],[-78.73739,35.80167],[-78.73705,35.80278],[-78.73605,35.80323],[-78.73526,35.80398],[-78.73535,35.80347]]],[[[-78.7361,35.80419],[-78.73556,35.80423],[-78.7356,35.80444],[-78.73518,35.80497],[-78.73521,35.8054],[-78.73497,35.80509],[-78.73533,35.80454],[-78.73535,35.80419],[-78.73623,35.80343],[-78.73733,35.80292],[-78.73694,35.80352],[-78.7361,35.80419]]],[[[-78.72646,35.80472],[-78.72667,35.80486],[-78.7266,35.80528],[-78.72646,35.80472]]],[[[-78.72677,35.80605],[-78.72671,35.8061],[-78.72671,35.80565],[-78.72681,35.80595],[-78.72677,35.80605]]],[[[-78.73432,35.80707],[-78.73445,35.80668],[-78.7351,35.8063],[-78.73517,35.80607],[-78.7352,35.8063],[-78.7347,35.80659],[-78.73432,35.80707]]],[[[-78.7264,35.80757],[-78.72624,35.80827],[-78.72605,35.8082],[-78.72608,35.80802],[-78.72661,35.80665],[-78.7267,35.80734],[-78.7264,35.80757]]],[[[-78.73341,35.80799],[-78.73392,35.80748],[-78.73353,35.808],[-78.73381,35.80971],[-78.73373,35.81172],[-78.73348,35.81214],[-78.73326,35.81223],[-78.73313,35.81204],[-78.73276,35.81206],[-78.7322,35.81249],[-78.73296,35.81275],[-78.73411,35.81287],[-78.73372,35.81308],[-78.73352,35.813],[-78.73357,35.81331],[-78.73436,35.813],[-78.73546,35.81308],[-78.73595,35.81293],[-78.73606,35.81309],[-78.73575,35.81334],[-78.73512,35.81334],[-78.73435,35.81389],[-78.73234,35.8133],[-78.73196,35.81222],[-78.73204,35.81197],[-78.73339,35.81178],[-78.73371,35.80959],[-78.73341,35.80799]]],[[[-78.73274,35.81179],[-78.73194,35.81169],[-78.73177,35.81181],[-78.73224,35.81324],[-78.73134,35.81261],[-78.73122,35.81236],[-78.73137,35.81243],[-78.73168,35.81224],[-78.7317,35.81167],[-78.73202,35.8113],[-78.73273,35.81162],[-78.73319,35.81148],[-78.73341,35.80891],[-78.73362,35.80934],[-78.73351,35.81045],[-78.73329,35.81075],[-78.73322,35.81167],[-78.73274,35.81179]]],[[[-78.72679,35.81031],[-78.72701,35.81028],[-78.72759,35.8108],[-78.72756,35.81192],[-78.72849,35.81208],[-78.7288,35.81247],[-78.72944,35.8127],[-78.73005,35.81269],[-78.73024,35.81237],[-78.73028,35.81268],[-78.7307,35.81255],[-78.73163,35.81313],[-78.73116,35.81312],[-78.73083,35.81288],[-78.72911,35.81268],[-78.72863,35.81251],[-78.72843,35.8122],[-78.72746,35.81195],[-78.72702,35.81088],[-78.72623,35.80991],[-78.72574,35.80969],[-78.72575,35.80965],[-78.72631,35.80992],[-78.72679,35.81031]]],[[[-78.73005,35.81365],[-78.72904,35.81287],[-78.72835,35.81266],[-78.72771,35.81226],[-78.72919,35.81286],[-78.73028,35.81301],[-78.73176,35.81344],[-78.732,35.81363],[-78.73217,35.81447],[-78.73258,35.81462],[-78.73236,35.81474],[-78.73215,35.81471],[-78.73192,35.81433],[-78.73178,35.81365],[-78.73005,35.81365]]],[[[-78.72627,35.81221],[-78.72653,35.8119],[-78.72635,35.8113],[-78.72547,35.81036],[-78.72546,35.8098],[-78.72614,35.81033],[-78.72727,35.81208],[-78.72771,35.81226],[-78.72627,35.81221]]],[[[-78.73353,35.81456],[-78.73256,35.81443],[-78.73265,35.81395],[-78.73343,35.81443],[-78.73353,35.81456]]],[[[-78.73351,35.81499],[-78.73367,35.8166],[-78.73403,35.81704],[-78.73361,35.8168],[-78.73345,35.81557],[-78.73281,35.81467],[-78.73313,35.81481],[-78.73339,35.81476],[-78.73351,35.81499]]],[[[-78.73427,35.81676],[-78.73392,35.81655],[-78.73389,35.81611],[-78.73422,35.81609],[-78.73434,35.81623],[-78.73427,35.81676]]],[[[-78.73896,35.83915],[-78.73914,35.83942],[-78.73887,35.8395],[-78.73896,35.83915]]],[[[-78.74266,35.84051],[-78.74235,35.84093],[-78.74176,35.84069],[-78.7408,35.83978],[-78.7402,35.83944],[-78.74124,35.83972],[-78.74139,35.8393],[-78.74145,35.83927],[-78.74227,35.84041],[-78.74266,35.84051]]],[[[-78.73732,35.84],[-78.73762,35.83999],[-78.73783,35.84014],[-78.73777,35.84032],[-78.73732,35.84]]],[[[-78.74468,35.84045],[-78.74503,35.84094],[-78.74504,35.84137],[-78.74592,35.84177],[-78.7459,35.8421],[-78.74551,35.84238],[-78.74487,35.84216],[-78.74489,35.84254],[-78.74444,35.8419],[-78.7442,35.84085],[-78.74252,35.84099],[-78.74287,35.84069],[-78.7433,35.84067],[-78.74378,35.84041],[-78.74382,35.84005],[-78.74441,35.83955],[-78.74518,35.84011],[-78.74468,35.84045]]],[[[-78.73698,35.84079],[-78.73733,35.84084],[-78.73715,35.84102],[-78.73698,35.84079]]],[[[-78.74381,35.84298],[-78.74381,35.84228],[-78.74346,35.84195],[-78.74355,35.84184],[-78.74389,35.84202],[-78.74388,35.84157],[-78.74374,35.84144],[-78.74333,35.84144],[-78.74321,35.84153],[-78.74333,35.84185],[-78.74289,35.8418],[-78.74238,35.84161],[-78.74234,35.84135],[-78.7437,35.84112],[-78.74436,35.84262],[-78.74646,35.84353],[-78.74605,35.84364],[-78.74605,35.84404],[-78.74585,35.84387],[-78.74559,35.84399],[-78.74579,35.84337],[-78.74494,35.84313],[-78.7443,35.84269],[-78.74408,35.84231],[-78.74416,35.84266],[-78.74381,35.84298]]],[[[-78.726,35.84404],[-78.72694,35.84374],[-78.72756,35.84288],[-78.72756,35.84276],[-78.7267,35.84265],[-78.72644,35.84208],[-78.7265,35.84189],[-78.72667,35.84225],[-78.72753,35.84231],[-78.72843,35.84104],[-78.72745,35.84032],[-78.72742,35.84014],[-78.72767,35.83958],[-78.72822,35.83923],[-78.72778,35.8388],[-78.72804,35.83884],[-78.72848,35.83819],[-78.72836,35.83862],[-78.72851,35.839],[-78.72909,35.83953],[-78.7301,35.8402],[-78.73147,35.84025],[-78.73072,35.8406],[-78.7305,35.841],[-78.73143,35.84231],[-78.73213,35.8423],[-78.73168,35.84256],[-78.73169,35.8428],[-78.73192,35.84279],[-78.73171,35.84308],[-78.73213,35.84339],[-78.73255,35.84487],[-78.733,35.84567],[-78.73318,35.84583],[-78.73353,35.84564],[-78.73265,35.84669],[-78.73248,35.84507],[-78.73188,35.84372],[-78.73073,35.8419],[-78.73011,35.8406],[-78.72945,35.84002],[-78.72884,35.84014],[-78.72854,35.84054],[-78.72937,35.84147],[-78.7294,35.84178],[-78.72793,35.84242],[-78.72701,35.84401],[-78.72461,35.84522],[-78.72464,35.845],[-78.72491,35.84504],[-78.72576,35.84384],[-78.726,35.84404]]],[[[-78.75944,35.84289],[-78.75921,35.84317],[-78.75921,35.84302],[-78.75876,35.84319],[-78.75893,35.84307],[-78.75944,35.84289]]],[[[-78.74699,35.84337],[-78.74652,35.84334],[-78.74513,35.84274],[-78.74681,35.84333],[-78.74744,35.84314],[-78.74743,35.84336],[-78.74699,35.84337]]],[[[-78.74812,35.8432],[-78.74782,35.84331],[-78.74748,35.84336],[-78.74786,35.84322],[-78.74812,35.8432]]],[[[-78.73678,35.84175],[-78.73624,35.84302],[-78.73462,35.8446],[-78.73486,35.84409],[-78.73577,35.84334],[-78.73578,35.84291],[-78.73659,35.84204],[-78.73647,35.84168],[-78.73678,35.84175]]],[[[-78.75312,35.84369],[-78.75313,35.84352],[-78.75289,35.84348],[-78.75424,35.84364],[-78.75312,35.84369]]],[[[-78.73855,35.84029],[-78.73754,35.84136],[-78.7373,35.84221],[-78.73636,35.84358],[-78.73701,35.84459],[-78.73588,35.84416],[-78.73534,35.84483],[-78.73525,35.84546],[-78.73576,35.84603],[-78.73577,35.84641],[-78.73517,35.84608],[-78.73497,35.84579],[-78.73477,35.84606],[-78.73473,35.8466],[-78.73442,35.84651],[-78.734,35.84661],[-78.73317,35.8471],[-78.73276,35.84713],[-78.73363,35.84663],[-78.7345,35.84584],[-78.73535,35.8443],[-78.7365,35.84326],[-78.73749,35.84102],[-78.73809,35.84029],[-78.73872,35.83985],[-78.73925,35.83967],[-78.74006,35.83985],[-78.74192,35.84119],[-78.74179,35.84127],[-78.7416,35.841],[-78.74085,35.84083],[-78.73986,35.84029],[-78.73902,35.84016],[-78.73855,35.84029]]],[[[-78.75473,35.84348],[-78.75601,35.84393],[-78.75602,35.84411],[-78.75559,35.84383],[-78.75473,35.84348]]],[[[-78.75484,35.84385],[-78.75588,35.84431],[-78.75503,35.84401],[-78.75484,35.84385]]],[[[-78.75024,35.84493],[-78.75064,35.84489],[-78.75112,35.8446],[-78.75146,35.84405],[-78.75188,35.84369],[-78.75088,35.84494],[-78.75053,35.84502],[-78.75013,35.84494],[-78.74983,35.8447],[-78.7491,35.84348],[-78.74941,35.84368],[-78.74965,35.84416],[-78.74991,35.84411],[-78.75007,35.84382],[-78.74997,35.84461],[-78.75024,35.84493]]],[[[-78.72982,35.84258],[-78.72901,35.84259],[-78.72847,35.84352],[-78.72903,35.84345],[-78.7287,35.84399],[-78.72726,35.84434],[-78.72666,35.84483],[-78.72625,35.84548],[-78.72686,35.84606],[-78.72697,35.84649],[-78.72762,35.84674],[-78.72766,35.84709],[-78.72818,35.84749],[-78.728,35.848],[-78.72832,35.84877],[-78.72849,35.85012],[-78.72829,35.85066],[-78.72768,35.85113],[-78.72823,35.85288],[-78.72938,35.85304],[-78.72939,35.85291],[-78.73033,35.85373],[-78.73092,35.85375],[-78.73158,35.85352],[-78.73217,35.85359],[-78.73197,35.85389],[-78.73243,35.85409],[-78.73215,35.85446],[-78.7325,35.85465],[-78.73206,35.85563],[-78.7319,35.85554],[-78.73186,35.85566],[-78.73226,35.8564],[-78.73248,35.85648],[-78.73402,35.85541],[-78.73408,35.85591],[-78.73462,35.85624],[-78.73492,35.85663],[-78.73562,35.85658],[-78.73597,35.85678],[-78.73601,35.85717],[-78.73677,35.85689],[-78.73753,35.85699],[-78.73794,35.85682],[-78.73891,35.85716],[-78.73973,35.85719],[-78.73958,35.85728],[-78.73814,35.85731],[-78.73791,35.8575],[-78.73715,35.85753],[-78.73645,35.85736],[-78.73602,35.8576],[-78.73498,35.85719],[-78.73291,35.85671],[-78.73225,35.85641],[-78.73196,35.85614],[-78.73179,35.85549],[-78.73192,35.85379],[-78.73175,35.85357],[-78.7308,35.85383],[-78.72909,35.85413],[-78.72645,35.85294],[-78.72646,35.85211],[-78.72706,35.85119],[-78.727,35.85069],[-78.72663,35.8505],[-78.72663,35.85011],[-78.72721,35.84906],[-78.72737,35.84788],[-78.72724,35.8476],[-78.72611,35.84682],[-78.72595,35.84597],[-78.72519,35.84549],[-78.72758,35.84399],[-78.72841,35.84277],[-78.72971,35.84218],[-78.73024,35.84229],[-78.73121,35.8432],[-78.73186,35.84453],[-78.73204,35.84587],[-78.7316,35.84596],[-78.73181,35.84537],[-78.73046,35.8428],[-78.72982,35.84258]]],[[[-78.75716,35.84481],[-78.75714,35.84481],[-78.75742,35.84464],[-78.75722,35.84481],[-78.75716,35.84481]]],[[[-78.75711,35.84481],[-78.75694,35.84477],[-78.75683,35.84471],[-78.75714,35.84481],[-78.75711,35.84481]]],[[[-78.75764,35.84464],[-78.75751,35.84486],[-78.75725,35.84499],[-78.75764,35.84464]]],[[[-78.75718,35.84502],[-78.75673,35.84484],[-78.75725,35.84499],[-78.75718,35.84502]]],[[[-78.74779,35.84376],[-78.74684,35.8436],[-78.74821,35.84343],[-78.74872,35.84352],[-78.74911,35.84389],[-78.74973,35.84502],[-78.75056,35.84542],[-78.75105,35.84518],[-78.75225,35.84358],[-78.75278,35.84347],[-78.7523,35.84365],[-78.7525,35.8438],[-78.75144,35.84468],[-78.75163,35.84511],[-78.75219,35.84526],[-78.75153,35.84521],[-78.75129,35.8449],[-78.75128,35.8458],[-78.7516,35.84622],[-78.75079,35.84575],[-78.75016,35.84606],[-78.75023,35.84553],[-78.74972,35.84514],[-78.74904,35.84409],[-78.74816,35.84362],[-78.74779,35.84376]]],[[[-78.73248,35.84728],[-78.73207,35.84666],[-78.73222,35.84654],[-78.73264,35.84715],[-78.73248,35.84728]]],[[[-78.72469,35.84742],[-78.72447,35.84657],[-78.72457,35.84576],[-78.72484,35.84561],[-78.72533,35.84632],[-78.72536,35.84722],[-78.7252,35.84768],[-78.72482,35.84792],[-78.72447,35.84795],[-78.72469,35.84742]]],[[[-78.72609,35.8506],[-78.72624,35.85024],[-78.72571,35.84983],[-78.72521,35.84903],[-78.7253,35.84849],[-78.72459,35.8483],[-78.72454,35.84809],[-78.72487,35.84809],[-78.72538,35.84786],[-78.72553,35.84748],[-78.72607,35.84788],[-78.72621,35.84834],[-78.72577,35.84866],[-78.72589,35.84928],[-78.72569,35.84947],[-78.7257,35.8497],[-78.726,35.85002],[-78.72645,35.85003],[-78.7262,35.85054],[-78.72679,35.85087],[-78.72672,35.85158],[-78.72625,35.8519],[-78.72626,35.85236],[-78.72589,35.85269],[-78.72636,35.85121],[-78.72609,35.8506]]],[[[-78.72475,35.85294],[-78.72449,35.85215],[-78.72471,35.85246],[-78.72475,35.85294]]],[[[-78.72777,35.85371],[-78.72851,35.85415],[-78.72782,35.85401],[-78.72698,35.85361],[-78.72648,35.85364],[-78.72598,35.85326],[-78.72777,35.85371]]],[[[-78.7249,35.85401],[-78.72492,35.85408],[-78.72475,35.85446],[-78.7249,35.85401]]],[[[-78.72953,35.85472],[-78.72902,35.85463],[-78.72881,35.85486],[-78.72882,35.85433],[-78.72908,35.85441],[-78.73138,35.85387],[-78.73168,35.85421],[-78.73168,35.8549],[-78.73147,35.85464],[-78.73083,35.8549],[-78.73078,35.85473],[-78.72999,35.85442],[-78.72953,35.85472]]],[[[-78.74295,35.85436],[-78.74346,35.8549],[-78.74341,35.85519],[-78.74378,35.85592],[-78.74392,35.85608],[-78.74415,35.85605],[-78.74475,35.85561],[-78.74458,35.85528],[-78.74522,35.85446],[-78.74552,35.85359],[-78.74565,35.85347],[-78.74605,35.85321],[-78.74707,35.85382],[-78.74773,35.8535],[-78.7476,35.85387],[-78.74807,35.85415],[-78.7494,35.85446],[-78.74991,35.85431],[-78.75116,35.85477],[-78.74872,35.85439],[-78.74694,35.85379],[-78.74596,35.8533],[-78.74557,35.8536],[-78.74525,35.85462],[-78.74517,35.85575],[-78.74453,35.85632],[-78.74403,35.85639],[-78.74298,35.85486],[-78.74264,35.85483],[-78.74211,35.85531],[-78.74261,35.85455],[-78.74295,35.85436]]],[[[-78.7525,35.8553],[-78.75189,35.85492],[-78.75244,35.8552],[-78.7525,35.8553]]],[[[-78.74543,35.85464],[-78.74576,35.85363],[-78.74618,35.85349],[-78.74689,35.85388],[-78.74637,35.85379],[-78.74587,35.85404],[-78.74546,35.8556],[-78.745,35.85643],[-78.74541,35.85655],[-78.74491,35.85671],[-78.74468,35.85656],[-78.74423,35.85666],[-78.74397,35.85661],[-78.74459,35.85651],[-78.74534,35.85576],[-78.74543,35.85464]]],[[[-78.7522,35.85559],[-78.75227,35.85543],[-78.75197,35.85537],[-78.75173,35.85505],[-78.75144,35.85528],[-78.75048,35.85482],[-78.74906,35.85474],[-78.74838,35.85448],[-78.74737,35.85434],[-78.74705,35.85415],[-78.74698,35.85402],[-78.74698,35.85397],[-78.74698,35.85393],[-78.74887,35.85461],[-78.75166,35.85495],[-78.75281,35.85579],[-78.75292,35.85606],[-78.75286,35.85682],[-78.75266,35.85583],[-78.7522,35.85559]]],[[[-78.73313,35.85764],[-78.7332,35.85777],[-78.73306,35.85762],[-78.7332,35.85711],[-78.73233,35.85687],[-78.73177,35.85626],[-78.73263,35.85689],[-78.73504,35.85746],[-78.73599,35.85791],[-78.73664,35.85764],[-78.73799,35.85774],[-78.73841,35.85745],[-78.73964,35.8575],[-78.74023,35.85688],[-78.74158,35.85603],[-78.74241,35.85519],[-78.74258,35.85506],[-78.74276,35.85502],[-78.74182,35.85593],[-78.74213,35.85639],[-78.74151,35.85701],[-78.74156,35.85718],[-78.74029,35.85759],[-78.73994,35.85827],[-78.73981,35.85795],[-78.73884,35.85765],[-78.73807,35.85781],[-78.7371,35.85782],[-78.73599,35.85831],[-78.73548,35.85786],[-78.73358,35.85721],[-78.73313,35.85764]]],[[[-78.75348,35.85729],[-78.75317,35.85723],[-78.75309,35.85771],[-78.75314,35.85799],[-78.75339,35.8581],[-78.75303,35.85795],[-78.75312,35.85605],[-78.75327,35.85701],[-78.75348,35.85729]]],[[[-78.72615,35.85649],[-78.72673,35.85715],[-78.72668,35.85772],[-78.72615,35.85809],[-78.72629,35.85783],[-78.72599,35.85768],[-78.72581,35.85723],[-78.7253,35.85695],[-78.72572,35.85685],[-78.7259,35.85653],[-78.72615,35.85649]]],[[[-78.75311,35.85837],[-78.75333,35.85838],[-78.75343,35.85864],[-78.75318,35.85937],[-78.75276,35.86023],[-78.75237,35.86064],[-78.75217,35.86281],[-78.75202,35.86296],[-78.75229,35.86067],[-78.75284,35.85995],[-78.75276,35.85979],[-78.7533,35.85846],[-78.75311,35.85837]]],[[[-78.75264,35.8608],[-78.75259,35.86224],[-78.7524,35.8625],[-78.7525,35.86282],[-78.75216,35.86305],[-78.75211,35.86292],[-78.75237,35.86281],[-78.75249,35.86082],[-78.75365,35.85879],[-78.7533,35.85992],[-78.75264,35.8608]]],[[[-78.72498,35.86099],[-78.72518,35.8613],[-78.72606,35.86182],[-78.72646,35.86183],[-78.72772,35.86287],[-78.72897,35.86352],[-78.72946,35.86393],[-78.72994,35.86407],[-78.73015,35.86434],[-78.7295,35.86409],[-78.72735,35.86277],[-78.7266,35.86266],[-78.7264,35.86217],[-78.72558,35.86168],[-78.72494,35.86152],[-78.72498,35.86001],[-78.72535,35.85934],[-78.72503,35.86009],[-78.72498,35.86099]]],[[[-78.73044,35.86718],[-78.73054,35.86684],[-78.73021,35.86683],[-78.73019,35.8667],[-78.73079,35.86638],[-78.73069,35.86576],[-78.73032,35.86519],[-78.72998,35.8651],[-78.72896,35.86425],[-78.72867,35.86425],[-78.72815,35.8639],[-78.72721,35.86304],[-78.72664,35.86281],[-78.7273,35.86293],[-78.72969,35.86443],[-78.73129,35.86508],[-78.73108,35.86643],[-78.73119,35.86745],[-78.73058,35.86718],[-78.73046,35.86736],[-78.73084,35.86769],[-78.7306,35.86768],[-78.73,35.8672],[-78.73044,35.86718]]],[[[-78.73124,35.86665],[-78.7313,35.86624],[-78.73153,35.8665],[-78.73124,35.86665]]],[[[-78.75851,35.86814],[-78.75835,35.86831],[-78.75847,35.86838],[-78.7579,35.86819],[-78.75764,35.86802],[-78.75759,35.86779],[-78.75797,35.8682],[-78.75851,35.86814]]],[[[-78.75863,35.8683],[-78.75848,35.86839],[-78.75847,35.86838],[-78.75863,35.8683]]],[[[-78.75875,35.86823],[-78.75948,35.86837],[-78.7614,35.8691],[-78.76221,35.86949],[-78.76223,35.86999],[-78.76168,35.8694],[-78.76081,35.869],[-78.75863,35.8683],[-78.75875,35.86823]]],[[[-78.73125,35.86824],[-78.732,35.86962],[-78.73164,35.86992],[-78.73165,35.86958],[-78.73141,35.86932],[-78.73052,35.86876],[-78.73077,35.8678],[-78.73119,35.86776],[-78.73125,35.86824]]],[[[-78.75739,35.87186],[-78.75665,35.87162],[-78.75708,35.87105],[-78.75758,35.8708],[-78.7578,35.87031],[-78.75766,35.8701],[-78.758,35.87002],[-78.75839,35.86945],[-78.75844,35.86875],[-78.75826,35.86855],[-78.75871,35.8687],[-78.75853,35.86939],[-78.75761,35.87097],[-78.75712,35.87107],[-78.75695,35.8714],[-78.75748,35.8717],[-78.75737,35.87252],[-78.75753,35.87306],[-78.75698,35.87387],[-78.75729,35.87438],[-78.75699,35.87468],[-78.75647,35.87479],[-78.757,35.87443],[-78.75697,35.87414],[-78.75678,35.874],[-78.75727,35.87314],[-78.75739,35.87186]]],[[[-78.7575,35.87251],[-78.75767,35.87169],[-78.75714,35.87143],[-78.75714,35.87119],[-78.75778,35.87095],[-78.75794,35.87052],[-78.75859,35.86952],[-78.75881,35.86873],[-78.76039,35.86901],[-78.76067,35.8691],[-78.76155,35.86955],[-78.76223,35.87021],[-78.76084,35.86922],[-78.75895,35.8689],[-78.75863,35.8696],[-78.75871,35.86983],[-78.758,35.87054],[-78.75778,35.87099],[-78.75721,35.87138],[-78.75768,35.87164],[-78.7578,35.87201],[-78.75766,35.87248],[-78.75781,35.87265],[-78.75739,35.87403],[-78.75757,35.87442],[-78.75741,35.87511],[-78.75649,35.87487],[-78.75723,35.87485],[-78.75743,35.87463],[-78.75751,35.87436],[-78.75718,35.87386],[-78.75766,35.87302],[-78.7575,35.87251]]],[[[-78.73289,35.87666],[-78.73254,35.87678],[-78.73272,35.87592],[-78.733,35.87528],[-78.73289,35.87524],[-78.73327,35.87423],[-78.73318,35.8747],[-78.73331,35.87489],[-78.73279,35.87587],[-78.73289,35.87666]]],[[[-78.73254,35.87713],[-78.73244,35.87727],[-78.73254,35.87678],[-78.73254,35.87713]]],[[[-78.73298,35.87678],[-78.73302,35.8758],[-78.73369,35.87493],[-78.7336,35.87437],[-78.73449,35.87454],[-78.73358,35.87512],[-78.73305,35.87616],[-78.73303,35.87677],[-78.7332,35.87701],[-78.73285,35.87699],[-78.73271,35.87722],[-78.7326,35.87685],[-78.73298,35.87678]]],[[[-78.73261,35.87739],[-78.73249,35.87732],[-78.73271,35.87722],[-78.73261,35.87739]]],[[[-78.73188,35.8779],[-78.73163,35.87775],[-78.73207,35.87756],[-78.732,35.87794],[-78.73259,35.87823],[-78.73298,35.87858],[-78.73301,35.8787],[-78.73285,35.87892],[-78.73294,35.87861],[-78.73255,35.87857],[-78.73256,35.87829],[-78.73189,35.8782],[-78.73188,35.8779]]],[[[-78.73215,35.87788],[-78.73213,35.87758],[-78.73313,35.87862],[-78.73319,35.8788],[-78.73297,35.87897],[-78.73309,35.87865],[-78.73259,35.87823],[-78.73242,35.87809],[-78.73215,35.87788]]],[[[-78.7596,35.89863],[-78.76049,35.8982],[-78.76084,35.89839],[-78.76018,35.89856],[-78.75891,35.89937],[-78.75791,35.89925],[-78.75705,35.89948],[-78.75667,35.89986],[-78.75586,35.90028],[-78.75508,35.9001],[-78.75426,35.89945],[-78.75305,35.89966],[-78.75106,35.89964],[-78.74891,35.90076],[-78.74816,35.90138],[-78.7478,35.9015],[-78.74756,35.90246],[-78.74715,35.90219],[-78.7476,35.9019],[-78.74773,35.90155],[-78.74842,35.90086],[-78.74958,35.90037],[-78.7496,35.90018],[-78.75016,35.89976],[-78.75119,35.89959],[-78.75159,35.89924],[-78.75228,35.89931],[-78.75248,35.89945],[-78.75357,35.89942],[-78.75405,35.89921],[-78.75446,35.89921],[-78.75489,35.89992],[-78.75571,35.90017],[-78.75685,35.89937],[-78.75693,35.89911],[-78.75738,35.89898],[-78.75749,35.89913],[-78.75824,35.89897],[-78.759,35.89913],[-78.7596,35.89863]]],[[[-78.7426,35.90546],[-78.74292,35.90511],[-78.74703,35.90403],[-78.74761,35.90327],[-78.74824,35.90174],[-78.74968,35.90092],[-78.75097,35.89991],[-78.75134,35.89982],[-78.75323,35.89991],[-78.75337,35.89987],[-78.75431,35.89977],[-78.75518,35.90041],[-78.7557,35.90055],[-78.75688,35.90011],[-78.75725,35.89971],[-78.75807,35.89954],[-78.75902,35.89955],[-78.75994,35.89931],[-78.76067,35.89881],[-78.76115,35.89861],[-78.75989,35.8994],[-78.75891,35.8996],[-78.7586,35.89986],[-78.75836,35.89975],[-78.75748,35.89991],[-78.75641,35.90043],[-78.75596,35.9005],[-78.7559,35.90078],[-78.7554,35.90053],[-78.75433,35.90051],[-78.75436,35.90013],[-78.75395,35.89987],[-78.75285,35.90002],[-78.75277,35.89991],[-78.75224,35.89992],[-78.75198,35.90027],[-78.75152,35.89996],[-78.75108,35.89994],[-78.75042,35.90036],[-78.75006,35.90098],[-78.74907,35.90141],[-78.74852,35.90215],[-78.74807,35.90239],[-78.74871,35.90267],[-78.74861,35.9029],[-78.74797,35.90333],[-78.74767,35.904],[-78.74702,35.90432],[-78.7468,35.90462],[-78.74626,35.90471],[-78.74623,35.90502],[-78.74574,35.90466],[-78.74517,35.90477],[-78.74369,35.90544],[-78.74374,35.90569],[-78.74351,35.90598],[-78.74293,35.90587],[-78.74257,35.90635],[-78.74163,35.90698],[-78.74071,35.90727],[-78.73921,35.90722],[-78.73864,35.90736],[-78.73796,35.90786],[-78.73779,35.90787],[-78.73905,35.90702],[-78.74126,35.90684],[-78.7424,35.90612],[-78.7426,35.90546]]],[[[-78.74333,35.9047],[-78.74264,35.90495],[-78.74237,35.90527],[-78.74226,35.90607],[-78.7414,35.90663],[-78.74072,35.9068],[-78.73987,35.9068],[-78.74148,35.90643],[-78.74183,35.9062],[-78.74194,35.90558],[-78.7424,35.90511],[-78.74227,35.90486],[-78.74394,35.90457],[-78.74487,35.90426],[-78.74526,35.90395],[-78.74602,35.90385],[-78.7466,35.90349],[-78.74724,35.90247],[-78.74755,35.90249],[-78.74675,35.90386],[-78.74613,35.90406],[-78.7457,35.90402],[-78.74427,35.90459],[-78.74333,35.9047]]],[[[-78.73975,35.9068],[-78.73931,35.90672],[-78.73855,35.90703],[-78.73769,35.90776],[-78.73745,35.90746],[-78.73818,35.90692],[-78.73933,35.90659],[-78.73987,35.9068],[-78.73975,35.9068]]],[[[-78.75489,35.9254],[-78.75402,35.92719],[-78.75287,35.92835],[-78.75216,35.92943],[-78.75231,35.9289],[-78.75304,35.92769],[-78.75211,35.9272],[-78.75137,35.9272],[-78.75123,35.92692],[-78.75306,35.92715],[-78.75364,35.92738],[-78.75391,35.9272],[-78.75406,35.92637],[-78.7545,35.92594],[-78.75472,35.92506],[-78.75703,35.92281],[-78.75776,35.92123],[-78.75811,35.92095],[-78.7582,35.92037],[-78.75802,35.91937],[-78.75833,35.91896],[-78.75815,35.91869],[-78.75837,35.91815],[-78.75797,35.91782],[-78.75809,35.9176],[-78.75839,35.91755],[-78.75896,35.9168],[-78.75891,35.91808],[-78.75835,35.91938],[-78.75855,35.92022],[-78.75839,35.92098],[-78.75831,35.92087],[-78.75808,35.92155],[-78.7564,35.92392],[-78.75489,35.9254]]],[[[-78.7572,35.92292],[-78.7571,35.92306],[-78.75711,35.92303],[-78.7572,35.92292]]],[[[-78.75197,35.92987],[-78.75155,35.93054],[-78.75139,35.93059],[-78.75098,35.93201],[-78.74989,35.93284],[-78.75085,35.93189],[-78.75104,35.93096],[-78.75121,35.93088],[-78.75118,35.93052],[-78.75195,35.92986],[-78.75216,35.92943],[-78.75197,35.92987]]],[[[-78.74785,35.93327],[-78.74898,35.93325],[-78.74987,35.93286],[-78.74895,35.93334],[-78.7497,35.9331],[-78.7496,35.93318],[-78.75065,35.93251],[-78.75109,35.93204],[-78.75067,35.93259],[-78.74972,35.93334],[-78.74932,35.93348],[-78.74893,35.93397],[-78.74874,35.93392],[-78.74903,35.93348],[-78.74862,35.93387],[-78.7483,35.93337],[-78.74785,35.93327]]],[[[-78.7235,35.74275],[-78.72315,35.74158],[-78.72274,35.74108],[-78.7229,35.74076],[-78.72266,35.74042],[-78.72192,35.73997],[-78.72168,35.73894],[-78.72193,35.73887],[-78.72197,35.73886],[-78.72211,35.73882],[-78.72216,35.73881],[-78.72303,35.7402],[-78.72344,35.74156],[-78.72464,35.74384],[-78.72471,35.74474],[-78.72448,35.74474],[-78.72429,35.74371],[-78.7235,35.74275]]],[[[-78.72375,35.74155],[-78.72365,35.74136],[-78.72356,35.74032],[-78.72264,35.73904],[-78.72254,35.7387],[-78.72271,35.73908],[-78.72345,35.73978],[-78.72351,35.7401],[-78.72404,35.74033],[-78.72372,35.74046],[-78.72364,35.74068],[-78.7237,35.74142],[-78.72442,35.74227],[-78.72454,35.74291],[-78.72508,35.74373],[-78.72499,35.74456],[-78.72517,35.74475],[-78.72492,35.74475],[-78.72497,35.7438],[-78.72452,35.7429],[-78.72415,35.74203],[-78.72375,35.74155]]],[[[-78.7054,35.761],[-78.70627,35.76036],[-78.70638,35.75991],[-78.70725,35.75947],[-78.70661,35.76119],[-78.70727,35.76172],[-78.70775,35.76172],[-78.70798,35.76191],[-78.70849,35.76182],[-78.70896,35.76115],[-78.70896,35.76011],[-78.70924,35.76004],[-78.70931,35.75978],[-78.70982,35.75949],[-78.7097,35.75911],[-78.70992,35.75888],[-78.70983,35.7586],[-78.71019,35.75865],[-78.7108,35.75818],[-78.71057,35.75783],[-78.71119,35.75785],[-78.71177,35.75688],[-78.71179,35.75528],[-78.71199,35.75539],[-78.71241,35.75509],[-78.71232,35.75568],[-78.71266,35.7564],[-78.71246,35.75676],[-78.71329,35.75696],[-78.71352,35.75685],[-78.71394,35.75693],[-78.71313,35.75729],[-78.71277,35.75728],[-78.71253,35.75815],[-78.71311,35.75833],[-78.71412,35.75885],[-78.71454,35.75862],[-78.71452,35.75892],[-78.71493,35.75954],[-78.71535,35.75955],[-78.71526,35.76008],[-78.71591,35.76083],[-78.71669,35.76109],[-78.71658,35.76117],[-78.71581,35.76079],[-78.7135,35.75863],[-78.71251,35.75831],[-78.71242,35.75755],[-78.71296,35.75703],[-78.71241,35.75687],[-78.71253,35.75637],[-78.7121,35.75601],[-78.71186,35.75612],[-78.71181,35.75703],[-78.7113,35.75791],[-78.71005,35.75877],[-78.70983,35.75916],[-78.70984,35.75959],[-78.70937,35.75981],[-78.70899,35.76143],[-78.70853,35.76193],[-78.70774,35.76193],[-78.70707,35.76172],[-78.70659,35.7614],[-78.7065,35.76095],[-78.70681,35.76032],[-78.70677,35.7599],[-78.70647,35.76003],[-78.70641,35.76029],[-78.70534,35.76143],[-78.70438,35.76214],[-78.70414,35.76214],[-78.7035,35.76196],[-78.70298,35.76177],[-78.70426,35.76208],[-78.70527,35.76139],[-78.7054,35.761]]],[[[-78.71703,35.76082],[-78.7173,35.75996],[-78.71767,35.75947],[-78.71785,35.75889],[-78.71828,35.75867],[-78.71842,35.75874],[-78.7182,35.75888],[-78.71831,35.75918],[-78.71808,35.75952],[-78.71802,35.76038],[-78.71833,35.76048],[-78.71904,35.76102],[-78.71927,35.76109],[-78.71955,35.7609],[-78.71989,35.7611],[-78.72057,35.76063],[-78.72074,35.75983],[-78.72131,35.75985],[-78.72098,35.76005],[-78.72111,35.7605],[-78.72099,35.76108],[-78.72074,35.76138],[-78.721,35.76194],[-78.72161,35.76236],[-78.72124,35.76255],[-78.72116,35.76299],[-78.7215,35.763],[-78.7215,35.7627],[-78.72167,35.76256],[-78.72227,35.76212],[-78.72263,35.76209],[-78.72255,35.76261],[-78.72318,35.76434],[-78.72318,35.76525],[-78.72335,35.76535],[-78.72312,35.76544],[-78.72274,35.7661],[-78.72294,35.76667],[-78.72281,35.76735],[-78.72257,35.76764],[-78.72255,35.7684],[-78.72285,35.76895],[-78.72251,35.76867],[-78.72237,35.76803],[-78.72276,35.76664],[-78.72262,35.76591],[-78.72303,35.76488],[-78.72298,35.76391],[-78.72263,35.76331],[-78.72206,35.76289],[-78.72182,35.76285],[-78.7217,35.76308],[-78.72141,35.76313],[-78.72106,35.76301],[-78.72116,35.76227],[-78.72082,35.76164],[-78.72048,35.7614],[-78.72051,35.76101],[-78.71986,35.76123],[-78.71904,35.76114],[-78.71837,35.76056],[-78.71799,35.76048],[-78.71776,35.75978],[-78.71751,35.75988],[-78.71707,35.76082],[-78.71669,35.76109],[-78.71703,35.76082]]],[[[-78.69441,35.76513],[-78.69474,35.76445],[-78.69517,35.76398],[-78.69633,35.76356],[-78.69731,35.76149],[-78.69834,35.76044],[-78.69831,35.76025],[-78.6984,35.7604],[-78.69871,35.7603],[-78.69988,35.76047],[-78.70013,35.76054],[-78.70008,35.76069],[-78.70061,35.7608],[-78.70117,35.76072],[-78.70163,35.76119],[-78.70283,35.76172],[-78.70112,35.76114],[-78.6995,35.76082],[-78.69834,35.76092],[-78.69777,35.76144],[-78.69742,35.76217],[-78.6958,35.76429],[-78.69463,35.7653],[-78.69411,35.76508],[-78.69311,35.76545],[-78.69258,35.7659],[-78.69284,35.76525],[-78.69272,35.7647],[-78.693,35.76474],[-78.69321,35.76452],[-78.69403,35.76429],[-78.69431,35.76434],[-78.69426,35.76509],[-78.69441,35.76513]]],[[[-78.69899,35.76153],[-78.7004,35.76133],[-78.70345,35.76204],[-78.70288,35.76209],[-78.70179,35.7619],[-78.70159,35.76166],[-78.70094,35.76148],[-78.6993,35.76179],[-78.69959,35.76208],[-78.69909,35.76198],[-78.69852,35.7622],[-78.69818,35.7626],[-78.69842,35.76354],[-78.69794,35.76387],[-78.69871,35.7642],[-78.69841,35.76421],[-78.6981,35.76396],[-78.69784,35.76401],[-78.69777,35.76411],[-78.69812,35.76424],[-78.69803,35.76438],[-78.69724,35.76467],[-78.69654,35.76561],[-78.69627,35.76569],[-78.69577,35.76552],[-78.69626,35.76555],[-78.69674,35.76521],[-78.69811,35.7625],[-78.69899,35.76153]]],[[[-78.705,35.76406],[-78.70533,35.76404],[-78.70563,35.76372],[-78.7062,35.76352],[-78.70656,35.76348],[-78.70736,35.76361],[-78.70775,35.76476],[-78.70802,35.76493],[-78.70838,35.76371],[-78.70926,35.7632],[-78.71003,35.76339],[-78.70984,35.76304],[-78.70994,35.76295],[-78.71065,35.76269],[-78.71155,35.76207],[-78.71245,35.7621],[-78.71287,35.76236],[-78.71328,35.76305],[-78.71382,35.76232],[-78.71475,35.76255],[-78.71413,35.76248],[-78.71379,35.76268],[-78.7134,35.7635],[-78.71318,35.76356],[-78.71335,35.76372],[-78.71306,35.76407],[-78.71275,35.76234],[-78.71185,35.76231],[-78.71018,35.76308],[-78.71024,35.76371],[-78.70983,35.76349],[-78.70903,35.76353],[-78.70852,35.76395],[-78.70833,35.76444],[-78.70813,35.76524],[-78.70835,35.76563],[-78.70803,35.76553],[-78.70763,35.76491],[-78.70729,35.7637],[-78.70678,35.7637],[-78.70634,35.76351],[-78.70563,35.76411],[-78.70496,35.76425],[-78.70458,35.76407],[-78.70456,35.76429],[-78.70431,35.76441],[-78.70488,35.76274],[-78.70478,35.76273],[-78.70453,35.76244],[-78.70384,35.7624],[-78.70378,35.76218],[-78.70351,35.76206],[-78.70458,35.76243],[-78.70488,35.76272],[-78.70493,35.76278],[-78.70493,35.76295],[-78.70472,35.76331],[-78.70477,35.76397],[-78.705,35.76406]]],[[[-78.69476,35.76607],[-78.69459,35.76612],[-78.69425,35.76584],[-78.69457,35.76605],[-78.69473,35.76582],[-78.69474,35.76582],[-78.69476,35.76607]]],[[[-78.69548,35.76557],[-78.69571,35.76552],[-78.69474,35.76582],[-78.69548,35.76557]]],[[[-78.71907,35.76439],[-78.72026,35.7649],[-78.72062,35.76534],[-78.72128,35.76732],[-78.7212,35.769],[-78.72173,35.76938],[-78.72306,35.76933],[-78.72219,35.7696],[-78.72126,35.77019],[-78.72125,35.76995],[-78.72095,35.76974],[-78.72013,35.76975],[-78.72064,35.7693],[-78.72047,35.76858],[-78.72068,35.76756],[-78.72029,35.76676],[-78.72035,35.76613],[-78.71985,35.76556],[-78.71941,35.76544],[-78.7193,35.76488],[-78.71794,35.76351],[-78.7176,35.7635],[-78.71722,35.76372],[-78.71736,35.76331],[-78.71723,35.76321],[-78.71632,35.76293],[-78.71594,35.76306],[-78.71574,35.76282],[-78.71505,35.76268],[-78.71521,35.76249],[-78.71572,35.7624],[-78.7165,35.76282],[-78.71793,35.76316],[-78.71907,35.76439]]],[[[-78.69328,35.76662],[-78.69347,35.76708],[-78.6932,35.76706],[-78.69285,35.76754],[-78.69238,35.76771],[-78.69288,35.76744],[-78.69319,35.76626],[-78.69425,35.76584],[-78.6941,35.76605],[-78.6938,35.76607],[-78.69336,35.76637],[-78.69328,35.76662]]],[[[-78.68976,35.76787],[-78.69055,35.76734],[-78.69066,35.76764],[-78.6908,35.76755],[-78.69094,35.7668],[-78.69152,35.76634],[-78.69154,35.76609],[-78.69255,35.76595],[-78.69092,35.76778],[-78.68991,35.76831],[-78.68898,35.76905],[-78.68869,35.76918],[-78.68844,35.76907],[-78.68785,35.7683],[-78.68748,35.76657],[-78.68714,35.76631],[-78.68644,35.76629],[-78.68619,35.76616],[-78.68562,35.76508],[-78.68349,35.76299],[-78.68262,35.76295],[-78.68236,35.76319],[-78.68202,35.76325],[-78.68154,35.7628],[-78.68089,35.76264],[-78.68035,35.76327],[-78.67951,35.76364],[-78.67824,35.76545],[-78.678,35.76548],[-78.67733,35.76489],[-78.67703,35.76505],[-78.67743,35.76481],[-78.67809,35.76526],[-78.6795,35.7635],[-78.68027,35.76317],[-78.68099,35.76237],[-78.68167,35.7627],[-78.68209,35.76317],[-78.68285,35.76265],[-78.6842,35.76326],[-78.68454,35.7631],[-78.68472,35.76348],[-78.6849,35.76353],[-78.68569,35.76303],[-78.68525,35.76361],[-78.6852,35.76441],[-78.68548,35.76477],[-78.68607,35.76439],[-78.68624,35.76452],[-78.68604,35.76447],[-78.6859,35.765],[-78.68635,35.76533],[-78.68661,35.76532],[-78.68639,35.76546],[-78.68644,35.76621],[-78.6872,35.76596],[-78.68776,35.76623],[-78.68809,35.76668],[-78.68832,35.76748],[-78.68815,35.76792],[-78.68865,35.7687],[-78.68855,35.76911],[-78.68888,35.76908],[-78.68938,35.76818],[-78.68976,35.76787]]],[[[-78.68979,35.79421],[-78.68934,35.79362],[-78.68987,35.79377],[-78.69042,35.79487],[-78.68989,35.79489],[-78.68979,35.79421]]],[[[-78.72581,35.79732],[-78.72598,35.79763],[-78.72591,35.79944],[-78.72556,35.7993],[-78.72578,35.79892],[-78.72581,35.79732]]],[[[-78.72554,35.7996],[-78.72588,35.79967],[-78.72599,35.80067],[-78.72578,35.80043],[-78.72554,35.7996]]],[[[-78.72596,35.80129],[-78.72592,35.80174],[-78.72573,35.8015],[-78.72596,35.80129]]],[[[-78.72569,35.8019],[-78.72562,35.80229],[-78.72576,35.8024],[-78.72592,35.80185],[-78.7256,35.80337],[-78.72581,35.80427],[-78.72539,35.80385],[-78.72548,35.80338],[-78.72535,35.80316],[-78.72557,35.80266],[-78.72512,35.80226],[-78.72516,35.80173],[-78.72569,35.8019]]],[[[-78.7258,35.80474],[-78.72575,35.80469],[-78.72585,35.80446],[-78.7258,35.80474]]],[[[-78.72519,35.80748],[-78.72555,35.80729],[-78.72589,35.80538],[-78.72613,35.80507],[-78.72646,35.80621],[-78.72608,35.80693],[-78.72591,35.80813],[-78.72519,35.80748]]],[[[-78.69565,35.80704],[-78.69526,35.80692],[-78.69497,35.80694],[-78.69518,35.80678],[-78.69565,35.80704]]],[[[-78.6961,35.80699],[-78.69565,35.80704],[-78.69581,35.80692],[-78.6961,35.80699]]],[[[-78.69569,35.80711],[-78.69586,35.80714],[-78.69563,35.80714],[-78.69569,35.80711]]],[[[-78.69615,35.80716],[-78.69615,35.80718],[-78.69595,35.80721],[-78.69596,35.8072],[-78.69615,35.80716]]],[[[-78.69558,35.80723],[-78.69548,35.80735],[-78.69556,35.80724],[-78.69558,35.80723]]],[[[-78.69533,35.8076],[-78.6954,35.80755],[-78.69536,35.8076],[-78.69533,35.8076]]],[[[-78.71588,35.80832],[-78.71591,35.80851],[-78.71589,35.8085],[-78.71588,35.80832]]],[[[-78.72189,35.80906],[-78.72238,35.80887],[-78.72196,35.80924],[-78.72189,35.80906]]],[[[-78.69307,35.80859],[-78.6933,35.80844],[-78.69345,35.80852],[-78.69327,35.80849],[-78.69307,35.80859]]],[[[-78.69313,35.80865],[-78.69315,35.80861],[-78.6932,35.80859],[-78.69313,35.80865]]],[[[-78.69321,35.80858],[-78.69341,35.80857],[-78.6932,35.80859],[-78.69321,35.80858]]],[[[-78.72025,35.80939],[-78.72059,35.80937],[-78.72095,35.8091],[-78.7206,35.80942],[-78.72025,35.80939]]],[[[-78.71664,35.80893],[-78.71689,35.80892],[-78.71724,35.80914],[-78.71776,35.80916],[-78.71793,35.80927],[-78.71625,35.80932],[-78.7163,35.80947],[-78.71607,35.80948],[-78.71625,35.80926],[-78.71689,35.80914],[-78.71664,35.80893]]],[[[-78.69323,35.80869],[-78.69307,35.80888],[-78.69296,35.80888],[-78.69313,35.80865],[-78.69323,35.80869]]],[[[-78.71878,35.80935],[-78.71805,35.80941],[-78.71793,35.80927],[-78.71942,35.80937],[-78.71891,35.80951],[-78.71878,35.80935]]],[[[-78.69295,35.80876],[-78.69294,35.80878],[-78.69285,35.80887],[-78.69253,35.8091],[-78.69242,35.80933],[-78.69241,35.80923],[-78.69256,35.80904],[-78.69295,35.80876]]],[[[-78.69273,35.80906],[-78.69289,35.80893],[-78.69287,35.80903],[-78.69273,35.80906]]],[[[-78.69265,35.80915],[-78.69273,35.80906],[-78.69269,35.80913],[-78.69265,35.80915]]],[[[-78.69246,35.80949],[-78.69254,35.80938],[-78.6926,35.80919],[-78.69261,35.80917],[-78.69262,35.80917],[-78.69265,35.80942],[-78.69246,35.80949]]],[[[-78.69245,35.80949],[-78.69245,35.80951],[-78.69242,35.80951],[-78.69245,35.80949]]],[[[-78.69206,35.81011],[-78.69205,35.80977],[-78.69227,35.80945],[-78.69206,35.81011]]],[[[-78.69226,35.80967],[-78.69233,35.80953],[-78.69218,35.81005],[-78.69226,35.80967]]],[[[-78.69215,35.81039],[-78.69218,35.81005],[-78.69248,35.81017],[-78.69215,35.81039]]],[[[-78.69206,35.81011],[-78.69207,35.81031],[-78.69203,35.81035],[-78.692,35.81019],[-78.69206,35.81011]]],[[[-78.69173,35.81067],[-78.69167,35.81056],[-78.69197,35.81042],[-78.69175,35.81059],[-78.69173,35.81067]]],[[[-78.69198,35.81103],[-78.69197,35.81065],[-78.69203,35.81051],[-78.69208,35.81046],[-78.69211,35.81083],[-78.69198,35.81103]]],[[[-78.69179,35.81065],[-78.69186,35.81091],[-78.69175,35.81068],[-78.69179,35.81065]]],[[[-78.69169,35.81132],[-78.69163,35.81123],[-78.69175,35.81095],[-78.69169,35.81132]]],[[[-78.69185,35.81127],[-78.69195,35.81108],[-78.69191,35.81126],[-78.69185,35.81127]]],[[[-78.6917,35.81138],[-78.69168,35.8114],[-78.69169,35.81132],[-78.6917,35.81138]]],[[[-78.6917,35.81152],[-78.6918,35.81131],[-78.6918,35.81149],[-78.6917,35.81152]]],[[[-78.69165,35.81144],[-78.69132,35.81156],[-78.69137,35.81145],[-78.69165,35.81144]]],[[[-78.69164,35.81157],[-78.69163,35.81157],[-78.69164,35.81156],[-78.69164,35.81157]]],[[[-78.69072,35.81233],[-78.69091,35.81186],[-78.69123,35.81174],[-78.69077,35.81303],[-78.6907,35.81397],[-78.68954,35.81498],[-78.68932,35.8148],[-78.68941,35.81448],[-78.68989,35.81383],[-78.69037,35.81373],[-78.69051,35.81353],[-78.69016,35.81336],[-78.69044,35.8128],[-78.69034,35.81255],[-78.69042,35.81244],[-78.69047,35.81245],[-78.69048,35.81245],[-78.69057,35.81247],[-78.69046,35.81242],[-78.69072,35.81233]]],[[[-78.69098,35.81367],[-78.69163,35.81157],[-78.69189,35.81176],[-78.69213,35.8117],[-78.69199,35.81179],[-78.69182,35.81177],[-78.69135,35.81279],[-78.69135,35.81385],[-78.69035,35.8152],[-78.69012,35.8153],[-78.68948,35.81523],[-78.68991,35.81515],[-78.69108,35.8141],[-78.69098,35.81367]]],[[[-78.69027,35.81366],[-78.69028,35.81365],[-78.69029,35.81367],[-78.69027,35.81366]]],[[[-78.68902,35.81493],[-78.68897,35.81492],[-78.68907,35.81492],[-78.68902,35.81493]]],[[[-78.68922,35.81493],[-78.68924,35.81493],[-78.6892,35.81502],[-78.68922,35.81493]]],[[[-78.72257,35.83447],[-78.7232,35.83461],[-78.72355,35.83431],[-78.72384,35.83332],[-78.72408,35.83301],[-78.72351,35.83452],[-78.72323,35.83468],[-78.72253,35.83456],[-78.72251,35.835],[-78.72247,35.83482],[-78.72201,35.83481],[-78.72188,35.83472],[-78.72186,35.83445],[-78.72189,35.83462],[-78.72229,35.8348],[-78.72257,35.83447]]],[[[-78.72388,35.83465],[-78.72377,35.83493],[-78.7237,35.83503],[-78.72395,35.83441],[-78.72455,35.834],[-78.72472,35.83344],[-78.72481,35.83358],[-78.72456,35.8341],[-78.72388,35.83465]]],[[[-78.71849,35.83483],[-78.71866,35.83462],[-78.719,35.83447],[-78.71864,35.83471],[-78.71849,35.83483]]],[[[-78.72184,35.83508],[-78.72215,35.83531],[-78.72187,35.8352],[-78.72184,35.83508]]],[[[-78.71757,35.83503],[-78.7178,35.83484],[-78.71804,35.83491],[-78.71818,35.83479],[-78.71803,35.83455],[-78.7188,35.83443],[-78.71835,35.83472],[-78.71839,35.83535],[-78.71918,35.83648],[-78.71964,35.83677],[-78.71976,35.83808],[-78.71967,35.8377],[-78.71924,35.83763],[-78.719,35.83743],[-78.71901,35.83717],[-78.71857,35.83675],[-78.71848,35.83614],[-78.71777,35.83565],[-78.71783,35.83548],[-78.71815,35.83552],[-78.71826,35.83526],[-78.71799,35.83497],[-78.71767,35.83511],[-78.71757,35.83503]]],[[[-78.71851,35.83519],[-78.71876,35.83571],[-78.71936,35.83614],[-78.71939,35.83642],[-78.71975,35.83674],[-78.7201,35.83808],[-78.71999,35.83841],[-78.71973,35.83676],[-78.71927,35.83641],[-78.71866,35.83565],[-78.71848,35.83524],[-78.71845,35.83503],[-78.71845,35.83486],[-78.71846,35.83485],[-78.71847,35.83503],[-78.71938,35.83479],[-78.71851,35.83519]]],[[[-78.71979,35.83832],[-78.71992,35.83851],[-78.7198,35.83842],[-78.71979,35.83832]]],[[[-78.71934,35.83883],[-78.71995,35.83858],[-78.7191,35.83937],[-78.71863,35.84015],[-78.71873,35.83968],[-78.71934,35.83883]]],[[[-78.71895,35.84028],[-78.71903,35.84061],[-78.7196,35.84132],[-78.71918,35.8427],[-78.71925,35.84294],[-78.72011,35.84317],[-78.72085,35.84367],[-78.72121,35.84411],[-78.72152,35.84485],[-78.72232,35.84501],[-78.72296,35.84454],[-78.72334,35.8448],[-78.72405,35.84494],[-78.72396,35.84509],[-78.72417,35.84507],[-78.72419,35.84533],[-78.7237,35.84563],[-78.72276,35.84559],[-78.72144,35.84516],[-78.72111,35.84411],[-78.71963,35.8436],[-78.71889,35.84305],[-78.71913,35.84251],[-78.71923,35.84142],[-78.71882,35.84028],[-78.71927,35.83934],[-78.71989,35.83886],[-78.71934,35.83935],[-78.71895,35.84028]]],[[[-78.7188,35.84201],[-78.71894,35.8414],[-78.71872,35.84065],[-78.71898,35.84108],[-78.71905,35.84187],[-78.71875,35.84306],[-78.71963,35.84369],[-78.72102,35.8442],[-78.72123,35.84506],[-78.72013,35.84475],[-78.71865,35.84478],[-78.71726,35.84379],[-78.7167,35.84368],[-78.71588,35.84399],[-78.71542,35.84532],[-78.71565,35.84411],[-78.71577,35.84387],[-78.71616,35.84368],[-78.71651,35.84362],[-78.71773,35.8438],[-78.71849,35.84418],[-78.71913,35.84412],[-78.7193,35.84365],[-78.71865,35.84307],[-78.71837,35.84252],[-78.7188,35.84201]]],[[[-78.69318,35.84359],[-78.69339,35.84372],[-78.69349,35.84445],[-78.69448,35.84462],[-78.69523,35.84531],[-78.69592,35.84528],[-78.69651,35.84509],[-78.69672,35.84473],[-78.69748,35.84441],[-78.69745,35.84385],[-78.69771,35.84405],[-78.69806,35.8438],[-78.69913,35.8423],[-78.70031,35.84147],[-78.70084,35.84072],[-78.70076,35.84045],[-78.70101,35.84074],[-78.70064,35.84147],[-78.70218,35.84123],[-78.70329,35.84129],[-78.70463,35.84105],[-78.70485,35.84066],[-78.70528,35.84096],[-78.7063,35.84077],[-78.70641,35.84053],[-78.70652,35.84066],[-78.70753,35.84068],[-78.70792,35.84084],[-78.71017,35.84221],[-78.71047,35.84194],[-78.71039,35.84261],[-78.71133,35.84388],[-78.71206,35.84451],[-78.71157,35.8443],[-78.71087,35.84369],[-78.71,35.84219],[-78.70799,35.84095],[-78.70733,35.8407],[-78.70136,35.8418],[-78.70013,35.84165],[-78.69899,35.84262],[-78.69794,35.84407],[-78.69722,35.8448],[-78.69605,35.84545],[-78.69555,35.8455],[-78.69209,35.84454],[-78.69255,35.84451],[-78.69273,35.84412],[-78.69327,35.84403],[-78.69308,35.84381],[-78.69327,35.84332],[-78.69318,35.84359]]],[[[-78.68902,35.84608],[-78.68905,35.84648],[-78.68943,35.84683],[-78.6898,35.84732],[-78.68963,35.84801],[-78.68992,35.84857],[-78.6896,35.84891],[-78.68959,35.84996],[-78.69003,35.85007],[-78.69001,35.85064],[-78.69059,35.85107],[-78.69083,35.8514],[-78.69073,35.85188],[-78.69101,35.85238],[-78.69092,35.85306],[-78.69066,35.85328],[-78.69085,35.85347],[-78.69067,35.85348],[-78.69034,35.8541],[-78.69008,35.85398],[-78.69056,35.85205],[-78.69044,35.85105],[-78.68896,35.85017],[-78.68864,35.84977],[-78.68946,35.8483],[-78.68957,35.84736],[-78.68943,35.84687],[-78.68812,35.846],[-78.68861,35.84507],[-78.68922,35.8452],[-78.69208,35.84511],[-78.6947,35.84574],[-78.69623,35.84574],[-78.69687,35.84546],[-78.69775,35.8447],[-78.69943,35.84252],[-78.70005,35.84211],[-78.70132,35.84211],[-78.70711,35.84101],[-78.70792,35.8412],[-78.7097,35.84232],[-78.71059,35.84384],[-78.71134,35.84449],[-78.7114,35.84461],[-78.71078,35.84423],[-78.70958,35.84268],[-78.70831,35.84198],[-78.70775,35.84148],[-78.70684,35.8413],[-78.70593,35.84176],[-78.70565,35.84168],[-78.70462,35.84181],[-78.70431,35.84198],[-78.70292,35.84209],[-78.70272,35.84195],[-78.70235,35.84209],[-78.70203,35.84233],[-78.70216,35.84279],[-78.70198,35.8433],[-78.70158,35.843],[-78.70142,35.84251],[-78.70078,35.84226],[-78.69995,35.84255],[-78.69936,35.84315],[-78.69935,35.84362],[-78.69906,35.84366],[-78.69912,35.84426],[-78.6985,35.84436],[-78.69786,35.84504],[-78.69666,35.84575],[-78.6967,35.84636],[-78.69628,35.84589],[-78.69519,35.84578],[-78.69473,35.84591],[-78.69432,35.84663],[-78.69442,35.84592],[-78.6942,35.84574],[-78.69211,35.84531],[-78.69054,35.84537],[-78.68998,35.84525],[-78.68911,35.84567],[-78.68902,35.84608]]],[[[-78.70265,35.84442],[-78.70271,35.8448],[-78.70306,35.84503],[-78.70262,35.84491],[-78.70239,35.8435],[-78.70246,35.84341],[-78.70284,35.84383],[-78.70265,35.84442]]],[[[-78.7162,35.84403],[-78.71701,35.84395],[-78.71885,35.84512],[-78.72097,35.84539],[-78.72267,35.84599],[-78.72419,35.84588],[-78.72415,35.84599],[-78.72299,35.84616],[-78.72146,35.84583],[-78.72055,35.84601],[-78.72036,35.84577],[-78.71904,35.84547],[-78.71706,35.84405],[-78.7162,35.84403]]],[[[-78.71508,35.84562],[-78.71462,35.84556],[-78.7136,35.84529],[-78.71269,35.84492],[-78.71255,35.84479],[-78.71269,35.84474],[-78.71368,35.84528],[-78.71471,35.84552],[-78.71542,35.84533],[-78.71508,35.84562]]],[[[-78.7141,35.84563],[-78.71377,35.84577],[-78.71237,35.8451],[-78.71315,35.84536],[-78.7141,35.84563]]],[[[-78.71577,35.84494],[-78.71571,35.84553],[-78.71544,35.84575],[-78.71513,35.84592],[-78.71457,35.84592],[-78.71477,35.846],[-78.71451,35.84622],[-78.71412,35.84605],[-78.71444,35.84586],[-78.71425,35.84569],[-78.71505,35.84584],[-78.71561,35.84552],[-78.71577,35.84494]]],[[[-78.7232,35.84905],[-78.72304,35.84836],[-78.72409,35.84811],[-78.72401,35.84831],[-78.72329,35.84834],[-78.7232,35.84905]]],[[[-78.72277,35.84893],[-78.72285,35.84827],[-78.72372,35.84794],[-78.72416,35.8479],[-78.72315,35.84817],[-78.72288,35.84838],[-78.7235,35.85069],[-78.72313,35.85119],[-78.72332,35.85071],[-78.72301,35.85008],[-78.72277,35.84893]]],[[[-78.68754,35.8466],[-78.68775,35.84565],[-78.68733,35.84557],[-78.68721,35.84539],[-78.687,35.84544],[-78.68675,35.84513],[-78.68618,35.84489],[-78.68464,35.84443],[-78.68408,35.844],[-78.6825,35.84332],[-78.68211,35.84332],[-78.68204,35.84307],[-78.68237,35.84288],[-78.68216,35.84277],[-78.68135,35.84316],[-78.68121,35.84299],[-78.68055,35.84283],[-78.68036,35.84243],[-78.67964,35.8422],[-78.67816,35.84055],[-78.67693,35.83962],[-78.67678,35.83921],[-78.67616,35.83884],[-78.67565,35.83883],[-78.67551,35.83895],[-78.67416,35.83807],[-78.6748,35.83702],[-78.6754,35.83683],[-78.67701,35.83717],[-78.67881,35.838],[-78.67906,35.83843],[-78.68393,35.84156],[-78.6846,35.84312],[-78.68526,35.84397],[-78.68838,35.84499],[-78.68796,35.84608],[-78.68911,35.84683],[-78.68931,35.84737],[-78.68921,35.84824],[-78.68826,35.84973],[-78.68883,35.85031],[-78.69027,35.85108],[-78.69038,35.85212],[-78.6901,35.85266],[-78.68997,35.8538],[-78.68996,35.85286],[-78.68968,35.8518],[-78.69003,35.8517],[-78.68968,35.85176],[-78.68823,35.8499],[-78.68822,35.84957],[-78.68869,35.84893],[-78.68899,35.84737],[-78.68754,35.8466]]],[[[-78.72397,35.85203],[-78.72303,35.85192],[-78.72301,35.8516],[-78.72369,35.8507],[-78.72363,35.85124],[-78.72329,35.8518],[-78.72397,35.85203]]],[[[-78.72348,35.85595],[-78.72376,35.85631],[-78.72302,35.85612],[-78.723,35.85576],[-78.7227,35.85551],[-78.7227,35.85494],[-78.72321,35.85502],[-78.72366,35.85483],[-78.72444,35.85477],[-78.72351,35.85563],[-78.72348,35.85595]]],[[[-78.69015,35.8549],[-78.69097,35.85566],[-78.69113,35.8562],[-78.69165,35.85659],[-78.69094,35.85641],[-78.69055,35.85598],[-78.69041,35.85527],[-78.69003,35.85474],[-78.68995,35.85448],[-78.69001,35.85415],[-78.69031,35.85426],[-78.69011,35.85456],[-78.69015,35.8549]]],[[[-78.69338,35.85658],[-78.69424,35.85745],[-78.69508,35.85904],[-78.69504,35.86032],[-78.69485,35.86089],[-78.69532,35.8618],[-78.69532,35.86182],[-78.69468,35.86153],[-78.69445,35.86118],[-78.69426,35.8614],[-78.69415,35.86126],[-78.6945,35.8611],[-78.69456,35.86092],[-78.69444,35.86007],[-78.69456,35.85969],[-78.69437,35.85953],[-78.69423,35.85832],[-78.69392,35.85803],[-78.69369,35.85708],[-78.69335,35.85676],[-78.69325,35.85693],[-78.6929,35.85695],[-78.69298,35.85673],[-78.69098,35.85686],[-78.69054,35.85658],[-78.69014,35.85613],[-78.68978,35.85591],[-78.68967,35.85597],[-78.68919,35.8547],[-78.68931,35.85426],[-78.6896,35.85403],[-78.6898,35.85408],[-78.68974,35.85462],[-78.69038,35.85638],[-78.69084,35.85672],[-78.69136,35.85679],[-78.69338,35.85658]]],[[[-78.69557,35.8629],[-78.69621,35.86339],[-78.69715,35.86371],[-78.69756,35.86524],[-78.69824,35.86621],[-78.69964,35.86767],[-78.69963,35.86836],[-78.69926,35.86887],[-78.69919,35.86855],[-78.69955,35.868],[-78.69951,35.8678],[-78.69898,35.86761],[-78.69861,35.86703],[-78.69763,35.86626],[-78.69775,35.86618],[-78.69815,35.86643],[-78.6975,35.86543],[-78.6976,35.86594],[-78.69747,35.86604],[-78.69737,35.86595],[-78.69702,35.86498],[-78.6972,35.86451],[-78.69701,35.86399],[-78.69632,35.86362],[-78.69565,35.86389],[-78.69503,35.86452],[-78.69524,35.86405],[-78.69501,35.86318],[-78.69529,35.86301],[-78.69481,35.86255],[-78.69463,35.86257],[-78.69452,35.8623],[-78.69536,35.86209],[-78.69532,35.86182],[-78.69557,35.8629]]],[[[-78.69402,35.85645],[-78.6943,35.85637],[-78.69412,35.85662],[-78.69423,35.85679],[-78.69379,35.8563],[-78.69343,35.8563],[-78.69379,35.85625],[-78.69402,35.85645]]],[[[-78.72388,35.85924],[-78.72435,35.85873],[-78.72494,35.85839],[-78.72561,35.85746],[-78.72548,35.85728],[-78.72322,35.85668],[-78.72245,35.85633],[-78.72238,35.85476],[-78.72287,35.85454],[-78.72303,35.85408],[-78.72346,35.8544],[-78.72381,35.85419],[-78.72387,35.85402],[-78.72362,35.85392],[-78.72384,35.85353],[-78.72395,35.85361],[-78.72415,35.85335],[-78.72392,35.85265],[-78.72356,35.8524],[-78.72282,35.85226],[-78.72271,35.8521],[-78.72276,35.852],[-78.72413,35.85229],[-78.72473,35.85348],[-78.72444,35.85454],[-78.72357,35.85461],[-78.72312,35.8548],[-78.72275,35.85469],[-78.72246,35.85477],[-78.72244,35.85564],[-78.72267,35.85579],[-78.72271,35.8562],[-78.72413,35.85661],[-78.72549,35.85725],[-78.72593,35.8579],[-78.72512,35.85891],[-78.72477,35.8598],[-78.72474,35.86114],[-78.72462,35.86157],[-78.72542,35.86181],[-78.7252,35.8621],[-78.72508,35.86276],[-78.7251,35.86221],[-78.72458,35.86155],[-78.72462,35.86016],[-78.72433,35.85952],[-78.72388,35.85924]]],[[[-78.72505,35.86297],[-78.72514,35.86419],[-78.72469,35.86517],[-78.72402,35.86541],[-78.72338,35.86605],[-78.72321,35.86672],[-78.72336,35.86742],[-78.72357,35.86762],[-78.72313,35.86806],[-78.72327,35.86854],[-78.72319,35.86882],[-78.72308,35.86809],[-78.72333,35.86765],[-78.72318,35.86678],[-78.72323,35.86624],[-78.72362,35.86561],[-78.72463,35.86489],[-78.72508,35.86276],[-78.72505,35.86297]]],[[[-78.69603,35.86257],[-78.69598,35.8625],[-78.69577,35.86207],[-78.69601,35.86252],[-78.69712,35.86296],[-78.69729,35.86319],[-78.69799,35.8631],[-78.69763,35.8648],[-78.69849,35.86618],[-78.69905,35.8666],[-78.69905,35.86682],[-78.69841,35.86611],[-78.6977,35.86507],[-78.69759,35.86473],[-78.69752,35.86342],[-78.6967,35.86317],[-78.69642,35.86275],[-78.69603,35.86257]]],[[[-78.69574,35.86202],[-78.69566,35.86123],[-78.69543,35.86092],[-78.69554,35.85971],[-78.69576,35.85881],[-78.69575,35.85807],[-78.69555,35.8579],[-78.69521,35.85747],[-78.69588,35.85802],[-78.69585,35.85831],[-78.6964,35.85853],[-78.69625,35.85905],[-78.69569,35.8595],[-78.69554,35.8598],[-78.69549,35.86094],[-78.69592,35.86148],[-78.69577,35.86207],[-78.69574,35.86202]]],[[[-78.72338,35.8686],[-78.72322,35.86809],[-78.72369,35.86769],[-78.72346,35.86739],[-78.72335,35.86652],[-78.72373,35.86575],[-78.72429,35.86538],[-78.72476,35.86526],[-78.72493,35.86474],[-78.7252,35.86434],[-78.72527,35.86354],[-78.7251,35.86307],[-78.72528,35.86214],[-78.72555,35.86183],[-78.72635,35.86229],[-78.72639,35.86255],[-78.72606,35.86231],[-78.72555,35.86241],[-78.72532,35.86426],[-78.72478,35.86528],[-78.72428,35.86548],[-78.72372,35.86616],[-78.72352,35.86689],[-78.72364,35.86742],[-78.72397,35.86787],[-78.72329,35.86897],[-78.72324,35.86983],[-78.72306,35.86999],[-78.72331,35.8705],[-78.7229,35.87061],[-78.72267,35.87095],[-78.72169,35.87122],[-78.72273,35.8705],[-78.72293,35.87017],[-78.72282,35.87009],[-78.72263,35.87035],[-78.72175,35.87091],[-78.72153,35.87124],[-78.72148,35.87091],[-78.72174,35.8707],[-78.72185,35.87032],[-78.72199,35.87057],[-78.72217,35.87057],[-78.72259,35.87005],[-78.72298,35.87009],[-78.72322,35.86899],[-78.72338,35.8686]]],[[[-78.70011,35.86863],[-78.69973,35.86899],[-78.7,35.86921],[-78.70006,35.86934],[-78.70017,35.86941],[-78.70023,35.86953],[-78.70037,35.86961],[-78.70037,35.86964],[-78.69924,35.869],[-78.69983,35.86862],[-78.6999,35.86765],[-78.70021,35.86823],[-78.70011,35.86863]]],[[[-78.69848,35.87046],[-78.69853,35.87087],[-78.6982,35.87101],[-78.69823,35.87116],[-78.69778,35.87123],[-78.69805,35.87078],[-78.69783,35.86992],[-78.69794,35.86968],[-78.69832,35.86933],[-78.698,35.86972],[-78.69801,35.87037],[-78.69848,35.87046]]],[[[-78.6989,35.87031],[-78.69889,35.87078],[-78.69826,35.87153],[-78.69709,35.87166],[-78.69732,35.8714],[-78.69824,35.8713],[-78.69832,35.87102],[-78.69862,35.87094],[-78.69857,35.8706],[-78.69873,35.87035],[-78.69803,35.87021],[-78.69809,35.86975],[-78.69844,35.86943],[-78.6983,35.87013],[-78.6989,35.87031]]],[[[-78.69703,35.8715],[-78.69697,35.87164],[-78.6968,35.87154],[-78.69703,35.8715]]],[[[-78.72158,35.87192],[-78.72139,35.87261],[-78.72089,35.87293],[-78.72152,35.87158],[-78.72203,35.87137],[-78.72158,35.87192]]],[[[-78.72054,35.87194],[-78.72094,35.87181],[-78.72115,35.87169],[-78.72139,35.8716],[-78.72084,35.87231],[-78.72081,35.87292],[-78.72055,35.87292],[-78.72055,35.87253],[-78.72002,35.87227],[-78.72054,35.87194]]],[[[-78.6971,35.87223],[-78.69708,35.87203],[-78.6973,35.87216],[-78.6971,35.87223]]],[[[-78.69698,35.87223],[-78.6969,35.87223],[-78.69696,35.87203],[-78.69698,35.87223]]],[[[-78.72142,35.87391],[-78.72102,35.87367],[-78.72078,35.87369],[-78.72096,35.87351],[-78.72085,35.87324],[-78.72134,35.87345],[-78.72142,35.87391]]],[[[-78.71972,35.87408],[-78.71983,35.87367],[-78.7207,35.87325],[-78.71983,35.87392],[-78.71979,35.87425],[-78.72013,35.87505],[-78.72003,35.87522],[-78.71989,35.8749],[-78.71971,35.875],[-78.71947,35.8747],[-78.71971,35.87496],[-78.71993,35.87486],[-78.71972,35.87408]]],[[[-78.71848,35.87874],[-78.71906,35.87917],[-78.71856,35.87903],[-78.71832,35.87851],[-78.71865,35.87793],[-78.71867,35.87813],[-78.71843,35.87838],[-78.71848,35.87874]]],[[[-78.72151,35.88003],[-78.72184,35.88007],[-78.72217,35.88025],[-78.72236,35.88049],[-78.72222,35.88075],[-78.72201,35.88018],[-78.72131,35.88004],[-78.72059,35.87959],[-78.71962,35.87926],[-78.72,35.87908],[-78.72097,35.87946],[-78.72151,35.88003]]],[[[-78.71652,35.87771],[-78.71763,35.87761],[-78.71801,35.87777],[-78.71842,35.87753],[-78.71813,35.87846],[-78.71841,35.87914],[-78.72037,35.87969],[-78.72095,35.88013],[-78.72173,35.88038],[-78.7223,35.88163],[-78.72168,35.88251],[-78.72159,35.88231],[-78.72204,35.88161],[-78.72166,35.88139],[-78.72146,35.88071],[-78.72119,35.88063],[-78.72096,35.88017],[-78.72032,35.8798],[-78.71995,35.88006],[-78.71968,35.88002],[-78.71938,35.87966],[-78.71846,35.87946],[-78.71776,35.87874],[-78.71792,35.87807],[-78.71757,35.87771],[-78.71652,35.87771]]],[[[-78.72212,35.88252],[-78.72228,35.8826],[-78.72218,35.88336],[-78.72191,35.88283],[-78.72194,35.8824],[-78.72247,35.88175],[-78.72213,35.88225],[-78.72212,35.88252]]],[[[-78.72156,35.88258],[-78.72167,35.88252],[-78.72158,35.88285],[-78.72204,35.88359],[-78.72182,35.88354],[-78.72148,35.88292],[-78.72156,35.88258]]],[[[-78.72176,35.88465],[-78.72199,35.88438],[-78.72179,35.88468],[-78.72199,35.88541],[-78.72174,35.88599],[-78.72177,35.88659],[-78.72129,35.88659],[-78.72184,35.88562],[-78.72176,35.88465]]],[[[-78.72134,35.88602],[-78.7212,35.88656],[-78.721,35.88654],[-78.7207,35.88633],[-78.72123,35.88634],[-78.72124,35.88608],[-78.72162,35.88554],[-78.72157,35.88499],[-78.72165,35.88467],[-78.7217,35.88569],[-78.72134,35.88602]]],[[[-78.72143,35.88806],[-78.7216,35.88893],[-78.72235,35.8893],[-78.72297,35.88938],[-78.72293,35.88949],[-78.72153,35.88906],[-78.7211,35.88713],[-78.72115,35.88699],[-78.72162,35.88709],[-78.72175,35.88727],[-78.72143,35.88806]]],[[[-78.72281,35.88967],[-78.72192,35.88942],[-78.72141,35.88985],[-78.72145,35.88961],[-78.72116,35.88949],[-78.72135,35.88939],[-78.72124,35.88875],[-78.72076,35.88772],[-78.72092,35.88698],[-78.72108,35.88698],[-78.72089,35.88738],[-78.72101,35.88817],[-78.72152,35.88919],[-78.72287,35.88959],[-78.72281,35.88967]]],[[[-78.68666,35.91241],[-78.68701,35.91249],[-78.68659,35.91248],[-78.6862,35.9127],[-78.68644,35.91247],[-78.68666,35.91241]]],[[[-78.68754,35.91273],[-78.68709,35.91256],[-78.6877,35.91275],[-78.68754,35.91273]]],[[[-78.68774,35.91287],[-78.68769,35.91289],[-78.68743,35.91281],[-78.68774,35.91287]]],[[[-78.71026,35.91346],[-78.71097,35.91332],[-78.70969,35.9144],[-78.70928,35.91449],[-78.70977,35.91374],[-78.71026,35.91346]]],[[[-78.71023,35.91418],[-78.7112,35.91376],[-78.71125,35.91399],[-78.71005,35.91431],[-78.71023,35.91418]]],[[[-78.70772,35.91628],[-78.70828,35.91587],[-78.70833,35.91541],[-78.70859,35.91549],[-78.70807,35.91618],[-78.70773,35.91633],[-78.70642,35.91649],[-78.70772,35.91628]]],[[[-78.70553,35.91722],[-78.70571,35.91661],[-78.70812,35.91643],[-78.70869,35.9156],[-78.70875,35.91594],[-78.70904,35.91617],[-78.70876,35.91629],[-78.70859,35.91663],[-78.70736,35.91652],[-78.70613,35.91668],[-78.70576,35.9172],[-78.70538,35.91737],[-78.70538,35.91755],[-78.70473,35.9174],[-78.70416,35.91761],[-78.70354,35.91827],[-78.70363,35.91836],[-78.70326,35.91858],[-78.70429,35.91738],[-78.70553,35.91722]]],[[[-78.70475,35.917],[-78.70402,35.91735],[-78.70336,35.91832],[-78.70321,35.91843],[-78.70298,35.91851],[-78.70335,35.9183],[-78.70414,35.9169],[-78.70437,35.91709],[-78.70487,35.91689],[-78.7052,35.91699],[-78.70547,35.91614],[-78.70573,35.91638],[-78.70625,35.91645],[-78.70641,35.91649],[-78.7055,35.91647],[-78.70535,35.9166],[-78.70539,35.91703],[-78.70475,35.917]]],[[[-78.70053,35.91936],[-78.70044,35.91906],[-78.70121,35.91889],[-78.70133,35.9184],[-78.70167,35.91808],[-78.70188,35.91854],[-78.70287,35.91854],[-78.70142,35.91894],[-78.70078,35.91927],[-78.7004,35.91962],[-78.70053,35.91936]]],[[[-78.70039,35.91964],[-78.7003,35.91968],[-78.69902,35.9197],[-78.7004,35.91962],[-78.70039,35.91964]]],[[[-78.69898,35.91968],[-78.6979,35.91879],[-78.69638,35.91839],[-78.69721,35.91838],[-78.69839,35.91865],[-78.69898,35.91968]]],[[[-78.70026,35.92022],[-78.69946,35.92047],[-78.69866,35.92033],[-78.69824,35.92009],[-78.69838,35.92004],[-78.6977,35.91992],[-78.6977,35.91955],[-78.69726,35.91926],[-78.69638,35.91916],[-78.69631,35.91891],[-78.69578,35.91897],[-78.69509,35.91955],[-78.69353,35.91998],[-78.69278,35.92042],[-78.69264,35.92035],[-78.69257,35.92054],[-78.69271,35.92065],[-78.6925,35.92072],[-78.69252,35.92084],[-78.69186,35.92099],[-78.69158,35.92122],[-78.69165,35.92143],[-78.69107,35.92155],[-78.69065,35.92213],[-78.69045,35.92205],[-78.69109,35.92115],[-78.69261,35.91982],[-78.69372,35.91988],[-78.69472,35.91918],[-78.69559,35.91878],[-78.69656,35.91881],[-78.69743,35.91906],[-78.69847,35.91989],[-78.69911,35.92012],[-78.70046,35.91985],[-78.70148,35.91913],[-78.70322,35.9186],[-78.70111,35.91946],[-78.70026,35.92022]]],[[[-78.69013,35.9213],[-78.69049,35.92087],[-78.69139,35.92048],[-78.69161,35.92007],[-78.6924,35.9194],[-78.69269,35.91933],[-78.69281,35.91909],[-78.69319,35.9193],[-78.69354,35.91925],[-78.69461,35.91859],[-78.69509,35.91843],[-78.69516,35.9179],[-78.69537,35.91822],[-78.6963,35.91839],[-78.69543,35.9183],[-78.69441,35.91877],[-78.69362,35.91944],[-78.69242,35.91951],[-78.69178,35.92002],[-78.69158,35.92039],[-78.691,35.92076],[-78.69066,35.92085],[-78.68992,35.92184],[-78.68969,35.92171],[-78.68981,35.92143],[-78.69013,35.9213]]],[[[-78.66817,35.75883],[-78.66891,35.75933],[-78.66952,35.76143],[-78.67008,35.76101],[-78.67076,35.76014],[-78.67167,35.75993],[-78.6728,35.76026],[-78.67361,35.75947],[-78.67394,35.75947],[-78.67492,35.7597],[-78.67521,35.76015],[-78.67575,35.76039],[-78.67623,35.76173],[-78.67573,35.76179],[-78.67563,35.76101],[-78.67443,35.76075],[-78.67437,35.76117],[-78.67351,35.76116],[-78.67351,35.76132],[-78.67358,35.76153],[-78.67388,35.76153],[-78.674,35.76174],[-78.6749,35.76216],[-78.67448,35.76263],[-78.67429,35.76233],[-78.67363,35.76212],[-78.67345,35.76222],[-78.67256,35.76191],[-78.66943,35.7616],[-78.66912,35.7614],[-78.66873,35.76064],[-78.66808,35.75991],[-78.66446,35.75872],[-78.66468,35.75862],[-78.66524,35.75895],[-78.66673,35.75873],[-78.668,35.7583],[-78.66796,35.75855],[-78.66817,35.75883]],[[-78.6712,35.76158],[-78.67214,35.76155],[-78.6724,35.76177],[-78.67294,35.76182],[-78.67292,35.76109],[-78.67053,35.76108],[-78.67041,35.76126],[-78.67079,35.76149],[-78.6712,35.76158]]],[[[-78.67631,35.76291],[-78.67603,35.76272],[-78.67563,35.76323],[-78.67568,35.76334],[-78.67612,35.76324],[-78.67694,35.76378],[-78.67685,35.76498],[-78.67639,35.76395],[-78.67598,35.76359],[-78.6755,35.76345],[-78.6755,35.76277],[-78.67499,35.76269],[-78.67542,35.76226],[-78.67579,35.76214],[-78.67732,35.76225],[-78.67757,35.76248],[-78.67779,35.76234],[-78.67715,35.76294],[-78.67631,35.76291]]],[[[-78.67452,35.76387],[-78.67429,35.76375],[-78.67421,35.7634],[-78.67385,35.76348],[-78.67362,35.76329],[-78.67316,35.76323],[-78.67265,35.76312],[-78.67341,35.76361],[-78.67346,35.76411],[-78.67274,35.76412],[-78.67227,35.76383],[-78.67214,35.76408],[-78.67182,35.76364],[-78.67178,35.76294],[-78.6738,35.76325],[-78.67413,35.76319],[-78.67438,35.76294],[-78.67435,35.76331],[-78.67452,35.76349],[-78.67482,35.76326],[-78.67486,35.76299],[-78.67484,35.76327],[-78.67524,35.76324],[-78.67501,35.7634],[-78.67538,35.76418],[-78.676,35.76465],[-78.67629,35.76527],[-78.67659,35.76529],[-78.67625,35.76585],[-78.6759,35.76525],[-78.67539,35.76513],[-78.6752,35.76492],[-78.67522,35.76443],[-78.67496,35.76429],[-78.6749,35.7637],[-78.67473,35.76361],[-78.67452,35.76387]]],[[[-78.68591,35.77016],[-78.68602,35.76946],[-78.68543,35.7691],[-78.68519,35.76861],[-78.68437,35.76842],[-78.68368,35.76762],[-78.68332,35.76786],[-78.6825,35.76773],[-78.6823,35.76754],[-78.68097,35.76793],[-78.68109,35.7681],[-78.6808,35.76831],[-78.68095,35.76849],[-78.68034,35.76936],[-78.68005,35.77054],[-78.67972,35.76977],[-78.67981,35.769],[-78.67995,35.76852],[-78.68036,35.76833],[-78.68039,35.76812],[-78.68083,35.76802],[-78.68077,35.76784],[-78.68043,35.76794],[-78.67824,35.76781],[-78.67787,35.7676],[-78.67775,35.76682],[-78.6768,35.76662],[-78.67668,35.76649],[-78.67657,35.76603],[-78.6766,35.76564],[-78.67679,35.76538],[-78.67661,35.7658],[-78.67672,35.76636],[-78.67782,35.76672],[-78.6782,35.76752],[-78.67884,35.76773],[-78.67962,35.76757],[-78.67971,35.76675],[-78.68005,35.76675],[-78.68021,35.76628],[-78.68047,35.76641],[-78.6807,35.76714],[-78.68159,35.76707],[-78.68177,35.76667],[-78.68172,35.7661],[-78.68192,35.76611],[-78.68228,35.76664],[-78.68287,35.76693],[-78.68362,35.76666],[-78.68461,35.76683],[-78.68682,35.76958],[-78.68805,35.77015],[-78.68887,35.77013],[-78.68945,35.76984],[-78.69028,35.76924],[-78.69079,35.76848],[-78.69191,35.76796],[-78.69134,35.76839],[-78.69142,35.76886],[-78.69115,35.76868],[-78.69101,35.76879],[-78.69111,35.76931],[-78.69071,35.76966],[-78.69075,35.76992],[-78.69035,35.76992],[-78.6902,35.77007],[-78.69034,35.77011],[-78.69044,35.77074],[-78.6903,35.77116],[-78.69048,35.77202],[-78.69017,35.7709],[-78.68999,35.77079],[-78.68965,35.7708],[-78.68881,35.77039],[-78.68723,35.77047],[-78.6876,35.77025],[-78.68749,35.77014],[-78.68711,35.77022],[-78.68625,35.76992],[-78.68591,35.77016]]],[[[-78.66847,35.78003],[-78.66897,35.78055],[-78.66955,35.78083],[-78.66967,35.78093],[-78.66826,35.78023],[-78.66806,35.78003],[-78.66763,35.77996],[-78.6673,35.78011],[-78.66762,35.77992],[-78.66847,35.78003]]],[[[-78.6673,35.78029],[-78.66793,35.78036],[-78.66866,35.78081],[-78.6673,35.78029]]],[[[-78.6733,35.78264],[-78.67089,35.7817],[-78.67241,35.78214],[-78.6733,35.78264]]],[[[-78.67097,35.78193],[-78.67312,35.78275],[-78.6734,35.783],[-78.67622,35.78398],[-78.67415,35.78328],[-78.67361,35.784],[-78.6727,35.78374],[-78.67266,35.78352],[-78.67238,35.78361],[-78.67247,35.78378],[-78.67125,35.78339],[-78.67094,35.78283],[-78.67127,35.78206],[-78.67094,35.78245],[-78.67102,35.78215],[-78.67048,35.78235],[-78.67033,35.78228],[-78.67055,35.78181],[-78.6702,35.78146],[-78.66933,35.78101],[-78.67022,35.78142],[-78.6707,35.78186],[-78.67097,35.78193]]],[[[-78.67763,35.78438],[-78.6778,35.78452],[-78.67658,35.78402],[-78.67692,35.78399],[-78.67697,35.78409],[-78.67763,35.78438]]],[[[-78.67618,35.78452],[-78.67641,35.78425],[-78.67628,35.78401],[-78.67682,35.78426],[-78.67618,35.78452]]],[[[-78.67926,35.78561],[-78.67969,35.78592],[-78.67929,35.78564],[-78.67926,35.78561]]],[[[-78.67979,35.78598],[-78.6797,35.78592],[-78.67981,35.78598],[-78.67979,35.78598]]],[[[-78.67921,35.78537],[-78.67955,35.78557],[-78.68013,35.78601],[-78.6803,35.78623],[-78.68064,35.78642],[-78.68081,35.78661],[-78.68026,35.78622],[-78.67957,35.7856],[-78.67917,35.78541],[-78.67921,35.78537]]],[[[-78.68017,35.78635],[-78.68003,35.78615],[-78.68076,35.78672],[-78.68017,35.78635]]],[[[-78.6828,35.78805],[-78.68291,35.78827],[-78.68336,35.78839],[-78.68401,35.78879],[-78.68334,35.78842],[-78.68297,35.78837],[-78.68232,35.78797],[-78.68079,35.78674],[-78.68246,35.78796],[-78.6828,35.78805]]],[[[-78.68439,35.78864],[-78.68453,35.78893],[-78.68212,35.78749],[-78.68094,35.78662],[-78.68106,35.78652],[-78.68151,35.787],[-78.68439,35.78864]]],[[[-78.68513,35.78921],[-78.68546,35.78949],[-78.68453,35.78893],[-78.68513,35.78921]]],[[[-78.68525,35.78967],[-78.68494,35.78934],[-78.68421,35.78894],[-78.68418,35.78888],[-78.68498,35.78931],[-78.68537,35.7896],[-78.68525,35.78967]]],[[[-78.68605,35.78984],[-78.68588,35.78981],[-78.68597,35.7898],[-78.68605,35.78984]]],[[[-78.68615,35.78989],[-78.68625,35.78991],[-78.6864,35.79002],[-78.68615,35.78989]]],[[[-78.68586,35.78994],[-78.68609,35.79022],[-78.68581,35.79009],[-78.68586,35.78994]]],[[[-78.68681,35.79008],[-78.68673,35.79026],[-78.68673,35.79022],[-78.68681,35.79008]]],[[[-78.68673,35.79027],[-78.68697,35.79032],[-78.68676,35.7903],[-78.68673,35.79027]]],[[[-78.68618,35.79033],[-78.68614,35.79025],[-78.68653,35.79028],[-78.68639,35.79039],[-78.68618,35.79033]]],[[[-78.68745,35.79056],[-78.68709,35.79033],[-78.68731,35.79044],[-78.68745,35.79056]]],[[[-78.68756,35.79084],[-78.68716,35.79048],[-78.68689,35.79048],[-78.68658,35.79024],[-78.68682,35.79039],[-78.68715,35.79046],[-78.68734,35.79055],[-78.6875,35.7907],[-78.68756,35.79084]]],[[[-78.68758,35.79084],[-78.68773,35.7909],[-78.68773,35.79091],[-78.68758,35.79084]]],[[[-78.68857,35.79235],[-78.68851,35.79208],[-78.68793,35.79171],[-78.68784,35.79144],[-78.6879,35.79129],[-78.68818,35.79179],[-78.68854,35.792],[-78.68857,35.79235]]],[[[-78.68839,35.79133],[-78.68847,35.79159],[-78.68897,35.7918],[-78.68907,35.79207],[-78.68859,35.79215],[-78.68858,35.79209],[-78.6887,35.79198],[-78.68867,35.79183],[-78.68844,35.79165],[-78.6881,35.79127],[-78.68772,35.79077],[-78.68745,35.79056],[-78.68766,35.79067],[-78.68812,35.79127],[-78.68839,35.79133]]],[[[-78.68875,35.7925],[-78.68906,35.79269],[-78.68941,35.79309],[-78.68877,35.79261],[-78.68859,35.79217],[-78.68859,35.79215],[-78.68875,35.7925]]],[[[-78.68858,35.79236],[-78.68864,35.79256],[-78.68862,35.79251],[-78.68858,35.79236]]],[[[-78.68943,35.79311],[-78.68953,35.79312],[-78.6895,35.79316],[-78.68943,35.79311]]],[[[-78.68933,35.7932],[-78.68959,35.79344],[-78.68929,35.79337],[-78.68933,35.7932]]],[[[-78.68987,35.79369],[-78.6895,35.79352],[-78.68959,35.79344],[-78.68987,35.79369]]],[[[-78.66679,35.79945],[-78.66697,35.79886],[-78.66686,35.79925],[-78.66679,35.79945]]],[[[-78.66536,35.8001],[-78.66583,35.80027],[-78.66602,35.80013],[-78.66646,35.79863],[-78.66681,35.79879],[-78.66655,35.79965],[-78.66619,35.80038],[-78.66553,35.80033],[-78.66536,35.8001]]],[[[-78.67864,35.79959],[-78.67844,35.80009],[-78.67779,35.80057],[-78.67839,35.79996],[-78.67864,35.79959]]],[[[-78.6664,35.80038],[-78.66679,35.79945],[-78.66663,35.80028],[-78.6664,35.80038]]],[[[-78.67788,35.80094],[-78.6787,35.80011],[-78.67883,35.79965],[-78.67898,35.79971],[-78.67883,35.80018],[-78.67788,35.80094]]],[[[-78.67776,35.80063],[-78.67757,35.80094],[-78.67712,35.80088],[-78.67733,35.80076],[-78.67776,35.80063]]],[[[-78.6774,35.80139],[-78.67736,35.80146],[-78.6773,35.80151],[-78.6774,35.80139]]],[[[-78.6768,35.80126],[-78.67745,35.80116],[-78.67629,35.80254],[-78.67673,35.80165],[-78.6768,35.80126]]],[[[-78.67687,35.80261],[-78.67702,35.80288],[-78.67689,35.80308],[-78.67684,35.80269],[-78.67677,35.8031],[-78.67657,35.80311],[-78.67636,35.80295],[-78.67694,35.80194],[-78.67718,35.80168],[-78.67699,35.80191],[-78.67687,35.80261]]],[[[-78.67584,35.80294],[-78.67591,35.80282],[-78.6761,35.80271],[-78.67584,35.80294]]],[[[-78.67574,35.80351],[-78.67567,35.80338],[-78.6763,35.8031],[-78.67627,35.80321],[-78.67574,35.80351]]],[[[-78.67522,35.80336],[-78.67505,35.80356],[-78.67496,35.80343],[-78.67517,35.80339],[-78.67522,35.80336]]],[[[-78.67527,35.80436],[-78.67476,35.80448],[-78.67535,35.80354],[-78.67562,35.8034],[-78.67572,35.80358],[-78.67542,35.80387],[-78.67527,35.80436]]],[[[-78.67456,35.8056],[-78.6743,35.80578],[-78.6747,35.80457],[-78.67498,35.80465],[-78.67456,35.8056]]],[[[-78.67351,35.80714],[-78.67366,35.80567],[-78.6743,35.80495],[-78.67436,35.80417],[-78.67461,35.80378],[-78.67478,35.80376],[-78.67461,35.80355],[-78.67487,35.80371],[-78.67503,35.80362],[-78.67454,35.80432],[-78.67425,35.80513],[-78.67377,35.80584],[-78.67384,35.80706],[-78.6735,35.80826],[-78.67346,35.80912],[-78.67312,35.80837],[-78.67335,35.80781],[-78.67328,35.80725],[-78.67351,35.80714]]],[[[-78.67406,35.80743],[-78.67409,35.80711],[-78.67409,35.80729],[-78.67406,35.80743]]],[[[-78.67399,35.80767],[-78.674,35.80782],[-78.67398,35.80822],[-78.67375,35.80837],[-78.67399,35.80767]]],[[[-78.6739,35.80928],[-78.6743,35.80948],[-78.67398,35.80948],[-78.67415,35.80975],[-78.67381,35.81054],[-78.6739,35.81103],[-78.67357,35.8114],[-78.6734,35.81141],[-78.6738,35.8099],[-78.6737,35.80846],[-78.6739,35.80928]]],[[[-78.67314,35.81019],[-78.67316,35.80976],[-78.67342,35.80975],[-78.67353,35.80958],[-78.67326,35.81105],[-78.6731,35.81126],[-78.67253,35.81156],[-78.67245,35.81202],[-78.67214,35.81169],[-78.6724,35.81152],[-78.67214,35.81148],[-78.67266,35.81119],[-78.67292,35.81116],[-78.67285,35.81134],[-78.67301,35.81128],[-78.67334,35.81028],[-78.67314,35.81019]]],[[[-78.67203,35.81246],[-78.67238,35.8122],[-78.67219,35.81237],[-78.67203,35.81246]]],[[[-78.672,35.81271],[-78.67213,35.81255],[-78.67217,35.81254],[-78.672,35.81271]]],[[[-78.67249,35.8124],[-78.67267,35.81214],[-78.67252,35.81242],[-78.67217,35.81254],[-78.67249,35.8124]]],[[[-78.67162,35.81224],[-78.672,35.81247],[-78.67069,35.81336],[-78.67096,35.81281],[-78.67162,35.81224]]],[[[-78.67189,35.81281],[-78.67183,35.81287],[-78.67168,35.81295],[-78.67189,35.81281]]],[[[-78.671,35.81343],[-78.67143,35.81316],[-78.67135,35.81333],[-78.671,35.81343]]],[[[-78.66973,35.81356],[-78.66988,35.81379],[-78.67001,35.81362],[-78.67025,35.8135],[-78.67051,35.8134],[-78.67,35.81368],[-78.66941,35.81429],[-78.66955,35.81406],[-78.66947,35.81361],[-78.66985,35.81342],[-78.66973,35.81356]]],[[[-78.66983,35.81461],[-78.66984,35.81431],[-78.66957,35.81454],[-78.66981,35.81425],[-78.67069,35.81366],[-78.67001,35.81459],[-78.66983,35.81461]]],[[[-78.66949,35.81436],[-78.66953,35.81432],[-78.66932,35.81464],[-78.66949,35.81436]]],[[[-78.68788,35.81471],[-78.68887,35.81485],[-78.68809,35.81489],[-78.68773,35.81532],[-78.68795,35.81493],[-78.68788,35.81471]]],[[[-78.66924,35.81468],[-78.66904,35.8149],[-78.6692,35.8147],[-78.66924,35.81468]]],[[[-78.66938,35.81469],[-78.66914,35.81491],[-78.66902,35.815],[-78.6692,35.81483],[-78.66938,35.81469]]],[[[-78.66744,35.81473],[-78.66767,35.81475],[-78.66776,35.81501],[-78.66879,35.81507],[-78.66743,35.8151],[-78.66761,35.81504],[-78.6676,35.81479],[-78.66744,35.81473]]],[[[-78.6878,35.81555],[-78.68831,35.81522],[-78.68914,35.81516],[-78.68847,35.81525],[-78.6878,35.81555]]],[[[-78.66863,35.81518],[-78.66868,35.81518],[-78.6687,35.8152],[-78.66863,35.81518]]],[[[-78.66835,35.81518],[-78.66817,35.81518],[-78.66827,35.81517],[-78.66835,35.81518]]],[[[-78.68764,35.81552],[-78.68765,35.81561],[-78.68759,35.81565],[-78.68764,35.81552]]],[[[-78.66742,35.81529],[-78.66764,35.81521],[-78.66788,35.81519],[-78.66755,35.81526],[-78.66742,35.81529]]],[[[-78.667,35.8155],[-78.66699,35.81554],[-78.66696,35.81552],[-78.667,35.8155]]],[[[-78.66594,35.8158],[-78.66561,35.81599],[-78.66516,35.81578],[-78.66653,35.81575],[-78.66614,35.81592],[-78.66594,35.8158]]],[[[-78.68803,35.81602],[-78.68821,35.81675],[-78.68812,35.81719],[-78.68822,35.81733],[-78.6878,35.81742],[-78.68806,35.8172],[-78.68811,35.81652],[-78.68803,35.81602]]],[[[-78.68771,35.81698],[-78.68791,35.81675],[-78.68772,35.81618],[-78.68778,35.81607],[-78.68794,35.81661],[-78.68794,35.81667],[-78.68788,35.81692],[-78.6872,35.81731],[-78.68699,35.8177],[-78.68689,35.81756],[-78.68757,35.81661],[-78.68771,35.81698]]],[[[-78.6875,35.81785],[-78.68744,35.81822],[-78.68732,35.8176],[-78.68759,35.81745],[-78.68739,35.8177],[-78.6875,35.81785]]],[[[-78.68705,35.81774],[-78.68729,35.81831],[-78.68727,35.81836],[-78.6871,35.81851],[-78.68718,35.81825],[-78.68703,35.81797],[-78.68705,35.81774]]],[[[-78.68749,35.81833],[-78.68747,35.81827],[-78.68755,35.81828],[-78.68749,35.81833]]],[[[-78.68693,35.81885],[-78.68709,35.81866],[-78.68746,35.81838],[-78.68709,35.8191],[-78.68693,35.81885]],[[-78.68699,35.8188],[-78.68709,35.81882],[-78.68701,35.81878],[-78.68699,35.8188]]],[[[-78.68699,35.81947],[-78.68707,35.81919],[-78.68699,35.81949],[-78.68699,35.81947]]],[[[-78.68693,35.81995],[-78.68697,35.81971],[-78.68705,35.81984],[-78.68693,35.81995]]],[[[-78.68692,35.81998],[-78.68693,35.81999],[-78.68688,35.82004],[-78.68692,35.81998]]],[[[-78.68675,35.81864],[-78.68681,35.81857],[-78.68706,35.81852],[-78.68677,35.81892],[-78.68693,35.8191],[-78.68676,35.81973],[-78.6858,35.82112],[-78.68535,35.82149],[-78.68582,35.82061],[-78.68559,35.82048],[-78.6863,35.82],[-78.68628,35.8195],[-78.68649,35.81907],[-78.68652,35.81925],[-78.68676,35.8192],[-78.68675,35.81887],[-78.6866,35.81898],[-78.68657,35.81897],[-78.68661,35.8188],[-78.68675,35.81864]],[[-78.68677,35.81867],[-78.68679,35.81864],[-78.68675,35.81864],[-78.68677,35.81867]]],[[[-78.68609,35.82137],[-78.68624,35.82156],[-78.68618,35.8219],[-78.68528,35.82319],[-78.68471,35.82442],[-78.68414,35.82482],[-78.68412,35.82508],[-78.68429,35.82518],[-78.68366,35.82619],[-78.68348,35.82609],[-78.68362,35.82578],[-78.68338,35.82596],[-78.68358,35.82577],[-78.68386,35.82565],[-78.68399,35.8255],[-78.68416,35.82448],[-78.68503,35.82316],[-78.68498,35.82294],[-78.68532,35.82266],[-78.68546,35.82166],[-78.68687,35.82006],[-78.68664,35.82055],[-78.68654,35.82069],[-78.68593,35.8214],[-78.68609,35.82137]]],[[[-78.683,35.82509],[-78.68364,35.82354],[-78.68352,35.82325],[-78.68384,35.82341],[-78.68366,35.82348],[-78.68361,35.82376],[-78.6834,35.82421],[-78.6833,35.8249],[-78.68305,35.82573],[-78.683,35.82584],[-78.68311,35.82515],[-78.683,35.82509]]],[[[-78.68388,35.82332],[-78.68442,35.82303],[-78.68456,35.82258],[-78.68483,35.82253],[-78.68522,35.822],[-78.68523,35.82174],[-78.68528,35.82157],[-78.68534,35.8215],[-78.68526,35.82215],[-78.68499,35.82258],[-78.68463,35.82261],[-78.6846,35.82308],[-78.68447,35.82318],[-78.68384,35.82341],[-78.68388,35.82332]]],[[[-78.68311,35.82653],[-78.68317,35.82655],[-78.68285,35.82673],[-78.68311,35.82653]]],[[[-78.68239,35.82665],[-78.68276,35.82643],[-78.68255,35.82661],[-78.68158,35.8269],[-78.68199,35.82666],[-78.68239,35.82665]]],[[[-78.68264,35.82716],[-78.68178,35.82829],[-78.68114,35.82879],[-78.68192,35.8279],[-78.68191,35.82747],[-78.68212,35.82714],[-78.68282,35.82679],[-78.68254,35.82697],[-78.68264,35.82716]]],[[[-78.68148,35.82703],[-78.68138,35.82797],[-78.68099,35.82851],[-78.68138,35.82708],[-78.68148,35.82703]]],[[[-78.68092,35.82868],[-78.68084,35.82885],[-78.68087,35.82873],[-78.68092,35.82868]]],[[[-78.68085,35.82897],[-78.68084,35.82894],[-78.68086,35.82896],[-78.68085,35.82897]]],[[[-78.68103,35.82944],[-78.68115,35.82939],[-78.681,35.82947],[-78.68103,35.82944]]],[[[-78.68116,35.82971],[-78.68117,35.8294],[-78.68122,35.82946],[-78.68116,35.82971]]],[[[-78.676,35.83493],[-78.6765,35.83461],[-78.67699,35.83335],[-78.67738,35.83306],[-78.6779,35.8319],[-78.68012,35.83011],[-78.6805,35.8299],[-78.68061,35.83004],[-78.68101,35.82972],[-78.68072,35.8301],[-78.67888,35.83113],[-78.67837,35.8318],[-78.67718,35.83408],[-78.67713,35.83482],[-78.67627,35.83545],[-78.67649,35.836],[-78.6761,35.83653],[-78.67555,35.83641],[-78.67612,35.83611],[-78.67598,35.836],[-78.6761,35.83565],[-78.67579,35.83543],[-78.676,35.83493]]],[[[-78.67745,35.83477],[-78.67744,35.83428],[-78.67797,35.83375],[-78.67795,35.83311],[-78.6782,35.83258],[-78.67871,35.83217],[-78.67831,35.83284],[-78.67814,35.83371],[-78.67751,35.83435],[-78.67756,35.8355],[-78.67723,35.83616],[-78.67735,35.83657],[-78.6787,35.83704],[-78.67885,35.83721],[-78.67867,35.83721],[-78.67864,35.83744],[-78.67716,35.83674],[-78.67629,35.83657],[-78.67655,35.83638],[-78.6766,35.83552],[-78.67745,35.83477]]],[[[-78.6787,35.83187],[-78.67887,35.83157],[-78.6792,35.83122],[-78.68111,35.82989],[-78.68042,35.83082],[-78.67994,35.83088],[-78.6789,35.83156],[-78.67901,35.83168],[-78.67871,35.83217],[-78.6787,35.83187]]],[[[-78.67183,35.83789],[-78.67199,35.83785],[-78.67296,35.83799],[-78.6719,35.83788],[-78.67183,35.83789]]],[[[-78.68137,35.83641],[-78.68144,35.83677],[-78.68118,35.83768],[-78.6815,35.83791],[-78.68085,35.83821],[-78.68087,35.83852],[-78.68128,35.8391],[-78.6814,35.83899],[-78.68164,35.83915],[-78.68183,35.8394],[-78.68173,35.83944],[-78.68255,35.84014],[-78.68045,35.83861],[-78.67957,35.83816],[-78.67906,35.83764],[-78.67975,35.83781],[-78.68034,35.83819],[-78.68056,35.83788],[-78.68076,35.83685],[-78.68137,35.83641]]],[[[-78.66927,35.83707],[-78.66782,35.837],[-78.66766,35.83723],[-78.66783,35.83746],[-78.66741,35.83745],[-78.66781,35.8376],[-78.66814,35.83841],[-78.66897,35.83897],[-78.66917,35.83892],[-78.66917,35.8387],[-78.66981,35.83882],[-78.66984,35.83864],[-78.67105,35.83803],[-78.67148,35.83794],[-78.6709,35.83822],[-78.66985,35.83911],[-78.66905,35.83926],[-78.66848,35.83904],[-78.66695,35.83776],[-78.66591,35.83765],[-78.6639,35.83774],[-78.66265,35.83737],[-78.66382,35.8373],[-78.66465,35.83763],[-78.66495,35.83717],[-78.66691,35.83677],[-78.66927,35.83707]]],[[[-78.67385,35.83842],[-78.67373,35.83853],[-78.6725,35.83822],[-78.67385,35.83842]]],[[[-78.66523,35.83865],[-78.66448,35.83873],[-78.66413,35.83888],[-78.66417,35.83971],[-78.66388,35.84045],[-78.6627,35.84134],[-78.66251,35.84201],[-78.66218,35.84226],[-78.6624,35.84182],[-78.6621,35.84139],[-78.66336,35.84082],[-78.66387,35.84033],[-78.6641,35.83942],[-78.66372,35.83905],[-78.66394,35.83843],[-78.66525,35.83831],[-78.66646,35.83848],[-78.66766,35.83892],[-78.66809,35.83915],[-78.6682,35.83925],[-78.66826,35.83932],[-78.66831,35.8394],[-78.6676,35.83899],[-78.66716,35.83901],[-78.66654,35.83867],[-78.666,35.83865],[-78.66593,35.83876],[-78.66523,35.83865]]],[[[-78.67012,35.83931],[-78.67109,35.83854],[-78.67192,35.83826],[-78.67217,35.83823],[-78.67205,35.83827],[-78.67216,35.83887],[-78.67279,35.83899],[-78.67275,35.83929],[-78.67258,35.83901],[-78.67064,35.83919],[-78.67038,35.83934],[-78.67026,35.83973],[-78.66993,35.83956],[-78.66852,35.83969],[-78.66836,35.83946],[-78.66849,35.8396],[-78.66894,35.83962],[-78.67012,35.83931]]],[[[-78.68767,35.84332],[-78.68782,35.84356],[-78.68897,35.84381],[-78.68944,35.84357],[-78.68978,35.84396],[-78.69127,35.84456],[-78.6891,35.84393],[-78.6861,35.84331],[-78.68484,35.84255],[-78.68459,35.84175],[-78.68505,35.84241],[-78.68545,35.84247],[-78.68631,35.84299],[-78.68767,35.84332]]],[[[-78.66863,35.85906],[-78.66897,35.85884],[-78.6698,35.85885],[-78.66995,35.85898],[-78.67001,35.85881],[-78.67025,35.85882],[-78.67053,35.85916],[-78.66949,35.85891],[-78.66892,35.85895],[-78.66864,35.8591],[-78.66816,35.85977],[-78.66863,35.85906]]],[[[-78.66956,35.85944],[-78.67053,35.85936],[-78.67065,35.8594],[-78.66981,35.85956],[-78.66956,35.85944]]],[[[-78.66859,35.85969],[-78.66839,35.86004],[-78.66739,35.86022],[-78.66658,35.86025],[-78.66567,35.86056],[-78.66692,35.8601],[-78.66789,35.86012],[-78.6682,35.85998],[-78.6686,35.85967],[-78.66875,35.85959],[-78.66913,35.85947],[-78.66949,35.85944],[-78.66919,35.85968],[-78.66859,35.85969]]],[[[-78.6729,35.85949],[-78.67337,35.85989],[-78.67379,35.85988],[-78.67402,35.86026],[-78.67391,35.86049],[-78.67417,35.86131],[-78.67401,35.86135],[-78.67392,35.86098],[-78.67377,35.86087],[-78.67359,35.86003],[-78.67214,35.8594],[-78.67229,35.85922],[-78.6729,35.85949]]],[[[-78.66589,35.86017],[-78.66644,35.85992],[-78.66781,35.85994],[-78.66666,35.85997],[-78.66587,35.86019],[-78.66589,35.86017]]],[[[-78.6739,35.86138],[-78.67356,35.86102],[-78.67334,35.86026],[-78.6727,35.86006],[-78.67214,35.86006],[-78.67196,35.85966],[-78.67346,35.86017],[-78.6739,35.86138]]],[[[-78.68242,35.91197],[-78.68289,35.91186],[-78.68342,35.912],[-78.68389,35.91195],[-78.68416,35.91209],[-78.6843,35.91197],[-78.68446,35.91195],[-78.68468,35.91158],[-78.68488,35.91156],[-78.685,35.91162],[-78.68495,35.91198],[-78.68413,35.9121],[-78.6828,35.91202],[-78.68207,35.91242],[-78.68213,35.91181],[-78.68242,35.91197]]],[[[-78.68517,35.91206],[-78.68571,35.91246],[-78.68593,35.91272],[-78.68495,35.91198],[-78.68517,35.91206]]],[[[-78.68376,35.91227],[-78.68441,35.91242],[-78.68424,35.91248],[-78.68376,35.91227]]],[[[-78.68071,35.91234],[-78.68046,35.91234],[-78.68034,35.91235],[-78.68046,35.91229],[-78.68071,35.91234]]],[[[-78.68676,35.91278],[-78.68711,35.91276],[-78.6874,35.9128],[-78.68685,35.9128],[-78.68674,35.91293],[-78.68576,35.91309],[-78.6857,35.91297],[-78.68505,35.91291],[-78.68494,35.91282],[-78.68501,35.91211],[-78.68502,35.91214],[-78.68496,35.91278],[-78.68585,35.913],[-78.68676,35.91278]]],[[[-78.68487,35.91216],[-78.68478,35.91282],[-78.68457,35.9124],[-78.68471,35.9124],[-78.68487,35.91214],[-78.68497,35.9121],[-78.68501,35.91211],[-78.68487,35.91216]]],[[[-78.6826,35.91276],[-78.68209,35.91259],[-78.68292,35.91233],[-78.68251,35.91266],[-78.6826,35.91276]]],[[[-78.67762,35.91315],[-78.67777,35.91307],[-78.67768,35.9125],[-78.67796,35.91182],[-78.67835,35.91251],[-78.67834,35.91289],[-78.67869,35.91319],[-78.67944,35.9129],[-78.67942,35.91279],[-78.67954,35.91284],[-78.67974,35.91262],[-78.67997,35.9125],[-78.68006,35.91247],[-78.67903,35.9133],[-78.67875,35.91374],[-78.67732,35.91363],[-78.67771,35.91363],[-78.67795,35.91341],[-78.67762,35.91315]]],[[[-78.68087,35.91256],[-78.68151,35.91256],[-78.68079,35.91263],[-78.68093,35.91269],[-78.68011,35.91296],[-78.67891,35.91377],[-78.68041,35.91259],[-78.68087,35.91256]]],[[[-78.67653,35.91744],[-78.67671,35.9178],[-78.67697,35.91853],[-78.67687,35.91935],[-78.67651,35.91865],[-78.6766,35.91826],[-78.67642,35.91815],[-78.67665,35.9177],[-78.6764,35.91753],[-78.67616,35.9176],[-78.67658,35.91715],[-78.67661,35.917],[-78.67642,35.91695],[-78.6768,35.91634],[-78.67751,35.91601],[-78.67749,35.91526],[-78.67769,35.91485],[-78.67757,35.91466],[-78.67803,35.91474],[-78.67799,35.91587],[-78.67733,35.9162],[-78.67694,35.91659],[-78.67653,35.91744]]],[[[-78.67874,35.91552],[-78.67859,35.91619],[-78.67789,35.91657],[-78.67758,35.91659],[-78.67711,35.91708],[-78.67731,35.91721],[-78.6772,35.91781],[-78.67783,35.91906],[-78.67725,35.91924],[-78.6773,35.91854],[-78.6769,35.91743],[-78.67722,35.91683],[-78.67742,35.91656],[-78.67835,35.91611],[-78.67848,35.9154],[-78.67816,35.91477],[-78.6784,35.91483],[-78.67902,35.91543],[-78.67874,35.91552]]],[[[-78.67616,35.91949],[-78.67618,35.91952],[-78.67614,35.9195],[-78.67616,35.91949]]],[[[-78.67652,35.91945],[-78.67633,35.91948],[-78.67643,35.91941],[-78.67652,35.91945]]],[[[-78.64406,35.71702],[-78.64367,35.7173],[-78.64371,35.7177],[-78.64365,35.71786],[-78.6435,35.71787],[-78.64364,35.71779],[-78.64359,35.71755],[-78.64367,35.71714],[-78.64438,35.71639],[-78.64406,35.71702]]],[[[-78.64403,35.71648],[-78.64404,35.71648],[-78.64403,35.71651],[-78.64402,35.71649],[-78.64403,35.71648]]],[[[-78.64356,35.71692],[-78.64336,35.71682],[-78.64365,35.71684],[-78.64375,35.71666],[-78.64399,35.71656],[-78.64357,35.71699],[-78.64347,35.71777],[-78.64332,35.71724],[-78.64356,35.71692]]],[[[-78.64102,35.71945],[-78.64098,35.71913],[-78.64081,35.71926],[-78.64087,35.71944],[-78.64062,35.7193],[-78.64096,35.71887],[-78.64148,35.7186],[-78.64157,35.71836],[-78.64184,35.71848],[-78.64216,35.71841],[-78.64236,35.71818],[-78.64267,35.71817],[-78.64344,35.71779],[-78.64234,35.71842],[-78.64228,35.71868],[-78.64102,35.71945]],[[-78.6409,35.71906],[-78.64098,35.71912],[-78.6411,35.71897],[-78.64095,35.71899],[-78.6409,35.71906]]],[[[-78.64253,35.71849],[-78.64346,35.71789],[-78.64367,35.71803],[-78.64363,35.71838],[-78.6434,35.71803],[-78.64315,35.71817],[-78.64295,35.71862],[-78.6426,35.71869],[-78.64137,35.71959],[-78.6412,35.71948],[-78.64102,35.71955],[-78.64243,35.7188],[-78.64253,35.71849]]],[[[-78.64006,35.73848],[-78.63905,35.73681],[-78.63905,35.73671],[-78.63978,35.7373],[-78.64006,35.73848]]],[[[-78.64136,35.73827],[-78.64177,35.73842],[-78.64146,35.73854],[-78.6417,35.73861],[-78.64153,35.73891],[-78.64111,35.7389],[-78.64096,35.73938],[-78.64066,35.73859],[-78.64115,35.73793],[-78.64136,35.73827]]],[[[-78.64032,35.73893],[-78.64008,35.73852],[-78.64025,35.73874],[-78.64032,35.73893]]],[[[-78.64078,35.74072],[-78.64072,35.74108],[-78.64059,35.74169],[-78.6407,35.74084],[-78.64049,35.74022],[-78.64044,35.73974],[-78.64062,35.73956],[-78.64043,35.73912],[-78.6408,35.73981],[-78.64078,35.74072]]],[[[-78.64057,35.74176],[-78.64026,35.7424],[-78.64043,35.74194],[-78.64057,35.74176]]],[[[-78.63977,35.74414],[-78.64019,35.74284],[-78.64011,35.74354],[-78.63977,35.74414]]],[[[-78.63857,35.74424],[-78.63905,35.74417],[-78.63922,35.744],[-78.63954,35.74281],[-78.63995,35.74283],[-78.63929,35.74432],[-78.63936,35.74482],[-78.63854,35.74524],[-78.63908,35.74465],[-78.63883,35.74455],[-78.63923,35.74451],[-78.63857,35.74424]]],[[[-78.63938,35.74491],[-78.63937,35.74494],[-78.63935,35.74493],[-78.63938,35.74491]]],[[[-78.63716,35.7509],[-78.63747,35.75031],[-78.63744,35.75048],[-78.63788,35.7503],[-78.6376,35.75017],[-78.63784,35.74982],[-78.63851,35.74977],[-78.63866,35.74918],[-78.63933,35.74853],[-78.63921,35.74821],[-78.63926,35.74785],[-78.63913,35.74769],[-78.63906,35.7475],[-78.63907,35.74743],[-78.63929,35.74784],[-78.63925,35.74828],[-78.63945,35.74866],[-78.6392,35.74919],[-78.63871,35.74948],[-78.63855,35.74986],[-78.63784,35.74984],[-78.63878,35.75009],[-78.63846,35.75018],[-78.63839,35.75044],[-78.63889,35.75151],[-78.64134,35.75217],[-78.64139,35.75296],[-78.64166,35.75309],[-78.6416,35.75361],[-78.64197,35.75363],[-78.64207,35.75386],[-78.64184,35.75403],[-78.64176,35.75434],[-78.64127,35.75441],[-78.64124,35.75405],[-78.63966,35.75412],[-78.63898,35.754],[-78.63794,35.75354],[-78.63808,35.75284],[-78.63757,35.7515],[-78.63716,35.7509]]],[[[-78.63909,35.74693],[-78.64013,35.74524],[-78.63989,35.74466],[-78.64019,35.74474],[-78.64001,35.74441],[-78.64082,35.74326],[-78.64125,35.74334],[-78.64178,35.74321],[-78.64169,35.74368],[-78.64153,35.74354],[-78.64096,35.74361],[-78.64077,35.74541],[-78.64052,35.74605],[-78.64029,35.74618],[-78.64031,35.74641],[-78.63971,35.74675],[-78.63947,35.74745],[-78.63907,35.74743],[-78.63909,35.74693]]],[[[-78.65051,35.75429],[-78.64922,35.75431],[-78.6501,35.75428],[-78.65051,35.75429]]],[[[-78.64926,35.7542],[-78.64931,35.7541],[-78.6519,35.75418],[-78.65309,35.7544],[-78.6556,35.75546],[-78.65614,35.75582],[-78.65624,35.75613],[-78.65605,35.75618],[-78.65451,35.75565],[-78.65281,35.75565],[-78.65223,35.75495],[-78.65093,35.75426],[-78.65039,35.75414],[-78.64926,35.7542]]],[[[-78.64158,35.75615],[-78.64158,35.75632],[-78.64117,35.75664],[-78.64125,35.75679],[-78.64189,35.75662],[-78.64396,35.7565],[-78.64424,35.75636],[-78.64434,35.75604],[-78.64417,35.75479],[-78.64446,35.7543],[-78.6444,35.7541],[-78.64458,35.75399],[-78.64609,35.75366],[-78.64733,35.75371],[-78.64883,35.75412],[-78.6468,35.75375],[-78.64568,35.75382],[-78.64478,35.75408],[-78.64439,35.75474],[-78.64438,35.75597],[-78.64429,35.75651],[-78.6432,35.75679],[-78.64221,35.75665],[-78.6412,35.75686],[-78.63982,35.75668],[-78.63833,35.75605],[-78.63757,35.75594],[-78.6364,35.75617],[-78.6373,35.75546],[-78.63798,35.75517],[-78.63899,35.755],[-78.63889,35.75568],[-78.63902,35.75566],[-78.6398,35.75535],[-78.63947,35.75499],[-78.64107,35.75486],[-78.64117,35.7546],[-78.64149,35.75459],[-78.64165,35.75463],[-78.64174,35.75492],[-78.64134,35.75616],[-78.64158,35.75615]],[[-78.63963,35.75636],[-78.63996,35.75648],[-78.63986,35.75666],[-78.64029,35.75651],[-78.64059,35.75605],[-78.64064,35.75573],[-78.63966,35.75611],[-78.63963,35.75636]]],[[[-78.63606,35.75664],[-78.6366,35.75647],[-78.63694,35.75654],[-78.63747,35.75681],[-78.63797,35.75728],[-78.63748,35.75687],[-78.63727,35.75686],[-78.63705,35.75697],[-78.63707,35.7573],[-78.63695,35.7569],[-78.63644,35.75684],[-78.63552,35.75868],[-78.6361,35.7564],[-78.6364,35.75617],[-78.63606,35.75664]]],[[[-78.65611,35.75886],[-78.65663,35.75885],[-78.65738,35.75904],[-78.65671,35.75891],[-78.65613,35.75891],[-78.65532,35.75774],[-78.65501,35.75647],[-78.65413,35.75598],[-78.65288,35.75568],[-78.65418,35.75571],[-78.65592,35.75635],[-78.65617,35.7566],[-78.65595,35.75696],[-78.65577,35.75803],[-78.65611,35.75886]]],[[[-78.65803,35.75898],[-78.65816,35.75908],[-78.65745,35.75906],[-78.65738,35.75904],[-78.65803,35.75898]]],[[[-78.65274,35.75943],[-78.65232,35.75919],[-78.65228,35.75881],[-78.65271,35.75863],[-78.6526,35.7567],[-78.6528,35.75634],[-78.65218,35.75632],[-78.65186,35.75569],[-78.6521,35.75564],[-78.65141,35.75558],[-78.65075,35.75434],[-78.6528,35.75628],[-78.65284,35.75643],[-78.65271,35.75681],[-78.65274,35.75714],[-78.65296,35.75776],[-78.65346,35.75838],[-78.65451,35.75905],[-78.65617,35.75963],[-78.65725,35.75961],[-78.65822,35.75925],[-78.65854,35.7604],[-78.65785,35.76039],[-78.65744,35.76069],[-78.65703,35.76071],[-78.65598,35.76035],[-78.65515,35.76027],[-78.65488,35.76038],[-78.65414,35.75966],[-78.65274,35.75943]]],[[[-78.65842,35.75897],[-78.65836,35.75733],[-78.65867,35.75668],[-78.66242,35.75755],[-78.66394,35.75828],[-78.66041,35.75754],[-78.65973,35.75768],[-78.65861,35.75843],[-78.65842,35.75897]]],[[[-78.64212,35.76368],[-78.64188,35.76368],[-78.64178,35.76335],[-78.64204,35.76312],[-78.64206,35.76287],[-78.64143,35.76262],[-78.64103,35.76282],[-78.64064,35.76187],[-78.63993,35.76116],[-78.63982,35.75996],[-78.63998,35.75915],[-78.63931,35.75913],[-78.63904,35.75874],[-78.63879,35.75779],[-78.63797,35.75728],[-78.63883,35.75764],[-78.63981,35.75867],[-78.63989,35.75845],[-78.63922,35.75783],[-78.64038,35.75705],[-78.6409,35.7572],[-78.64201,35.75684],[-78.64286,35.75701],[-78.64361,35.75695],[-78.64378,35.75697],[-78.64429,35.75721],[-78.64487,35.75709],[-78.64493,35.75614],[-78.64528,35.75498],[-78.64565,35.75437],[-78.64599,35.75413],[-78.64703,35.75393],[-78.64882,35.75432],[-78.64794,35.75431],[-78.64746,35.75407],[-78.64668,35.75405],[-78.64578,35.75462],[-78.64543,35.75532],[-78.64551,35.75667],[-78.64453,35.75738],[-78.64491,35.75771],[-78.64585,35.75775],[-78.64572,35.75796],[-78.64455,35.75813],[-78.64418,35.75781],[-78.64402,35.75715],[-78.64371,35.75697],[-78.64278,35.75705],[-78.64202,35.75688],[-78.64171,35.75696],[-78.64147,35.75729],[-78.64125,35.75724],[-78.64116,35.7574],[-78.64077,35.75731],[-78.64042,35.7584],[-78.64082,35.75898],[-78.64074,35.75926],[-78.64168,35.75994],[-78.64194,35.76038],[-78.64232,35.76052],[-78.64235,35.76095],[-78.64264,35.76133],[-78.64294,35.76228],[-78.64284,35.76257],[-78.64328,35.76276],[-78.64309,35.7628],[-78.64323,35.76315],[-78.64326,35.7635],[-78.64321,35.76483],[-78.64312,35.76509],[-78.64287,35.76521],[-78.64325,35.76349],[-78.64306,35.76282],[-78.6428,35.76258],[-78.64289,35.76224],[-78.64252,35.76129],[-78.64161,35.76007],[-78.64069,35.75925],[-78.64039,35.75882],[-78.64022,35.75881],[-78.64012,35.75891],[-78.64082,35.76032],[-78.64184,35.7617],[-78.64203,35.76255],[-78.64261,35.76365],[-78.64232,35.76531],[-78.64248,35.76568],[-78.64224,35.76547],[-78.64207,35.76446],[-78.64179,35.76411],[-78.64215,35.76392],[-78.64212,35.76368]]],[[[-78.66061,35.75966],[-78.6603,35.75993],[-78.66047,35.76013],[-78.66045,35.76052],[-78.66004,35.76044],[-78.6597,35.75998],[-78.65923,35.7601],[-78.65894,35.76042],[-78.65841,35.7592],[-78.65905,35.75925],[-78.66053,35.75904],[-78.66102,35.75914],[-78.66154,35.75945],[-78.66296,35.75969],[-78.66436,35.76017],[-78.66885,35.76245],[-78.66989,35.76268],[-78.67112,35.7628],[-78.67177,35.76294],[-78.67067,35.7628],[-78.67102,35.76351],[-78.67037,35.76397],[-78.67001,35.76379],[-78.66952,35.76322],[-78.66945,35.76291],[-78.66893,35.76287],[-78.66854,35.76311],[-78.66643,35.76151],[-78.66506,35.76094],[-78.6647,35.76052],[-78.66345,35.76034],[-78.66237,35.76038],[-78.66225,35.76013],[-78.66208,35.7602],[-78.66181,35.75979],[-78.66126,35.75996],[-78.66061,35.75966]]],[[[-78.64273,35.76601],[-78.64322,35.76624],[-78.64279,35.76614],[-78.64273,35.76601]]],[[[-78.64476,35.76559],[-78.64684,35.7665],[-78.64656,35.76687],[-78.64626,35.76712],[-78.6464,35.76662],[-78.64567,35.7661],[-78.645,35.76599],[-78.64357,35.76609],[-78.64305,35.7656],[-78.64367,35.76606],[-78.64476,35.76559]]],[[[-78.64512,35.76791],[-78.64511,35.76809],[-78.64421,35.76712],[-78.64346,35.76663],[-78.64326,35.76627],[-78.64403,35.7666],[-78.6455,35.76666],[-78.64605,35.76699],[-78.64442,35.7672],[-78.64512,35.76791]]],[[[-78.64759,35.76705],[-78.64784,35.76738],[-78.64776,35.76757],[-78.64731,35.76758],[-78.64737,35.76794],[-78.64695,35.76754],[-78.64724,35.76727],[-78.64759,35.76705]]],[[[-78.64671,35.76791],[-78.64794,35.76972],[-78.64733,35.76932],[-78.64715,35.76887],[-78.64682,35.76874],[-78.64666,35.76841],[-78.64634,35.76829],[-78.64611,35.76836],[-78.64619,35.76824],[-78.64695,35.76754],[-78.64671,35.76791]]],[[[-78.64779,35.76917],[-78.64763,35.76831],[-78.64787,35.76883],[-78.64779,35.76917]]],[[[-78.64859,35.76982],[-78.6488,35.76994],[-78.64828,35.7697],[-78.64859,35.76954],[-78.64859,35.76982]]],[[[-78.6482,35.7705],[-78.64825,35.77003],[-78.6481,35.76985],[-78.64892,35.77012],[-78.64848,35.77002],[-78.6482,35.7705]]],[[[-78.64913,35.77015],[-78.65113,35.77048],[-78.65166,35.77065],[-78.64972,35.77031],[-78.64913,35.77015]]],[[[-78.65237,35.7706],[-78.65278,35.77094],[-78.65316,35.77104],[-78.65324,35.77126],[-78.6519,35.7705],[-78.64924,35.76997],[-78.65181,35.7699],[-78.65237,35.7706]]],[[[-78.65339,35.7714],[-78.65326,35.77127],[-78.65337,35.77133],[-78.65339,35.7714]]],[[[-78.6539,35.77163],[-78.65354,35.7715],[-78.65376,35.77153],[-78.6539,35.77163]]],[[[-78.656,35.77281],[-78.6562,35.77299],[-78.65635,35.77373],[-78.6561,35.77401],[-78.65657,35.77442],[-78.65704,35.77451],[-78.65789,35.77441],[-78.65806,35.77471],[-78.65689,35.77457],[-78.65629,35.77493],[-78.656,35.77407],[-78.65617,35.77302],[-78.65576,35.77267],[-78.65528,35.77256],[-78.65491,35.77231],[-78.65576,35.77265],[-78.656,35.77281]]],[[[-78.65592,35.77317],[-78.65592,35.77347],[-78.65551,35.77292],[-78.65492,35.77264],[-78.65493,35.773],[-78.65521,35.77309],[-78.65553,35.77355],[-78.65591,35.77363],[-78.65569,35.7742],[-78.656,35.7751],[-78.65642,35.77507],[-78.6565,35.7754],[-78.65759,35.77557],[-78.65747,35.77577],[-78.6576,35.77613],[-78.65658,35.77619],[-78.65655,35.77607],[-78.65607,35.77601],[-78.65519,35.77537],[-78.6551,35.77509],[-78.65552,35.77457],[-78.65542,35.77363],[-78.65271,35.7718],[-78.65315,35.7714],[-78.65554,35.77275],[-78.65592,35.77317]],[[-78.6547,35.7726],[-78.65443,35.77248],[-78.65471,35.77282],[-78.65486,35.77251],[-78.6547,35.7726]],[[-78.65318,35.77157],[-78.65303,35.77169],[-78.65349,35.77208],[-78.65393,35.77214],[-78.65345,35.77162],[-78.65318,35.77157]]],[[[-78.6572,35.77483],[-78.6581,35.77489],[-78.65775,35.77488],[-78.6572,35.77483]]],[[[-78.65875,35.77483],[-78.65822,35.77477],[-78.65818,35.77476],[-78.65848,35.77478],[-78.65875,35.77483]]],[[[-78.65885,35.77485],[-78.65922,35.77501],[-78.6606,35.77586],[-78.66181,35.7767],[-78.66239,35.7769],[-78.66243,35.77694],[-78.66176,35.77671],[-78.65934,35.77511],[-78.65875,35.77483],[-78.65885,35.77485]]],[[[-78.66256,35.77706],[-78.66281,35.77745],[-78.66243,35.77694],[-78.66256,35.77706]]],[[[-78.6629,35.77807],[-78.66293,35.77832],[-78.66287,35.77809],[-78.66281,35.77745],[-78.66306,35.77802],[-78.6629,35.77807]]],[[[-78.66267,35.77762],[-78.66265,35.77765],[-78.6625,35.77739],[-78.6621,35.77724],[-78.66218,35.77747],[-78.66254,35.77765],[-78.66256,35.77874],[-78.66294,35.77868],[-78.66335,35.77892],[-78.66329,35.77921],[-78.66416,35.77959],[-78.66441,35.77991],[-78.66599,35.78033],[-78.66568,35.78033],[-78.66428,35.77993],[-78.66425,35.77982],[-78.66323,35.77983],[-78.66298,35.77932],[-78.66313,35.77884],[-78.66269,35.77908],[-78.66253,35.77894],[-78.66236,35.77817],[-78.66197,35.77796],[-78.66169,35.77756],[-78.66187,35.77711],[-78.6611,35.77637],[-78.66193,35.77696],[-78.66238,35.77708],[-78.66268,35.77754],[-78.66267,35.77762]]],[[[-78.66621,35.78029],[-78.66638,35.78037],[-78.66703,35.78029],[-78.66703,35.78068],[-78.66685,35.78043],[-78.66655,35.78054],[-78.66583,35.78054],[-78.66627,35.78033],[-78.66599,35.78033],[-78.66621,35.78029]]],[[[-78.66372,35.77876],[-78.66374,35.779],[-78.66416,35.77894],[-78.66605,35.7795],[-78.66425,35.77898],[-78.66374,35.77902],[-78.66311,35.77853],[-78.66336,35.77847],[-78.6635,35.77871],[-78.66372,35.77876]]],[[[-78.66643,35.77962],[-78.66708,35.78016],[-78.66605,35.7795],[-78.66643,35.77962]]],[[[-78.64296,35.79197],[-78.64272,35.7924],[-78.64283,35.79173],[-78.6425,35.79152],[-78.64258,35.79122],[-78.6429,35.79104],[-78.64272,35.79073],[-78.6428,35.79022],[-78.64366,35.78886],[-78.64382,35.78886],[-78.64341,35.79102],[-78.64312,35.7914],[-78.64312,35.79211],[-78.64296,35.79197]]],[[[-78.64355,35.79351],[-78.64357,35.79351],[-78.64357,35.79352],[-78.64355,35.79351]]],[[[-78.64181,35.79525],[-78.64087,35.79588],[-78.64041,35.79709],[-78.63996,35.79721],[-78.64049,35.79596],[-78.64072,35.79577],[-78.64088,35.79488],[-78.64133,35.79496],[-78.64156,35.79531],[-78.64181,35.79525]]],[[[-78.64246,35.79396],[-78.64234,35.79381],[-78.64273,35.79322],[-78.64282,35.79276],[-78.64301,35.79227],[-78.64303,35.79223],[-78.64308,35.79216],[-78.64272,35.79337],[-78.64197,35.79515],[-78.64181,35.79525],[-78.64246,35.79396]]],[[[-78.64226,35.79473],[-78.64259,35.79414],[-78.64295,35.79368],[-78.6434,35.79204],[-78.64352,35.79303],[-78.64376,35.79317],[-78.64367,35.79339],[-78.64342,35.79338],[-78.64355,35.79351],[-78.64329,35.79376],[-78.64262,35.79415],[-78.64204,35.79573],[-78.64148,35.79587],[-78.64125,35.7962],[-78.64141,35.79587],[-78.64197,35.79556],[-78.64226,35.79473]]],[[[-78.64222,35.79661],[-78.64195,35.79619],[-78.64262,35.79658],[-78.64294,35.7961],[-78.64373,35.79712],[-78.64501,35.79767],[-78.64455,35.79782],[-78.6438,35.79776],[-78.64273,35.79711],[-78.64243,35.79675],[-78.64214,35.79696],[-78.64188,35.79693],[-78.6416,35.79729],[-78.64047,35.7977],[-78.63996,35.79819],[-78.63974,35.79821],[-78.6396,35.7981],[-78.64014,35.79738],[-78.64074,35.7972],[-78.64125,35.7962],[-78.64222,35.79661]]],[[[-78.66647,35.80079],[-78.66603,35.80109],[-78.66576,35.80174],[-78.66589,35.80251],[-78.66584,35.80263],[-78.66556,35.80264],[-78.66563,35.80206],[-78.66601,35.80109],[-78.66633,35.80054],[-78.66647,35.80079]]],[[[-78.66528,35.80264],[-78.66546,35.80197],[-78.66515,35.80149],[-78.66592,35.80053],[-78.66614,35.80054],[-78.66565,35.80111],[-78.66547,35.80265],[-78.66528,35.80264]]],[[[-78.66539,35.80326],[-78.66548,35.80284],[-78.66551,35.80277],[-78.66546,35.803],[-78.66539,35.80326]]],[[[-78.66549,35.8043],[-78.66541,35.80449],[-78.66545,35.80428],[-78.66533,35.8035],[-78.66534,35.80345],[-78.66537,35.80336],[-78.6655,35.80386],[-78.66549,35.8043]]],[[[-78.66506,35.80524],[-78.66489,35.80521],[-78.66509,35.80455],[-78.66506,35.80389],[-78.66459,35.80354],[-78.66514,35.80344],[-78.66543,35.80277],[-78.66512,35.80384],[-78.66518,35.80434],[-78.66506,35.80524]]],[[[-78.66522,35.80525],[-78.66541,35.8045],[-78.66552,35.80516],[-78.66522,35.80525]]],[[[-78.66507,35.80543],[-78.66512,35.80556],[-78.66508,35.80549],[-78.66507,35.80543]]],[[[-78.66512,35.80556],[-78.66518,35.80564],[-78.66515,35.80561],[-78.66512,35.80556]]],[[[-78.66569,35.80599],[-78.66548,35.80664],[-78.66534,35.80685],[-78.66503,35.80696],[-78.66516,35.80716],[-78.66511,35.80734],[-78.66505,35.80743],[-78.6643,35.80785],[-78.66508,35.80736],[-78.66479,35.80701],[-78.66545,35.80667],[-78.66564,35.80603],[-78.66517,35.80546],[-78.66569,35.80576],[-78.66569,35.80599]]],[[[-78.66495,35.80724],[-78.66495,35.80732],[-78.66488,35.8074],[-78.66455,35.80758],[-78.66445,35.80768],[-78.66406,35.80792],[-78.66413,35.80784],[-78.66487,35.80731],[-78.66465,35.80701],[-78.66531,35.80658],[-78.66537,35.8062],[-78.66512,35.80582],[-78.66521,35.80573],[-78.66506,35.80576],[-78.66518,35.80564],[-78.66519,35.80564],[-78.66544,35.80604],[-78.66538,35.8065],[-78.66527,35.80667],[-78.66468,35.80702],[-78.66495,35.80724]]],[[[-78.66398,35.80806],[-78.66382,35.80827],[-78.66373,35.80846],[-78.66379,35.8087],[-78.66367,35.8085],[-78.66385,35.80815],[-78.66406,35.80792],[-78.66398,35.80806]]],[[[-78.66404,35.80852],[-78.66412,35.80875],[-78.66386,35.80843],[-78.66422,35.80792],[-78.66425,35.80825],[-78.66404,35.80852]]],[[[-78.66412,35.80875],[-78.66418,35.80882],[-78.66418,35.80891],[-78.66412,35.80875]]],[[[-78.66388,35.8087],[-78.66404,35.80898],[-78.66387,35.80878],[-78.66388,35.8087]]],[[[-78.66436,35.80982],[-78.66431,35.81022],[-78.66413,35.81034],[-78.66434,35.80984],[-78.6642,35.80899],[-78.66457,35.80982],[-78.66436,35.80982]]],[[[-78.66366,35.8103],[-78.6639,35.8104],[-78.66393,35.81043],[-78.66357,35.81031],[-78.66328,35.81003],[-78.66357,35.80941],[-78.66404,35.80898],[-78.66383,35.80928],[-78.66388,35.80976],[-78.66366,35.8103]]],[[[-78.66395,35.81069],[-78.66403,35.81049],[-78.66401,35.81064],[-78.66395,35.81069]]],[[[-78.6639,35.81043],[-78.66391,35.81052],[-78.6637,35.81071],[-78.66373,35.8105],[-78.6639,35.81043]]],[[[-78.66128,35.81484],[-78.66178,35.81439],[-78.66208,35.81359],[-78.6623,35.81346],[-78.66049,35.8168],[-78.6601,35.81734],[-78.65925,35.81797],[-78.65916,35.81837],[-78.65877,35.81914],[-78.65857,35.81886],[-78.65893,35.81858],[-78.65857,35.81816],[-78.65877,35.81779],[-78.65873,35.81723],[-78.65921,35.81745],[-78.65963,35.8172],[-78.65971,35.81687],[-78.66044,35.81661],[-78.66062,35.816],[-78.66054,35.81553],[-78.66078,35.81495],[-78.66128,35.81484]]],[[[-78.66235,35.81261],[-78.66241,35.81236],[-78.66269,35.81176],[-78.66333,35.81106],[-78.6627,35.8109],[-78.66339,35.81093],[-78.66368,35.81076],[-78.66243,35.81236],[-78.6623,35.81346],[-78.66235,35.81261]]],[[[-78.65873,35.81924],[-78.65839,35.81934],[-78.65877,35.81914],[-78.65873,35.81924]]],[[[-78.66369,35.81111],[-78.66351,35.81118],[-78.66387,35.81084],[-78.66377,35.81105],[-78.66369,35.81111]]],[[[-78.66351,35.81119],[-78.66339,35.81153],[-78.66322,35.81189],[-78.66283,35.81222],[-78.66281,35.81288],[-78.66311,35.81321],[-78.66305,35.81365],[-78.66239,35.81422],[-78.66185,35.81509],[-78.6621,35.81532],[-78.66243,35.81516],[-78.66275,35.8156],[-78.66327,35.81573],[-78.66112,35.81604],[-78.66264,35.81332],[-78.66271,35.8124],[-78.66291,35.81208],[-78.66317,35.8119],[-78.66351,35.81118],[-78.66351,35.81119]]],[[[-78.66399,35.81556],[-78.66423,35.81553],[-78.66439,35.81556],[-78.66399,35.81556]]],[[[-78.66365,35.81562],[-78.66377,35.81558],[-78.66399,35.81556],[-78.66365,35.81562]]],[[[-78.66451,35.81558],[-78.66486,35.81561],[-78.66487,35.81565],[-78.66451,35.81558]]],[[[-78.66349,35.81567],[-78.66353,35.81565],[-78.66361,35.81563],[-78.66349,35.81567]]],[[[-78.66431,35.81575],[-78.66426,35.81575],[-78.66416,35.81573],[-78.66431,35.81575]]],[[[-78.66447,35.81577],[-78.66488,35.81578],[-78.66451,35.81578],[-78.66447,35.81577]]],[[[-78.66374,35.81595],[-78.66344,35.81606],[-78.66325,35.81652],[-78.66312,35.81645],[-78.6627,35.81665],[-78.66269,35.8168],[-78.66076,35.81712],[-78.66055,35.81741],[-78.66076,35.81756],[-78.65993,35.81815],[-78.66005,35.81857],[-78.65978,35.81911],[-78.65951,35.8194],[-78.65936,35.81942],[-78.65915,35.81958],[-78.65896,35.81965],[-78.65896,35.81964],[-78.65905,35.81961],[-78.65984,35.81822],[-78.66131,35.81633],[-78.66368,35.81586],[-78.66374,35.81595]]],[[[-78.65894,35.81972],[-78.65862,35.81989],[-78.65861,35.81989],[-78.65896,35.81965],[-78.65894,35.81972]]],[[[-78.65852,35.81999],[-78.65847,35.82002],[-78.65861,35.81989],[-78.65852,35.81999]]],[[[-78.65809,35.82009],[-78.65845,35.82002],[-78.65812,35.82012],[-78.65809,35.82009]]],[[[-78.65655,35.82098],[-78.65682,35.82038],[-78.65693,35.82027],[-78.65839,35.81935],[-78.65689,35.82033],[-78.65657,35.82098],[-78.65618,35.82148],[-78.65584,35.82148],[-78.65581,35.82136],[-78.65612,35.82143],[-78.65655,35.82098]]],[[[-78.6545,35.82093],[-78.65473,35.82101],[-78.65484,35.82108],[-78.6545,35.82093]]],[[[-78.65423,35.82102],[-78.6539,35.82118],[-78.654,35.82109],[-78.65423,35.82102]]],[[[-78.65581,35.82136],[-78.65534,35.82108],[-78.65496,35.82115],[-78.65502,35.82092],[-78.65565,35.82116],[-78.65581,35.82136]]],[[[-78.6577,35.82018],[-78.65785,35.82007],[-78.65791,35.82005],[-78.65717,35.82115],[-78.65733,35.822],[-78.65716,35.82217],[-78.65718,35.82255],[-78.65696,35.82247],[-78.65687,35.82213],[-78.65656,35.82223],[-78.65716,35.82058],[-78.65755,35.82033],[-78.6577,35.82018]]],[[[-78.63555,35.8205],[-78.63575,35.82061],[-78.63579,35.82115],[-78.63532,35.82136],[-78.63532,35.82135],[-78.63456,35.821],[-78.63505,35.82058],[-78.63555,35.8205]]],[[[-78.63598,35.82226],[-78.6365,35.82257],[-78.63721,35.82234],[-78.63743,35.8212],[-78.63785,35.82075],[-78.63842,35.8207],[-78.63855,35.82085],[-78.63887,35.82074],[-78.63906,35.82003],[-78.6394,35.81963],[-78.6393,35.82085],[-78.64028,35.82111],[-78.64131,35.82177],[-78.64162,35.82174],[-78.64238,35.82125],[-78.64298,35.82127],[-78.64294,35.82113],[-78.64316,35.82111],[-78.64377,35.82026],[-78.64438,35.81981],[-78.64465,35.81981],[-78.64477,35.81953],[-78.64499,35.82018],[-78.64514,35.82021],[-78.64528,35.81979],[-78.6454,35.81983],[-78.64528,35.8203],[-78.64549,35.82033],[-78.64587,35.82011],[-78.64578,35.82033],[-78.64604,35.82036],[-78.64593,35.82068],[-78.64578,35.82067],[-78.64598,35.82081],[-78.64624,35.82078],[-78.64614,35.82094],[-78.64632,35.82154],[-78.64704,35.82208],[-78.64734,35.82212],[-78.64739,35.82299],[-78.64813,35.82313],[-78.64825,35.82337],[-78.65014,35.82414],[-78.6477,35.82399],[-78.64642,35.82265],[-78.64567,35.82225],[-78.64443,35.82244],[-78.643,35.82201],[-78.64139,35.82181],[-78.64042,35.82149],[-78.63836,35.82124],[-78.63743,35.82147],[-78.63727,35.82304],[-78.63664,35.82345],[-78.63639,35.82326],[-78.63532,35.82136],[-78.63598,35.82226]]],[[[-78.65294,35.82226],[-78.65266,35.82248],[-78.65282,35.82295],[-78.65322,35.8232],[-78.65322,35.82346],[-78.65279,35.823],[-78.65263,35.82261],[-78.65264,35.82232],[-78.65292,35.82223],[-78.65286,35.82201],[-78.6529,35.82183],[-78.65298,35.82175],[-78.6534,35.82146],[-78.65389,35.82119],[-78.65291,35.82185],[-78.65294,35.82226]]],[[[-78.65541,35.82245],[-78.65578,35.82249],[-78.65582,35.82231],[-78.65656,35.82223],[-78.65656,35.82233],[-78.65526,35.82264],[-78.655,35.82229],[-78.65425,35.82241],[-78.65455,35.82225],[-78.65507,35.82221],[-78.65541,35.82245]]],[[[-78.65365,35.82292],[-78.65385,35.82349],[-78.6534,35.82348],[-78.65369,35.82272],[-78.65425,35.82241],[-78.65365,35.82292]]],[[[-78.65253,35.82397],[-78.65276,35.82374],[-78.65318,35.82364],[-78.65286,35.82395],[-78.65253,35.82397]]],[[[-78.65187,35.82364],[-78.65247,35.82397],[-78.65166,35.82419],[-78.65078,35.82424],[-78.65036,35.82418],[-78.65062,35.82401],[-78.65084,35.82419],[-78.65135,35.82416],[-78.65149,35.8237],[-78.65187,35.82364]]],[[[-78.65331,35.82427],[-78.65354,35.82361],[-78.65344,35.82416],[-78.65339,35.82425],[-78.65317,35.82435],[-78.65257,35.82434],[-78.65207,35.82454],[-78.65128,35.82472],[-78.65058,35.82451],[-78.65013,35.82474],[-78.64993,35.82459],[-78.65017,35.82433],[-78.65101,35.82454],[-78.65216,35.82447],[-78.6525,35.82426],[-78.65331,35.82427]]],[[[-78.64894,35.82555],[-78.64832,35.82499],[-78.64819,35.82482],[-78.64805,35.82444],[-78.64863,35.82433],[-78.64998,35.82428],[-78.64864,35.82439],[-78.64818,35.82474],[-78.64894,35.82555]]],[[[-78.64687,35.82655],[-78.64666,35.82639],[-78.64679,35.82575],[-78.64663,35.82546],[-78.64601,35.82488],[-78.64394,35.8242],[-78.64372,35.82373],[-78.64226,35.82272],[-78.64186,35.82302],[-78.64227,35.82332],[-78.6421,35.82355],[-78.64128,35.82316],[-78.64114,35.82351],[-78.63916,35.82422],[-78.63852,35.82432],[-78.63801,35.82453],[-78.63782,35.82483],[-78.63742,35.82495],[-78.63675,35.82474],[-78.63623,35.825],[-78.63571,35.8249],[-78.63579,35.8246],[-78.63538,35.82417],[-78.63539,35.82383],[-78.63466,35.82212],[-78.63404,35.82147],[-78.6347,35.82205],[-78.63562,35.82414],[-78.63623,35.8247],[-78.63735,35.82451],[-78.63811,35.8241],[-78.6385,35.82338],[-78.63848,35.8224],[-78.63864,35.82227],[-78.63986,35.82255],[-78.64169,35.82248],[-78.64214,35.82265],[-78.6425,35.82283],[-78.64408,35.8237],[-78.64571,35.82406],[-78.6478,35.82586],[-78.64902,35.8262],[-78.64892,35.82668],[-78.64871,35.82673],[-78.64767,35.82629],[-78.64714,35.82627],[-78.64699,35.82666],[-78.64671,35.82679],[-78.64672,35.82712],[-78.64668,35.82676],[-78.64687,35.82655]]],[[[-78.64905,35.82566],[-78.64898,35.82558],[-78.64936,35.8259],[-78.64905,35.82566]]],[[[-78.63771,35.82615],[-78.6375,35.8264],[-78.63776,35.82553],[-78.63741,35.82514],[-78.63779,35.82507],[-78.63785,35.82568],[-78.63771,35.82615]]],[[[-78.65088,35.82738],[-78.64993,35.82678],[-78.64941,35.82597],[-78.65042,35.82665],[-78.65088,35.82738]]],[[[-78.65502,35.82867],[-78.65475,35.82853],[-78.65135,35.82832],[-78.65104,35.82837],[-78.65078,35.82862],[-78.65069,35.82852],[-78.65106,35.82804],[-78.65032,35.82782],[-78.64987,35.82739],[-78.64912,35.82721],[-78.64923,35.82633],[-78.65001,35.82744],[-78.65051,35.82784],[-78.6516,35.82804],[-78.65408,35.82813],[-78.65522,35.82846],[-78.65526,35.82933],[-78.65465,35.83023],[-78.65475,35.83153],[-78.65578,35.83268],[-78.65694,35.83354],[-78.65672,35.83368],[-78.65581,35.83362],[-78.65573,35.83342],[-78.6553,35.83345],[-78.65536,35.83316],[-78.65518,35.83299],[-78.6549,35.83304],[-78.6548,35.8334],[-78.65445,35.83321],[-78.65393,35.83325],[-78.65474,35.83251],[-78.65458,35.83221],[-78.65431,35.83224],[-78.65463,35.83084],[-78.65455,35.83029],[-78.65514,35.82921],[-78.65502,35.82867]]],[[[-78.65561,35.82825],[-78.65659,35.82744],[-78.65721,35.82744],[-78.65675,35.82766],[-78.65617,35.82828],[-78.65605,35.82945],[-78.65621,35.82976],[-78.65617,35.83027],[-78.6564,35.83001],[-78.65653,35.83031],[-78.65633,35.83041],[-78.65637,35.83084],[-78.65618,35.83049],[-78.6559,35.83049],[-78.65608,35.83082],[-78.6558,35.83085],[-78.6558,35.83103],[-78.65615,35.8312],[-78.65651,35.83201],[-78.6571,35.83255],[-78.65765,35.83274],[-78.65864,35.83376],[-78.65887,35.83376],[-78.65886,35.83401],[-78.65519,35.83144],[-78.65511,35.83026],[-78.65583,35.82908],[-78.65585,35.82862],[-78.65569,35.82835],[-78.65387,35.82774],[-78.65399,35.82774],[-78.65516,35.82807],[-78.65561,35.82825]]],[[[-78.65289,35.82778],[-78.65171,35.82771],[-78.65109,35.8275],[-78.65142,35.82744],[-78.65242,35.82774],[-78.65387,35.82774],[-78.65289,35.82778]]],[[[-78.66301,35.83675],[-78.66216,35.83684],[-78.66188,35.83633],[-78.66063,35.83508],[-78.65936,35.83428],[-78.66155,35.83533],[-78.66222,35.83612],[-78.66304,35.83657],[-78.66301,35.83675]]],[[[-78.65883,35.83493],[-78.65874,35.83456],[-78.66013,35.83525],[-78.66136,35.83673],[-78.66077,35.83636],[-78.65995,35.83539],[-78.65883,35.83493]]],[[[-78.66376,35.83845],[-78.6636,35.83915],[-78.66395,35.83935],[-78.66392,35.83973],[-78.66357,35.84055],[-78.6618,35.84143],[-78.66181,35.84161],[-78.66215,35.84183],[-78.66186,35.84242],[-78.66155,35.84228],[-78.66139,35.84171],[-78.66182,35.84127],[-78.66344,35.84032],[-78.66339,35.83897],[-78.66304,35.83877],[-78.66194,35.83868],[-78.66179,35.8389],[-78.66154,35.83844],[-78.66125,35.83817],[-78.66095,35.83813],[-78.66175,35.83733],[-78.66264,35.83817],[-78.66321,35.83844],[-78.66376,35.83845]]],[[[-78.66405,35.85232],[-78.66424,35.85213],[-78.66425,35.85138],[-78.66366,35.85088],[-78.664,35.85056],[-78.66403,35.84979],[-78.66367,35.84879],[-78.66346,35.84859],[-78.66309,35.84841],[-78.66131,35.84819],[-78.66124,35.84779],[-78.66101,35.84758],[-78.66181,35.84652],[-78.66293,35.84583],[-78.66324,35.84544],[-78.66315,35.84491],[-78.66344,35.84384],[-78.66307,35.84344],[-78.66253,35.84333],[-78.66233,35.84258],[-78.66255,35.84245],[-78.6628,35.84328],[-78.66395,35.84323],[-78.66413,35.84372],[-78.66358,35.84518],[-78.6624,35.84698],[-78.66149,35.84766],[-78.66196,35.84772],[-78.66224,35.84813],[-78.66299,35.84825],[-78.66401,35.84764],[-78.66482,35.84764],[-78.66505,35.84788],[-78.66538,35.8489],[-78.66485,35.85047],[-78.66414,35.85071],[-78.66473,35.8508],[-78.66437,35.85099],[-78.66444,35.8514],[-78.66414,35.85324],[-78.66436,35.85342],[-78.66499,35.85345],[-78.66522,35.85383],[-78.66428,35.85362],[-78.66409,35.85368],[-78.66386,35.85452],[-78.66365,35.85468],[-78.66165,35.85533],[-78.6634,35.85468],[-78.66379,35.85413],[-78.66405,35.85232]]],[[[-78.66071,35.84849],[-78.66061,35.84769],[-78.66209,35.8455],[-78.66199,35.84463],[-78.6624,35.8445],[-78.66264,35.84425],[-78.66256,35.84401],[-78.66185,35.84407],[-78.66196,35.84382],[-78.66177,35.8436],[-78.66219,35.84335],[-78.66202,35.84275],[-78.66218,35.84265],[-78.66236,35.84344],[-78.66279,35.84362],[-78.66294,35.84395],[-78.6628,35.8442],[-78.6628,35.84547],[-78.66158,35.84637],[-78.66077,35.84752],[-78.66113,35.84782],[-78.66126,35.84829],[-78.66284,35.84853],[-78.66317,35.84878],[-78.66371,35.84981],[-78.66386,35.85049],[-78.66355,35.85093],[-78.66409,35.85149],[-78.66413,35.85179],[-78.66362,35.85428],[-78.66293,35.8548],[-78.66162,35.85519],[-78.66271,35.85476],[-78.66342,35.85427],[-78.66342,35.85354],[-78.66405,35.85163],[-78.66349,35.85128],[-78.6635,35.85088],[-78.66373,35.85043],[-78.66366,35.84999],[-78.66294,35.84868],[-78.66092,35.84827],[-78.66071,35.84849]]],[[[-78.66103,35.85562],[-78.66124,35.85532],[-78.66104,35.85571],[-78.66079,35.85558],[-78.66103,35.85562]]],[[[-78.66128,35.85529],[-78.66138,35.85524],[-78.6615,35.85522],[-78.66125,35.85532],[-78.66124,35.85532],[-78.66128,35.85529]]],[[[-78.66164,35.85533],[-78.66129,35.8554],[-78.66138,35.85535],[-78.66164,35.85533]]],[[[-78.66109,35.85606],[-78.66127,35.85623],[-78.66103,35.8562],[-78.66114,35.85571],[-78.66119,35.85569],[-78.66128,35.85541],[-78.66129,35.8554],[-78.66109,35.85606]]],[[[-78.6609,35.85606],[-78.66103,35.85573],[-78.66095,35.8562],[-78.66064,35.85614],[-78.6609,35.85606]]],[[[-78.66453,35.8606],[-78.66511,35.86079],[-78.66485,35.86081],[-78.66305,35.86032],[-78.66319,35.86005],[-78.66304,35.85958],[-78.66345,35.85913],[-78.66342,35.85977],[-78.66453,35.8606]]],[[[-78.66547,35.86062],[-78.66526,35.86077],[-78.66511,35.86079],[-78.66547,35.86062]]],[[[-78.66554,35.86066],[-78.66531,35.86092],[-78.66448,35.86097],[-78.66431,35.86111],[-78.66418,35.86167],[-78.66437,35.86219],[-78.66402,35.86204],[-78.66368,35.86213],[-78.66355,35.8612],[-78.6629,35.86093],[-78.66296,35.86065],[-78.6627,35.86044],[-78.66236,35.86041],[-78.66189,35.86087],[-78.66232,35.86014],[-78.66411,35.86079],[-78.66519,35.86088],[-78.66554,35.86066]]],[[[-78.65581,35.86666],[-78.6545,35.86653],[-78.6545,35.86639],[-78.65489,35.86641],[-78.65581,35.86666]]],[[[-78.65157,35.86678],[-78.65045,35.86851],[-78.64943,35.86848],[-78.64858,35.86808],[-78.64951,35.86822],[-78.65034,35.86807],[-78.65142,35.86683],[-78.65182,35.86662],[-78.65234,35.86661],[-78.65322,35.86564],[-78.65358,35.86552],[-78.654,35.86576],[-78.65419,35.86653],[-78.65364,35.86669],[-78.65298,35.86727],[-78.65269,35.86724],[-78.65237,35.86687],[-78.6518,35.86664],[-78.65157,35.86678]]],[[[-78.65428,35.86679],[-78.65402,35.86733],[-78.65411,35.86775],[-78.65375,35.86814],[-78.65313,35.86837],[-78.6525,35.86806],[-78.65214,35.86821],[-78.65126,35.86817],[-78.65178,35.86753],[-78.65279,35.86782],[-78.65322,35.86776],[-78.65381,35.86738],[-78.65428,35.86679]]],[[[-78.6506,35.87193],[-78.65037,35.87174],[-78.64995,35.87168],[-78.65054,35.87124],[-78.65061,35.87098],[-78.64967,35.86991],[-78.65038,35.8688],[-78.65049,35.86991],[-78.65087,35.87065],[-78.65123,35.87083],[-78.65096,35.87175],[-78.65098,35.87221],[-78.65116,35.8724],[-78.6497,35.87277],[-78.64946,35.87297],[-78.64857,35.87342],[-78.64784,35.87412],[-78.64845,35.87345],[-78.64929,35.87301],[-78.64972,35.87255],[-78.65017,35.87245],[-78.65058,35.87213],[-78.6506,35.87193]]],[[[-78.6515,35.86942],[-78.65186,35.86992],[-78.65198,35.87054],[-78.65261,35.87094],[-78.65334,35.87091],[-78.65371,35.87123],[-78.65383,35.87154],[-78.65363,35.8723],[-78.65393,35.87273],[-78.654,35.87338],[-78.65467,35.87359],[-78.65539,35.87344],[-78.65582,35.87365],[-78.65578,35.87385],[-78.65607,35.87404],[-78.65609,35.87433],[-78.65638,35.87471],[-78.6569,35.87477],[-78.65728,35.87512],[-78.65594,35.87477],[-78.6557,35.87388],[-78.65535,35.87353],[-78.6546,35.87364],[-78.65347,35.87322],[-78.65323,35.87251],[-78.65341,35.8711],[-78.65324,35.87099],[-78.65257,35.87102],[-78.65158,35.87034],[-78.65163,35.87001],[-78.65108,35.86959],[-78.65108,35.86863],[-78.65151,35.86883],[-78.6515,35.86942]]],[[[-78.65125,35.87255],[-78.65111,35.87168],[-78.65148,35.87154],[-78.65175,35.87092],[-78.65279,35.87135],[-78.65247,35.87204],[-78.65243,35.87273],[-78.65266,35.87325],[-78.65314,35.87355],[-78.6543,35.87384],[-78.6551,35.87388],[-78.65512,35.87491],[-78.65542,35.8752],[-78.65724,35.87543],[-78.65647,35.87552],[-78.65529,35.87541],[-78.65484,35.87561],[-78.6545,35.87611],[-78.65426,35.87611],[-78.65472,35.87485],[-78.65473,35.87421],[-78.6543,35.87393],[-78.65295,35.87378],[-78.65266,35.87348],[-78.65237,35.87272],[-78.65235,35.87236],[-78.65261,35.87145],[-78.65231,35.87119],[-78.65153,35.87194],[-78.65133,35.87262],[-78.65015,35.87293],[-78.6496,35.87331],[-78.64886,35.8734],[-78.64792,35.87418],[-78.64866,35.87346],[-78.65005,35.87277],[-78.65125,35.87255]]],[[[-78.63498,35.87469],[-78.6358,35.8745],[-78.63897,35.87497],[-78.63803,35.87494],[-78.63721,35.87474],[-78.6358,35.87478],[-78.63478,35.87492],[-78.63442,35.8752],[-78.63423,35.87492],[-78.6347,35.87459],[-78.63498,35.87469]]],[[[-78.63827,35.87558],[-78.63741,35.87489],[-78.63742,35.87489],[-78.63886,35.87554],[-78.63827,35.87558]]],[[[-78.63686,35.87511],[-78.63633,35.87498],[-78.63541,35.87506],[-78.63467,35.87535],[-78.63446,35.87526],[-78.63479,35.87508],[-78.63679,35.87488],[-78.63731,35.87487],[-78.63741,35.87489],[-78.63686,35.87511]]],[[[-78.64471,35.8768],[-78.64534,35.87663],[-78.64545,35.8768],[-78.64477,35.87691],[-78.64444,35.87662],[-78.64419,35.8768],[-78.64399,35.87685],[-78.64364,35.87689],[-78.64444,35.87656],[-78.64471,35.8768]]],[[[-78.64489,35.87733],[-78.64528,35.87716],[-78.64559,35.87729],[-78.64507,35.87747],[-78.64475,35.87784],[-78.64489,35.87733]]],[[[-78.64448,35.87751],[-78.64444,35.87785],[-78.64412,35.87867],[-78.64405,35.87855],[-78.64448,35.87751]]],[[[-78.64257,35.88177],[-78.64214,35.88158],[-78.64227,35.88086],[-78.64249,35.88049],[-78.64228,35.88134],[-78.64257,35.88177]]],[[[-78.641,35.88349],[-78.64101,35.88323],[-78.64078,35.88305],[-78.64098,35.88264],[-78.64169,35.88204],[-78.64125,35.88339],[-78.64125,35.8845],[-78.64116,35.88462],[-78.64003,35.88532],[-78.63994,35.88526],[-78.6409,35.88468],[-78.64094,35.88401],[-78.64079,35.88367],[-78.641,35.88349]]],[[[-78.6401,35.88536],[-78.64146,35.88456],[-78.64078,35.88556],[-78.6401,35.88536]]],[[[-78.57952,35.95637],[-78.57814,35.95746],[-78.57806,35.95752],[-78.57787,35.95767],[-78.57668,35.95861],[-78.57556,35.96069],[-78.57516,35.96072],[-78.57476,35.96145],[-78.57486,35.96068],[-78.5745,35.96048],[-78.57451,35.96023],[-78.57407,35.96033],[-78.57403,35.9606],[-78.5738,35.96073],[-78.57382,35.95967],[-78.57438,35.95998],[-78.57503,35.95971],[-78.57515,35.95932],[-78.57499,35.95919],[-78.57538,35.9591],[-78.57587,35.95853],[-78.57558,35.95789],[-78.57606,35.95797],[-78.57679,35.95729],[-78.57636,35.95647],[-78.57731,35.95689],[-78.57756,35.95687],[-78.57765,35.9567],[-78.57747,35.9564],[-78.57768,35.95602],[-78.57732,35.95585],[-78.57807,35.95536],[-78.57675,35.95509],[-78.57617,35.95461],[-78.57569,35.95465],[-78.57616,35.95454],[-78.5776,35.95464],[-78.57769,35.95433],[-78.57716,35.95334],[-78.57725,35.95324],[-78.57799,35.95399],[-78.57854,35.95414],[-78.57867,35.95405],[-78.57782,35.95263],[-78.57745,35.95254],[-78.57737,35.95242],[-78.57784,35.95249],[-78.57857,35.95313],[-78.57912,35.95318],[-78.57905,35.95304],[-78.57942,35.95327],[-78.57984,35.953],[-78.58006,35.95316],[-78.58019,35.95361],[-78.58063,35.95389],[-78.58071,35.95366],[-78.58054,35.95329],[-78.58114,35.95284],[-78.58103,35.95195],[-78.58034,35.9515],[-78.58057,35.95085],[-78.58043,35.95058],[-78.58003,35.95047],[-78.5796,35.95083],[-78.57909,35.95078],[-78.57862,35.95125],[-78.5783,35.95136],[-78.5784,35.95063],[-78.57811,35.95007],[-78.57825,35.94952],[-78.57866,35.94976],[-78.57942,35.94941],[-78.57957,35.94894],[-78.57993,35.94861],[-78.57989,35.94833],[-78.5806,35.94767],[-78.58172,35.94592],[-78.58152,35.94513],[-78.58168,35.94499],[-78.58214,35.94497],[-78.58243,35.94441],[-78.58272,35.94347],[-78.58261,35.94291],[-78.5833,35.94044],[-78.58403,35.93968],[-78.58456,35.93871],[-78.58487,35.93925],[-78.58491,35.93976],[-78.58513,35.93997],[-78.58552,35.94],[-78.5865,35.93945],[-78.5875,35.93773],[-78.58749,35.93715],[-78.58786,35.93668],[-78.58792,35.93631],[-78.58864,35.93587],[-78.58896,35.93588],[-78.58934,35.93568],[-78.59037,35.93485],[-78.59119,35.93376],[-78.59156,35.93359],[-78.59152,35.93268],[-78.59165,35.93258],[-78.5921,35.93354],[-78.59178,35.93418],[-78.59193,35.9344],[-78.59136,35.93537],[-78.59058,35.93624],[-78.5916,35.93605],[-78.59185,35.93556],[-78.59215,35.93599],[-78.59278,35.93572],[-78.5927,35.93616],[-78.59298,35.93616],[-78.59294,35.93635],[-78.59253,35.93654],[-78.5925,35.93708],[-78.59196,35.93728],[-78.59173,35.93868],[-78.59199,35.93887],[-78.5927,35.9389],[-78.5931,35.93877],[-78.59229,35.94095],[-78.59076,35.94301],[-78.59034,35.94264],[-78.59041,35.9419],[-78.59026,35.94154],[-78.58978,35.94157],[-78.58928,35.94196],[-78.5891,35.94191],[-78.58892,35.94151],[-78.58858,35.94176],[-78.58837,35.94248],[-78.58851,35.94291],[-78.58822,35.94331],[-78.58822,35.9436],[-78.58836,35.94389],[-78.5891,35.94435],[-78.58789,35.94509],[-78.58583,35.94666],[-78.58568,35.94752],[-78.58528,35.94722],[-78.58489,35.94722],[-78.58466,35.94771],[-78.58395,35.94811],[-78.58398,35.94843],[-78.58349,35.94859],[-78.583,35.94905],[-78.58336,35.95004],[-78.58374,35.95015],[-78.58397,35.95043],[-78.58424,35.94983],[-78.58453,35.94998],[-78.58494,35.94967],[-78.58329,35.95276],[-78.58206,35.95412],[-78.58016,35.95581],[-78.5798,35.95594],[-78.57952,35.95637]]],[[[-78.59511,35.93434],[-78.59543,35.93411],[-78.59538,35.93386],[-78.59633,35.93387],[-78.59603,35.93435],[-78.59525,35.93454],[-78.59511,35.93434]]],[[[-78.5966,35.93325],[-78.5966,35.93299],[-78.5961,35.9328],[-78.5957,35.93235],[-78.59535,35.9323],[-78.59668,35.93225],[-78.59635,35.93109],[-78.59585,35.93076],[-78.59577,35.93023],[-78.59742,35.93183],[-78.59734,35.93197],[-78.59729,35.93206],[-78.59717,35.93226],[-78.59712,35.93234],[-78.59696,35.93259],[-78.59691,35.93266],[-78.59682,35.93278],[-78.5968,35.93285],[-78.59653,35.93346],[-78.59648,35.93356],[-78.59617,35.93332],[-78.5966,35.93325]]],[[[-78.59813,35.93002],[-78.59822,35.93005],[-78.5981,35.93015],[-78.59813,35.93002]]],[[[-78.6049,35.92225],[-78.6053,35.92278],[-78.60483,35.92346],[-78.60483,35.92446],[-78.60435,35.92491],[-78.60432,35.92515],[-78.60404,35.92494],[-78.60387,35.92507],[-78.60415,35.92559],[-78.60392,35.92586],[-78.60405,35.92605],[-78.604,35.92658],[-78.60358,35.92658],[-78.60393,35.92456],[-78.6049,35.92225]]],[[[-78.61655,35.72329],[-78.61662,35.72353],[-78.6163,35.72352],[-78.6164,35.72332],[-78.61655,35.72329]]],[[[-78.61548,35.72342],[-78.6157,35.72301],[-78.61614,35.72303],[-78.6163,35.72295],[-78.61645,35.72314],[-78.6157,35.72326],[-78.61462,35.72423],[-78.61496,35.72377],[-78.61548,35.72342]]],[[[-78.61482,35.72473],[-78.61437,35.72484],[-78.61431,35.72516],[-78.61406,35.72519],[-78.61349,35.72577],[-78.61309,35.72591],[-78.61581,35.7234],[-78.61603,35.72346],[-78.61577,35.7238],[-78.61483,35.72445],[-78.61482,35.72473]]],[[[-78.63567,35.72883],[-78.63565,35.72818],[-78.63592,35.72816],[-78.636,35.72849],[-78.63665,35.72924],[-78.63606,35.72948],[-78.63567,35.72883]]],[[[-78.63586,35.72952],[-78.63519,35.72954],[-78.63505,35.72814],[-78.63532,35.72814],[-78.63534,35.72883],[-78.63586,35.72952]]],[[[-78.63662,35.72979],[-78.63655,35.73019],[-78.63632,35.73018],[-78.63622,35.72986],[-78.63662,35.72979]]],[[[-78.63569,35.72987],[-78.63604,35.72985],[-78.63616,35.73017],[-78.63569,35.72987]]],[[[-78.63612,35.73106],[-78.63608,35.7306],[-78.63626,35.73059],[-78.63621,35.7309],[-78.63612,35.73106]]],[[[-78.63651,35.73052],[-78.63644,35.73094],[-78.63633,35.73116],[-78.63616,35.73124],[-78.63636,35.73105],[-78.63651,35.73052]]],[[[-78.63603,35.73243],[-78.63582,35.73209],[-78.63598,35.73135],[-78.6359,35.73211],[-78.63619,35.73262],[-78.63603,35.73243]]],[[[-78.63622,35.73344],[-78.63622,35.7334],[-78.63629,35.73344],[-78.63622,35.73344]]],[[[-78.63726,35.73418],[-78.6367,35.73374],[-78.63626,35.7327],[-78.63707,35.73361],[-78.63726,35.73418]]],[[[-78.63627,35.73231],[-78.63658,35.7329],[-78.63692,35.73298],[-78.63712,35.73284],[-78.63692,35.73311],[-78.637,35.73326],[-78.63751,35.73361],[-78.63749,35.73417],[-78.63796,35.73467],[-78.63787,35.73516],[-78.63801,35.73554],[-78.63891,35.73636],[-78.63842,35.73617],[-78.63792,35.73553],[-78.63728,35.73358],[-78.63637,35.73273],[-78.63599,35.73216],[-78.636,35.73169],[-78.63609,35.73146],[-78.63604,35.73217],[-78.63627,35.73231]]],[[[-78.63756,35.73509],[-78.63723,35.73489],[-78.63699,35.73426],[-78.63728,35.73436],[-78.63751,35.73483],[-78.63756,35.73509]]],[[[-78.63982,35.74043],[-78.63989,35.73964],[-78.63962,35.7389],[-78.63917,35.7384],[-78.63866,35.73811],[-78.63884,35.7376],[-78.63839,35.73692],[-78.63767,35.73662],[-78.63725,35.73663],[-78.63775,35.73637],[-78.63762,35.73602],[-78.63777,35.73598],[-78.63747,35.73546],[-78.63756,35.7351],[-78.63801,35.73616],[-78.63864,35.73662],[-78.63867,35.73698],[-78.63932,35.73798],[-78.63939,35.73837],[-78.63963,35.73851],[-78.64028,35.73957],[-78.64012,35.74015],[-78.64033,35.74086],[-78.64006,35.74238],[-78.63938,35.74223],[-78.6398,35.74179],[-78.64001,35.7412],[-78.63982,35.74043]]],[[[-78.63844,35.74778],[-78.63867,35.74757],[-78.63867,35.74761],[-78.63844,35.74781],[-78.63768,35.74806],[-78.63718,35.74902],[-78.63764,35.74806],[-78.6379,35.74793],[-78.63844,35.74778]]],[[[-78.63852,35.74669],[-78.63901,35.74613],[-78.63871,35.7457],[-78.63848,35.74582],[-78.63881,35.74533],[-78.63938,35.74494],[-78.63949,35.7452],[-78.63926,35.746],[-78.63875,35.7467],[-78.63867,35.74757],[-78.63852,35.74669]]],[[[-78.63624,35.7499],[-78.63573,35.75022],[-78.63559,35.75023],[-78.63566,35.75014],[-78.63539,35.75026],[-78.63597,35.74988],[-78.63594,35.74958],[-78.63608,35.74944],[-78.63598,35.74975],[-78.63632,35.74984],[-78.6369,35.74968],[-78.63705,35.74935],[-78.63621,35.75217],[-78.63682,35.74997],[-78.63672,35.74985],[-78.63624,35.7499]]],[[[-78.63451,35.7568],[-78.6347,35.75681],[-78.63459,35.7573],[-78.63451,35.7568]]],[[[-78.60437,35.76197],[-78.60425,35.76216],[-78.60357,35.7604],[-78.60272,35.75977],[-78.60183,35.75937],[-78.60104,35.75926],[-78.59998,35.75953],[-78.59986,35.75976],[-78.59933,35.75993],[-78.59863,35.75922],[-78.59832,35.75775],[-78.5974,35.75693],[-78.59651,35.75654],[-78.59551,35.75638],[-78.59393,35.7565],[-78.59197,35.75714],[-78.59431,35.75593],[-78.59481,35.75546],[-78.59501,35.75574],[-78.59552,35.75564],[-78.59591,35.75624],[-78.59627,35.75638],[-78.59665,35.75613],[-78.59669,35.75589],[-78.59726,35.75586],[-78.59679,35.75559],[-78.59738,35.75564],[-78.59857,35.75601],[-78.59733,35.75584],[-78.59834,35.75627],[-78.59815,35.75706],[-78.59846,35.75784],[-78.59887,35.75811],[-78.59876,35.75836],[-78.59892,35.75949],[-78.59911,35.75965],[-78.59986,35.75974],[-78.60021,35.75886],[-78.60026,35.75895],[-78.60057,35.75838],[-78.60112,35.75835],[-78.60115,35.75799],[-78.60178,35.75856],[-78.60214,35.75861],[-78.60286,35.75904],[-78.60334,35.75901],[-78.60372,35.75932],[-78.60425,35.76053],[-78.60475,35.75922],[-78.60469,35.7585],[-78.60484,35.75829],[-78.60512,35.75823],[-78.60524,35.7576],[-78.60611,35.75787],[-78.6064,35.7578],[-78.6065,35.75806],[-78.60534,35.75808],[-78.60503,35.7588],[-78.60523,35.7588],[-78.60515,35.75907],[-78.60496,35.75888],[-78.60513,35.75946],[-78.60486,35.76015],[-78.60517,35.76082],[-78.60552,35.76089],[-78.60676,35.76069],[-78.6077,35.76117],[-78.60869,35.76141],[-78.6103,35.76129],[-78.61082,35.76137],[-78.61085,35.76156],[-78.61101,35.76157],[-78.61132,35.7614],[-78.61195,35.76228],[-78.6126,35.76229],[-78.61388,35.76206],[-78.61409,35.7619],[-78.6141,35.76159],[-78.61417,35.76167],[-78.61409,35.76124],[-78.61468,35.76081],[-78.61523,35.76073],[-78.6155,35.76042],[-78.61598,35.76022],[-78.61669,35.76012],[-78.61656,35.75988],[-78.61537,35.75999],[-78.61527,35.75854],[-78.61622,35.75859],[-78.61686,35.75897],[-78.61747,35.75881],[-78.61791,35.75776],[-78.61773,35.75742],[-78.61807,35.75738],[-78.61825,35.75698],[-78.62137,35.75497],[-78.62177,35.75446],[-78.62193,35.75456],[-78.62226,35.7544],[-78.62282,35.75468],[-78.62298,35.7552],[-78.62272,35.75562],[-78.62307,35.75611],[-78.62361,35.75629],[-78.62372,35.75686],[-78.624,35.75682],[-78.62418,35.75707],[-78.62555,35.75656],[-78.62679,35.7566],[-78.62746,35.75634],[-78.6275,35.75591],[-78.62812,35.75567],[-78.62847,35.75499],[-78.62838,35.75393],[-78.62911,35.75514],[-78.63002,35.7555],[-78.63012,35.75566],[-78.63062,35.75576],[-78.63123,35.75578],[-78.63127,35.75554],[-78.6315,35.75546],[-78.63174,35.75555],[-78.63232,35.75642],[-78.63264,35.75649],[-78.63386,35.75631],[-78.63405,35.75611],[-78.6343,35.75655],[-78.63446,35.75656],[-78.63448,35.75521],[-78.6347,35.75557],[-78.63471,35.75652],[-78.63442,35.75661],[-78.63226,35.75666],[-78.63104,35.75699],[-78.628,35.757],[-78.62536,35.75721],[-78.62427,35.75714],[-78.62373,35.75689],[-78.6231,35.75695],[-78.62144,35.75672],[-78.61971,35.7567],[-78.61927,35.75682],[-78.61849,35.75717],[-78.61806,35.75779],[-78.61768,35.75885],[-78.61768,35.76],[-78.61541,35.76159],[-78.61313,35.76231],[-78.61293,35.76255],[-78.61183,35.76245],[-78.60976,35.76178],[-78.60599,35.76095],[-78.60549,35.76109],[-78.60494,35.76236],[-78.6048,35.76247],[-78.60459,35.76256],[-78.60488,35.76223],[-78.60457,35.76091],[-78.6043,35.76073],[-78.60411,35.76109],[-78.60437,35.76197]]],[[[-78.60435,35.76233],[-78.60449,35.76225],[-78.60458,35.76256],[-78.60435,35.76233]]],[[[-78.60865,35.7645],[-78.60819,35.76448],[-78.60804,35.76392],[-78.60777,35.76366],[-78.60791,35.76336],[-78.6077,35.7631],[-78.60948,35.76396],[-78.61186,35.76429],[-78.61247,35.76409],[-78.61335,35.76336],[-78.61372,35.76295],[-78.61388,35.76239],[-78.61415,35.76227],[-78.61587,35.76291],[-78.61688,35.76272],[-78.61845,35.76147],[-78.61864,35.76056],[-78.61856,35.75942],[-78.61871,35.75862],[-78.61893,35.75848],[-78.61909,35.75847],[-78.61932,35.75861],[-78.61976,35.75927],[-78.62009,35.7594],[-78.62119,35.75922],[-78.62195,35.75943],[-78.62444,35.75957],[-78.62649,35.7599],[-78.62812,35.75988],[-78.63298,35.75848],[-78.63366,35.7578],[-78.63428,35.75684],[-78.63451,35.7568],[-78.63435,35.75684],[-78.63439,35.75858],[-78.63404,35.75903],[-78.63394,35.75881],[-78.63243,35.7588],[-78.63163,35.75914],[-78.63152,35.75965],[-78.63099,35.75947],[-78.63061,35.75968],[-78.62888,35.75974],[-78.62844,35.76027],[-78.62647,35.76087],[-78.62576,35.76068],[-78.62558,35.76046],[-78.62451,35.76065],[-78.62441,35.76012],[-78.6242,35.76009],[-78.62421,35.76051],[-78.6239,35.76075],[-78.62328,35.76081],[-78.62251,35.76049],[-78.62222,35.75997],[-78.62168,35.75971],[-78.62128,35.75929],[-78.62113,35.75925],[-78.6205,35.75986],[-78.61966,35.75968],[-78.61935,35.7587],[-78.61896,35.75854],[-78.61882,35.75865],[-78.61898,35.75991],[-78.61914,35.76008],[-78.61907,35.76182],[-78.61896,35.76208],[-78.61873,35.76215],[-78.61839,35.76318],[-78.61772,35.76405],[-78.61587,35.76462],[-78.61531,35.76462],[-78.61457,35.7629],[-78.6142,35.7623],[-78.61406,35.76235],[-78.61398,35.76251],[-78.61471,35.76492],[-78.61465,35.76581],[-78.6138,35.76449],[-78.61394,35.76426],[-78.61323,35.76371],[-78.61299,35.76381],[-78.6129,35.76412],[-78.61242,35.76435],[-78.61229,35.76469],[-78.61175,35.76489],[-78.61104,35.76549],[-78.61096,35.76629],[-78.61062,35.76614],[-78.61025,35.76645],[-78.60938,35.76519],[-78.60955,35.76477],[-78.60933,35.76442],[-78.60882,35.7643],[-78.60865,35.7645]]],[[[-78.62604,35.80292],[-78.62617,35.80301],[-78.62677,35.80247],[-78.6274,35.80219],[-78.62687,35.802],[-78.62675,35.80178],[-78.62698,35.80184],[-78.62706,35.8017],[-78.62811,35.80184],[-78.62828,35.80166],[-78.62925,35.80137],[-78.62926,35.80108],[-78.62978,35.80069],[-78.63101,35.80031],[-78.6307,35.80064],[-78.63266,35.80028],[-78.63288,35.80004],[-78.63369,35.7998],[-78.63425,35.79943],[-78.63492,35.79942],[-78.63594,35.79894],[-78.63618,35.79905],[-78.63645,35.79896],[-78.63695,35.79846],[-78.63736,35.79813],[-78.6366,35.79892],[-78.63624,35.7991],[-78.63115,35.80086],[-78.63002,35.80092],[-78.62946,35.80118],[-78.62854,35.80221],[-78.62846,35.80204],[-78.62803,35.80198],[-78.62776,35.80206],[-78.62791,35.80221],[-78.62749,35.80224],[-78.62736,35.80241],[-78.62749,35.80249],[-78.62849,35.80227],[-78.62835,35.80241],[-78.62726,35.80269],[-78.62635,35.80319],[-78.62553,35.80313],[-78.62542,35.80308],[-78.62639,35.80229],[-78.62604,35.80292]]],[[[-78.63782,35.79775],[-78.63869,35.79722],[-78.63957,35.79736],[-78.63809,35.79764],[-78.63736,35.79813],[-78.63782,35.79775]]],[[[-78.62921,35.80183],[-78.63014,35.80178],[-78.63199,35.80082],[-78.63653,35.79913],[-78.63696,35.79889],[-78.63707,35.79864],[-78.63764,35.79816],[-78.63756,35.79842],[-78.63712,35.79862],[-78.63708,35.79884],[-78.63685,35.79903],[-78.63381,35.80032],[-78.63387,35.80064],[-78.63349,35.80091],[-78.63358,35.80127],[-78.63315,35.8009],[-78.63316,35.80057],[-78.6327,35.8008],[-78.63252,35.80065],[-78.63195,35.80086],[-78.63167,35.8012],[-78.63118,35.80128],[-78.63144,35.80148],[-78.6321,35.80126],[-78.63199,35.80159],[-78.6317,35.80174],[-78.62947,35.8027],[-78.62888,35.80267],[-78.62833,35.80295],[-78.62767,35.80304],[-78.62737,35.80359],[-78.62637,35.80411],[-78.6255,35.80425],[-78.62528,35.80469],[-78.62507,35.80439],[-78.62476,35.80436],[-78.62517,35.8033],[-78.62642,35.80353],[-78.62862,35.80251],[-78.62921,35.80183]]],[[[-78.62383,35.80132],[-78.62442,35.80117],[-78.62479,35.80122],[-78.62499,35.80097],[-78.62517,35.80106],[-78.62512,35.80126],[-78.62483,35.80134],[-78.62446,35.80121],[-78.62304,35.80183],[-78.62383,35.80132]]],[[[-78.62373,35.80155],[-78.62409,35.80144],[-78.62318,35.8019],[-78.62373,35.80155]]],[[[-78.62566,35.80181],[-78.62542,35.80194],[-78.62515,35.80164],[-78.62564,35.80175],[-78.62566,35.80181]]],[[[-78.62299,35.80186],[-78.62293,35.80189],[-78.62298,35.80186],[-78.62299,35.80186]]],[[[-78.6262,35.80197],[-78.62528,35.80298],[-78.62526,35.8026],[-78.62547,35.80206],[-78.62607,35.80188],[-78.6262,35.80197]]],[[[-78.6249,35.8031],[-78.62513,35.80327],[-78.62479,35.80353],[-78.62486,35.80338],[-78.62463,35.80318],[-78.62473,35.8025],[-78.62513,35.802],[-78.62473,35.80189],[-78.62467,35.80172],[-78.62485,35.80167],[-78.62462,35.80135],[-78.62475,35.80145],[-78.62514,35.80184],[-78.62521,35.80224],[-78.6249,35.8031]]],[[[-78.62419,35.80145],[-78.62409,35.80144],[-78.62459,35.80133],[-78.62462,35.80135],[-78.62419,35.80145]]],[[[-78.61748,35.80473],[-78.61663,35.80515],[-78.61801,35.80389],[-78.61954,35.80282],[-78.61998,35.80282],[-78.62007,35.80259],[-78.62152,35.8017],[-78.62229,35.80143],[-78.62257,35.80209],[-78.62203,35.802],[-78.61896,35.80331],[-78.61748,35.80473]]],[[[-78.62042,35.80342],[-78.62301,35.80203],[-78.62117,35.80339],[-78.62104,35.80373],[-78.62056,35.80383],[-78.61988,35.80437],[-78.61984,35.80462],[-78.62013,35.80503],[-78.61976,35.80514],[-78.62003,35.8058],[-78.61925,35.80609],[-78.61858,35.80581],[-78.61847,35.80591],[-78.61807,35.80551],[-78.61734,35.80592],[-78.61677,35.80557],[-78.61672,35.80546],[-78.61817,35.80528],[-78.61998,35.80392],[-78.62042,35.80342]]],[[[-78.61081,35.80357],[-78.61098,35.80385],[-78.61065,35.80367],[-78.61022,35.80391],[-78.6107,35.80433],[-78.61145,35.80518],[-78.61197,35.806],[-78.61026,35.80402],[-78.60923,35.80409],[-78.60869,35.80384],[-78.60858,35.80319],[-78.6089,35.803],[-78.60888,35.80262],[-78.60905,35.80313],[-78.61081,35.80357]]],[[[-78.61613,35.80545],[-78.61624,35.80537],[-78.61659,35.80517],[-78.61613,35.80545]]],[[[-78.61609,35.80547],[-78.616,35.80553],[-78.61582,35.80562],[-78.61609,35.80547]]],[[[-78.61328,35.80697],[-78.61399,35.80659],[-78.61321,35.80709],[-78.61302,35.80709],[-78.61236,35.80648],[-78.61309,35.80698],[-78.61328,35.80697]]],[[[-78.61392,35.80621],[-78.61454,35.80574],[-78.61534,35.80582],[-78.61482,35.80579],[-78.61423,35.80608],[-78.61399,35.80659],[-78.61392,35.80621]]],[[[-78.6131,35.80788],[-78.61269,35.80816],[-78.61249,35.80804],[-78.61196,35.80828],[-78.61225,35.80866],[-78.61211,35.80882],[-78.61255,35.80882],[-78.6124,35.80904],[-78.61258,35.80918],[-78.6118,35.80937],[-78.61164,35.80986],[-78.61112,35.81008],[-78.61112,35.81021],[-78.61133,35.81028],[-78.61144,35.81043],[-78.61111,35.81024],[-78.61108,35.81013],[-78.6112,35.80966],[-78.61098,35.80888],[-78.60966,35.80764],[-78.60916,35.80586],[-78.60899,35.8043],[-78.60989,35.80419],[-78.6105,35.80452],[-78.61253,35.80758],[-78.61315,35.80765],[-78.61364,35.80739],[-78.61333,35.80796],[-78.6131,35.80788]]],[[[-78.61175,35.81132],[-78.61177,35.81078],[-78.61181,35.81115],[-78.61175,35.81132]]],[[[-78.6124,35.81164],[-78.61321,35.81272],[-78.61334,35.81268],[-78.61353,35.81295],[-78.6138,35.81289],[-78.61399,35.8131],[-78.61357,35.81323],[-78.61367,35.81344],[-78.61405,35.8132],[-78.61466,35.8133],[-78.61481,35.81303],[-78.61549,35.81304],[-78.61537,35.81313],[-78.61549,35.81319],[-78.61516,35.81318],[-78.61517,35.81337],[-78.61475,35.81372],[-78.61455,35.81362],[-78.61487,35.81389],[-78.61575,35.8137],[-78.61623,35.81319],[-78.61601,35.81322],[-78.616,35.81302],[-78.61661,35.81294],[-78.61664,35.81273],[-78.61689,35.81286],[-78.6174,35.81272],[-78.61775,35.8122],[-78.61794,35.81271],[-78.61769,35.81284],[-78.61798,35.81294],[-78.61842,35.81223],[-78.6187,35.81207],[-78.62002,35.81269],[-78.61992,35.8129],[-78.61972,35.81261],[-78.61899,35.81236],[-78.61914,35.81269],[-78.6187,35.81271],[-78.61856,35.81298],[-78.61872,35.81315],[-78.61784,35.81298],[-78.61652,35.81313],[-78.61609,35.81336],[-78.61541,35.8141],[-78.61345,35.81341],[-78.61147,35.81358],[-78.61127,35.81296],[-78.61173,35.8117],[-78.61213,35.8115],[-78.6124,35.81164]]],[[[-78.61885,35.81322],[-78.61874,35.81316],[-78.61905,35.81325],[-78.61885,35.81322]]],[[[-78.61981,35.81313],[-78.61978,35.81333],[-78.61999,35.81344],[-78.61926,35.81327],[-78.61962,35.81328],[-78.61981,35.81313]]],[[[-78.61494,35.8155],[-78.61356,35.8151],[-78.61344,35.81523],[-78.61243,35.81537],[-78.61104,35.81533],[-78.60971,35.81509],[-78.60868,35.81543],[-78.60834,35.816],[-78.60825,35.81554],[-78.60781,35.81549],[-78.60785,35.81536],[-78.60811,35.81516],[-78.60873,35.81514],[-78.60987,35.81443],[-78.611,35.81215],[-78.61035,35.81224],[-78.61111,35.8118],[-78.6113,35.81138],[-78.61124,35.81109],[-78.61063,35.81102],[-78.61017,35.81119],[-78.60986,35.81094],[-78.60939,35.81083],[-78.6091,35.81092],[-78.60881,35.81078],[-78.60981,35.81067],[-78.61061,35.81043],[-78.61059,35.81029],[-78.61131,35.81109],[-78.61133,35.8114],[-78.61095,35.81248],[-78.60996,35.81438],[-78.61018,35.81473],[-78.61066,35.8149],[-78.61396,35.81494],[-78.61607,35.81544],[-78.61643,35.81512],[-78.61688,35.81424],[-78.61725,35.81401],[-78.61762,35.81389],[-78.61817,35.81409],[-78.61873,35.81398],[-78.61935,35.81409],[-78.61924,35.81424],[-78.61861,35.81409],[-78.61794,35.81429],[-78.61735,35.81523],[-78.61714,35.81525],[-78.61712,35.81514],[-78.6169,35.81557],[-78.61703,35.81547],[-78.617,35.81572],[-78.61682,35.81598],[-78.61673,35.81589],[-78.61634,35.81662],[-78.61612,35.81672],[-78.61517,35.81594],[-78.61494,35.8155]]],[[[-78.62103,35.81314],[-78.62152,35.81302],[-78.62224,35.81314],[-78.62242,35.81301],[-78.62237,35.8125],[-78.62279,35.81172],[-78.62254,35.8117],[-78.62226,35.81209],[-78.62204,35.81179],[-78.62228,35.81156],[-78.62219,35.81144],[-78.62319,35.81122],[-78.62406,35.81129],[-78.62413,35.81142],[-78.62437,35.8113],[-78.62521,35.81149],[-78.62546,35.81177],[-78.62616,35.812],[-78.62608,35.81217],[-78.62627,35.81226],[-78.62641,35.81279],[-78.62655,35.81284],[-78.62661,35.81263],[-78.62672,35.81293],[-78.62757,35.81352],[-78.62903,35.81418],[-78.62891,35.81426],[-78.62802,35.81393],[-78.62782,35.81408],[-78.62759,35.81394],[-78.62693,35.81409],[-78.62716,35.81422],[-78.62706,35.81449],[-78.62748,35.81459],[-78.62775,35.81447],[-78.62739,35.81529],[-78.62786,35.81563],[-78.62776,35.81588],[-78.62795,35.81601],[-78.62811,35.81589],[-78.62869,35.81625],[-78.62907,35.81564],[-78.63007,35.81511],[-78.63009,35.81474],[-78.63037,35.81459],[-78.63042,35.81419],[-78.63049,35.81472],[-78.63085,35.81478],[-78.63073,35.81496],[-78.63176,35.8155],[-78.63212,35.81528],[-78.63349,35.81702],[-78.63381,35.81713],[-78.63406,35.81704],[-78.6345,35.81722],[-78.63506,35.81772],[-78.63634,35.81704],[-78.63632,35.81652],[-78.63641,35.81707],[-78.63601,35.81733],[-78.63563,35.81793],[-78.6348,35.81821],[-78.63444,35.81802],[-78.634,35.81805],[-78.63341,35.81864],[-78.63364,35.81843],[-78.63344,35.81937],[-78.63363,35.81996],[-78.63447,35.82066],[-78.63434,35.8208],[-78.63365,35.82007],[-78.63236,35.81829],[-78.62774,35.81593],[-78.62677,35.81518],[-78.62494,35.81487],[-78.62328,35.81423],[-78.62036,35.81335],[-78.62016,35.81341],[-78.62045,35.81291],[-78.62103,35.81314]],[[-78.62292,35.81287],[-78.62266,35.81328],[-78.62332,35.81342],[-78.62343,35.81309],[-78.62329,35.81292],[-78.62292,35.81287]],[[-78.62388,35.81445],[-78.62444,35.81453],[-78.62453,35.81399],[-78.62426,35.81368],[-78.62421,35.81313],[-78.62349,35.81323],[-78.62313,35.81404],[-78.62388,35.81445]]],[[[-78.62712,35.81873],[-78.62686,35.8186],[-78.62515,35.81804],[-78.62477,35.81865],[-78.62502,35.819],[-78.6248,35.81899],[-78.62457,35.81926],[-78.62453,35.81903],[-78.62422,35.81908],[-78.62448,35.81832],[-78.62416,35.8181],[-78.6243,35.81765],[-78.62419,35.81776],[-78.62371,35.81773],[-78.62321,35.81755],[-78.62344,35.81744],[-78.62394,35.81757],[-78.62433,35.81706],[-78.62431,35.81685],[-78.62448,35.81687],[-78.62414,35.81674],[-78.62386,35.81687],[-78.62308,35.81664],[-78.62262,35.81626],[-78.6224,35.81633],[-78.62225,35.81664],[-78.62292,35.81693],[-78.62291,35.81753],[-78.62252,35.81754],[-78.62258,35.81727],[-78.62209,35.81745],[-78.62193,35.81738],[-78.62211,35.81732],[-78.62203,35.81716],[-78.62189,35.81737],[-78.62128,35.81717],[-78.62142,35.81687],[-78.62128,35.81672],[-78.62149,35.81662],[-78.62177,35.81602],[-78.62247,35.81624],[-78.62236,35.81613],[-78.6225,35.81611],[-78.62118,35.81556],[-78.62145,35.81495],[-78.62044,35.81463],[-78.61997,35.81435],[-78.62004,35.81435],[-78.62197,35.81512],[-78.62368,35.81602],[-78.62406,35.81626],[-78.62494,35.81732],[-78.62607,35.81732],[-78.62572,35.81752],[-78.62561,35.81781],[-78.62576,35.81803],[-78.62684,35.8183],[-78.62725,35.81731],[-78.62713,35.81719],[-78.6268,35.81721],[-78.62641,35.81787],[-78.62645,35.81753],[-78.62615,35.81731],[-78.62679,35.81719],[-78.62713,35.81718],[-78.62815,35.81761],[-78.62894,35.81825],[-78.62895,35.82018],[-78.62942,35.82089],[-78.62964,35.82222],[-78.62944,35.82296],[-78.62906,35.82393],[-78.62839,35.82457],[-78.62824,35.82543],[-78.62961,35.82717],[-78.62967,35.82751],[-78.63024,35.82798],[-78.63033,35.8281],[-78.63035,35.82819],[-78.63029,35.82829],[-78.63005,35.82876],[-78.62999,35.82881],[-78.62996,35.82883],[-78.62959,35.82898],[-78.62937,35.82912],[-78.62902,35.8295],[-78.62891,35.83018],[-78.62861,35.82938],[-78.62863,35.82876],[-78.62987,35.82826],[-78.6298,35.8281],[-78.62947,35.82812],[-78.62902,35.82792],[-78.62922,35.82761],[-78.62927,35.82685],[-78.62876,35.82635],[-78.62844,35.8264],[-78.62858,35.82627],[-78.62802,35.82567],[-78.62787,35.82508],[-78.62807,35.82476],[-78.62794,35.82454],[-78.62836,35.82439],[-78.62881,35.82383],[-78.62912,35.82308],[-78.62942,35.82299],[-78.6294,35.82176],[-78.62914,35.82148],[-78.62895,35.82166],[-78.62844,35.82142],[-78.62824,35.82156],[-78.6282,35.82115],[-78.62769,35.82085],[-78.62738,35.8202],[-78.62638,35.82025],[-78.62647,35.81997],[-78.6263,35.81989],[-78.62658,35.8198],[-78.62801,35.82029],[-78.62867,35.82015],[-78.62872,35.81911],[-78.62754,35.81861],[-78.62713,35.81893],[-78.62712,35.81873]],[[-78.63031,35.82811],[-78.63022,35.82808],[-78.63008,35.8282],[-78.63029,35.82829],[-78.63031,35.82811]],[[-78.63018,35.8285],[-78.62994,35.82836],[-78.62971,35.82848],[-78.62915,35.82892],[-78.62928,35.82909],[-78.62999,35.82881],[-78.63018,35.8285]]],[[[-78.6198,35.8144],[-78.61975,35.81411],[-78.61981,35.81434],[-78.61992,35.81434],[-78.61997,35.81435],[-78.6198,35.8144]]],[[[-78.62971,35.82133],[-78.63028,35.82198],[-78.63011,35.8226],[-78.63021,35.82302],[-78.63045,35.82308],[-78.63041,35.82325],[-78.6306,35.82319],[-78.63103,35.82339],[-78.63061,35.82393],[-78.63037,35.82376],[-78.62965,35.82384],[-78.62927,35.8244],[-78.62956,35.82442],[-78.6295,35.82494],[-78.62909,35.82574],[-78.62965,35.82651],[-78.62978,35.82606],[-78.63028,35.8259],[-78.63025,35.82675],[-78.63065,35.82713],[-78.63037,35.82734],[-78.63055,35.82773],[-78.63056,35.82803],[-78.63033,35.82868],[-78.63019,35.82893],[-78.62938,35.82934],[-78.62903,35.83025],[-78.62937,35.82932],[-78.63026,35.82879],[-78.63049,35.82797],[-78.63044,35.82765],[-78.6287,35.82551],[-78.62882,35.82473],[-78.62942,35.82381],[-78.62992,35.82249],[-78.62959,35.82095],[-78.62911,35.82018],[-78.62909,35.81838],[-78.63094,35.81958],[-78.63258,35.82016],[-78.63382,35.82127],[-78.63033,35.81946],[-78.62951,35.81951],[-78.62971,35.82133]]],[[[-78.62892,35.83027],[-78.62891,35.83027],[-78.62891,35.83026],[-78.62892,35.83027]]],[[[-78.62896,35.83042],[-78.62899,35.83035],[-78.629,35.83036],[-78.62896,35.83042]]],[[[-78.62902,35.83051],[-78.62903,35.83029],[-78.62911,35.83043],[-78.62902,35.83051]]],[[[-78.62918,35.83386],[-78.62848,35.83389],[-78.62793,35.8336],[-78.62841,35.83332],[-78.62876,35.83375],[-78.62918,35.83386]]],[[[-78.6242,35.83526],[-78.6246,35.83501],[-78.62442,35.83521],[-78.6242,35.83526]]],[[[-78.62657,35.83818],[-78.62611,35.83855],[-78.62625,35.83898],[-78.62556,35.84056],[-78.62562,35.84172],[-78.62549,35.84039],[-78.62575,35.83959],[-78.62566,35.83903],[-78.62602,35.83874],[-78.62642,35.83729],[-78.62625,35.83587],[-78.62633,35.83581],[-78.62706,35.83729],[-78.62657,35.83818]]],[[[-78.62525,35.8395],[-78.62525,35.83889],[-78.62581,35.83798],[-78.626,35.83694],[-78.6259,35.83656],[-78.62515,35.83603],[-78.62519,35.83584],[-78.62587,35.83602],[-78.62615,35.83659],[-78.62588,35.83853],[-78.62547,35.83893],[-78.6253,35.84011],[-78.6255,35.84172],[-78.62491,35.84025],[-78.62525,35.8395]]],[[[-78.62638,35.84232],[-78.62719,35.84261],[-78.62745,35.84255],[-78.6277,35.84273],[-78.62836,35.84266],[-78.62868,35.84279],[-78.62875,35.84303],[-78.62963,35.84315],[-78.62986,35.84327],[-78.63028,35.84355],[-78.63025,35.84354],[-78.6296,35.84316],[-78.62823,35.84298],[-78.62777,35.84275],[-78.627,35.84281],[-78.62635,35.84265],[-78.62629,35.84237],[-78.62557,35.84247],[-78.62563,35.84189],[-78.62572,35.84243],[-78.62638,35.84232]]],[[[-78.6305,35.84352],[-78.63054,35.84352],[-78.6303,35.84355],[-78.63028,35.84355],[-78.6305,35.84352]]],[[[-78.63056,35.84352],[-78.6306,35.84355],[-78.63061,35.84357],[-78.63061,35.84361],[-78.63054,35.84352],[-78.63056,35.84352]]],[[[-78.6303,35.84364],[-78.6305,35.8436],[-78.63049,35.84366],[-78.6303,35.84364]]],[[[-78.63126,35.84386],[-78.63141,35.84421],[-78.63158,35.84427],[-78.63177,35.84447],[-78.63205,35.8446],[-78.63207,35.84471],[-78.63175,35.84448],[-78.63155,35.84427],[-78.63107,35.84418],[-78.63062,35.84371],[-78.63112,35.84418],[-78.63126,35.84386]]],[[[-78.63225,35.84502],[-78.63228,35.84503],[-78.63232,35.84504],[-78.63233,35.84504],[-78.63234,35.84506],[-78.63211,35.84503],[-78.63198,35.84496],[-78.6314,35.84448],[-78.63064,35.84481],[-78.63109,35.84448],[-78.63108,35.84428],[-78.6306,35.84399],[-78.63043,35.84371],[-78.63053,35.84364],[-78.63059,35.84388],[-78.63216,35.84502],[-78.63225,35.84502]]],[[[-78.63234,35.84494],[-78.63214,35.84476],[-78.63226,35.84484],[-78.63234,35.84494]]],[[[-78.63333,35.84606],[-78.63327,35.84604],[-78.63318,35.84597],[-78.63294,35.84577],[-78.63243,35.84553],[-78.63231,35.84511],[-78.63341,35.84609],[-78.63333,35.84606]]],[[[-78.63361,35.84592],[-78.6338,35.84584],[-78.63442,35.84644],[-78.63354,35.84599],[-78.63241,35.84504],[-78.63291,35.8452],[-78.63348,35.84561],[-78.63361,35.84592]]],[[[-78.63352,35.84631],[-78.6335,35.84615],[-78.63356,35.84613],[-78.63434,35.84653],[-78.63376,35.84626],[-78.63352,35.84631]]],[[[-78.62637,35.84445],[-78.62606,35.84595],[-78.62432,35.84836],[-78.62396,35.8493],[-78.6233,35.85041],[-78.6231,35.85146],[-78.62374,35.8524],[-78.6247,35.85328],[-78.62484,35.85371],[-78.62515,35.85399],[-78.62532,35.85473],[-78.62568,35.85517],[-78.6261,35.85596],[-78.62604,35.85599],[-78.62585,35.85578],[-78.6256,35.85576],[-78.62572,35.85533],[-78.62523,35.8548],[-78.62513,35.85416],[-78.62474,35.85368],[-78.62466,35.8533],[-78.6244,35.8531],[-78.62406,35.85314],[-78.62394,35.85274],[-78.62345,35.85285],[-78.6237,35.8525],[-78.623,35.85158],[-78.6226,35.85141],[-78.62301,35.85131],[-78.62232,35.85086],[-78.62319,35.84967],[-78.6228,35.84946],[-78.6235,35.84968],[-78.62372,35.84951],[-78.62382,35.84932],[-78.62367,35.84912],[-78.62401,35.84911],[-78.62418,35.84783],[-78.6246,35.84784],[-78.62505,35.8472],[-78.6251,35.84688],[-78.62495,35.84675],[-78.62529,35.84662],[-78.62601,35.8457],[-78.62599,35.84497],[-78.62632,35.84455],[-78.62611,35.84381],[-78.62617,35.84346],[-78.62604,35.8432],[-78.62553,35.84295],[-78.62502,35.84229],[-78.62512,35.84188],[-78.62551,35.84188],[-78.62533,35.84232],[-78.62546,35.84257],[-78.62621,35.84255],[-78.62637,35.84445]]],[[[-78.62874,35.84322],[-78.6281,35.84306],[-78.62773,35.84289],[-78.62748,35.84296],[-78.62736,35.84288],[-78.62701,35.84293],[-78.62671,35.84283],[-78.62771,35.84283],[-78.62818,35.84305],[-78.62967,35.84334],[-78.6303,35.84364],[-78.62969,35.84337],[-78.62874,35.84322]]],[[[-78.62653,35.84291],[-78.62638,35.84311],[-78.62635,35.84283],[-78.62671,35.84283],[-78.62653,35.84291]]],[[[-78.62646,35.84347],[-78.62677,35.84365],[-78.62668,35.84409],[-78.62693,35.84433],[-78.62646,35.84503],[-78.62625,35.84614],[-78.62582,35.8467],[-78.62603,35.8469],[-78.6258,35.84695],[-78.62462,35.84842],[-78.62419,35.84912],[-78.62452,35.84923],[-78.62451,35.84965],[-78.62395,35.84996],[-78.62386,35.85049],[-78.62342,35.85132],[-78.6232,35.85137],[-78.62339,35.8512],[-78.62445,35.84841],[-78.62617,35.84608],[-78.62651,35.8446],[-78.62638,35.84311],[-78.62646,35.84347]]],[[[-78.62359,35.85157],[-78.62384,35.85226],[-78.62426,35.85245],[-78.6246,35.85285],[-78.62532,35.85294],[-78.62619,35.85326],[-78.62691,35.85317],[-78.62779,35.8539],[-78.62847,35.85383],[-78.62874,35.85395],[-78.62882,35.85412],[-78.62794,35.85429],[-78.62718,35.85407],[-78.62608,35.8541],[-78.626,35.85431],[-78.62635,35.85489],[-78.62642,35.85582],[-78.6262,35.85484],[-78.62583,35.8543],[-78.62594,35.85395],[-78.62679,35.85388],[-78.62696,35.85399],[-78.62733,35.8538],[-78.62752,35.85387],[-78.62744,35.85373],[-78.62677,35.85335],[-78.6262,35.85334],[-78.62545,35.85306],[-78.62492,35.85303],[-78.62447,35.85279],[-78.6238,35.85226],[-78.62319,35.85137],[-78.6232,35.85137],[-78.62359,35.85157]]],[[[-78.61171,35.86186],[-78.61181,35.86194],[-78.61194,35.86246],[-78.61179,35.862],[-78.61171,35.86186]]],[[[-78.6117,35.86183],[-78.61198,35.86056],[-78.61187,35.85974],[-78.61151,35.85936],[-78.61078,35.85901],[-78.61026,35.85863],[-78.6093,35.85853],[-78.60906,35.85844],[-78.60884,35.85777],[-78.60744,35.85684],[-78.60623,35.85451],[-78.60577,35.85392],[-78.60647,35.85417],[-78.60653,35.85475],[-78.60722,35.85559],[-78.60764,35.8567],[-78.60835,35.85681],[-78.60831,35.85723],[-78.60899,35.8577],[-78.60926,35.85841],[-78.6096,35.85855],[-78.61007,35.85856],[-78.61066,35.85872],[-78.61086,35.85903],[-78.61161,35.8592],[-78.61214,35.85971],[-78.61315,35.85972],[-78.61315,35.85997],[-78.61267,35.86],[-78.61239,35.86026],[-78.61226,35.86102],[-78.61185,35.86146],[-78.61171,35.86186],[-78.6117,35.86183]]],[[[-78.61157,35.86196],[-78.61165,35.8626],[-78.61119,35.86237],[-78.61157,35.86196]]],[[[-78.61088,35.88289],[-78.61074,35.88242],[-78.61089,35.88285],[-78.61088,35.88289]]],[[[-78.6103,35.88272],[-78.61025,35.88269],[-78.61023,35.88266],[-78.6103,35.88272]]],[[[-78.61037,35.88315],[-78.6103,35.88272],[-78.61039,35.88309],[-78.61069,35.88316],[-78.61037,35.88315]]],[[[-78.61143,35.88318],[-78.61188,35.88328],[-78.6111,35.88324],[-78.6109,35.88307],[-78.61088,35.88289],[-78.61092,35.88305],[-78.61129,35.883],[-78.61143,35.88318]]],[[[-78.6122,35.88427],[-78.61225,35.88415],[-78.61348,35.88272],[-78.6122,35.88427]]],[[[-78.61075,35.88374],[-78.61059,35.88342],[-78.61069,35.88316],[-78.61098,35.88365],[-78.6109,35.88382],[-78.61075,35.88374]]],[[[-78.6123,35.88373],[-78.61233,35.8836],[-78.6123,35.88377],[-78.61226,35.88381],[-78.61148,35.88384],[-78.61195,35.88366],[-78.61226,35.88378],[-78.6123,35.88373]]],[[[-78.61236,35.88354],[-78.6126,35.88328],[-78.61227,35.88322],[-78.61234,35.88321],[-78.61261,35.88325],[-78.6126,35.88332],[-78.61234,35.8836],[-78.61233,35.8836],[-78.61236,35.88354]]],[[[-78.61204,35.88328],[-78.61196,35.88329],[-78.61188,35.88328],[-78.61227,35.88322],[-78.61204,35.88328]]],[[[-78.61757,35.88362],[-78.61773,35.88394],[-78.61815,35.88383],[-78.61885,35.88408],[-78.61826,35.88394],[-78.6177,35.88401],[-78.61754,35.88367],[-78.61685,35.88407],[-78.61729,35.88369],[-78.61757,35.88362]]],[[[-78.61886,35.88423],[-78.61886,35.88434],[-78.61862,35.88435],[-78.61828,35.88413],[-78.61791,35.88422],[-78.61727,35.88413],[-78.61695,35.88422],[-78.61719,35.88409],[-78.61828,35.88412],[-78.61886,35.88423]]],[[[-78.61434,35.92263],[-78.61456,35.92215],[-78.61502,35.92171],[-78.61461,35.92232],[-78.61434,35.92263]]],[[[-78.61555,35.92074],[-78.61526,35.92133],[-78.6154,35.92096],[-78.61555,35.92074]]],[[[-78.60869,35.92545],[-78.60867,35.92496],[-78.60833,35.92479],[-78.60857,35.92427],[-78.60849,35.924],[-78.60879,35.92413],[-78.60963,35.9239],[-78.61189,35.92399],[-78.61247,35.92287],[-78.61283,35.92268],[-78.61319,35.92279],[-78.61339,35.92306],[-78.61315,35.92311],[-78.61241,35.92315],[-78.61197,35.92404],[-78.60987,35.92457],[-78.6094,35.92487],[-78.60874,35.92573],[-78.60814,35.92601],[-78.60795,35.92636],[-78.60772,35.92638],[-78.60786,35.92591],[-78.60869,35.92545]]],[[[-78.6135,35.923],[-78.61395,35.9218],[-78.6138,35.92156],[-78.61426,35.92166],[-78.61492,35.92125],[-78.61551,35.92018],[-78.61544,35.92002],[-78.61578,35.92],[-78.61596,35.91981],[-78.61484,35.92158],[-78.61422,35.92203],[-78.61353,35.92304],[-78.61339,35.92306],[-78.6135,35.923]]],[[[-78.61623,35.9189],[-78.61622,35.91893],[-78.61621,35.91899],[-78.61619,35.91894],[-78.61623,35.9189]]],[[[-78.61224,35.9243],[-78.61273,35.92379],[-78.61361,35.92344],[-78.61212,35.9246],[-78.61174,35.92456],[-78.61125,35.92475],[-78.61113,35.92522],[-78.60967,35.92586],[-78.6111,35.92468],[-78.61224,35.9243]]],[[[-78.60298,35.72453],[-78.60306,35.72452],[-78.60307,35.72483],[-78.60298,35.72461],[-78.60298,35.72453]]],[[[-78.60314,35.72475],[-78.60314,35.72474],[-78.60322,35.72456],[-78.6033,35.72479],[-78.60314,35.72475]]],[[[-78.6034,35.7253],[-78.60298,35.7256],[-78.60298,35.72545],[-78.60326,35.72522],[-78.60314,35.72475],[-78.6034,35.7253]]],[[[-78.60308,35.72565],[-78.60297,35.72581],[-78.60298,35.7256],[-78.60308,35.72565]]],[[[-78.59766,35.72707],[-78.59807,35.72707],[-78.59963,35.72764],[-78.60007,35.72767],[-78.59904,35.72765],[-78.59667,35.72693],[-78.59673,35.7261],[-78.59778,35.7256],[-78.59753,35.72688],[-78.59766,35.72707]]],[[[-78.60288,35.72567],[-78.60268,35.7254],[-78.60295,35.72529],[-78.60284,35.72519],[-78.60312,35.72521],[-78.60279,35.72541],[-78.60286,35.72562],[-78.60288,35.72567]]],[[[-78.61175,35.72691],[-78.6101,35.7274],[-78.61059,35.72691],[-78.61093,35.72695],[-78.61176,35.72675],[-78.61274,35.72559],[-78.61388,35.72483],[-78.61405,35.72439],[-78.61436,35.7242],[-78.6145,35.7242],[-78.61412,35.72475],[-78.61228,35.72619],[-78.61175,35.72691]]],[[[-78.60289,35.72572],[-78.60268,35.72596],[-78.60276,35.72575],[-78.60289,35.72572]]],[[[-78.60262,35.72611],[-78.60248,35.72629],[-78.60267,35.72599],[-78.60262,35.72611]]],[[[-78.60268,35.72627],[-78.60281,35.7261],[-78.6029,35.72627],[-78.60268,35.72627]]],[[[-78.59586,35.7269],[-78.59641,35.72628],[-78.59623,35.72682],[-78.59586,35.7269]]],[[[-78.6024,35.72644],[-78.60205,35.72695],[-78.60213,35.72717],[-78.60127,35.7272],[-78.60054,35.72772],[-78.60107,35.72721],[-78.60158,35.72707],[-78.6024,35.72644]]],[[[-78.61013,35.72748],[-78.60963,35.72806],[-78.60987,35.72754],[-78.61013,35.72748]]],[[[-78.60066,35.72807],[-78.60037,35.72794],[-78.60077,35.72797],[-78.60109,35.7277],[-78.60109,35.72795],[-78.60066,35.72807]]],[[[-78.60274,35.72716],[-78.60309,35.72791],[-78.6042,35.72818],[-78.60443,35.72872],[-78.60478,35.72888],[-78.60471,35.729],[-78.60493,35.72917],[-78.60511,35.72915],[-78.60503,35.72928],[-78.60542,35.72955],[-78.60522,35.72953],[-78.60373,35.72822],[-78.60311,35.72793],[-78.60285,35.72778],[-78.60226,35.72721],[-78.60261,35.72644],[-78.60307,35.72685],[-78.60274,35.72716]]],[[[-78.61107,35.7274],[-78.61025,35.72798],[-78.61019,35.72862],[-78.60952,35.72899],[-78.61022,35.72921],[-78.61063,35.72972],[-78.6099,35.72953],[-78.60901,35.73],[-78.60869,35.73],[-78.60882,35.7301],[-78.60859,35.73014],[-78.60864,35.73026],[-78.60854,35.73016],[-78.60811,35.73024],[-78.60734,35.73098],[-78.60804,35.73019],[-78.60866,35.72996],[-78.60924,35.72949],[-78.60998,35.72811],[-78.6104,35.72762],[-78.61188,35.72704],[-78.61271,35.72612],[-78.61213,35.727],[-78.61107,35.7274]]],[[[-78.60894,35.72859],[-78.60924,35.72865],[-78.6096,35.72815],[-78.60905,35.72931],[-78.60912,35.72897],[-78.60894,35.72859]]],[[[-78.60348,35.72841],[-78.60563,35.73031],[-78.60579,35.73093],[-78.60643,35.73148],[-78.60616,35.73139],[-78.606,35.73149],[-78.60608,35.73171],[-78.60626,35.73162],[-78.60633,35.73176],[-78.60609,35.73249],[-78.60587,35.73201],[-78.60508,35.73149],[-78.60554,35.73101],[-78.60554,35.73027],[-78.60534,35.73025],[-78.60538,35.73046],[-78.60499,35.73035],[-78.60483,35.73009],[-78.60501,35.72993],[-78.60494,35.72976],[-78.6047,35.72988],[-78.6045,35.72979],[-78.60459,35.72943],[-78.604,35.72919],[-78.60334,35.72835],[-78.60312,35.72847],[-78.6025,35.728],[-78.60238,35.72762],[-78.60174,35.7274],[-78.60139,35.72744],[-78.60127,35.7277],[-78.60113,35.72765],[-78.60131,35.72744],[-78.60169,35.72733],[-78.60234,35.72753],[-78.60259,35.72789],[-78.60348,35.72841]]],[[[-78.60697,35.73122],[-78.6069,35.73128],[-78.6072,35.73023],[-78.60794,35.72993],[-78.60752,35.73027],[-78.60697,35.73122]]],[[[-78.60856,35.72968],[-78.60861,35.72952],[-78.60904,35.72932],[-78.60849,35.72979],[-78.60794,35.72993],[-78.60856,35.72968]]],[[[-78.60608,35.73006],[-78.60631,35.73028],[-78.6064,35.73128],[-78.60608,35.73006]]],[[[-78.60758,35.7313],[-78.6067,35.73146],[-78.60721,35.73132],[-78.60734,35.73098],[-78.60758,35.7313]]],[[[-78.6067,35.73146],[-78.60649,35.73154],[-78.60643,35.73148],[-78.6067,35.73146]]],[[[-78.60163,35.73702],[-78.60138,35.73668],[-78.60096,35.73683],[-78.60005,35.73673],[-78.60091,35.7368],[-78.60147,35.7366],[-78.60163,35.73702]]],[[[-78.60223,35.73713],[-78.60209,35.73707],[-78.60218,35.73705],[-78.60223,35.73713]]],[[[-78.59953,35.73696],[-78.59956,35.73686],[-78.59981,35.7373],[-78.599,35.73735],[-78.5984,35.73753],[-78.59798,35.73784],[-78.59683,35.73803],[-78.59807,35.7377],[-78.59843,35.73739],[-78.59966,35.7372],[-78.59953,35.73696]]],[[[-78.60555,35.73788],[-78.6051,35.73791],[-78.60464,35.73768],[-78.60431,35.73796],[-78.60396,35.7378],[-78.60322,35.73779],[-78.60302,35.73752],[-78.60337,35.73752],[-78.60341,35.73772],[-78.60414,35.73769],[-78.60428,35.73781],[-78.60462,35.73767],[-78.6056,35.7377],[-78.60555,35.73788]]],[[[-78.60296,35.73762],[-78.6032,35.73787],[-78.60395,35.73788],[-78.60428,35.73803],[-78.60463,35.73781],[-78.60507,35.73797],[-78.60555,35.73793],[-78.60537,35.73823],[-78.60547,35.73835],[-78.60495,35.73801],[-78.60426,35.73813],[-78.6036,35.7379],[-78.60316,35.73791],[-78.60281,35.73766],[-78.60234,35.73761],[-78.60169,35.73766],[-78.60131,35.73814],[-78.60086,35.73759],[-78.60113,35.73763],[-78.60141,35.73791],[-78.6015,35.73763],[-78.60258,35.73754],[-78.60296,35.73762]]],[[[-78.59993,35.73738],[-78.60019,35.73744],[-78.59939,35.73781],[-78.59927,35.738],[-78.59867,35.73785],[-78.59736,35.73837],[-78.59645,35.73826],[-78.5963,35.73835],[-78.59608,35.73837],[-78.59642,35.7382],[-78.5972,35.73819],[-78.59993,35.73738]]],[[[-78.59544,35.79162],[-78.59506,35.7915],[-78.59538,35.79153],[-78.59544,35.79162]]],[[[-78.59649,35.7936],[-78.5964,35.79468],[-78.59659,35.79501],[-78.59674,35.79503],[-78.59712,35.79467],[-78.59755,35.79383],[-78.59773,35.79506],[-78.59883,35.79483],[-78.59918,35.79493],[-78.59927,35.79519],[-78.59955,35.7952],[-78.59945,35.79549],[-78.59983,35.79625],[-78.59957,35.79783],[-78.60011,35.7994],[-78.60054,35.79986],[-78.60041,35.8005],[-78.60081,35.80079],[-78.6006,35.80094],[-78.60063,35.80119],[-78.601,35.80196],[-78.60158,35.80179],[-78.60174,35.80148],[-78.60184,35.80164],[-78.60233,35.80149],[-78.60235,35.80113],[-78.60253,35.80126],[-78.60245,35.80109],[-78.60271,35.80096],[-78.60276,35.8007],[-78.60324,35.80042],[-78.60339,35.80068],[-78.60306,35.80098],[-78.60321,35.80107],[-78.60343,35.80085],[-78.60336,35.80118],[-78.60361,35.80113],[-78.60375,35.80085],[-78.605,35.80131],[-78.60551,35.80184],[-78.6057,35.80176],[-78.60602,35.80216],[-78.60589,35.80295],[-78.60631,35.80348],[-78.60675,35.80348],[-78.60767,35.80316],[-78.6074,35.80347],[-78.60511,35.80402],[-78.60465,35.80402],[-78.60436,35.8039],[-78.60364,35.80291],[-78.60287,35.80255],[-78.60124,35.80228],[-78.60046,35.80185],[-78.59906,35.79966],[-78.59851,35.79725],[-78.59698,35.79623],[-78.59589,35.79518],[-78.59581,35.79433],[-78.59617,35.79292],[-78.5955,35.79169],[-78.59569,35.79173],[-78.5963,35.79278],[-78.59649,35.7936]]],[[[-78.59322,35.7984],[-78.59323,35.79863],[-78.59228,35.79813],[-78.59157,35.79829],[-78.5913,35.7982],[-78.59068,35.79917],[-78.59098,35.79972],[-78.59183,35.8004],[-78.59066,35.79977],[-78.59066,35.7989],[-78.59071,35.79872],[-78.59135,35.79771],[-78.59289,35.79717],[-78.59637,35.80079],[-78.59813,35.80291],[-78.59898,35.80348],[-78.59874,35.80353],[-78.59798,35.80321],[-78.59811,35.80337],[-78.59692,35.80264],[-78.5962,35.80199],[-78.59342,35.79843],[-78.59322,35.7984]]],[[[-78.60983,35.80048],[-78.61021,35.80004],[-78.61086,35.79983],[-78.6098,35.80054],[-78.60945,35.80064],[-78.60902,35.80107],[-78.60889,35.80142],[-78.60904,35.80159],[-78.60903,35.80222],[-78.60882,35.80241],[-78.60885,35.80129],[-78.60931,35.80064],[-78.60983,35.80048]]],[[[-78.60841,35.80189],[-78.60888,35.80083],[-78.60931,35.80048],[-78.60973,35.80041],[-78.61005,35.79999],[-78.61043,35.79987],[-78.61076,35.79983],[-78.61012,35.80002],[-78.60978,35.80041],[-78.60929,35.80053],[-78.609,35.80082],[-78.60843,35.80255],[-78.60848,35.80326],[-78.60828,35.8029],[-78.60799,35.80283],[-78.60795,35.80225],[-78.60841,35.80189]]],[[[-78.61073,35.79953],[-78.61114,35.79904],[-78.6113,35.79903],[-78.61093,35.79935],[-78.61077,35.79983],[-78.61076,35.79983],[-78.61073,35.79953]]],[[[-78.60776,35.80351],[-78.60781,35.80349],[-78.60787,35.80352],[-78.60776,35.80351]]],[[[-78.60834,35.80356],[-78.60836,35.80352],[-78.60842,35.80349],[-78.60834,35.80356]]],[[[-78.60796,35.80374],[-78.6079,35.80369],[-78.60789,35.80364],[-78.60796,35.80374]]],[[[-78.60017,35.80609],[-78.59975,35.80567],[-78.59968,35.80532],[-78.60004,35.80568],[-78.59979,35.80529],[-78.60001,35.80496],[-78.59986,35.8048],[-78.59959,35.805],[-78.59924,35.80448],[-78.59904,35.80399],[-78.59916,35.8035],[-78.59941,35.80383],[-78.60287,35.8063],[-78.60233,35.80624],[-78.60095,35.80677],[-78.60017,35.80585],[-78.60017,35.80609]]],[[[-78.60373,35.80664],[-78.60425,35.80659],[-78.60668,35.80535],[-78.60779,35.8041],[-78.60818,35.80422],[-78.60827,35.80457],[-78.60815,35.80427],[-78.60781,35.80414],[-78.60753,35.80502],[-78.60699,35.80563],[-78.60389,35.80739],[-78.60376,35.80705],[-78.6032,35.80651],[-78.60373,35.80664]]],[[[-78.60407,35.80865],[-78.60448,35.8088],[-78.60462,35.8084],[-78.60404,35.80778],[-78.60477,35.80715],[-78.60744,35.80573],[-78.60808,35.80467],[-78.60825,35.80462],[-78.60738,35.80648],[-78.60788,35.80878],[-78.60863,35.80978],[-78.61058,35.8103],[-78.609,35.81059],[-78.60855,35.81055],[-78.60861,35.81029],[-78.6083,35.8105],[-78.60786,35.81048],[-78.60664,35.81004],[-78.60407,35.80865]]],[[[-78.60447,35.80947],[-78.60426,35.80946],[-78.60454,35.80911],[-78.60395,35.80869],[-78.60606,35.80978],[-78.60385,35.80958],[-78.60447,35.80947]]],[[[-78.59376,35.81281],[-78.59365,35.81364],[-78.59344,35.81423],[-78.59325,35.81449],[-78.59342,35.81501],[-78.59328,35.81599],[-78.59345,35.81634],[-78.59336,35.81656],[-78.59367,35.81699],[-78.59375,35.81781],[-78.59426,35.81882],[-78.59423,35.81903],[-78.59407,35.81893],[-78.59384,35.81903],[-78.59382,35.81938],[-78.5941,35.81969],[-78.59456,35.81956],[-78.59464,35.81973],[-78.59449,35.81986],[-78.59402,35.81971],[-78.59381,35.81947],[-78.59372,35.81798],[-78.59305,35.81662],[-78.5932,35.81469],[-78.59324,35.81446],[-78.59347,35.81407],[-78.59363,35.81341],[-78.59352,35.81303],[-78.59273,35.81239],[-78.59245,35.81205],[-78.59281,35.81211],[-78.59273,35.81235],[-78.59351,35.81249],[-78.59376,35.81281]]],[[[-78.59345,35.82312],[-78.59344,35.82313],[-78.59353,35.82285],[-78.59331,35.82297],[-78.59269,35.82293],[-78.59369,35.82259],[-78.59393,35.82172],[-78.593,35.8213],[-78.59265,35.82067],[-78.59292,35.81999],[-78.59354,35.81962],[-78.59333,35.8195],[-78.5928,35.8197],[-78.59255,35.81889],[-78.59221,35.81858],[-78.59138,35.81877],[-78.59083,35.81925],[-78.59011,35.81918],[-78.5908,35.81913],[-78.59119,35.8186],[-78.59171,35.8184],[-78.59214,35.81727],[-78.59178,35.8166],[-78.59217,35.81643],[-78.59206,35.81603],[-78.5923,35.81573],[-78.59206,35.81518],[-78.59169,35.8151],[-78.59145,35.81483],[-78.59217,35.81436],[-78.59218,35.81412],[-78.59155,35.8138],[-78.59098,35.81284],[-78.59102,35.81229],[-78.59141,35.81196],[-78.59212,35.812],[-78.59274,35.81383],[-78.59281,35.81418],[-78.59241,35.81638],[-78.59261,35.81777],[-78.59292,35.81873],[-78.59363,35.81969],[-78.59356,35.82032],[-78.59422,35.82127],[-78.59383,35.82242],[-78.59351,35.82303],[-78.59345,35.82312]]],[[[-78.5946,35.8219],[-78.59557,35.82358],[-78.59625,35.82581],[-78.59666,35.82655],[-78.5971,35.8275],[-78.59819,35.83045],[-78.59862,35.83093],[-78.59859,35.83097],[-78.59832,35.83104],[-78.59818,35.83463],[-78.59777,35.83517],[-78.59817,35.83462],[-78.59795,35.83415],[-78.59815,35.83286],[-78.59774,35.83248],[-78.59745,35.8317],[-78.59767,35.83145],[-78.59768,35.83098],[-78.59859,35.83093],[-78.59766,35.83084],[-78.5977,35.82989],[-78.59744,35.82936],[-78.59756,35.82888],[-78.59728,35.82828],[-78.59679,35.8279],[-78.59692,35.82757],[-78.59666,35.82661],[-78.59604,35.82587],[-78.59571,35.82569],[-78.59512,35.82455],[-78.59476,35.82442],[-78.59467,35.82411],[-78.59508,35.82352],[-78.59443,35.82293],[-78.59415,35.82304],[-78.59386,35.82293],[-78.5946,35.8219]]],[[[-78.59493,35.81971],[-78.5951,35.81971],[-78.59559,35.81994],[-78.5956,35.82033],[-78.59626,35.82029],[-78.59613,35.82071],[-78.59654,35.8216],[-78.59649,35.82218],[-78.59694,35.82275],[-78.59705,35.82322],[-78.59761,35.8237],[-78.59753,35.82452],[-78.5979,35.82558],[-78.59817,35.82597],[-78.59854,35.82613],[-78.59852,35.82719],[-78.59829,35.82743],[-78.59861,35.82737],[-78.59928,35.82756],[-78.59965,35.82769],[-78.59982,35.82779],[-78.59904,35.82754],[-78.59873,35.82791],[-78.59881,35.82834],[-78.5992,35.82859],[-78.59915,35.82998],[-78.59947,35.83031],[-78.59935,35.8307],[-78.59894,35.83067],[-78.59872,35.83095],[-78.59959,35.83115],[-78.5996,35.83142],[-78.59924,35.83191],[-78.59912,35.83323],[-78.59863,35.834],[-78.59836,35.83506],[-78.599,35.83535],[-78.59899,35.83548],[-78.59879,35.8354],[-78.59873,35.83552],[-78.59911,35.83583],[-78.59902,35.83614],[-78.59829,35.83631],[-78.59821,35.837],[-78.59804,35.83703],[-78.59813,35.83686],[-78.59811,35.83679],[-78.59777,35.83771],[-78.59807,35.83836],[-78.59792,35.83851],[-78.59799,35.83989],[-78.59839,35.83994],[-78.59843,35.84081],[-78.59893,35.84102],[-78.59863,35.84165],[-78.59867,35.84191],[-78.59916,35.84282],[-78.5996,35.84303],[-78.59943,35.8438],[-78.59959,35.84462],[-78.60022,35.8451],[-78.60041,35.84589],[-78.6002,35.84606],[-78.60037,35.84663],[-78.59995,35.84855],[-78.60018,35.84879],[-78.59988,35.84906],[-78.59975,35.84947],[-78.59989,35.85002],[-78.59979,35.85041],[-78.60023,35.85119],[-78.60012,35.85135],[-78.5997,35.85052],[-78.5996,35.84982],[-78.59988,35.84885],[-78.60018,35.84648],[-78.59988,35.84539],[-78.5993,35.84443],[-78.5991,35.8434],[-78.59823,35.84144],[-78.59794,35.83972],[-78.59773,35.83763],[-78.5981,35.83506],[-78.59839,35.83462],[-78.59876,35.83323],[-78.59887,35.83104],[-78.5987,35.83096],[-78.59849,35.82921],[-78.59776,35.82736],[-78.59737,35.82516],[-78.59685,35.82365],[-78.59581,35.82136],[-78.59452,35.82001],[-78.59497,35.82001],[-78.59493,35.81971]]],[[[-78.59705,35.83931],[-78.59743,35.83878],[-78.59738,35.83831],[-78.59717,35.83816],[-78.59754,35.83631],[-78.59736,35.8356],[-78.59774,35.83535],[-78.59768,35.8369],[-78.59744,35.83765],[-78.59752,35.8388],[-78.59721,35.84032],[-78.5973,35.84111],[-78.5966,35.84146],[-78.59646,35.842],[-78.59631,35.84179],[-78.59713,35.8405],[-78.59705,35.83931]]],[[[-78.59674,35.8416],[-78.59737,35.84127],[-78.59976,35.84565],[-78.59994,35.84695],[-78.59968,35.84843],[-78.59919,35.8498],[-78.59946,35.85061],[-78.60007,35.85139],[-78.60002,35.85144],[-78.59972,35.85126],[-78.5996,35.85088],[-78.5993,35.85086],[-78.59894,35.85062],[-78.59871,35.85022],[-78.59904,35.84869],[-78.59937,35.84844],[-78.59955,35.84847],[-78.59941,35.84799],[-78.59954,35.84776],[-78.59931,35.84778],[-78.59971,35.84743],[-78.5995,35.84722],[-78.59968,35.84701],[-78.59943,35.8469],[-78.59949,35.84549],[-78.5991,35.84505],[-78.59907,35.84467],[-78.59862,35.84421],[-78.5984,35.84342],[-78.59778,35.84264],[-78.59762,35.84203],[-78.5975,35.84206],[-78.59731,35.84172],[-78.59705,35.84222],[-78.59653,35.84207],[-78.59674,35.8416]]],[[[-78.59443,35.84304],[-78.59428,35.84287],[-78.59498,35.84285],[-78.59555,35.8426],[-78.59521,35.8429],[-78.5953,35.84332],[-78.59523,35.84385],[-78.59516,35.84394],[-78.59501,35.8435],[-78.59526,35.84321],[-78.59443,35.84304]]],[[[-78.59575,35.84227],[-78.59606,35.84234],[-78.59584,35.84207],[-78.59582,35.84184],[-78.59594,35.84184],[-78.59632,35.84218],[-78.5961,35.84217],[-78.5961,35.8424],[-78.5958,35.8424],[-78.59555,35.8426],[-78.59575,35.84227]]],[[[-78.59648,35.84278],[-78.5961,35.84357],[-78.59573,35.84407],[-78.59557,35.84418],[-78.59642,35.84285],[-78.59622,35.8425],[-78.59643,35.84228],[-78.59671,35.8426],[-78.59631,35.84246],[-78.59648,35.84278]]],[[[-78.59506,35.84473],[-78.59517,35.84448],[-78.59527,35.84438],[-78.59542,35.84426],[-78.59555,35.84419],[-78.59513,35.84467],[-78.59506,35.84473]]],[[[-78.5949,35.84483],[-78.59491,35.84481],[-78.59496,35.84481],[-78.5949,35.84483]]],[[[-78.59442,35.84611],[-78.59429,35.84704],[-78.59414,35.84578],[-78.59424,35.84555],[-78.59442,35.84611]]],[[[-78.59465,35.84455],[-78.59485,35.84427],[-78.59507,35.84404],[-78.59424,35.84555],[-78.59465,35.84455]]],[[[-78.59503,35.84513],[-78.59496,35.84497],[-78.59515,35.84514],[-78.5948,35.84572],[-78.59486,35.84636],[-78.59437,35.84709],[-78.59464,35.84651],[-78.59456,35.84627],[-78.59478,35.84613],[-78.59477,35.84568],[-78.59503,35.84513]]],[[[-78.59415,35.8471],[-78.5941,35.84745],[-78.59367,35.84761],[-78.59411,35.84709],[-78.59415,35.8471]]],[[[-78.59479,35.84753],[-78.59474,35.8477],[-78.59371,35.84774],[-78.59417,35.84757],[-78.59428,35.84714],[-78.59437,35.84748],[-78.59479,35.84753]]],[[[-78.59464,35.84807],[-78.59383,35.8481],[-78.59371,35.84778],[-78.59422,35.84793],[-78.59464,35.84807]]],[[[-78.59355,35.84778],[-78.59349,35.84811],[-78.59323,35.84812],[-78.59308,35.8483],[-78.59265,35.84801],[-78.59223,35.84797],[-78.59256,35.84782],[-78.59355,35.84778]]],[[[-78.59469,35.84842],[-78.59471,35.84836],[-78.59474,35.84831],[-78.59469,35.84842]]],[[[-78.59338,35.84844],[-78.59344,35.8484],[-78.59344,35.84842],[-78.59338,35.84844]]],[[[-78.59466,35.84857],[-78.59466,35.84868],[-78.59463,35.84897],[-78.59466,35.84857]]],[[[-78.5934,35.84937],[-78.59337,35.84914],[-78.59344,35.84886],[-78.59334,35.8486],[-78.59334,35.84849],[-78.59338,35.84844],[-78.59345,35.84888],[-78.5934,35.84908],[-78.5934,35.84937]]],[[[-78.59462,35.849],[-78.5946,35.84913],[-78.59461,35.84903],[-78.59462,35.849]]],[[[-78.5946,35.84926],[-78.59458,35.84924],[-78.59459,35.84922],[-78.5946,35.84926]]],[[[-78.59455,35.84991],[-78.59463,35.8494],[-78.59461,35.84978],[-78.59455,35.84991]]],[[[-78.5946,35.85003],[-78.59457,35.85002],[-78.59454,35.84998],[-78.5946,35.85003]]],[[[-78.59361,35.85013],[-78.59362,35.85016],[-78.59346,35.84998],[-78.59342,35.84984],[-78.5935,35.85001],[-78.59361,35.85013]]],[[[-78.59464,35.85008],[-78.59462,35.85004],[-78.59464,35.85007],[-78.59464,35.85008]]],[[[-78.59448,35.85021],[-78.59451,35.85016],[-78.5946,35.85011],[-78.59451,35.85018],[-78.59448,35.85021]]],[[[-78.59445,35.85023],[-78.59445,35.85029],[-78.59445,35.85039],[-78.59443,35.85028],[-78.59445,35.85023]]],[[[-78.5935,35.85042],[-78.59358,35.85027],[-78.59356,35.85036],[-78.5935,35.85042]]],[[[-78.59326,35.85069],[-78.59316,35.85088],[-78.59317,35.85079],[-78.59326,35.85069]]],[[[-78.59319,35.85107],[-78.59317,35.85102],[-78.59318,35.85099],[-78.59319,35.85107]]],[[[-78.5946,35.85117],[-78.59461,35.85122],[-78.5946,35.85123],[-78.5946,35.85117]]],[[[-78.59325,35.85122],[-78.59328,35.85125],[-78.59329,35.85133],[-78.59325,35.85122]]],[[[-78.59346,35.8514],[-78.5935,35.85142],[-78.59331,35.85137],[-78.59346,35.8514]]],[[[-78.60031,35.8516],[-78.60027,35.8516],[-78.60031,35.85159],[-78.60031,35.8516]]],[[[-78.60032,35.85158],[-78.60033,35.85159],[-78.60031,35.85159],[-78.60032,35.85158]]],[[[-78.60025,35.85158],[-78.60027,35.8516],[-78.60025,35.85159],[-78.60025,35.85158]]],[[[-78.59351,35.85143],[-78.59354,35.85147],[-78.59356,35.85154],[-78.59351,35.85143]]],[[[-78.59434,35.85174],[-78.59433,35.85197],[-78.59424,35.85227],[-78.59434,35.85174]]],[[[-78.60117,35.85309],[-78.60033,35.85159],[-78.60054,35.85165],[-78.60064,35.85211],[-78.60117,35.85309]]],[[[-78.60017,35.85237],[-78.60015,35.85249],[-78.59986,35.85239],[-78.6002,35.85162],[-78.60105,35.85312],[-78.60052,35.85236],[-78.60017,35.85237]]],[[[-78.6035,35.85323],[-78.60319,35.8531],[-78.60358,35.8528],[-78.6035,35.85323]]],[[[-78.59358,35.85248],[-78.59326,35.85231],[-78.59343,35.85218],[-78.59322,35.85191],[-78.59355,35.85158],[-78.59407,35.85251],[-78.59422,35.85317],[-78.59424,35.85427],[-78.59397,35.85426],[-78.59412,35.85339],[-78.59358,35.85248]]],[[[-78.60119,35.85311],[-78.60138,35.85343],[-78.60122,35.85319],[-78.60119,35.85311]]],[[[-78.6011,35.85314],[-78.60124,35.85344],[-78.60145,35.85356],[-78.60121,35.85348],[-78.6011,35.85314]]],[[[-78.59464,35.85338],[-78.59449,35.8543],[-78.59434,35.85428],[-78.59447,35.85362],[-78.59424,35.85236],[-78.59453,35.85268],[-78.59464,35.85338]]],[[[-78.60151,35.85349],[-78.60138,35.85343],[-78.60143,35.85344],[-78.60151,35.85349]]],[[[-78.60766,35.85739],[-78.60857,35.85803],[-78.60891,35.85855],[-78.60985,35.85881],[-78.61069,35.85916],[-78.61129,35.85969],[-78.61159,35.86027],[-78.61178,35.8613],[-78.61157,35.86196],[-78.61175,35.86127],[-78.61159,35.86119],[-78.61148,35.86037],[-78.61108,35.85972],[-78.61079,35.85948],[-78.61018,35.85938],[-78.6101,35.85899],[-78.60962,35.85879],[-78.60937,35.85896],[-78.60876,35.85868],[-78.60813,35.85879],[-78.60712,35.85819],[-78.60712,35.85741],[-78.60734,35.85696],[-78.60678,35.85696],[-78.60657,35.85742],[-78.60622,35.85688],[-78.60629,35.85659],[-78.606,35.85628],[-78.60609,35.85599],[-78.60536,35.85501],[-78.60495,35.85488],[-78.60563,35.85498],[-78.60592,35.85519],[-78.60669,35.85654],[-78.60734,35.85689],[-78.60766,35.85739]]],[[[-78.59685,35.87482],[-78.59649,35.87503],[-78.59639,35.87489],[-78.59669,35.87482],[-78.59685,35.87482]]],[[[-78.59671,35.87526],[-78.59662,35.87528],[-78.59654,35.87519],[-78.59671,35.87526]]],[[[-78.59385,35.87546],[-78.59343,35.87555],[-78.59356,35.87518],[-78.59385,35.87546]]],[[[-78.5959,35.87542],[-78.59476,35.8761],[-78.59463,35.87655],[-78.59432,35.87639],[-78.59355,35.87639],[-78.59325,35.87615],[-78.5945,35.87587],[-78.59538,35.87516],[-78.59571,35.87511],[-78.5959,35.87542]]],[[[-78.59898,35.87625],[-78.59826,35.87555],[-78.5996,35.87591],[-78.59947,35.87627],[-78.59898,35.87625]]],[[[-78.59132,35.87775],[-78.59149,35.87765],[-78.59152,35.87784],[-78.59132,35.87775]]],[[[-78.60311,35.92653],[-78.6031,35.92653],[-78.60291,35.9265],[-78.60335,35.9256],[-78.60326,35.92509],[-78.60352,35.92467],[-78.60345,35.92414],[-78.60374,35.92311],[-78.60412,35.92281],[-78.60447,35.92198],[-78.60467,35.92213],[-78.60412,35.92313],[-78.60336,35.92598],[-78.60311,35.92653]]],[[[-78.59124,35.72909],[-78.59266,35.72916],[-78.59238,35.72866],[-78.59236,35.7285],[-78.59255,35.72843],[-78.59223,35.72832],[-78.59238,35.72803],[-78.59222,35.72805],[-78.59217,35.72788],[-78.593,35.72809],[-78.59406,35.72806],[-78.59357,35.72838],[-78.59259,35.72926],[-78.5907,35.7302],[-78.59001,35.73034],[-78.58985,35.73031],[-78.59053,35.73019],[-78.59062,35.72976],[-78.59124,35.72909]]],[[[-78.59422,35.72757],[-78.5945,35.72749],[-78.59442,35.72766],[-78.59463,35.7277],[-78.59461,35.72772],[-78.59406,35.72806],[-78.59422,35.72757]]],[[[-78.59504,35.72715],[-78.59556,35.72697],[-78.59463,35.7277],[-78.59504,35.72715]]],[[[-78.59573,35.72767],[-78.59546,35.72781],[-78.59539,35.72812],[-78.59573,35.72824],[-78.59483,35.72865],[-78.5948,35.72896],[-78.59392,35.72897],[-78.59321,35.72951],[-78.59331,35.72981],[-78.59304,35.7298],[-78.59317,35.72989],[-78.59291,35.72995],[-78.59275,35.73021],[-78.59276,35.73089],[-78.59259,35.73096],[-78.59274,35.73114],[-78.59246,35.7317],[-78.59217,35.73142],[-78.59187,35.7314],[-78.59092,35.73173],[-78.59057,35.73216],[-78.59041,35.73222],[-78.59138,35.73126],[-78.59242,35.73039],[-78.59375,35.72883],[-78.59503,35.7279],[-78.59573,35.72767]]],[[[-78.59615,35.72753],[-78.59653,35.72753],[-78.59794,35.72766],[-78.59916,35.72794],[-78.6002,35.7279],[-78.59977,35.72809],[-78.59797,35.72771],[-78.5977,35.72777],[-78.59736,35.72761],[-78.59712,35.72788],[-78.59716,35.72842],[-78.59654,35.72853],[-78.59614,35.72827],[-78.59579,35.72832],[-78.59578,35.72824],[-78.59562,35.72816],[-78.59598,35.72809],[-78.59565,35.72778],[-78.59573,35.72767],[-78.59615,35.72753]]],[[[-78.59041,35.73222],[-78.59034,35.73235],[-78.5898,35.73208],[-78.58966,35.73275],[-78.58931,35.73231],[-78.58883,35.73222],[-78.58852,35.73173],[-78.58825,35.73164],[-78.58801,35.73175],[-78.58814,35.73164],[-78.5883,35.73163],[-78.58845,35.73167],[-78.58883,35.7319],[-78.58989,35.73205],[-78.59041,35.73222]]],[[[-78.59545,35.73788],[-78.59623,35.73807],[-78.59599,35.7382],[-78.59378,35.73762],[-78.59287,35.7377],[-78.59348,35.73758],[-78.59401,35.73763],[-78.59435,35.73729],[-78.59496,35.73738],[-78.59545,35.73788]]],[[[-78.59161,35.73787],[-78.59112,35.73792],[-78.59129,35.73763],[-78.59161,35.73787]]],[[[-78.5925,35.73798],[-78.59244,35.73799],[-78.59242,35.73799],[-78.59285,35.73771],[-78.59258,35.73795],[-78.5925,35.73798]]],[[[-78.591,35.73793],[-78.59036,35.73801],[-78.59073,35.73789],[-78.591,35.73793]]],[[[-78.59379,35.73838],[-78.59319,35.73833],[-78.59266,35.73871],[-78.59246,35.73868],[-78.5934,35.73788],[-78.59607,35.73837],[-78.59563,35.73844],[-78.59563,35.73903],[-78.59479,35.73853],[-78.59429,35.73864],[-78.59388,35.73856],[-78.59379,35.73838]]],[[[-78.59062,35.73866],[-78.59055,35.73866],[-78.59046,35.73845],[-78.59062,35.73866]]],[[[-78.58927,35.75807],[-78.58849,35.7588],[-78.58845,35.75883],[-78.58871,35.75802],[-78.58896,35.75777],[-78.58896,35.75759],[-78.5888,35.75766],[-78.58877,35.75721],[-78.58896,35.75691],[-78.5893,35.75683],[-78.58961,35.75647],[-78.59014,35.75631],[-78.59014,35.75617],[-78.5905,35.75622],[-78.59136,35.75677],[-78.59144,35.75709],[-78.59187,35.75717],[-78.58927,35.75807]]],[[[-78.60074,35.76185],[-78.6007,35.76214],[-78.60063,35.76189],[-78.60011,35.76157],[-78.60005,35.76134],[-78.59957,35.76147],[-78.59943,35.76117],[-78.59924,35.76117],[-78.59865,35.7613],[-78.598,35.76207],[-78.59705,35.7623],[-78.59656,35.76207],[-78.59613,35.76119],[-78.59484,35.7605],[-78.59462,35.75993],[-78.59376,35.75975],[-78.59303,35.75934],[-78.5913,35.75994],[-78.58942,35.76123],[-78.58827,35.76056],[-78.58776,35.76058],[-78.58759,35.76099],[-78.58862,35.76232],[-78.58784,35.76218],[-78.58754,35.76187],[-78.58713,35.76176],[-78.58597,35.76202],[-78.58551,35.76159],[-78.58437,35.76186],[-78.58401,35.76143],[-78.58349,35.76121],[-78.58317,35.7601],[-78.58298,35.76032],[-78.58284,35.76018],[-78.5823,35.75893],[-78.58145,35.75805],[-78.58164,35.75784],[-78.58166,35.75785],[-78.5818,35.75838],[-78.58329,35.75971],[-78.58388,35.76087],[-78.58439,35.76127],[-78.58513,35.76154],[-78.58624,35.76136],[-78.58768,35.76028],[-78.58932,35.76048],[-78.5899,35.76041],[-78.59267,35.75886],[-78.59345,35.75882],[-78.5943,35.75898],[-78.59633,35.75845],[-78.59682,35.75857],[-78.59696,35.75878],[-78.59727,35.76002],[-78.59773,35.76076],[-78.59835,35.7611],[-78.59877,35.76112],[-78.60031,35.76079],[-78.60169,35.76199],[-78.60244,35.76304],[-78.60345,35.76323],[-78.60465,35.763],[-78.60586,35.76316],[-78.60751,35.76305],[-78.60756,35.76306],[-78.60742,35.76337],[-78.60575,35.76356],[-78.60514,35.76336],[-78.60467,35.76301],[-78.60441,35.7632],[-78.60422,35.76408],[-78.60339,35.76461],[-78.60302,35.76465],[-78.6029,35.76505],[-78.60278,35.76489],[-78.60246,35.76486],[-78.60178,35.764],[-78.6015,35.76335],[-78.6009,35.76337],[-78.60185,35.76235],[-78.60148,35.76211],[-78.60104,35.76219],[-78.60094,35.76178],[-78.60074,35.76185]]],[[[-78.5879,35.79028],[-78.58879,35.78993],[-78.5892,35.78919],[-78.58976,35.7885],[-78.59096,35.7873],[-78.59148,35.78582],[-78.59167,35.78573],[-78.59146,35.78536],[-78.59174,35.78557],[-78.5921,35.78671],[-78.59291,35.78663],[-78.59361,35.7858],[-78.59428,35.78604],[-78.59429,35.78629],[-78.59376,35.7866],[-78.59371,35.78688],[-78.5928,35.78719],[-78.59258,35.78777],[-78.59206,35.78795],[-78.59168,35.78866],[-78.59175,35.78877],[-78.59202,35.78866],[-78.59215,35.78943],[-78.59239,35.78956],[-78.59261,35.78948],[-78.59279,35.78895],[-78.59258,35.78835],[-78.59281,35.78792],[-78.59304,35.78768],[-78.5934,35.7878],[-78.59384,35.78709],[-78.59432,35.78719],[-78.59489,35.78793],[-78.59498,35.7894],[-78.59412,35.79068],[-78.59406,35.79129],[-78.59499,35.79125],[-78.59503,35.79147],[-78.5937,35.79138],[-78.59217,35.78985],[-78.59121,35.7893],[-78.59032,35.78909],[-78.5896,35.78914],[-78.5891,35.78946],[-78.58874,35.79079],[-78.58777,35.79071],[-78.58712,35.79049],[-78.58679,35.79078],[-78.58669,35.79078],[-78.58707,35.79018],[-78.5879,35.79028]]],[[[-78.59149,35.80628],[-78.59166,35.80561],[-78.5916,35.80463],[-78.59231,35.80274],[-78.59231,35.80196],[-78.59082,35.80046],[-78.59286,35.80235],[-78.59225,35.80333],[-78.59198,35.80421],[-78.59219,35.80521],[-78.59244,35.80529],[-78.59273,35.80568],[-78.59257,35.806],[-78.59219,35.80615],[-78.59235,35.80641],[-78.59216,35.80655],[-78.59231,35.80684],[-78.59291,35.80685],[-78.59308,35.80716],[-78.59343,35.80977],[-78.59295,35.81048],[-78.59317,35.81071],[-78.59289,35.81103],[-78.59275,35.81181],[-78.59235,35.81184],[-78.59311,35.8098],[-78.59281,35.80733],[-78.59186,35.80678],[-78.59149,35.80628]]],[[[-78.59272,35.82334],[-78.59271,35.82334],[-78.59262,35.82316],[-78.59272,35.82331],[-78.59272,35.82334]]],[[[-78.59267,35.82339],[-78.59267,35.8234],[-78.59264,35.82338],[-78.59267,35.82339]]],[[[-78.59265,35.8235],[-78.59263,35.82354],[-78.59267,35.82341],[-78.59265,35.8235]]],[[[-78.59229,35.82385],[-78.59228,35.82385],[-78.59234,35.82376],[-78.59229,35.82385]]],[[[-78.59223,35.82405],[-78.59221,35.82408],[-78.59228,35.82385],[-78.59223,35.82405]]],[[[-78.59223,35.82412],[-78.59217,35.82434],[-78.59222,35.82412],[-78.59221,35.82408],[-78.59223,35.82412]]],[[[-78.59217,35.82452],[-78.59215,35.82457],[-78.59217,35.82434],[-78.59217,35.82452]]],[[[-78.59238,35.82368],[-78.59239,35.82367],[-78.5924,35.82367],[-78.59234,35.82376],[-78.59238,35.82368]]],[[[-78.59211,35.82527],[-78.59215,35.82501],[-78.59216,35.82472],[-78.59219,35.82457],[-78.59216,35.82501],[-78.59211,35.82527]]],[[[-78.59213,35.82555],[-78.59209,35.82593],[-78.5921,35.82527],[-78.59211,35.82527],[-78.59213,35.82555]]],[[[-78.59206,35.82604],[-78.59209,35.82599],[-78.59181,35.82677],[-78.59206,35.82604]]],[[[-78.59206,35.82595],[-78.59206,35.82594],[-78.59207,35.82594],[-78.5921,35.82599],[-78.59209,35.82599],[-78.59206,35.82595]]],[[[-78.59185,35.82694],[-78.59184,35.82698],[-78.59181,35.82682],[-78.59185,35.82694]]],[[[-78.59199,35.82717],[-78.5924,35.82691],[-78.59227,35.82714],[-78.59199,35.82717]]],[[[-78.59163,35.82766],[-78.59192,35.82725],[-78.59173,35.82753],[-78.59163,35.82766]]],[[[-78.59076,35.82943],[-78.59095,35.82881],[-78.59079,35.82873],[-78.591,35.82862],[-78.59082,35.82843],[-78.59107,35.82835],[-78.5909,35.82916],[-78.59051,35.83009],[-78.59005,35.83074],[-78.59005,35.83156],[-78.5898,35.83123],[-78.58995,35.83107],[-78.58989,35.83061],[-78.59015,35.82992],[-78.59033,35.82987],[-78.59011,35.82966],[-78.59068,35.82891],[-78.59055,35.82935],[-78.59076,35.82943]]],[[[-78.59063,35.82825],[-78.59089,35.82756],[-78.59065,35.82736],[-78.59094,35.82751],[-78.5915,35.82727],[-78.59091,35.82771],[-78.59108,35.82833],[-78.59107,35.82835],[-78.59063,35.82825]]],[[[-78.59005,35.83172],[-78.59,35.83187],[-78.58996,35.83194],[-78.58994,35.83197],[-78.59005,35.83156],[-78.59005,35.83172]]],[[[-78.59119,35.82943],[-78.59087,35.82983],[-78.59082,35.8305],[-78.59038,35.83061],[-78.59036,35.83122],[-78.59019,35.83156],[-78.59032,35.83072],[-78.59037,35.8306],[-78.59072,35.8303],[-78.59088,35.82974],[-78.59121,35.82921],[-78.59148,35.8284],[-78.59156,35.82775],[-78.59159,35.82772],[-78.59159,35.82836],[-78.59119,35.82943]]],[[[-78.59021,35.83171],[-78.5902,35.83175],[-78.59015,35.83179],[-78.59021,35.83171]]],[[[-78.58987,35.83215],[-78.58989,35.83201],[-78.58989,35.83211],[-78.58987,35.83215]]],[[[-78.59,35.83249],[-78.58997,35.83224],[-78.59007,35.83239],[-78.59,35.83249]]],[[[-78.58983,35.8328],[-78.58994,35.83256],[-78.58995,35.83255],[-78.58991,35.83272],[-78.58983,35.8328]]],[[[-78.58863,35.83402],[-78.58864,35.83402],[-78.58876,35.83451],[-78.58864,35.83415],[-78.58863,35.83402]]],[[[-78.58858,35.83397],[-78.58855,35.83388],[-78.58863,35.83402],[-78.58858,35.83397]]],[[[-78.58854,35.83387],[-78.58849,35.83367],[-78.58856,35.83327],[-78.58759,35.83324],[-78.58756,35.83318],[-78.58848,35.8332],[-78.58933,35.83217],[-78.58984,35.83221],[-78.58951,35.83229],[-78.58897,35.83273],[-78.5887,35.83318],[-78.58855,35.83388],[-78.58854,35.83387]]],[[[-78.58914,35.83434],[-78.58982,35.83289],[-78.58973,35.8336],[-78.58914,35.83434]]],[[[-78.5893,35.83503],[-78.589,35.83519],[-78.58913,35.83434],[-78.58914,35.83434],[-78.5893,35.83503]]],[[[-78.58878,35.8346],[-78.58878,35.83464],[-78.58877,35.83462],[-78.58878,35.8346]]],[[[-78.58878,35.83464],[-78.58885,35.83477],[-78.58875,35.83473],[-78.58878,35.83464]]],[[[-78.58886,35.83485],[-78.58887,35.83489],[-78.58884,35.83488],[-78.58886,35.83485]]],[[[-78.58888,35.83495],[-78.58887,35.83502],[-78.58889,35.83512],[-78.58888,35.83513],[-78.58886,35.83503],[-78.58888,35.83495]]],[[[-78.58888,35.83513],[-78.58885,35.83525],[-78.58882,35.83515],[-78.58888,35.83513]]],[[[-78.58897,35.83536],[-78.58895,35.83541],[-78.58894,35.83533],[-78.58897,35.83536]]],[[[-78.58895,35.83543],[-78.58889,35.8355],[-78.58895,35.83541],[-78.58895,35.83543]]],[[[-78.58788,35.83646],[-78.58792,35.8368],[-78.58758,35.83677],[-78.58808,35.83612],[-78.58797,35.83634],[-78.58788,35.83646]]],[[[-78.58791,35.83611],[-78.58807,35.83581],[-78.58885,35.83525],[-78.58825,35.83577],[-78.58809,35.83612],[-78.58808,35.83612],[-78.58791,35.83611]]],[[[-78.58856,35.83589],[-78.58858,35.8359],[-78.58863,35.83588],[-78.5889,35.83588],[-78.58833,35.83614],[-78.5881,35.83669],[-78.5882,35.83628],[-78.58889,35.8355],[-78.58896,35.83572],[-78.58856,35.83589]]],[[[-78.58807,35.83677],[-78.58802,35.8367],[-78.58807,35.83676],[-78.58807,35.83677]]],[[[-78.58612,35.83769],[-78.58611,35.83767],[-78.58612,35.83766],[-78.58613,35.83764],[-78.58614,35.83763],[-78.58613,35.83768],[-78.58612,35.83769]]],[[[-78.58593,35.83839],[-78.58584,35.83826],[-78.58584,35.83823],[-78.58591,35.83834],[-78.58593,35.83839]]],[[[-78.58595,35.83844],[-78.58594,35.83843],[-78.58594,35.83841],[-78.58595,35.83844]]],[[[-78.58599,35.8385],[-78.58599,35.83848],[-78.586,35.83849],[-78.58599,35.8385]]],[[[-78.58599,35.83863],[-78.58603,35.83855],[-78.58601,35.83862],[-78.58599,35.83863]]],[[[-78.58629,35.83969],[-78.58628,35.83969],[-78.58629,35.83968],[-78.58629,35.83969]]],[[[-78.58585,35.84087],[-78.58607,35.84003],[-78.58612,35.84053],[-78.58585,35.84087]]],[[[-78.5858,35.8411],[-78.58581,35.84107],[-78.58581,35.84109],[-78.5858,35.8411]]],[[[-78.59121,35.87752],[-78.59118,35.87767],[-78.59112,35.8776],[-78.59121,35.87752]]],[[[-78.58738,35.87952],[-78.58683,35.87968],[-78.58707,35.87928],[-78.58738,35.87952]]],[[[-78.58729,35.87988],[-78.58756,35.87964],[-78.58757,35.87978],[-78.58729,35.87988]]],[[[-78.5861,35.87992],[-78.58562,35.87994],[-78.58597,35.87988],[-78.5861,35.87992]]],[[[-78.56226,35.70928],[-78.56219,35.70911],[-78.56237,35.70932],[-78.56258,35.70908],[-78.5634,35.70889],[-78.56355,35.7078],[-78.56385,35.70907],[-78.5652,35.70935],[-78.56591,35.70916],[-78.56677,35.70931],[-78.56783,35.7089],[-78.56831,35.70928],[-78.56777,35.70957],[-78.56713,35.70963],[-78.56694,35.70985],[-78.56717,35.70968],[-78.56764,35.70967],[-78.56713,35.70999],[-78.56539,35.71032],[-78.56492,35.71069],[-78.56474,35.71061],[-78.56499,35.71054],[-78.56447,35.70929],[-78.56371,35.70911],[-78.56237,35.70934],[-78.56226,35.70928]]],[[[-78.56314,35.71008],[-78.56304,35.7099],[-78.56318,35.71003],[-78.56305,35.7103],[-78.5634,35.71052],[-78.56294,35.71039],[-78.56314,35.71008]]],[[[-78.56443,35.71138],[-78.56456,35.71162],[-78.56452,35.71178],[-78.56441,35.71137],[-78.56439,35.71074],[-78.5645,35.71061],[-78.56454,35.71061],[-78.56479,35.7108],[-78.56449,35.71079],[-78.56443,35.71138]]],[[[-78.56443,35.71241],[-78.5644,35.71207],[-78.56452,35.71178],[-78.56451,35.71222],[-78.56443,35.71241]]],[[[-78.58436,35.71494],[-78.5844,35.71388],[-78.5845,35.71488],[-78.58436,35.71494]]],[[[-78.56504,35.71625],[-78.56471,35.71652],[-78.56441,35.71655],[-78.56479,35.71543],[-78.56444,35.71413],[-78.56444,35.714],[-78.56454,35.71383],[-78.56447,35.71414],[-78.56502,35.7147],[-78.56522,35.71571],[-78.56504,35.71625]]],[[[-78.58354,35.71591],[-78.58351,35.71598],[-78.58354,35.71589],[-78.58354,35.71591]]],[[[-78.58279,35.71707],[-78.58258,35.71748],[-78.58242,35.71767],[-78.58273,35.71702],[-78.58341,35.71654],[-78.58335,35.71599],[-78.58277,35.71527],[-78.58347,35.71559],[-78.58344,35.71671],[-78.58279,35.71707]]],[[[-78.58333,35.71718],[-78.58324,35.71734],[-78.58289,35.71757],[-78.58272,35.71778],[-78.58259,35.71787],[-78.58292,35.71715],[-78.5835,35.7167],[-78.58356,35.71651],[-78.58343,35.71714],[-78.58333,35.71718]]],[[[-78.58349,35.7164],[-78.5835,35.71605],[-78.58357,35.71648],[-78.58356,35.71651],[-78.58349,35.7164]]],[[[-78.5655,35.71915],[-78.56569,35.72017],[-78.56449,35.71862],[-78.56412,35.71775],[-78.56414,35.71692],[-78.56438,35.71662],[-78.5642,35.71689],[-78.56436,35.71713],[-78.56427,35.71728],[-78.56511,35.71914],[-78.5655,35.71915]]],[[[-78.5809,35.72008],[-78.58074,35.72018],[-78.5806,35.72015],[-78.58027,35.72072],[-78.58006,35.72073],[-78.58028,35.72068],[-78.58055,35.72014],[-78.58087,35.72008],[-78.58075,35.71959],[-78.581,35.71919],[-78.58143,35.71872],[-78.58201,35.71841],[-78.58246,35.71793],[-78.58259,35.71787],[-78.58221,35.71855],[-78.58105,35.71919],[-78.5809,35.72008]]],[[[-78.58057,35.71969],[-78.5806,35.71949],[-78.58079,35.71884],[-78.58105,35.71863],[-78.58124,35.71857],[-78.58137,35.71856],[-78.58088,35.71886],[-78.58062,35.71947],[-78.58075,35.71999],[-78.58023,35.72029],[-78.58017,35.72058],[-78.57974,35.72062],[-78.57954,35.72038],[-78.57977,35.72056],[-78.58007,35.72055],[-78.58024,35.72022],[-78.58062,35.71988],[-78.58057,35.71969]]],[[[-78.56707,35.72174],[-78.56698,35.72305],[-78.5678,35.72481],[-78.56786,35.72508],[-78.56762,35.72554],[-78.56691,35.72294],[-78.56696,35.72158],[-78.56663,35.72133],[-78.56574,35.72023],[-78.56655,35.72089],[-78.56668,35.72134],[-78.56702,35.72159],[-78.56707,35.72174]]],[[[-78.56968,35.72518],[-78.57008,35.72476],[-78.5711,35.72452],[-78.57232,35.72459],[-78.57263,35.72443],[-78.57261,35.724],[-78.57302,35.72328],[-78.5732,35.72302],[-78.57346,35.72297],[-78.5735,35.72275],[-78.574,35.72247],[-78.57417,35.72194],[-78.57456,35.72146],[-78.57453,35.72064],[-78.57465,35.72117],[-78.5749,35.72118],[-78.5753,35.72082],[-78.57539,35.72036],[-78.57558,35.72043],[-78.57554,35.72079],[-78.57625,35.72121],[-78.57662,35.72115],[-78.57662,35.72093],[-78.57679,35.72106],[-78.57726,35.72084],[-78.57758,35.72102],[-78.57819,35.72064],[-78.57843,35.72061],[-78.57853,35.72046],[-78.57869,35.72041],[-78.57844,35.72062],[-78.57823,35.72065],[-78.57808,35.72083],[-78.57755,35.72104],[-78.57662,35.7212],[-78.57619,35.72143],[-78.57489,35.72128],[-78.57464,35.72141],[-78.57419,35.72197],[-78.57405,35.72259],[-78.5735,35.72312],[-78.57254,35.72461],[-78.57174,35.72462],[-78.57136,35.72492],[-78.56986,35.72521],[-78.56904,35.7256],[-78.56849,35.72563],[-78.56801,35.726],[-78.56783,35.72598],[-78.56764,35.72569],[-78.56762,35.72555],[-78.56792,35.72582],[-78.56868,35.72536],[-78.56912,35.72545],[-78.56968,35.72518]]],[[[-78.5685,35.74084],[-78.56857,35.74049],[-78.56822,35.73994],[-78.56865,35.73964],[-78.56891,35.73963],[-78.56863,35.73927],[-78.56879,35.73912],[-78.56809,35.73822],[-78.56817,35.73794],[-78.56902,35.73743],[-78.56958,35.73736],[-78.56963,35.73721],[-78.56937,35.73685],[-78.56912,35.73678],[-78.56903,35.73563],[-78.56864,35.73467],[-78.56838,35.73456],[-78.56874,35.73438],[-78.56869,35.73337],[-78.56846,35.73318],[-78.56802,35.73337],[-78.56821,35.73291],[-78.56777,35.73205],[-78.56791,35.73114],[-78.56741,35.73022],[-78.56723,35.73021],[-78.56748,35.7296],[-78.56613,35.72867],[-78.56584,35.72899],[-78.56587,35.72863],[-78.56528,35.72831],[-78.56575,35.72831],[-78.56658,35.72865],[-78.56695,35.72861],[-78.56688,35.72609],[-78.56631,35.72534],[-78.5662,35.7249],[-78.56574,35.72472],[-78.56599,35.72457],[-78.56593,35.72355],[-78.56558,35.7228],[-78.56562,35.72248],[-78.56537,35.72236],[-78.56544,35.72204],[-78.56471,35.72169],[-78.56438,35.72132],[-78.5646,35.72048],[-78.5645,35.72011],[-78.5641,35.71985],[-78.56291,35.71822],[-78.5615,35.71822],[-78.56116,35.7178],[-78.56081,35.71773],[-78.56202,35.71768],[-78.56266,35.71676],[-78.56293,35.71591],[-78.56283,35.71571],[-78.56358,35.71594],[-78.56411,35.71567],[-78.56403,35.71496],[-78.56417,35.71565],[-78.56376,35.71601],[-78.56346,35.71805],[-78.56462,35.72002],[-78.56542,35.7211],[-78.56602,35.7216],[-78.56606,35.72319],[-78.56701,35.72615],[-78.56786,35.73002],[-78.56888,35.73357],[-78.56938,35.73652],[-78.5697,35.73723],[-78.56927,35.73792],[-78.5694,35.73863],[-78.56906,35.73901],[-78.56911,35.73962],[-78.5684,35.74146],[-78.56874,35.74436],[-78.56837,35.74437],[-78.56781,35.74394],[-78.56859,35.74335],[-78.56788,35.74149],[-78.56794,35.74096],[-78.5685,35.74084]]],[[[-78.56355,35.71437],[-78.56324,35.71293],[-78.56347,35.71056],[-78.56384,35.71128],[-78.56401,35.71332],[-78.56391,35.71432],[-78.56403,35.71496],[-78.56355,35.71437]]],[[[-78.58737,35.72974],[-78.58814,35.72916],[-78.58891,35.72947],[-78.58965,35.73019],[-78.58737,35.72974]]],[[[-78.58733,35.72975],[-78.58721,35.72978],[-78.58719,35.72968],[-78.58733,35.72975]]],[[[-78.58063,35.7215],[-78.57987,35.72108],[-78.57919,35.72108],[-78.57846,35.72088],[-78.5775,35.72137],[-78.57681,35.72142],[-78.5767,35.72175],[-78.57616,35.72171],[-78.57553,35.72182],[-78.57532,35.72206],[-78.57508,35.72202],[-78.57432,35.723],[-78.57379,35.72337],[-78.57404,35.72398],[-78.57333,35.72443],[-78.57365,35.72526],[-78.57294,35.72491],[-78.57189,35.72542],[-78.57156,35.72547],[-78.57143,35.72536],[-78.5711,35.72574],[-78.57046,35.7259],[-78.57041,35.72623],[-78.56969,35.72616],[-78.56931,35.72638],[-78.56899,35.7271],[-78.56889,35.7283],[-78.56914,35.72865],[-78.5698,35.72875],[-78.56952,35.72931],[-78.56892,35.7299],[-78.56897,35.73016],[-78.56967,35.73159],[-78.57003,35.73267],[-78.57001,35.73324],[-78.57044,35.73367],[-78.57004,35.73424],[-78.57039,35.73497],[-78.57036,35.73528],[-78.57042,35.7354],[-78.57047,35.73522],[-78.57067,35.73525],[-78.57097,35.73543],[-78.57075,35.73562],[-78.57092,35.73592],[-78.57178,35.73653],[-78.57112,35.73725],[-78.57125,35.73774],[-78.57076,35.73842],[-78.57093,35.73874],[-78.57115,35.73881],[-78.57143,35.73866],[-78.57126,35.73903],[-78.57146,35.73896],[-78.57155,35.73931],[-78.57203,35.73909],[-78.57285,35.73904],[-78.57359,35.73876],[-78.57381,35.738],[-78.57477,35.73744],[-78.57683,35.73768],[-78.5771,35.73748],[-78.5771,35.73712],[-78.57735,35.73752],[-78.57768,35.7375],[-78.57931,35.73665],[-78.57934,35.73643],[-78.57994,35.73616],[-78.58088,35.73632],[-78.58156,35.73618],[-78.58232,35.73581],[-78.58321,35.73578],[-78.58324,35.73503],[-78.58285,35.73393],[-78.58319,35.733],[-78.58369,35.73256],[-78.58402,35.73195],[-78.58493,35.73165],[-78.58488,35.7315],[-78.58574,35.73113],[-78.58604,35.73064],[-78.58649,35.73127],[-78.58562,35.73141],[-78.58489,35.73178],[-78.58392,35.73278],[-78.58355,35.73346],[-78.58357,35.73544],[-78.58335,35.73589],[-78.58255,35.7364],[-78.58145,35.73662],[-78.58102,35.73718],[-78.57911,35.73735],[-78.57816,35.73788],[-78.57687,35.73793],[-78.57551,35.73825],[-78.57465,35.73815],[-78.57407,35.73867],[-78.57391,35.73905],[-78.57351,35.73925],[-78.5729,35.73926],[-78.57178,35.7397],[-78.57079,35.73969],[-78.57055,35.73893],[-78.57077,35.7383],[-78.5708,35.73723],[-78.57033,35.73626],[-78.56969,35.73265],[-78.56886,35.72991],[-78.5681,35.72643],[-78.56791,35.72609],[-78.56823,35.72613],[-78.56875,35.7259],[-78.57053,35.72557],[-78.57154,35.7252],[-78.57178,35.72489],[-78.57253,35.7249],[-78.57292,35.72471],[-78.57321,35.72418],[-78.57373,35.72387],[-78.57375,35.72338],[-78.57387,35.72312],[-78.57422,35.72295],[-78.57451,35.72193],[-78.5749,35.72158],[-78.57611,35.72166],[-78.57673,35.7214],[-78.57809,35.72101],[-78.57872,35.72049],[-78.57905,35.72043],[-78.57939,35.7205],[-78.57957,35.72077],[-78.58005,35.72073],[-78.58005,35.72106],[-78.5805,35.72117],[-78.58032,35.72119],[-78.58063,35.7215]]],[[[-78.58533,35.73761],[-78.58561,35.73798],[-78.58655,35.7385],[-78.58694,35.73857],[-78.58751,35.73839],[-78.5894,35.73822],[-78.58931,35.7381],[-78.58681,35.73797],[-78.58589,35.73742],[-78.58556,35.73691],[-78.58505,35.73658],[-78.58477,35.73631],[-78.58434,35.73639],[-78.58399,35.7361],[-78.58437,35.73551],[-78.58462,35.73394],[-78.58486,35.73343],[-78.58548,35.73243],[-78.58662,35.73148],[-78.58669,35.73208],[-78.58647,35.73237],[-78.58612,35.73245],[-78.58555,35.73316],[-78.58556,35.73392],[-78.58506,35.7342],[-78.58482,35.73539],[-78.58426,35.73608],[-78.58449,35.73627],[-78.58499,35.73614],[-78.58501,35.73646],[-78.58541,35.73672],[-78.58605,35.73662],[-78.58595,35.73704],[-78.58708,35.73778],[-78.5877,35.73776],[-78.58838,35.73798],[-78.58943,35.73797],[-78.58964,35.73882],[-78.58905,35.7389],[-78.58824,35.73857],[-78.58767,35.73877],[-78.58733,35.73865],[-78.58649,35.73878],[-78.58627,35.7386],[-78.58539,35.73857],[-78.5851,35.73794],[-78.5845,35.73792],[-78.58417,35.73764],[-78.58366,35.73753],[-78.58278,35.73701],[-78.58366,35.7371],[-78.58453,35.73757],[-78.58533,35.73761]]],[[[-78.58127,35.73798],[-78.58187,35.73728],[-78.58278,35.73701],[-78.58243,35.73725],[-78.58259,35.7376],[-78.58245,35.73754],[-78.5822,35.73776],[-78.58201,35.73843],[-78.5814,35.73887],[-78.58066,35.73813],[-78.57948,35.73846],[-78.57913,35.73888],[-78.57864,35.73899],[-78.57839,35.7393],[-78.57802,35.73904],[-78.57715,35.73879],[-78.57884,35.73878],[-78.57996,35.73805],[-78.58127,35.73798]]],[[[-78.57517,35.74007],[-78.57461,35.73995],[-78.57309,35.74058],[-78.5725,35.74057],[-78.57211,35.74092],[-78.57215,35.74113],[-78.57136,35.74087],[-78.57133,35.7411],[-78.57189,35.74135],[-78.57197,35.74157],[-78.57146,35.74146],[-78.57092,35.74241],[-78.57038,35.74299],[-78.5714,35.74443],[-78.57173,35.74419],[-78.57207,35.74431],[-78.57143,35.74459],[-78.57173,35.7456],[-78.5716,35.74607],[-78.5715,35.74572],[-78.57024,35.7452],[-78.57053,35.74451],[-78.57009,35.74326],[-78.57036,35.74278],[-78.57017,35.74207],[-78.57034,35.74109],[-78.57088,35.74049],[-78.57199,35.74068],[-78.57458,35.73984],[-78.57465,35.73956],[-78.57514,35.7392],[-78.57574,35.73923],[-78.57695,35.73886],[-78.57688,35.73899],[-78.57632,35.73909],[-78.57598,35.7394],[-78.57593,35.73928],[-78.57541,35.73935],[-78.57498,35.73963],[-78.57517,35.74007]]],[[[-78.568,35.74515],[-78.56835,35.7445],[-78.56874,35.74436],[-78.56818,35.74508],[-78.568,35.74515]]],[[[-78.56619,35.74531],[-78.567,35.74484],[-78.56745,35.74485],[-78.56794,35.74517],[-78.56675,35.74564],[-78.56518,35.74661],[-78.56557,35.74515],[-78.56619,35.74531]]],[[[-78.5716,35.74608],[-78.5716,35.74607],[-78.5722,35.74586],[-78.57288,35.74619],[-78.57338,35.74614],[-78.57358,35.74658],[-78.57344,35.74698],[-78.57214,35.74615],[-78.5716,35.74608]]],[[[-78.56489,35.74663],[-78.56514,35.74663],[-78.56429,35.74671],[-78.56482,35.7463],[-78.56489,35.74663]]],[[[-78.56738,35.74816],[-78.56693,35.74797],[-78.56659,35.74804],[-78.56598,35.74872],[-78.56551,35.74901],[-78.56487,35.74907],[-78.56487,35.74888],[-78.56471,35.74901],[-78.56467,35.74887],[-78.56493,35.74781],[-78.56458,35.74781],[-78.56439,35.7488],[-78.56356,35.74912],[-78.56321,35.74994],[-78.56275,35.75019],[-78.56076,35.75035],[-78.56003,35.74998],[-78.55962,35.74998],[-78.55913,35.74927],[-78.55802,35.74952],[-78.55746,35.74997],[-78.55752,35.75012],[-78.55717,35.75045],[-78.55683,35.7505],[-78.55586,35.75018],[-78.55549,35.75069],[-78.55528,35.75149],[-78.55519,35.75075],[-78.55492,35.75033],[-78.55359,35.75075],[-78.55387,35.75137],[-78.55318,35.75198],[-78.55179,35.75203],[-78.55119,35.75138],[-78.55189,35.75155],[-78.55255,35.75148],[-78.55293,35.7513],[-78.55357,35.75057],[-78.55443,35.75027],[-78.55557,35.7501],[-78.55677,35.75022],[-78.55715,35.7501],[-78.55813,35.74935],[-78.55878,35.74907],[-78.55912,35.74911],[-78.56067,35.74982],[-78.56122,35.74982],[-78.56281,35.74898],[-78.56385,35.74796],[-78.56452,35.74755],[-78.56577,35.74771],[-78.56709,35.74741],[-78.56821,35.74673],[-78.56907,35.74683],[-78.57149,35.74752],[-78.5719,35.74776],[-78.57179,35.74837],[-78.57204,35.74905],[-78.57175,35.74962],[-78.57183,35.75005],[-78.57317,35.75164],[-78.57413,35.7524],[-78.57446,35.75315],[-78.57675,35.75557],[-78.57707,35.75639],[-78.5765,35.75538],[-78.57555,35.75532],[-78.57486,35.75495],[-78.57397,35.755],[-78.57417,35.75495],[-78.57433,35.75453],[-78.57452,35.7535],[-78.57303,35.75225],[-78.57301,35.75163],[-78.5722,35.75116],[-78.57171,35.75108],[-78.5718,35.75073],[-78.57149,35.74942],[-78.57119,35.74925],[-78.57057,35.74847],[-78.56986,35.74832],[-78.56949,35.74769],[-78.56738,35.74816]]],[[[-78.57434,35.74892],[-78.57494,35.74938],[-78.57471,35.75035],[-78.57545,35.75059],[-78.57586,35.75115],[-78.5755,35.75249],[-78.5752,35.75299],[-78.57616,35.75321],[-78.57655,35.75321],[-78.57688,35.75302],[-78.57706,35.75284],[-78.57705,35.7524],[-78.57659,35.7519],[-78.57733,35.75159],[-78.57769,35.75169],[-78.57792,35.75211],[-78.57898,35.75232],[-78.57879,35.75261],[-78.57894,35.75305],[-78.57854,35.75351],[-78.5785,35.7538],[-78.57873,35.75467],[-78.57843,35.75485],[-78.57794,35.75462],[-78.57731,35.75464],[-78.57778,35.75533],[-78.57761,35.75566],[-78.57787,35.75578],[-78.57802,35.75613],[-78.57768,35.75647],[-78.57729,35.75467],[-78.57747,35.75408],[-78.57737,35.75347],[-78.577,35.75323],[-78.57614,35.75324],[-78.57519,35.75302],[-78.57507,35.75244],[-78.57541,35.75173],[-78.57476,35.75109],[-78.5741,35.75083],[-78.5734,35.74906],[-78.57363,35.7479],[-78.57346,35.747],[-78.57436,35.74699],[-78.57449,35.74711],[-78.57472,35.74788],[-78.57461,35.74853],[-78.57434,35.74892]]],[[[-78.5765,35.75713],[-78.57707,35.75639],[-78.57707,35.75692],[-78.5776,35.75657],[-78.57659,35.75736],[-78.5765,35.75713]]],[[[-78.58112,35.75512],[-78.58116,35.75533],[-78.58168,35.75572],[-78.58231,35.7557],[-78.58306,35.75804],[-78.58457,35.75887],[-78.58557,35.76004],[-78.58654,35.75995],[-78.58715,35.75966],[-78.58798,35.75885],[-78.58839,35.75886],[-78.58788,35.75905],[-78.58721,35.75969],[-78.58621,35.76016],[-78.58538,35.76015],[-78.58451,35.75907],[-78.58276,35.75791],[-78.58185,35.75649],[-78.58094,35.75621],[-78.58012,35.75619],[-78.57899,35.7565],[-78.57819,35.7569],[-78.57808,35.75683],[-78.57934,35.75619],[-78.57977,35.75575],[-78.58085,35.75512],[-78.58112,35.75512]]],[[[-78.57702,35.75797],[-78.57798,35.75693],[-78.57817,35.75763],[-78.57865,35.75779],[-78.5803,35.7575],[-78.58082,35.75728],[-78.58093,35.75734],[-78.58069,35.75756],[-78.57864,35.7581],[-78.57906,35.75887],[-78.57865,35.75906],[-78.57852,35.75953],[-78.57823,35.75953],[-78.57801,35.75993],[-78.57776,35.75977],[-78.57803,35.75962],[-78.57834,35.75907],[-78.57797,35.75907],[-78.57702,35.75827],[-78.57702,35.75797]]],[[[-78.56608,35.78528],[-78.56602,35.78484],[-78.56574,35.78446],[-78.5655,35.78415],[-78.56485,35.78406],[-78.56683,35.78391],[-78.56715,35.78402],[-78.56682,35.78436],[-78.56692,35.78552],[-78.56667,35.7859],[-78.56676,35.78606],[-78.56599,35.78584],[-78.56617,35.78582],[-78.56586,35.78558],[-78.56608,35.78528]]],[[[-78.58632,35.79074],[-78.58667,35.79078],[-78.58637,35.79075],[-78.58632,35.79074]]],[[[-78.57622,35.79196],[-78.57583,35.79163],[-78.57525,35.79178],[-78.5745,35.79166],[-78.57456,35.7915],[-78.57441,35.79149],[-78.57438,35.7917],[-78.57432,35.79149],[-78.57522,35.7912],[-78.57607,35.79114],[-78.57613,35.79039],[-78.57754,35.79135],[-78.5768,35.7915],[-78.57622,35.79196]]],[[[-78.58994,35.79801],[-78.58969,35.79761],[-78.58934,35.79736],[-78.58917,35.79743],[-78.58908,35.79725],[-78.58868,35.79723],[-78.58849,35.79753],[-78.58811,35.79773],[-78.58849,35.79738],[-78.58891,35.79644],[-78.58826,35.79591],[-78.58831,35.79556],[-78.58789,35.79499],[-78.589,35.79443],[-78.58889,35.79411],[-78.58859,35.7937],[-78.58776,35.79395],[-78.58707,35.79375],[-78.58871,35.79297],[-78.58761,35.79217],[-78.58782,35.79203],[-78.58833,35.79226],[-78.58785,35.79194],[-78.58799,35.79156],[-78.58443,35.79118],[-78.58393,35.79133],[-78.58225,35.79137],[-78.58301,35.79148],[-78.58143,35.79157],[-78.58073,35.79137],[-78.5812,35.79134],[-78.57965,35.79116],[-78.57927,35.79115],[-78.57895,35.79144],[-78.57877,35.79136],[-78.57704,35.79006],[-78.57733,35.78964],[-78.57787,35.79015],[-78.57744,35.7895],[-78.57765,35.78912],[-78.57768,35.78782],[-78.57747,35.78776],[-78.57715,35.78727],[-78.5767,35.78706],[-78.57658,35.78652],[-78.57666,35.78665],[-78.5773,35.78633],[-78.57767,35.78588],[-78.57769,35.78557],[-78.57761,35.78529],[-78.57724,35.78504],[-78.57699,35.78497],[-78.57678,35.78526],[-78.57661,35.78513],[-78.57604,35.78449],[-78.57607,35.78428],[-78.57628,35.78418],[-78.57613,35.78408],[-78.57581,35.78406],[-78.57511,35.78351],[-78.57465,35.78347],[-78.57428,35.78329],[-78.57429,35.78314],[-78.57355,35.7828],[-78.5705,35.78334],[-78.5717,35.78326],[-78.57161,35.78365],[-78.57062,35.78445],[-78.57045,35.78442],[-78.5704,35.78372],[-78.57011,35.78361],[-78.56802,35.78374],[-78.57045,35.78337],[-78.57036,35.78335],[-78.56873,35.78357],[-78.56876,35.7834],[-78.569,35.78337],[-78.56876,35.78331],[-78.56849,35.78362],[-78.56607,35.78395],[-78.56365,35.78397],[-78.56249,35.7838],[-78.5615,35.78335],[-78.56299,35.78376],[-78.56467,35.78388],[-78.56585,35.78376],[-78.56924,35.78283],[-78.57036,35.78313],[-78.57359,35.78273],[-78.5742,35.78246],[-78.57689,35.78285],[-78.57713,35.78304],[-78.57725,35.78441],[-78.57803,35.78574],[-78.57796,35.78693],[-78.57818,35.78775],[-78.57801,35.7883],[-78.57807,35.78901],[-78.57787,35.78928],[-78.57815,35.79022],[-78.57852,35.79056],[-78.57902,35.79074],[-78.58118,35.79094],[-78.58406,35.79093],[-78.58757,35.79143],[-78.58803,35.79154],[-78.58862,35.79182],[-78.59008,35.79141],[-78.59093,35.7917],[-78.59187,35.79413],[-78.59166,35.79456],[-78.59095,35.79484],[-78.59081,35.79506],[-78.59082,35.79615],[-78.59022,35.79844],[-78.59035,35.79913],[-78.59062,35.79952],[-78.59062,35.80115],[-78.59119,35.80226],[-78.59127,35.80372],[-78.59093,35.80469],[-78.59084,35.80624],[-78.59215,35.80901],[-78.59221,35.80976],[-78.59184,35.81106],[-78.59211,35.81184],[-78.5915,35.81171],[-78.59165,35.81148],[-78.5917,35.81019],[-78.59194,35.80985],[-78.59183,35.80892],[-78.59142,35.8081],[-78.59073,35.80752],[-78.591,35.80692],[-78.59044,35.80663],[-78.59038,35.80568],[-78.59074,35.8053],[-78.59048,35.80445],[-78.59063,35.80412],[-78.59038,35.80383],[-78.59045,35.80332],[-78.59064,35.80317],[-78.59039,35.80296],[-78.59031,35.80252],[-78.5907,35.80214],[-78.59053,35.80182],[-78.59019,35.8017],[-78.59028,35.80091],[-78.58999,35.80002],[-78.58914,35.79953],[-78.58864,35.79941],[-78.5883,35.79874],[-78.58848,35.79846],[-78.58812,35.79828],[-78.58742,35.7986],[-78.58617,35.79867],[-78.58548,35.79853],[-78.58567,35.79835],[-78.58697,35.7979],[-78.58778,35.7984],[-78.58815,35.79812],[-78.58908,35.79867],[-78.58966,35.79849],[-78.58994,35.79801]]],[[[-78.58582,35.83886],[-78.58579,35.83891],[-78.5858,35.83888],[-78.58582,35.83886]]],[[[-78.58576,35.83897],[-78.58576,35.83895],[-78.58577,35.83894],[-78.58576,35.83897]]],[[[-78.58553,35.83917],[-78.58549,35.83912],[-78.58549,35.83911],[-78.58548,35.8391],[-78.5855,35.83908],[-78.58553,35.83915],[-78.58553,35.83917]]],[[[-78.58551,35.83917],[-78.58552,35.83917],[-78.58551,35.83918],[-78.58551,35.83917]]],[[[-78.58544,35.8394],[-78.58542,35.83934],[-78.58543,35.83934],[-78.58544,35.8394]]],[[[-78.58536,35.83929],[-78.58538,35.83928],[-78.58542,35.83934],[-78.58536,35.83929]]],[[[-78.58547,35.83947],[-78.58548,35.83942],[-78.58549,35.83958],[-78.58547,35.83947]]],[[[-78.58556,35.83991],[-78.58553,35.84001],[-78.58555,35.83963],[-78.58557,35.83968],[-78.58556,35.83991]]],[[[-78.5857,35.84073],[-78.58571,35.8409],[-78.58565,35.84112],[-78.58569,35.84081],[-78.58551,35.84059],[-78.58559,35.84053],[-78.5855,35.84044],[-78.58553,35.84001],[-78.5857,35.84073]]],[[[-78.58562,35.84132],[-78.58562,35.84115],[-78.58563,35.84131],[-78.58562,35.84132]]],[[[-78.58478,35.8422],[-78.58511,35.8415],[-78.58528,35.84128],[-78.58562,35.84132],[-78.58535,35.84191],[-78.58464,35.84261],[-78.58493,35.84228],[-78.58478,35.8422]]],[[[-78.58514,35.84233],[-78.58501,35.84263],[-78.58469,35.84269],[-78.58555,35.84187],[-78.58551,35.84213],[-78.58514,35.84233]]],[[[-78.58461,35.84266],[-78.58451,35.84272],[-78.58462,35.84263],[-78.58461,35.84266]]],[[[-78.58446,35.84278],[-78.58447,35.84274],[-78.58449,35.84273],[-78.58447,35.84277],[-78.58446,35.84278]]],[[[-78.58506,35.84347],[-78.58513,35.84371],[-78.58439,35.84343],[-78.58463,35.8428],[-78.58469,35.84331],[-78.58506,35.84347]]],[[[-78.58421,35.84399],[-78.58413,35.84371],[-78.58414,35.84346],[-78.58415,35.84345],[-78.58421,35.84399]]],[[[-78.58419,35.84328],[-78.58417,35.84312],[-78.58442,35.84284],[-78.58415,35.84345],[-78.58419,35.84328]]],[[[-78.58423,35.84401],[-78.58422,35.84399],[-78.58424,35.84401],[-78.58423,35.84401]]],[[[-78.58432,35.84446],[-78.58431,35.84446],[-78.58433,35.84408],[-78.58433,35.84444],[-78.58432,35.84446]]],[[[-78.58527,35.84454],[-78.58525,35.84445],[-78.58534,35.84447],[-78.58527,35.84454]]],[[[-78.58426,35.84466],[-78.58424,35.84471],[-78.58428,35.84456],[-78.58426,35.84466]]],[[[-78.5852,35.84479],[-78.58517,35.84474],[-78.58524,35.84475],[-78.5852,35.84479]]],[[[-78.58498,35.84479],[-78.58514,35.84471],[-78.58517,35.84474],[-78.58505,35.84484],[-78.58498,35.84479]]],[[[-78.58424,35.84471],[-78.58425,35.84492],[-78.58418,35.84489],[-78.58424,35.84471]]],[[[-78.58313,35.84531],[-78.58316,35.84518],[-78.58317,35.84556],[-78.58313,35.84531]]],[[[-78.58442,35.84584],[-78.58446,35.84584],[-78.5844,35.84585],[-78.58442,35.84584]]],[[[-78.56823,35.84646],[-78.56773,35.84681],[-78.56769,35.84707],[-78.56709,35.84717],[-78.56686,35.8468],[-78.56596,35.84664],[-78.56686,35.84629],[-78.56823,35.84646]]],[[[-78.56525,35.84696],[-78.56426,35.84752],[-78.56422,35.84742],[-78.56543,35.84654],[-78.56594,35.84711],[-78.56677,35.84749],[-78.56669,35.84766],[-78.56586,35.84759],[-78.56525,35.84696]]],[[[-78.55972,35.8637],[-78.55931,35.86387],[-78.55929,35.86404],[-78.55926,35.86375],[-78.55966,35.8635],[-78.55986,35.86305],[-78.56046,35.86291],[-78.55986,35.8631],[-78.55972,35.8637]]],[[[-78.55913,35.8645],[-78.55882,35.86476],[-78.55844,35.86555],[-78.55837,35.86517],[-78.55913,35.86423],[-78.55919,35.86357],[-78.55999,35.86278],[-78.56008,35.86278],[-78.55922,35.86368],[-78.55913,35.8645]]],[[[-78.55858,35.86566],[-78.55924,35.86448],[-78.55881,35.86555],[-78.55858,35.86566]]],[[[-78.55708,35.86674],[-78.55671,35.86658],[-78.55622,35.86636],[-78.5566,35.86634],[-78.55708,35.86674]]],[[[-78.55752,35.86681],[-78.55809,35.86643],[-78.55821,35.86619],[-78.55833,35.86607],[-78.55817,35.86652],[-78.55747,35.86692],[-78.55708,35.86674],[-78.55752,35.86681]]],[[[-78.55836,35.86606],[-78.55839,35.86605],[-78.55846,35.86607],[-78.55835,35.86607],[-78.55836,35.86606]]],[[[-78.55849,35.86607],[-78.55871,35.86628],[-78.55809,35.86676],[-78.55839,35.86646],[-78.55846,35.86607],[-78.55849,35.86607]]],[[[-78.55265,35.87165],[-78.55264,35.87198],[-78.55287,35.87207],[-78.55253,35.87262],[-78.55267,35.87282],[-78.55262,35.87342],[-78.55271,35.87378],[-78.55298,35.87372],[-78.55279,35.87388],[-78.55366,35.87465],[-78.55427,35.87469],[-78.55478,35.87498],[-78.55514,35.87501],[-78.55674,35.8742],[-78.55726,35.87428],[-78.55765,35.87406],[-78.55853,35.87399],[-78.55928,35.87366],[-78.55967,35.87386],[-78.56078,35.87372],[-78.56101,35.87379],[-78.56121,35.87429],[-78.5617,35.87419],[-78.56171,35.8743],[-78.56286,35.874],[-78.56291,35.87418],[-78.56344,35.87448],[-78.56368,35.87528],[-78.56495,35.87528],[-78.56606,35.87467],[-78.56632,35.87485],[-78.56633,35.87523],[-78.56688,35.87545],[-78.56759,35.87551],[-78.56802,35.87523],[-78.56813,35.87579],[-78.56856,35.87567],[-78.56866,35.87499],[-78.56892,35.87504],[-78.56906,35.87478],[-78.56931,35.87471],[-78.56903,35.8745],[-78.56957,35.87472],[-78.56946,35.87477],[-78.56959,35.87489],[-78.56965,35.87475],[-78.57046,35.87507],[-78.571,35.87588],[-78.57089,35.8762],[-78.57199,35.87739],[-78.57257,35.87745],[-78.57273,35.87733],[-78.57271,35.87702],[-78.57282,35.87792],[-78.57262,35.8776],[-78.57192,35.87743],[-78.57098,35.87702],[-78.57027,35.87646],[-78.5699,35.87578],[-78.5695,35.87559],[-78.56908,35.87554],[-78.56809,35.87601],[-78.56709,35.87608],[-78.5659,35.87563],[-78.5636,35.87562],[-78.56201,35.8749],[-78.55981,35.87442],[-78.55759,35.87469],[-78.55703,35.87532],[-78.55655,35.87559],[-78.5537,35.87559],[-78.553,35.87623],[-78.55318,35.87514],[-78.55296,35.87441],[-78.55245,35.87382],[-78.55215,35.87313],[-78.5522,35.87254],[-78.55293,35.87091],[-78.55299,35.87146],[-78.55265,35.87165]]],[[[-78.58441,35.88028],[-78.58356,35.88015],[-78.58335,35.87997],[-78.58194,35.87985],[-78.58436,35.87992],[-78.58489,35.88005],[-78.58441,35.88028]]],[[[-78.57089,35.8776],[-78.57022,35.87767],[-78.57031,35.87747],[-78.57017,35.87734],[-78.56985,35.87735],[-78.56921,35.87694],[-78.56907,35.87625],[-78.56816,35.87678],[-78.56695,35.87684],[-78.56581,35.87638],[-78.56362,35.87643],[-78.56251,35.87609],[-78.56176,35.87618],[-78.56128,35.87549],[-78.56018,35.87519],[-78.55939,35.87552],[-78.55918,35.87534],[-78.55874,35.87529],[-78.55788,35.87587],[-78.55726,35.87606],[-78.55717,35.87628],[-78.55643,35.87644],[-78.55581,35.87712],[-78.55577,35.87695],[-78.55551,35.8769],[-78.5553,35.87703],[-78.55502,35.87661],[-78.55403,35.87682],[-78.55395,35.87702],[-78.55413,35.87727],[-78.55368,35.87804],[-78.55328,35.87809],[-78.55261,35.8786],[-78.55213,35.8795],[-78.55231,35.87957],[-78.55292,35.87925],[-78.55328,35.87924],[-78.55371,35.87981],[-78.55446,35.87992],[-78.55541,35.88051],[-78.55605,35.88055],[-78.55652,35.88078],[-78.55722,35.88131],[-78.55867,35.88168],[-78.55914,35.88208],[-78.55914,35.88234],[-78.55928,35.88225],[-78.5592,35.88234],[-78.55971,35.88248],[-78.56034,35.88366],[-78.56026,35.88376],[-78.56049,35.88368],[-78.56069,35.88387],[-78.56059,35.88418],[-78.56038,35.88403],[-78.56057,35.88441],[-78.56046,35.88511],[-78.56056,35.88594],[-78.56099,35.88649],[-78.56095,35.88712],[-78.56097,35.8865],[-78.56052,35.88593],[-78.56021,35.88505],[-78.56025,35.88441],[-78.55956,35.88289],[-78.55859,35.8822],[-78.55598,35.88088],[-78.55365,35.87996],[-78.55218,35.8798],[-78.55076,35.87871],[-78.55135,35.87868],[-78.55202,35.87831],[-78.55298,35.87756],[-78.5537,35.87664],[-78.55464,35.87652],[-78.55596,35.87612],[-78.55714,35.87603],[-78.55823,35.87536],[-78.55975,35.87495],[-78.56122,35.87509],[-78.56207,35.87569],[-78.56393,35.87615],[-78.56543,35.87617],[-78.56592,35.87603],[-78.56682,35.8766],[-78.56767,35.87662],[-78.56856,35.87613],[-78.56929,35.87594],[-78.56995,35.87696],[-78.57073,35.87722],[-78.57127,35.8776],[-78.57245,35.87774],[-78.57251,35.87789],[-78.5714,35.87798],[-78.57089,35.8776]]],[[[-78.55686,35.90941],[-78.55755,35.90951],[-78.55718,35.90962],[-78.55686,35.90941]]],[[[-78.55996,35.90924],[-78.56067,35.90929],[-78.56068,35.90917],[-78.56181,35.90881],[-78.56249,35.9079],[-78.56291,35.90805],[-78.56389,35.90796],[-78.56436,35.90806],[-78.5647,35.90847],[-78.56553,35.90857],[-78.56565,35.90883],[-78.56585,35.90885],[-78.56585,35.90872],[-78.56649,35.90875],[-78.56723,35.90959],[-78.56727,35.91123],[-78.56778,35.91135],[-78.56798,35.91214],[-78.56838,35.91226],[-78.56877,35.91206],[-78.56884,35.91231],[-78.56901,35.91226],[-78.56917,35.91266],[-78.56901,35.91265],[-78.56911,35.9128],[-78.56891,35.9128],[-78.56939,35.91317],[-78.56893,35.91299],[-78.56914,35.91341],[-78.56881,35.91351],[-78.56815,35.91329],[-78.56804,35.91292],[-78.56782,35.91301],[-78.56715,35.91284],[-78.56646,35.91373],[-78.56616,35.91377],[-78.5657,35.91357],[-78.56338,35.91461],[-78.56295,35.91468],[-78.56234,35.91528],[-78.56208,35.91603],[-78.56163,35.91655],[-78.56175,35.917],[-78.56138,35.9181],[-78.56145,35.91854],[-78.56097,35.91954],[-78.5618,35.91982],[-78.56179,35.91995],[-78.56163,35.91993],[-78.56181,35.92003],[-78.56034,35.92016],[-78.56027,35.9204],[-78.55994,35.92043],[-78.56005,35.91808],[-78.55941,35.91882],[-78.55939,35.91898],[-78.55964,35.91908],[-78.55935,35.91934],[-78.55909,35.91935],[-78.55921,35.9199],[-78.55901,35.91992],[-78.55889,35.92017],[-78.55903,35.92038],[-78.55859,35.92027],[-78.55725,35.92245],[-78.55741,35.92376],[-78.55708,35.92361],[-78.5569,35.92321],[-78.55609,35.92434],[-78.55497,35.92755],[-78.55503,35.92845],[-78.55522,35.9287],[-78.55606,35.92908],[-78.5565,35.92894],[-78.55618,35.92873],[-78.55637,35.92868],[-78.55756,35.92884],[-78.55828,35.92922],[-78.55854,35.92955],[-78.55783,35.92961],[-78.55787,35.92971],[-78.55864,35.93037],[-78.55905,35.93026],[-78.55914,35.93059],[-78.55892,35.93077],[-78.55937,35.93125],[-78.56028,35.93151],[-78.56066,35.93125],[-78.56129,35.93206],[-78.56261,35.93246],[-78.56327,35.93252],[-78.56369,35.93284],[-78.5657,35.93349],[-78.5668,35.93356],[-78.56706,35.93298],[-78.56736,35.93284],[-78.56715,35.93357],[-78.56731,35.93373],[-78.56458,35.93365],[-78.56294,35.93323],[-78.56141,35.93263],[-78.55968,35.93175],[-78.55695,35.93005],[-78.55536,35.92894],[-78.55467,35.92807],[-78.55473,35.92678],[-78.55657,35.92198],[-78.55992,35.91645],[-78.56029,35.91516],[-78.56039,35.91299],[-78.56006,35.91146],[-78.55918,35.9104],[-78.55857,35.90994],[-78.5579,35.90971],[-78.55919,35.90965],[-78.55996,35.90924]]],[[[-78.56863,35.93359],[-78.57052,35.93438],[-78.57086,35.93409],[-78.57103,35.93417],[-78.57149,35.9333],[-78.57143,35.93403],[-78.57106,35.93462],[-78.57125,35.93519],[-78.57155,35.93546],[-78.57214,35.93574],[-78.57346,35.93571],[-78.57403,35.93531],[-78.574,35.93519],[-78.5742,35.9352],[-78.57426,35.93535],[-78.57388,35.93592],[-78.57356,35.93594],[-78.57323,35.93629],[-78.57297,35.93624],[-78.57291,35.93642],[-78.57235,35.93634],[-78.57213,35.93653],[-78.5722,35.93674],[-78.57311,35.9365],[-78.57299,35.93678],[-78.5732,35.93705],[-78.57396,35.93751],[-78.57556,35.93793],[-78.5754,35.93811],[-78.57568,35.93832],[-78.57641,35.93816],[-78.57606,35.93864],[-78.5762,35.93897],[-78.57718,35.9393],[-78.57782,35.93934],[-78.57857,35.9397],[-78.57916,35.93972],[-78.5796,35.93992],[-78.57977,35.94019],[-78.5784,35.94048],[-78.57649,35.94004],[-78.57369,35.93782],[-78.57165,35.93649],[-78.56956,35.93443],[-78.56876,35.93389],[-78.56784,35.93367],[-78.56827,35.93353],[-78.56949,35.93252],[-78.56953,35.9328],[-78.56863,35.93359]]],[[[-78.57218,35.93825],[-78.57185,35.93831],[-78.57169,35.93792],[-78.57101,35.93734],[-78.57094,35.93877],[-78.57075,35.93897],[-78.57073,35.9387],[-78.57033,35.93842],[-78.57003,35.93707],[-78.57028,35.93666],[-78.56945,35.93585],[-78.56873,35.93555],[-78.56837,35.93596],[-78.56784,35.93724],[-78.56748,35.93737],[-78.5674,35.93702],[-78.56725,35.93701],[-78.56714,35.93602],[-78.56763,35.93552],[-78.56767,35.93532],[-78.56741,35.93507],[-78.56543,35.93516],[-78.56444,35.9368],[-78.56466,35.93561],[-78.56457,35.93484],[-78.5641,35.93458],[-78.56323,35.93487],[-78.5635,35.93449],[-78.56281,35.93437],[-78.56198,35.9349],[-78.56169,35.93466],[-78.56198,35.93452],[-78.56208,35.93421],[-78.56099,35.93404],[-78.56085,35.93407],[-78.56082,35.93443],[-78.56055,35.93456],[-78.56034,35.93392],[-78.5602,35.9339],[-78.55995,35.93432],[-78.55957,35.93444],[-78.55965,35.93381],[-78.55899,35.93393],[-78.55904,35.93378],[-78.55823,35.93346],[-78.55677,35.93379],[-78.55689,35.93393],[-78.55667,35.9341],[-78.55675,35.93443],[-78.55586,35.93497],[-78.55559,35.93565],[-78.55488,35.93606],[-78.5547,35.93667],[-78.5539,35.9374],[-78.5538,35.93855],[-78.55355,35.93882],[-78.55361,35.93908],[-78.55332,35.93991],[-78.55344,35.94043],[-78.55335,35.94106],[-78.55359,35.94159],[-78.55351,35.94221],[-78.55382,35.94232],[-78.55365,35.94248],[-78.55377,35.94292],[-78.5545,35.94332],[-78.55396,35.94371],[-78.55385,35.94423],[-78.55406,35.94434],[-78.55391,35.94475],[-78.55403,35.94469],[-78.55408,35.94477],[-78.55298,35.94503],[-78.55276,35.94545],[-78.55275,35.94542],[-78.55291,35.94463],[-78.55275,35.94176],[-78.55362,35.937],[-78.55513,35.93417],[-78.55707,35.93163],[-78.55963,35.93314],[-78.56235,35.93416],[-78.56505,35.93466],[-78.56812,35.93474],[-78.5711,35.93704],[-78.57318,35.93837],[-78.57535,35.94013],[-78.57599,35.94079],[-78.57822,35.94129],[-78.57995,35.94128],[-78.57947,35.94157],[-78.57877,35.9416],[-78.57806,35.9414],[-78.57683,35.94161],[-78.57627,35.9415],[-78.57631,35.94134],[-78.57585,35.94115],[-78.57535,35.94016],[-78.57463,35.93992],[-78.57366,35.9389],[-78.57338,35.93893],[-78.57218,35.93825]]],[[[-78.55401,35.94532],[-78.55318,35.94562],[-78.55296,35.94606],[-78.55298,35.94621],[-78.55342,35.94634],[-78.55351,35.94651],[-78.55286,35.94748],[-78.55286,35.94793],[-78.5533,35.94824],[-78.55315,35.9492],[-78.55284,35.94958],[-78.55187,35.94994],[-78.55133,35.95031],[-78.55106,35.95179],[-78.55134,35.95248],[-78.55115,35.95256],[-78.55141,35.95276],[-78.55108,35.95341],[-78.55096,35.95335],[-78.5506,35.95357],[-78.55019,35.95344],[-78.54966,35.95395],[-78.54949,35.95435],[-78.54996,35.95456],[-78.5497,35.95527],[-78.54977,35.95583],[-78.54917,35.95612],[-78.5484,35.95708],[-78.54805,35.95725],[-78.54773,35.95727],[-78.54733,35.9569],[-78.54749,35.95648],[-78.5473,35.95641],[-78.54648,35.95681],[-78.54621,35.95708],[-78.546,35.95756],[-78.54592,35.9576],[-78.5462,35.95674],[-78.54887,35.95572],[-78.54926,35.95419],[-78.55048,35.95244],[-78.55112,35.95016],[-78.55273,35.94875],[-78.55266,35.94757],[-78.55306,35.94666],[-78.55276,35.94554],[-78.55276,35.94545],[-78.55401,35.94532]]],[[[-78.58008,35.93992],[-78.58048,35.93992],[-78.58031,35.9403],[-78.57987,35.94018],[-78.58008,35.93992]]],[[[-78.58097,35.94029],[-78.58065,35.94032],[-78.58103,35.94019],[-78.58202,35.94056],[-78.58174,35.94056],[-78.58097,35.94029]]],[[[-78.58017,35.94126],[-78.58157,35.94082],[-78.58042,35.94133],[-78.58017,35.94126]]],[[[-78.58193,35.94092],[-78.58166,35.94195],[-78.58133,35.94171],[-78.58158,35.94082],[-78.58193,35.94092]]],[[[-78.56236,35.97894],[-78.56212,35.97902],[-78.56141,35.9789],[-78.56246,35.97891],[-78.56236,35.97894]]],[[[-78.55919,35.97964],[-78.55919,35.97968],[-78.55885,35.97971],[-78.55919,35.97964]]],[[[-78.55909,35.97958],[-78.55907,35.97944],[-78.55881,35.97937],[-78.55907,35.97863],[-78.55982,35.97843],[-78.5604,35.97852],[-78.561,35.97881],[-78.56031,35.97854],[-78.55953,35.97857],[-78.55926,35.97966],[-78.55923,35.9795],[-78.55909,35.97958]]],[[[-78.5573,35.97958],[-78.55754,35.97964],[-78.55793,35.97983],[-78.55719,35.97969],[-78.55578,35.97981],[-78.55624,35.9796],[-78.5573,35.97958]]],[[[-78.55962,35.97873],[-78.55967,35.97869],[-78.56017,35.97867],[-78.56047,35.97876],[-78.56097,35.97895],[-78.56077,35.97907],[-78.56034,35.97873],[-78.55974,35.97876],[-78.5596,35.97893],[-78.55959,35.97964],[-78.55949,35.97926],[-78.55962,35.97873]]],[[[-78.5618,35.97911],[-78.56151,35.9792],[-78.56133,35.97901],[-78.5618,35.97911]]],[[[-78.55833,35.70348],[-78.55869,35.70359],[-78.55772,35.70389],[-78.55712,35.70426],[-78.55726,35.70401],[-78.55818,35.70362],[-78.55781,35.7029],[-78.55827,35.70311],[-78.55833,35.70348]]],[[[-78.55875,35.70361],[-78.55933,35.70399],[-78.55961,35.70454],[-78.55931,35.704],[-78.55869,35.70359],[-78.55875,35.70361]]],[[[-78.55806,35.70425],[-78.55756,35.70457],[-78.55729,35.70464],[-78.5572,35.70445],[-78.55806,35.70425]]],[[[-78.56161,35.70771],[-78.56214,35.70797],[-78.56219,35.7091],[-78.56161,35.70771]]],[[[-78.53678,35.74718],[-78.53694,35.74705],[-78.53753,35.74765],[-78.53864,35.74793],[-78.53902,35.74775],[-78.5391,35.74727],[-78.53978,35.74693],[-78.5401,35.74732],[-78.54064,35.74748],[-78.54094,35.74783],[-78.54173,35.74769],[-78.54236,35.74797],[-78.54259,35.74793],[-78.54305,35.74749],[-78.54333,35.74688],[-78.54287,35.74844],[-78.54361,35.74844],[-78.54379,35.74873],[-78.54376,35.74926],[-78.54407,35.74945],[-78.54488,35.74942],[-78.54559,35.74866],[-78.5467,35.7486],[-78.54747,35.74836],[-78.54827,35.74916],[-78.5487,35.74937],[-78.54991,35.74957],[-78.55025,35.74891],[-78.55046,35.74883],[-78.5516,35.74848],[-78.55271,35.74886],[-78.55313,35.7483],[-78.55389,35.74807],[-78.55458,35.74807],[-78.55464,35.74762],[-78.55507,35.74733],[-78.55611,35.7474],[-78.55769,35.74701],[-78.55842,35.74726],[-78.55895,35.74652],[-78.55914,35.74653],[-78.55946,35.7473],[-78.55964,35.74738],[-78.56011,35.74688],[-78.56105,35.74658],[-78.56122,35.7457],[-78.56236,35.74507],[-78.56323,35.74495],[-78.56394,35.74534],[-78.56405,35.74506],[-78.56421,35.74532],[-78.56367,35.74625],[-78.56367,35.74646],[-78.5641,35.74666],[-78.56331,35.74642],[-78.56214,35.74637],[-78.56108,35.74679],[-78.56016,35.74774],[-78.55981,35.74784],[-78.5589,35.7475],[-78.55812,35.7474],[-78.55738,35.74762],[-78.55633,35.74819],[-78.55441,35.74831],[-78.55267,35.74889],[-78.55103,35.74888],[-78.5501,35.74955],[-78.54925,35.74974],[-78.54659,35.74955],[-78.54431,35.74959],[-78.5436,35.74933],[-78.54189,35.74797],[-78.53957,35.74775],[-78.53778,35.74817],[-78.537,35.74823],[-78.53524,35.74922],[-78.53452,35.74911],[-78.53455,35.74898],[-78.53511,35.74881],[-78.53525,35.74831],[-78.53555,35.74803],[-78.5355,35.74774],[-78.53608,35.74724],[-78.53678,35.74718]]],[[[-78.53385,35.74916],[-78.53434,35.74907],[-78.53377,35.74951],[-78.53329,35.75055],[-78.53256,35.75064],[-78.53234,35.7505],[-78.53171,35.74835],[-78.52873,35.74378],[-78.5278,35.74166],[-78.52787,35.74045],[-78.52962,35.73749],[-78.52997,35.73664],[-78.53029,35.73469],[-78.53002,35.73356],[-78.52904,35.73219],[-78.52834,35.7316],[-78.52546,35.73074],[-78.52307,35.73042],[-78.52326,35.73007],[-78.5237,35.72984],[-78.52384,35.72992],[-78.52362,35.73017],[-78.52498,35.73033],[-78.52552,35.7307],[-78.52634,35.73076],[-78.5272,35.73057],[-78.52716,35.73091],[-78.52752,35.73111],[-78.52818,35.73099],[-78.52872,35.73147],[-78.5299,35.73183],[-78.5307,35.7315],[-78.53136,35.73147],[-78.53205,35.73095],[-78.53215,35.73054],[-78.53252,35.73083],[-78.53319,35.73039],[-78.53342,35.73069],[-78.53308,35.73138],[-78.5323,35.73202],[-78.53202,35.73247],[-78.53232,35.73282],[-78.53278,35.73283],[-78.53291,35.73296],[-78.53218,35.73325],[-78.53248,35.73391],[-78.53337,35.73362],[-78.53312,35.73405],[-78.5333,35.73446],[-78.53354,35.7346],[-78.5333,35.73524],[-78.53286,35.73538],[-78.53266,35.73607],[-78.53244,35.73584],[-78.53194,35.73574],[-78.53145,35.73623],[-78.53123,35.73609],[-78.53138,35.73648],[-78.53125,35.7365],[-78.53118,35.73624],[-78.53057,35.73784],[-78.53017,35.73829],[-78.52941,35.73871],[-78.52899,35.73937],[-78.52893,35.73961],[-78.5292,35.74015],[-78.5287,35.7399],[-78.52848,35.74015],[-78.52812,35.74095],[-78.52802,35.74179],[-78.52826,35.74241],[-78.5286,35.74249],[-78.52836,35.74288],[-78.5292,35.74402],[-78.52955,35.74438],[-78.53034,35.74477],[-78.53015,35.74529],[-78.53033,35.74562],[-78.53118,35.74591],[-78.53234,35.74558],[-78.53263,35.74562],[-78.53212,35.74588],[-78.53161,35.74649],[-78.53194,35.74697],[-78.53215,35.74702],[-78.5321,35.74739],[-78.53243,35.74743],[-78.53229,35.74833],[-78.53287,35.75017],[-78.53341,35.75006],[-78.53352,35.74957],[-78.53336,35.74933],[-78.5336,35.74904],[-78.53385,35.74916]]],[[[-78.53475,35.75086],[-78.53293,35.7513],[-78.53278,35.75141],[-78.5328,35.75172],[-78.53258,35.75185],[-78.53298,35.75219],[-78.5328,35.75243],[-78.53295,35.75287],[-78.5332,35.75283],[-78.53329,35.75345],[-78.53373,35.75387],[-78.53431,35.75412],[-78.53405,35.75409],[-78.53379,35.75433],[-78.53282,35.75441],[-78.53246,35.75134],[-78.53389,35.75081],[-78.53414,35.74983],[-78.53444,35.74948],[-78.53475,35.75086]]],[[[-78.53606,35.7513],[-78.53578,35.75103],[-78.53488,35.75077],[-78.5346,35.74946],[-78.53531,35.74991],[-78.53602,35.74999],[-78.5389,35.74948],[-78.53983,35.74957],[-78.54189,35.75017],[-78.54345,35.75125],[-78.54466,35.75161],[-78.54824,35.75191],[-78.54926,35.75181],[-78.55042,35.75144],[-78.55112,35.75137],[-78.55023,35.75171],[-78.54978,35.75238],[-78.54897,35.75274],[-78.54939,35.75332],[-78.54905,35.75384],[-78.54914,35.75429],[-78.54886,35.75373],[-78.54731,35.7527],[-78.54695,35.75197],[-78.54625,35.75192],[-78.54473,35.75235],[-78.54459,35.75209],[-78.54431,35.75202],[-78.5437,35.7525],[-78.54365,35.75235],[-78.54292,35.75216],[-78.54266,35.7518],[-78.54273,35.75109],[-78.54246,35.75089],[-78.54116,35.75056],[-78.54068,35.74986],[-78.54046,35.75024],[-78.54052,35.75051],[-78.54118,35.75089],[-78.5411,35.75107],[-78.54001,35.7509],[-78.53977,35.7505],[-78.53949,35.7504],[-78.53944,35.74973],[-78.53909,35.74961],[-78.53892,35.74965],[-78.53905,35.75044],[-78.53862,35.75057],[-78.53808,35.75046],[-78.53716,35.75089],[-78.53742,35.75171],[-78.53737,35.75223],[-78.53686,35.75254],[-78.53625,35.75268],[-78.53583,35.75214],[-78.53606,35.7513]]],[[[-78.54465,35.773],[-78.54468,35.77244],[-78.54493,35.77215],[-78.54504,35.77161],[-78.54336,35.76998],[-78.54302,35.76905],[-78.54263,35.76877],[-78.54211,35.76876],[-78.54206,35.76817],[-78.5416,35.76791],[-78.5406,35.76811],[-78.54078,35.76833],[-78.54,35.77083],[-78.53987,35.77237],[-78.53966,35.77002],[-78.53976,35.76859],[-78.54014,35.76688],[-78.5412,35.76673],[-78.54165,35.7669],[-78.54282,35.76821],[-78.54351,35.76971],[-78.54499,35.77139],[-78.54555,35.77177],[-78.54626,35.77189],[-78.54678,35.77326],[-78.5477,35.77426],[-78.54914,35.77498],[-78.54953,35.7756],[-78.54734,35.77412],[-78.54445,35.77361],[-78.54721,35.77401],[-78.54665,35.77333],[-78.54465,35.773]]],[[[-78.53605,35.7568],[-78.5363,35.75769],[-78.53628,35.75853],[-78.53605,35.75876],[-78.5362,35.75921],[-78.53796,35.76009],[-78.53934,35.76052],[-78.53972,35.76027],[-78.53997,35.75987],[-78.54007,35.75922],[-78.54034,35.75975],[-78.54063,35.75958],[-78.54086,35.7599],[-78.54139,35.7598],[-78.54053,35.7606],[-78.54031,35.76127],[-78.54047,35.76154],[-78.54116,35.76173],[-78.54163,35.76207],[-78.54225,35.76302],[-78.54227,35.76359],[-78.54185,35.76413],[-78.54051,35.76455],[-78.54065,35.7657],[-78.54122,35.76632],[-78.54019,35.76603],[-78.54009,35.76309],[-78.5396,35.7615],[-78.53868,35.76048],[-78.53558,35.75938],[-78.53484,35.75873],[-78.53384,35.75722],[-78.53286,35.75458],[-78.53365,35.75454],[-78.53383,35.75463],[-78.53385,35.75489],[-78.53564,35.75624],[-78.53605,35.7568]]],[[[-78.54153,35.7661],[-78.54191,35.76617],[-78.54201,35.76599],[-78.54283,35.76575],[-78.54309,35.76547],[-78.54311,35.76604],[-78.54333,35.76641],[-78.54293,35.7663],[-78.54271,35.7665],[-78.5425,35.76646],[-78.54244,35.76712],[-78.54284,35.76726],[-78.54313,35.76791],[-78.54528,35.76903],[-78.5456,35.7696],[-78.54547,35.77033],[-78.54593,35.77103],[-78.54633,35.7713],[-78.54673,35.7709],[-78.54756,35.77064],[-78.54807,35.7701],[-78.54908,35.76966],[-78.55087,35.76917],[-78.55092,35.76892],[-78.5509,35.76951],[-78.55115,35.7697],[-78.55145,35.76968],[-78.55153,35.7695],[-78.55152,35.76965],[-78.55138,35.76975],[-78.55104,35.76975],[-78.5509,35.76961],[-78.55057,35.7697],[-78.55006,35.77027],[-78.54919,35.77055],[-78.54892,35.7709],[-78.54825,35.77116],[-78.54862,35.77136],[-78.54865,35.77153],[-78.54815,35.77171],[-78.54767,35.77214],[-78.54854,35.77367],[-78.54906,35.77409],[-78.54913,35.77453],[-78.54772,35.7734],[-78.54724,35.77236],[-78.5471,35.77156],[-78.54573,35.77131],[-78.54518,35.77101],[-78.54361,35.769],[-78.54313,35.76801],[-78.54221,35.76688],[-78.54166,35.76645],[-78.54122,35.76632],[-78.54153,35.7661]]],[[[-78.54978,35.77477],[-78.55024,35.77471],[-78.55185,35.77522],[-78.55161,35.77561],[-78.55181,35.77618],[-78.55145,35.7771],[-78.55159,35.7773],[-78.55206,35.7771],[-78.55212,35.7772],[-78.55194,35.77723],[-78.55233,35.77745],[-78.5529,35.77743],[-78.55318,35.77701],[-78.55396,35.77654],[-78.55387,35.77623],[-78.55408,35.77612],[-78.55438,35.77656],[-78.55481,35.77683],[-78.55604,35.7772],[-78.55687,35.77724],[-78.55714,35.77714],[-78.55706,35.77693],[-78.55742,35.77703],[-78.5584,35.77774],[-78.55848,35.77815],[-78.55874,35.7783],[-78.55884,35.77865],[-78.55914,35.7788],[-78.55905,35.77909],[-78.56011,35.78033],[-78.56088,35.78081],[-78.56075,35.78112],[-78.56126,35.78165],[-78.56169,35.78255],[-78.56194,35.78257],[-78.56242,35.78301],[-78.56465,35.78324],[-78.56496,35.78311],[-78.56513,35.7827],[-78.56544,35.78292],[-78.56599,35.7829],[-78.56861,35.7824],[-78.56929,35.78202],[-78.56967,35.78135],[-78.57073,35.78188],[-78.57165,35.78197],[-78.572,35.78165],[-78.57243,35.7817],[-78.57276,35.78221],[-78.57337,35.78228],[-78.57399,35.78217],[-78.57414,35.78174],[-78.57546,35.78087],[-78.57618,35.78091],[-78.57617,35.78067],[-78.57588,35.78038],[-78.57607,35.77957],[-78.57601,35.77895],[-78.57553,35.778],[-78.5756,35.7773],[-78.57537,35.77686],[-78.57575,35.77698],[-78.57563,35.77609],[-78.57575,35.77682],[-78.57586,35.77694],[-78.57592,35.77678],[-78.57599,35.77686],[-78.57643,35.77783],[-78.57723,35.77775],[-78.57783,35.77798],[-78.57883,35.77803],[-78.57816,35.77807],[-78.57735,35.77859],[-78.57733,35.77885],[-78.57764,35.77895],[-78.57721,35.77951],[-78.57764,35.77989],[-78.5774,35.78009],[-78.57755,35.7806],[-78.57824,35.78103],[-78.57892,35.78108],[-78.57874,35.78129],[-78.57949,35.78162],[-78.57958,35.78172],[-78.58086,35.78203],[-78.58023,35.78197],[-78.57977,35.7821],[-78.57933,35.78366],[-78.57901,35.7839],[-78.57923,35.7841],[-78.57941,35.78406],[-78.57934,35.78429],[-78.57863,35.78434],[-78.57857,35.78477],[-78.57874,35.78492],[-78.57852,35.785],[-78.57849,35.78564],[-78.57853,35.78583],[-78.57891,35.78597],[-78.57868,35.78604],[-78.57852,35.78638],[-78.57881,35.78696],[-78.57889,35.78762],[-78.57936,35.78807],[-78.57901,35.78871],[-78.57908,35.78909],[-78.57952,35.78901],[-78.57971,35.78943],[-78.57972,35.78963],[-78.5796,35.78961],[-78.58021,35.78994],[-78.58057,35.78993],[-78.58081,35.78975],[-78.58187,35.78969],[-78.5824,35.7893],[-78.5829,35.78915],[-78.58456,35.78999],[-78.58563,35.79009],[-78.58633,35.78988],[-78.58647,35.78996],[-78.58613,35.79068],[-78.58598,35.79034],[-78.58409,35.79014],[-78.58278,35.78957],[-78.58028,35.79023],[-78.57949,35.79013],[-78.57888,35.7897],[-78.57866,35.78687],[-78.57852,35.78642],[-78.57835,35.78566],[-78.5783,35.78401],[-78.57844,35.78373],[-78.57948,35.78298],[-78.57967,35.78196],[-78.57941,35.78163],[-78.57638,35.78106],[-78.57393,35.78223],[-78.57301,35.78237],[-78.57163,35.78242],[-78.56919,35.78228],[-78.56511,35.78328],[-78.56321,35.78337],[-78.56236,35.78309],[-78.56168,35.78257],[-78.5591,35.77965],[-78.55708,35.77764],[-78.55381,35.77688],[-78.55323,35.77704],[-78.55303,35.77757],[-78.55254,35.77797],[-78.55141,35.77738],[-78.55066,35.77645],[-78.54988,35.77502],[-78.54918,35.77458],[-78.54913,35.77453],[-78.54978,35.77477]]],[[[-78.54019,35.77313],[-78.54042,35.77323],[-78.54022,35.77321],[-78.54019,35.77313]]],[[[-78.55046,35.77895],[-78.55076,35.77871],[-78.55197,35.77905],[-78.55097,35.77867],[-78.55107,35.77822],[-78.5509,35.77799],[-78.55015,35.77775],[-78.55024,35.77711],[-78.55098,35.77767],[-78.55279,35.77868],[-78.55234,35.77875],[-78.55232,35.77905],[-78.55203,35.77908],[-78.55216,35.77929],[-78.55174,35.7795],[-78.551,35.78034],[-78.55091,35.78064],[-78.55021,35.78122],[-78.54959,35.78074],[-78.55015,35.77897],[-78.55046,35.77895]]],[[[-78.54956,35.77566],[-78.55048,35.77711],[-78.55244,35.77837],[-78.55045,35.77719],[-78.54966,35.77616],[-78.54956,35.77566]]],[[[-78.55292,35.77828],[-78.55363,35.77772],[-78.55409,35.77757],[-78.55655,35.77776],[-78.55763,35.77869],[-78.55933,35.78057],[-78.56143,35.7833],[-78.56012,35.78192],[-78.55983,35.78195],[-78.55919,35.7814],[-78.55972,35.78204],[-78.55929,35.78185],[-78.55906,35.78223],[-78.55885,35.7822],[-78.55872,35.78254],[-78.55817,35.78291],[-78.55831,35.78215],[-78.55868,35.7821],[-78.55836,35.78195],[-78.55865,35.78188],[-78.55846,35.78089],[-78.55904,35.78126],[-78.55844,35.78068],[-78.55736,35.77852],[-78.55687,35.77817],[-78.55588,35.7782],[-78.55557,35.77806],[-78.55527,35.77866],[-78.55496,35.77883],[-78.55476,35.77871],[-78.55478,35.77801],[-78.55408,35.77793],[-78.5538,35.77808],[-78.55418,35.77846],[-78.554,35.77882],[-78.55383,35.77883],[-78.55315,35.77851],[-78.55265,35.7785],[-78.55244,35.77837],[-78.55292,35.77828]]],[[[-78.54162,35.77372],[-78.54058,35.77387],[-78.54015,35.77451],[-78.54016,35.77447],[-78.54046,35.77377],[-78.54037,35.77338],[-78.54156,35.77357],[-78.54162,35.77372]]],[[[-78.54011,35.77516],[-78.54086,35.77531],[-78.54055,35.77558],[-78.53996,35.77564],[-78.53993,35.7763],[-78.53961,35.77691],[-78.53975,35.77703],[-78.53949,35.77713],[-78.53924,35.77864],[-78.53967,35.77931],[-78.5389,35.77938],[-78.53857,35.77965],[-78.5383,35.78072],[-78.5386,35.78139],[-78.53885,35.78146],[-78.539,35.78188],[-78.53934,35.78202],[-78.53956,35.78236],[-78.5388,35.78227],[-78.53868,35.78297],[-78.53804,35.78381],[-78.53827,35.78435],[-78.53821,35.78547],[-78.53877,35.78545],[-78.53913,35.7856],[-78.53977,35.78603],[-78.54031,35.78666],[-78.54077,35.78663],[-78.5411,35.78642],[-78.54109,35.78691],[-78.54139,35.78723],[-78.54074,35.78728],[-78.54086,35.78759],[-78.54051,35.78786],[-78.54061,35.7881],[-78.54038,35.78809],[-78.54004,35.78896],[-78.54017,35.7891],[-78.5416,35.78913],[-78.54204,35.78985],[-78.54262,35.79008],[-78.54226,35.79007],[-78.54225,35.79024],[-78.54268,35.79079],[-78.54268,35.79119],[-78.54238,35.79184],[-78.54077,35.79236],[-78.53955,35.79298],[-78.53805,35.79109],[-78.53752,35.78987],[-78.53727,35.7885],[-78.53736,35.78613],[-78.53804,35.78004],[-78.53874,35.77717],[-78.53998,35.775],[-78.54015,35.77451],[-78.54011,35.77516]]],[[[-78.53864,35.77488],[-78.53724,35.7768],[-78.53547,35.78588],[-78.53511,35.78697],[-78.53435,35.7886],[-78.5345,35.78956],[-78.53515,35.79058],[-78.53716,35.79256],[-78.53841,35.79357],[-78.53698,35.79363],[-78.53486,35.79287],[-78.53476,35.79266],[-78.53386,35.79263],[-78.53338,35.79284],[-78.53394,35.79243],[-78.53428,35.79178],[-78.53355,35.79009],[-78.53345,35.78948],[-78.53374,35.78936],[-78.5336,35.78906],[-78.53323,35.78914],[-78.53331,35.78881],[-78.53355,35.78868],[-78.53344,35.78854],[-78.53301,35.78856],[-78.5327,35.78838],[-78.53215,35.78783],[-78.53073,35.78739],[-78.5313,35.78735],[-78.5333,35.78801],[-78.53432,35.78778],[-78.53497,35.78714],[-78.53506,35.78662],[-78.53488,35.78637],[-78.53413,35.78619],[-78.53454,35.78597],[-78.53505,35.78519],[-78.53479,35.78366],[-78.53485,35.78281],[-78.53555,35.78152],[-78.53517,35.78122],[-78.53627,35.78123],[-78.5362,35.78097],[-78.53577,35.78092],[-78.53627,35.78021],[-78.53587,35.77981],[-78.53651,35.77894],[-78.53604,35.777],[-78.53511,35.77691],[-78.53621,35.7765],[-78.53669,35.77591],[-78.5365,35.77561],[-78.53692,35.7754],[-78.53714,35.77506],[-78.53743,35.77322],[-78.53923,35.77331],[-78.53923,35.77385],[-78.53864,35.77488]]],[[[-78.53794,35.80075],[-78.53745,35.80047],[-78.53815,35.7997],[-78.53782,35.79926],[-78.53793,35.79858],[-78.53827,35.79813],[-78.53878,35.79799],[-78.53892,35.79771],[-78.53953,35.79784],[-78.53993,35.7976],[-78.54053,35.7962],[-78.54021,35.7952],[-78.53969,35.7947],[-78.53946,35.79469],[-78.53858,35.79521],[-78.5387,35.79481],[-78.53907,35.79459],[-78.53873,35.79392],[-78.54013,35.79451],[-78.54056,35.79487],[-78.54094,35.79567],[-78.54074,35.79672],[-78.53946,35.7983],[-78.53794,35.80075]]],[[[-78.53391,35.80862],[-78.53453,35.80786],[-78.53449,35.80737],[-78.53417,35.80699],[-78.53457,35.80685],[-78.53668,35.80502],[-78.53711,35.80422],[-78.53649,35.80285],[-78.53617,35.80265],[-78.53644,35.80231],[-78.53655,35.80176],[-78.53646,35.80166],[-78.53635,35.80186],[-78.53607,35.80157],[-78.53556,35.80155],[-78.53555,35.80054],[-78.53733,35.80053],[-78.5379,35.80082],[-78.5374,35.80189],[-78.53774,35.80402],[-78.53767,35.80451],[-78.53555,35.80745],[-78.53391,35.8089],[-78.53391,35.80862]]],[[[-78.54134,35.79435],[-78.54251,35.79511],[-78.54346,35.79474],[-78.5437,35.79503],[-78.543,35.79541],[-78.54302,35.79596],[-78.5435,35.79658],[-78.54374,35.79727],[-78.54421,35.79779],[-78.54506,35.79794],[-78.54487,35.79806],[-78.54501,35.79818],[-78.54279,35.79916],[-78.54305,35.79918],[-78.54223,35.79937],[-78.54229,35.79926],[-78.54169,35.7995],[-78.54108,35.8],[-78.54076,35.80055],[-78.54043,35.80072],[-78.54021,35.8006],[-78.54,35.8007],[-78.53881,35.80191],[-78.53881,35.80231],[-78.53911,35.80269],[-78.5391,35.80335],[-78.53958,35.80459],[-78.54007,35.80474],[-78.54151,35.80418],[-78.5416,35.80458],[-78.54199,35.80473],[-78.54239,35.80539],[-78.54363,35.80597],[-78.54353,35.80629],[-78.54326,35.8063],[-78.54319,35.80643],[-78.54332,35.80661],[-78.5429,35.80661],[-78.54309,35.80668],[-78.54294,35.807],[-78.54305,35.80715],[-78.54331,35.80706],[-78.54343,35.80718],[-78.5433,35.80731],[-78.54322,35.80715],[-78.54302,35.80722],[-78.54245,35.80649],[-78.54165,35.80622],[-78.54125,35.80588],[-78.54053,35.80587],[-78.54008,35.80602],[-78.53989,35.80586],[-78.5375,35.80758],[-78.53735,35.80804],[-78.53751,35.80889],[-78.53717,35.80965],[-78.53614,35.81053],[-78.535,35.81088],[-78.53467,35.81118],[-78.53474,35.81174],[-78.53523,35.81205],[-78.53549,35.81312],[-78.53725,35.81405],[-78.53753,35.8141],[-78.53782,35.81385],[-78.5379,35.8143],[-78.5386,35.8146],[-78.53891,35.81521],[-78.53972,35.81511],[-78.5394,35.8154],[-78.53953,35.81589],[-78.53926,35.81698],[-78.5381,35.81547],[-78.53514,35.81297],[-78.53416,35.81172],[-78.53379,35.81085],[-78.53424,35.81032],[-78.53602,35.80893],[-78.53781,35.80691],[-78.53908,35.80425],[-78.53874,35.80212],[-78.5388,35.80173],[-78.53999,35.80045],[-78.54108,35.7997],[-78.54244,35.7972],[-78.54268,35.79616],[-78.54259,35.7955],[-78.54219,35.79504],[-78.5399,35.79331],[-78.54064,35.79367],[-78.54134,35.79435]]],[[[-78.53238,35.80912],[-78.53239,35.80877],[-78.5329,35.80923],[-78.53352,35.80913],[-78.53266,35.80946],[-78.53214,35.80928],[-78.53238,35.80912]]],[[[-78.53176,35.81053],[-78.53132,35.81024],[-78.53218,35.81008],[-78.53214,35.81098],[-78.53234,35.81153],[-78.53297,35.81237],[-78.5319,35.8116],[-78.53176,35.81053]]],[[[-78.53299,35.81239],[-78.53506,35.81432],[-78.53496,35.81468],[-78.53393,35.81477],[-78.53297,35.81464],[-78.53293,35.81403],[-78.53359,35.81393],[-78.5337,35.81377],[-78.53287,35.81302],[-78.53299,35.81239]]],[[[-78.53449,35.81519],[-78.53529,35.81492],[-78.53579,35.81502],[-78.53751,35.81646],[-78.53871,35.81771],[-78.53848,35.81756],[-78.53831,35.81776],[-78.53773,35.81775],[-78.53737,35.81666],[-78.53575,35.81519],[-78.53521,35.81504],[-78.53479,35.81555],[-78.534,35.81565],[-78.53356,35.8154],[-78.53331,35.81544],[-78.53331,35.81563],[-78.53299,35.81503],[-78.53384,35.81524],[-78.53449,35.81519]]],[[[-78.5356,35.82994],[-78.5354,35.82959],[-78.53603,35.82949],[-78.53651,35.82917],[-78.53666,35.82899],[-78.53648,35.82864],[-78.53711,35.82872],[-78.53769,35.82825],[-78.53782,35.82793],[-78.53811,35.82673],[-78.53799,35.82639],[-78.53816,35.82608],[-78.53814,35.82501],[-78.53857,35.82401],[-78.5383,35.82323],[-78.53738,35.82339],[-78.53785,35.82289],[-78.53846,35.82259],[-78.53838,35.82183],[-78.53806,35.82157],[-78.53744,35.81962],[-78.53719,35.81948],[-78.53718,35.81929],[-78.53767,35.81919],[-78.53737,35.81863],[-78.53737,35.81811],[-78.53785,35.81787],[-78.5385,35.81784],[-78.53863,35.81798],[-78.53877,35.81792],[-78.53871,35.81771],[-78.5388,35.8179],[-78.53876,35.81823],[-78.538,35.81944],[-78.53788,35.81996],[-78.53804,35.82086],[-78.53865,35.82214],[-78.53884,35.82304],[-78.53854,35.82763],[-78.53791,35.82868],[-78.53645,35.82986],[-78.53462,35.83065],[-78.5338,35.8307],[-78.53338,35.83065],[-78.53419,35.83066],[-78.53546,35.83016],[-78.5356,35.82994]]],[[[-78.54,35.82277],[-78.53905,35.82009],[-78.5398,35.81821],[-78.53955,35.81737],[-78.53989,35.81793],[-78.54081,35.81822],[-78.54028,35.81848],[-78.53982,35.81894],[-78.53961,35.81939],[-78.53965,35.81993],[-78.53938,35.82039],[-78.54036,35.82164],[-78.54089,35.82194],[-78.54052,35.82249],[-78.54096,35.8223],[-78.54103,35.82193],[-78.54138,35.82256],[-78.54064,35.82397],[-78.54051,35.82462],[-78.54007,35.82456],[-78.53988,35.825],[-78.5399,35.826],[-78.5398,35.82519],[-78.54,35.82277]]],[[[-78.54015,35.82616],[-78.54047,35.8261],[-78.54055,35.82633],[-78.54035,35.82708],[-78.54046,35.8275],[-78.5422,35.8276],[-78.54268,35.82784],[-78.54363,35.82759],[-78.54467,35.82769],[-78.545,35.82758],[-78.54515,35.82774],[-78.5463,35.82766],[-78.54561,35.8279],[-78.54514,35.82788],[-78.54539,35.82803],[-78.54511,35.82818],[-78.54435,35.82804],[-78.54393,35.8283],[-78.54321,35.82826],[-78.54298,35.82838],[-78.5429,35.82886],[-78.54261,35.82891],[-78.54158,35.82831],[-78.54066,35.82818],[-78.54198,35.82924],[-78.54157,35.82929],[-78.54152,35.82918],[-78.54129,35.82936],[-78.54089,35.82936],[-78.54087,35.82957],[-78.5406,35.82974],[-78.54048,35.82937],[-78.53992,35.82882],[-78.53933,35.82934],[-78.53802,35.8301],[-78.53807,35.83109],[-78.53817,35.83121],[-78.53864,35.83121],[-78.53876,35.83155],[-78.53856,35.8318],[-78.53803,35.83153],[-78.5375,35.83169],[-78.53792,35.83278],[-78.53774,35.8337],[-78.53794,35.83422],[-78.53769,35.8348],[-78.53738,35.83471],[-78.53763,35.83454],[-78.53769,35.83425],[-78.53752,35.8335],[-78.53768,35.83252],[-78.53725,35.83161],[-78.53682,35.83144],[-78.53674,35.83085],[-78.53832,35.82979],[-78.53963,35.82833],[-78.54002,35.82704],[-78.5399,35.826],[-78.54015,35.82616]]],[[[-78.53196,35.82919],[-78.53235,35.83014],[-78.53272,35.83054],[-78.53222,35.83057],[-78.53176,35.83088],[-78.53188,35.83068],[-78.53157,35.83],[-78.53172,35.8299],[-78.53166,35.82944],[-78.53196,35.82919]]],[[[-78.53088,35.83209],[-78.53097,35.83156],[-78.5316,35.83104],[-78.53107,35.83172],[-78.53088,35.83209]]],[[[-78.53578,35.83458],[-78.53525,35.83439],[-78.53524,35.83423],[-78.535,35.83424],[-78.53471,35.83393],[-78.53487,35.83369],[-78.53469,35.83332],[-78.53474,35.83271],[-78.53504,35.83255],[-78.53481,35.83223],[-78.53429,35.83237],[-78.53209,35.83375],[-78.53214,35.83432],[-78.53164,35.83489],[-78.53167,35.83566],[-78.53196,35.83605],[-78.53239,35.83776],[-78.53254,35.83791],[-78.53335,35.83792],[-78.53313,35.83816],[-78.53242,35.83828],[-78.53226,35.83859],[-78.53244,35.83883],[-78.53219,35.83929],[-78.5323,35.84053],[-78.53206,35.84116],[-78.53212,35.84144],[-78.53167,35.84157],[-78.53164,35.84211],[-78.53203,35.8422],[-78.53194,35.84395],[-78.53176,35.84403],[-78.532,35.84414],[-78.53197,35.84436],[-78.53234,35.84425],[-78.53268,35.84449],[-78.53344,35.84431],[-78.53365,35.84487],[-78.53402,35.84494],[-78.53375,35.84518],[-78.53321,35.84504],[-78.53191,35.84521],[-78.53191,35.84579],[-78.53111,35.84752],[-78.53109,35.84786],[-78.53071,35.84775],[-78.53062,35.84784],[-78.53135,35.84454],[-78.53143,35.83984],[-78.53184,35.83716],[-78.53141,35.83453],[-78.53142,35.83346],[-78.53167,35.83242],[-78.53266,35.83136],[-78.53473,35.8316],[-78.53652,35.83097],[-78.53634,35.83127],[-78.53507,35.83177],[-78.53498,35.83198],[-78.53544,35.8321],[-78.53524,35.83225],[-78.53497,35.83326],[-78.53508,35.83371],[-78.53542,35.83379],[-78.53534,35.83427],[-78.53629,35.83453],[-78.53646,35.83495],[-78.53628,35.83511],[-78.53655,35.83526],[-78.53687,35.83557],[-78.53664,35.83545],[-78.53622,35.83506],[-78.53625,35.83493],[-78.53578,35.83458]]],[[[-78.52943,35.83411],[-78.52919,35.83523],[-78.5287,35.83538],[-78.52801,35.83613],[-78.52762,35.83611],[-78.52673,35.83563],[-78.52592,35.83545],[-78.52566,35.83572],[-78.52491,35.83569],[-78.52446,35.8357],[-78.52422,35.83569],[-78.52512,35.83531],[-78.5256,35.83571],[-78.52593,35.83542],[-78.52771,35.83582],[-78.52812,35.83515],[-78.52854,35.8352],[-78.52858,35.83463],[-78.52816,35.83336],[-78.52882,35.83408],[-78.52916,35.8341],[-78.52934,35.83399],[-78.52951,35.83347],[-78.5303,35.83341],[-78.5306,35.83281],[-78.53037,35.83359],[-78.52943,35.83411]]],[[[-78.53769,35.8348],[-78.53787,35.83503],[-78.53787,35.83512],[-78.53767,35.83492],[-78.53769,35.8348]]],[[[-78.52858,35.84657],[-78.52875,35.84605],[-78.52776,35.84576],[-78.52717,35.84542],[-78.52767,35.84552],[-78.52869,35.84535],[-78.53002,35.84395],[-78.53006,35.84311],[-78.52987,35.84262],[-78.52866,35.84264],[-78.52861,35.8426],[-78.52955,35.84238],[-78.52982,35.84215],[-78.52957,35.84037],[-78.53051,35.83872],[-78.53054,35.83756],[-78.53066,35.83753],[-78.53052,35.83754],[-78.53032,35.83712],[-78.52999,35.83527],[-78.52925,35.83599],[-78.52904,35.83694],[-78.52805,35.8373],[-78.52639,35.83595],[-78.52621,35.83596],[-78.526,35.83633],[-78.52529,35.8365],[-78.52494,35.83636],[-78.52468,35.83655],[-78.52449,35.83606],[-78.52308,35.83601],[-78.52224,35.83467],[-78.52115,35.83449],[-78.52233,35.8345],[-78.52262,35.83522],[-78.52322,35.83548],[-78.52353,35.83587],[-78.52524,35.83603],[-78.52645,35.83583],[-78.52744,35.83631],[-78.52837,35.8365],[-78.52888,35.83638],[-78.52901,35.83574],[-78.52962,35.83541],[-78.53021,35.83384],[-78.53043,35.83379],[-78.53086,35.83688],[-78.53031,35.83988],[-78.53011,35.84365],[-78.52953,35.84762],[-78.5294,35.84797],[-78.52817,35.84771],[-78.52816,35.84754],[-78.52892,35.84747],[-78.52915,35.84727],[-78.52901,35.84666],[-78.52858,35.84657]]],[[[-78.54166,35.83829],[-78.54253,35.83826],[-78.54285,35.83883],[-78.54312,35.83873],[-78.54323,35.8391],[-78.54361,35.83944],[-78.54405,35.83958],[-78.54427,35.83948],[-78.54425,35.83967],[-78.54438,35.83936],[-78.5446,35.83957],[-78.54496,35.83954],[-78.54524,35.8398],[-78.54578,35.83985],[-78.54634,35.84012],[-78.54661,35.84049],[-78.54693,35.84063],[-78.54728,35.84054],[-78.54737,35.84001],[-78.54772,35.83991],[-78.5496,35.84033],[-78.55,35.84075],[-78.5503,35.84076],[-78.55106,35.84118],[-78.55191,35.84136],[-78.55368,35.84279],[-78.55393,35.84268],[-78.55409,35.84179],[-78.55496,35.84153],[-78.55552,35.84165],[-78.55607,35.84144],[-78.55666,35.84192],[-78.55696,35.84263],[-78.55743,35.84257],[-78.55805,35.84288],[-78.55881,35.84302],[-78.55994,35.84283],[-78.56062,35.84297],[-78.56135,35.8428],[-78.56176,35.84192],[-78.56191,35.8421],[-78.56182,35.84291],[-78.56229,35.84323],[-78.56244,35.84353],[-78.56281,35.84352],[-78.5639,35.84288],[-78.56476,35.84317],[-78.56524,35.84378],[-78.56522,35.8448],[-78.56537,35.8449],[-78.5656,35.84585],[-78.56556,35.8459],[-78.56562,35.84604],[-78.56561,35.84612],[-78.56507,35.8454],[-78.56516,35.84508],[-78.56488,35.84465],[-78.56472,35.84355],[-78.5644,35.84318],[-78.56396,35.84309],[-78.5624,35.84368],[-78.56144,35.84301],[-78.56038,35.84315],[-78.55993,35.843],[-78.55875,35.84305],[-78.5567,35.84268],[-78.55542,35.84217],[-78.55451,35.84223],[-78.55379,35.84285],[-78.55333,35.84285],[-78.55197,35.84163],[-78.54952,35.84141],[-78.54867,35.84089],[-78.54728,35.84086],[-78.54665,35.8406],[-78.54618,35.8402],[-78.54344,35.83948],[-78.54248,35.83876],[-78.54059,35.83831],[-78.53981,35.8379],[-78.53933,35.83691],[-78.54085,35.83812],[-78.54166,35.83829]]],[[[-78.56569,35.84609],[-78.56579,35.84609],[-78.56561,35.84612],[-78.56569,35.84609]]],[[[-78.54336,35.84],[-78.54433,35.84032],[-78.54565,35.84033],[-78.54679,35.84111],[-78.54719,35.84129],[-78.54826,35.84137],[-78.54877,35.84182],[-78.5493,35.84202],[-78.55106,35.84225],[-78.55187,35.8422],[-78.55218,35.84241],[-78.55252,35.84298],[-78.55336,35.84338],[-78.55392,35.84334],[-78.5547,35.84289],[-78.55562,35.84286],[-78.56051,35.84374],[-78.56174,35.84359],[-78.56226,35.84392],[-78.5638,35.84374],[-78.56419,35.84399],[-78.56455,35.84531],[-78.56533,35.84639],[-78.56461,35.84623],[-78.56421,35.84568],[-78.564,35.84563],[-78.56424,35.84546],[-78.56414,35.8449],[-78.5639,35.84475],[-78.56394,35.84458],[-78.56356,35.84444],[-78.5628,35.84437],[-78.56234,35.84448],[-78.56232,35.84433],[-78.56162,35.84403],[-78.55976,35.84413],[-78.55955,35.84393],[-78.55744,35.84344],[-78.55691,35.8437],[-78.55617,35.84311],[-78.55492,35.84292],[-78.55443,35.84307],[-78.55451,35.84325],[-78.55424,35.84371],[-78.5532,35.84382],[-78.55239,35.84332],[-78.55198,35.84349],[-78.55181,35.84283],[-78.55104,35.84291],[-78.55025,35.84258],[-78.5496,35.84255],[-78.54814,35.84145],[-78.54754,35.84146],[-78.5471,35.8413],[-78.54683,35.8415],[-78.54638,35.84146],[-78.54602,35.84087],[-78.5448,35.84099],[-78.54413,35.84128],[-78.54406,35.84106],[-78.54389,35.84104],[-78.54342,35.8414],[-78.54263,35.84007],[-78.54241,35.84001],[-78.54247,35.83987],[-78.54212,35.83957],[-78.5409,35.83947],[-78.53971,35.83877],[-78.53946,35.83886],[-78.53894,35.83879],[-78.53791,35.83836],[-78.53756,35.83803],[-78.53796,35.83751],[-78.53849,35.83804],[-78.54211,35.83923],[-78.54336,35.84]]],[[[-78.52835,35.8523],[-78.52815,35.85212],[-78.52815,35.85166],[-78.52704,35.85145],[-78.52759,35.85118],[-78.52751,35.85102],[-78.52785,35.85122],[-78.52832,35.85074],[-78.52855,35.84982],[-78.5283,35.84948],[-78.5279,35.84936],[-78.52873,35.84918],[-78.52886,35.84852],[-78.52878,35.84829],[-78.52819,35.84796],[-78.5293,35.84815],[-78.52911,35.84975],[-78.52932,35.85313],[-78.52905,35.854],[-78.52722,35.85354],[-78.52789,35.85246],[-78.52835,35.8523]]],[[[-78.5314,35.84932],[-78.53223,35.84985],[-78.53295,35.84967],[-78.53304,35.84978],[-78.53373,35.84975],[-78.53412,35.84934],[-78.5344,35.84953],[-78.53445,35.8494],[-78.53447,35.8496],[-78.53462,35.84957],[-78.5348,35.84982],[-78.53534,35.84981],[-78.53559,35.85011],[-78.53465,35.85016],[-78.53385,35.85055],[-78.53344,35.8505],[-78.53324,35.85069],[-78.53326,35.85112],[-78.53371,35.85166],[-78.53356,35.85254],[-78.53384,35.8529],[-78.53408,35.85295],[-78.53413,35.85328],[-78.5329,35.85278],[-78.53219,35.85143],[-78.53147,35.85098],[-78.53117,35.85108],[-78.53078,35.85159],[-78.5307,35.85201],[-78.53067,35.85251],[-78.53099,35.85361],[-78.53094,35.85433],[-78.53038,35.85424],[-78.53071,35.85333],[-78.53044,35.84974],[-78.53056,35.84839],[-78.5312,35.84854],[-78.5314,35.84932]]],[[[-78.52613,35.85657],[-78.52527,35.85682],[-78.52302,35.85687],[-78.52186,35.85723],[-78.51849,35.85646],[-78.51741,35.85664],[-78.51657,35.85732],[-78.51615,35.8574],[-78.51467,35.8568],[-78.5142,35.85591],[-78.51289,35.856],[-78.51387,35.85554],[-78.51451,35.85597],[-78.51476,35.8566],[-78.51633,35.85727],[-78.5165,35.85675],[-78.5168,35.85675],[-78.51738,35.85634],[-78.51924,35.85635],[-78.51907,35.85546],[-78.51945,35.85506],[-78.51966,35.85512],[-78.51988,35.85559],[-78.52011,35.85555],[-78.52077,35.85587],[-78.5214,35.8559],[-78.52187,35.85609],[-78.52208,35.8557],[-78.52207,35.85522],[-78.52165,35.85452],[-78.52234,35.85505],[-78.52241,35.8561],[-78.52287,35.85647],[-78.52328,35.85636],[-78.52315,35.85589],[-78.52334,35.85569],[-78.52338,35.85496],[-78.52383,35.85533],[-78.5241,35.85606],[-78.52471,35.85655],[-78.52527,35.85641],[-78.52566,35.85603],[-78.5258,35.85564],[-78.52571,35.85507],[-78.52674,35.854],[-78.52873,35.85436],[-78.52851,35.85474],[-78.52778,35.85504],[-78.52613,35.85657]]],[[[-78.52677,35.85892],[-78.5258,35.85909],[-78.52559,35.8595],[-78.52479,35.86014],[-78.52411,35.85921],[-78.52381,35.85849],[-78.52326,35.85797],[-78.52258,35.85819],[-78.52278,35.8588],[-78.52272,35.85945],[-78.52293,35.85986],[-78.52267,35.86011],[-78.52218,35.86022],[-78.52156,35.85996],[-78.5208,35.86004],[-78.52003,35.85967],[-78.51937,35.85977],[-78.51889,35.85946],[-78.51858,35.85892],[-78.51881,35.85775],[-78.51871,35.85718],[-78.51811,35.85706],[-78.51708,35.85771],[-78.51704,35.85799],[-78.51739,35.85825],[-78.51749,35.85855],[-78.51682,35.85935],[-78.51639,35.85951],[-78.51675,35.85964],[-78.51694,35.85991],[-78.51665,35.85993],[-78.51642,35.86047],[-78.51653,35.86134],[-78.51691,35.86147],[-78.51704,35.86186],[-78.51774,35.86229],[-78.51725,35.86254],[-78.517,35.86285],[-78.51648,35.86301],[-78.51673,35.86357],[-78.5171,35.86371],[-78.51677,35.86416],[-78.5168,35.86454],[-78.51594,35.86457],[-78.51482,35.86507],[-78.51459,35.86496],[-78.51462,35.86516],[-78.514,35.86543],[-78.5124,35.8651],[-78.51225,35.86558],[-78.51174,35.86568],[-78.5113,35.86608],[-78.51146,35.86645],[-78.5111,35.86609],[-78.51114,35.8658],[-78.51175,35.86551],[-78.5121,35.86494],[-78.51335,35.86523],[-78.5138,35.86519],[-78.51649,35.86412],[-78.51652,35.86367],[-78.51623,35.86308],[-78.51649,35.86279],[-78.51704,35.86258],[-78.51714,35.86224],[-78.51629,35.86105],[-78.51618,35.85944],[-78.51705,35.85878],[-78.51715,35.85843],[-78.51676,35.85797],[-78.51679,35.85768],[-78.51755,35.85717],[-78.5181,35.85702],[-78.5185,35.85705],[-78.52013,35.85783],[-78.5218,35.85828],[-78.52228,35.85822],[-78.52321,35.85766],[-78.52553,35.85818],[-78.52689,35.85776],[-78.52765,35.85721],[-78.52666,35.86059],[-78.52654,35.86319],[-78.52612,35.86196],[-78.52597,35.86184],[-78.52538,35.86197],[-78.52485,35.86181],[-78.52511,35.86155],[-78.52591,35.86133],[-78.52691,35.85959],[-78.52677,35.85892]]],[[[-78.55587,35.86629],[-78.55508,35.86628],[-78.55562,35.8662],[-78.55587,35.86629]]],[[[-78.55501,35.86628],[-78.5547,35.86629],[-78.55492,35.86625],[-78.55501,35.86628]]],[[[-78.55591,35.8663],[-78.55598,35.86627],[-78.55605,35.86633],[-78.55591,35.8663]]],[[[-78.55406,35.86636],[-78.55432,35.86656],[-78.55423,35.86654],[-78.55394,35.86625],[-78.5542,35.86599],[-78.55406,35.86636]]],[[[-78.55437,35.8665],[-78.55582,35.86643],[-78.55671,35.86658],[-78.55695,35.86682],[-78.55749,35.86698],[-78.55631,35.86712],[-78.55603,35.86705],[-78.5558,35.86662],[-78.55532,35.86659],[-78.55511,35.86676],[-78.55485,35.86652],[-78.5547,35.86664],[-78.55493,35.86672],[-78.55451,35.86669],[-78.55451,35.86651],[-78.55433,35.86657],[-78.55432,35.86656],[-78.55437,35.8665]]],[[[-78.55368,35.86703],[-78.55399,35.86713],[-78.55404,35.86787],[-78.55345,35.8683],[-78.55388,35.8678],[-78.55393,35.86713],[-78.55367,35.86705],[-78.55331,35.86774],[-78.55315,35.86788],[-78.55345,35.86701],[-78.55368,35.86703]]],[[[-78.55365,35.86909],[-78.55385,35.86934],[-78.55352,35.86978],[-78.55346,35.86873],[-78.55369,35.86877],[-78.55393,35.86924],[-78.55365,35.86909]]],[[[-78.55265,35.86975],[-78.55249,35.86954],[-78.55275,35.86932],[-78.55265,35.86975]]],[[[-78.53002,35.85714],[-78.52995,35.85766],[-78.52962,35.85793],[-78.5301,35.85877],[-78.53031,35.85892],[-78.53051,35.85888],[-78.53006,35.85899],[-78.52963,35.85894],[-78.52941,35.85922],[-78.52909,35.85879],[-78.52914,35.85908],[-78.52873,35.8602],[-78.52867,35.86164],[-78.52896,35.86208],[-78.52894,35.86259],[-78.5292,35.863],[-78.52903,35.86331],[-78.5292,35.86354],[-78.52954,35.86349],[-78.52972,35.86382],[-78.52959,35.86433],[-78.53004,35.86473],[-78.53,35.86492],[-78.53006,35.865],[-78.53022,35.86463],[-78.53044,35.86474],[-78.53128,35.86468],[-78.53211,35.8641],[-78.53247,35.86411],[-78.53215,35.86425],[-78.53166,35.86486],[-78.53092,35.86511],[-78.53088,35.86568],[-78.53101,35.8658],[-78.53168,35.86593],[-78.53182,35.86623],[-78.53231,35.8664],[-78.53298,35.86699],[-78.53377,35.8674],[-78.5344,35.86696],[-78.53502,35.86686],[-78.53455,35.86713],[-78.53413,35.8678],[-78.53531,35.86916],[-78.53575,35.87011],[-78.53648,35.86966],[-78.53698,35.8687],[-78.53751,35.86835],[-78.53753,35.8686],[-78.53718,35.86892],[-78.53723,35.86936],[-78.53686,35.86996],[-78.53657,35.87011],[-78.53661,35.87025],[-78.53762,35.87074],[-78.53935,35.87061],[-78.53938,35.87081],[-78.53798,35.87105],[-78.53799,35.87133],[-78.53812,35.87138],[-78.53819,35.87125],[-78.53844,35.87143],[-78.53854,35.87257],[-78.53819,35.87309],[-78.53829,35.87402],[-78.53777,35.87504],[-78.53796,35.87533],[-78.53768,35.87571],[-78.5358,35.87676],[-78.53495,35.87708],[-78.53383,35.87727],[-78.53363,35.87761],[-78.5331,35.87787],[-78.53294,35.87802],[-78.53304,35.87843],[-78.53271,35.87951],[-78.5307,35.88132],[-78.52953,35.8818],[-78.52965,35.88239],[-78.52819,35.88367],[-78.52738,35.88282],[-78.52744,35.88234],[-78.52809,35.88173],[-78.53015,35.87906],[-78.5339,35.87606],[-78.53569,35.8739],[-78.53607,35.87332],[-78.53631,35.87239],[-78.53607,35.87081],[-78.53426,35.86809],[-78.53224,35.86652],[-78.52925,35.86483],[-78.52841,35.86331],[-78.52817,35.86132],[-78.52827,35.86042],[-78.52956,35.85584],[-78.5301,35.8546],[-78.53093,35.85485],[-78.53065,35.85635],[-78.53002,35.85714]]],[[[-78.52911,35.87759],[-78.52956,35.87693],[-78.52966,35.87653],[-78.52948,35.87584],[-78.52985,35.87572],[-78.52982,35.87542],[-78.52911,35.87454],[-78.52987,35.87469],[-78.53037,35.87522],[-78.53059,35.87594],[-78.53101,35.87556],[-78.53097,35.87516],[-78.53114,35.87518],[-78.53142,35.87494],[-78.53123,35.87445],[-78.53165,35.87436],[-78.53161,35.87413],[-78.53176,35.87427],[-78.53189,35.87417],[-78.53164,35.87379],[-78.53124,35.87372],[-78.53095,35.87318],[-78.53199,35.87315],[-78.53226,35.87325],[-78.5324,35.87375],[-78.53266,35.87384],[-78.53293,35.87381],[-78.53363,35.87299],[-78.53339,35.87288],[-78.53321,35.87247],[-78.53151,35.87247],[-78.53299,35.87233],[-78.53312,35.87156],[-78.53292,35.87131],[-78.5327,35.87137],[-78.53251,35.87184],[-78.53136,35.8718],[-78.53126,35.87097],[-78.53021,35.87076],[-78.52982,35.87033],[-78.52901,35.86994],[-78.52769,35.86889],[-78.52754,35.8686],[-78.52769,35.86845],[-78.52748,35.86834],[-78.52748,35.86771],[-78.52697,35.8671],[-78.52653,35.86686],[-78.52584,35.86577],[-78.52493,35.86602],[-78.52479,35.86592],[-78.52564,35.86517],[-78.5256,35.86462],[-78.52653,35.86322],[-78.52674,35.86474],[-78.52742,35.86615],[-78.52789,35.86667],[-78.53336,35.87081],[-78.53377,35.87143],[-78.53381,35.87272],[-78.53348,35.87351],[-78.53235,35.87496],[-78.5294,35.87748],[-78.52813,35.87897],[-78.52738,35.87891],[-78.52647,35.8794],[-78.52606,35.8794],[-78.52484,35.87898],[-78.5229,35.87939],[-78.52245,35.87934],[-78.5227,35.87905],[-78.52344,35.87882],[-78.52361,35.8785],[-78.52398,35.87854],[-78.52444,35.8781],[-78.52511,35.87861],[-78.52698,35.87878],[-78.52814,35.87874],[-78.52869,35.87787],[-78.52911,35.87759]]],[[[-78.54634,35.87784],[-78.5466,35.87777],[-78.54718,35.87821],[-78.5474,35.87807],[-78.54831,35.87813],[-78.54851,35.8778],[-78.54946,35.87809],[-78.55011,35.87769],[-78.55083,35.87753],[-78.55088,35.87717],[-78.55202,35.87638],[-78.55213,35.87579],[-78.55232,35.87565],[-78.55247,35.87573],[-78.55267,35.87547],[-78.55262,35.87521],[-78.55241,35.87517],[-78.55223,35.87488],[-78.55192,35.87406],[-78.55199,35.87374],[-78.55161,35.87332],[-78.5518,35.87244],[-78.55225,35.87175],[-78.55162,35.8715],[-78.55199,35.87092],[-78.55185,35.87065],[-78.55148,35.87051],[-78.55197,35.87059],[-78.55217,35.87047],[-78.55201,35.8713],[-78.55228,35.87177],[-78.55182,35.87317],[-78.55292,35.8752],[-78.55257,35.87624],[-78.55097,35.87776],[-78.55002,35.87839],[-78.54848,35.87846],[-78.54752,35.87919],[-78.54738,35.87869],[-78.54665,35.87855],[-78.54634,35.87784]]],[[[-78.54732,35.87932],[-78.54716,35.87944],[-78.54678,35.87919],[-78.54714,35.87925],[-78.54732,35.87932]]],[[[-78.52238,35.87952],[-78.52327,35.87959],[-78.52366,35.87935],[-78.52473,35.87917],[-78.52584,35.87982],[-78.5266,35.87991],[-78.52715,35.87982],[-78.52761,35.87919],[-78.52805,35.87907],[-78.52697,35.88088],[-78.5261,35.8816],[-78.52571,35.88224],[-78.52577,35.88269],[-78.52609,35.88318],[-78.52741,35.88436],[-78.52682,35.88481],[-78.526,35.8842],[-78.52586,35.88355],[-78.52546,35.88307],[-78.52455,35.88272],[-78.5235,35.88286],[-78.52381,35.88267],[-78.52328,35.88255],[-78.52465,35.88247],[-78.52552,35.88222],[-78.52581,35.88176],[-78.52692,35.88089],[-78.52684,35.88006],[-78.52581,35.88027],[-78.52536,35.88021],[-78.52465,35.8799],[-78.52441,35.87948],[-78.52235,35.87979],[-78.52238,35.87952]]],[[[-78.5369,35.87913],[-78.53718,35.87924],[-78.5373,35.87953],[-78.53842,35.87972],[-78.53881,35.87923],[-78.53912,35.87945],[-78.53913,35.87928],[-78.53919,35.87994],[-78.54015,35.8807],[-78.53785,35.87982],[-78.53574,35.87983],[-78.53505,35.87996],[-78.53451,35.88024],[-78.53494,35.87981],[-78.53672,35.87939],[-78.5369,35.87913]]],[[[-78.54361,35.88259],[-78.54379,35.88103],[-78.54396,35.88092],[-78.54419,35.87978],[-78.54593,35.87927],[-78.54694,35.87963],[-78.54462,35.88089],[-78.54388,35.88267],[-78.54283,35.88352],[-78.5421,35.88337],[-78.54185,35.88219],[-78.54152,35.88155],[-78.5412,35.88116],[-78.54032,35.88076],[-78.54174,35.88094],[-78.54175,35.88146],[-78.54208,35.8818],[-78.54245,35.88186],[-78.54247,35.88199],[-78.54231,35.88201],[-78.54259,35.88212],[-78.54259,35.88242],[-78.54245,35.88239],[-78.5422,35.88266],[-78.54235,35.88314],[-78.5427,35.8834],[-78.54315,35.88281],[-78.54361,35.88259]]],[[[-78.54259,35.88454],[-78.54229,35.88472],[-78.54281,35.88704],[-78.5434,35.88781],[-78.54397,35.88899],[-78.544,35.88976],[-78.54345,35.88939],[-78.54304,35.88828],[-78.5425,35.88795],[-78.54113,35.88891],[-78.53849,35.88985],[-78.53829,35.89003],[-78.53822,35.89034],[-78.53885,35.89126],[-78.53924,35.89165],[-78.54015,35.89201],[-78.54003,35.89243],[-78.53845,35.89172],[-78.5381,35.891],[-78.53742,35.8907],[-78.53681,35.89069],[-78.53629,35.89103],[-78.53586,35.89162],[-78.53544,35.89287],[-78.53546,35.89343],[-78.53666,35.89458],[-78.53698,35.89465],[-78.53756,35.89512],[-78.53813,35.89531],[-78.53869,35.8953],[-78.53833,35.89538],[-78.53875,35.8955],[-78.53842,35.89591],[-78.53849,35.89558],[-78.53805,35.89549],[-78.53809,35.89587],[-78.5383,35.896],[-78.53818,35.89618],[-78.53765,35.89609],[-78.53743,35.89622],[-78.53756,35.89646],[-78.53738,35.89688],[-78.53739,35.89676],[-78.53679,35.89678],[-78.53669,35.89655],[-78.53682,35.89623],[-78.5365,35.89592],[-78.53609,35.89588],[-78.53611,35.89754],[-78.53657,35.89757],[-78.53651,35.89789],[-78.5359,35.8983],[-78.53616,35.89889],[-78.53617,35.90097],[-78.53685,35.90187],[-78.53689,35.90266],[-78.53717,35.90258],[-78.53762,35.902],[-78.53795,35.90186],[-78.53803,35.90137],[-78.53845,35.9012],[-78.53884,35.90074],[-78.53992,35.90041],[-78.53955,35.90119],[-78.53916,35.9016],[-78.5391,35.90182],[-78.53928,35.90206],[-78.53918,35.90244],[-78.53939,35.90231],[-78.53967,35.90249],[-78.5402,35.90247],[-78.5405,35.90199],[-78.54057,35.90111],[-78.54087,35.90096],[-78.54104,35.90126],[-78.54158,35.90108],[-78.5419,35.90069],[-78.54172,35.90037],[-78.54138,35.90024],[-78.54226,35.89964],[-78.54315,35.89927],[-78.54417,35.90033],[-78.54514,35.90051],[-78.54567,35.90031],[-78.54663,35.8996],[-78.55106,35.90258],[-78.55149,35.90342],[-78.55214,35.90405],[-78.55254,35.90507],[-78.55315,35.90552],[-78.55359,35.90553],[-78.55359,35.90582],[-78.55409,35.90613],[-78.55422,35.90656],[-78.55449,35.9066],[-78.5552,35.90758],[-78.55459,35.90844],[-78.55001,35.90621],[-78.54545,35.90542],[-78.54259,35.90528],[-78.5414,35.90572],[-78.54012,35.90645],[-78.5395,35.90656],[-78.53815,35.90581],[-78.53664,35.90358],[-78.53524,35.89779],[-78.53476,35.89508],[-78.53483,35.89351],[-78.53568,35.89112],[-78.53613,35.89059],[-78.5388,35.88885],[-78.54035,35.88725],[-78.54147,35.88572],[-78.54204,35.884],[-78.54382,35.88386],[-78.54544,35.88291],[-78.54612,35.88182],[-78.54773,35.88028],[-78.54847,35.88103],[-78.54812,35.88104],[-78.54799,35.8812],[-78.5481,35.88142],[-78.54736,35.88141],[-78.5473,35.88173],[-78.54756,35.88259],[-78.54678,35.883],[-78.54659,35.88341],[-78.54625,35.88367],[-78.54637,35.88402],[-78.54591,35.8839],[-78.54567,35.88353],[-78.54495,35.88364],[-78.54426,35.88424],[-78.54455,35.88449],[-78.54482,35.88525],[-78.54438,35.88495],[-78.54422,35.88441],[-78.54344,35.88445],[-78.54256,35.88428],[-78.54259,35.88454]],[[-78.5418,35.90476],[-78.54233,35.90496],[-78.54282,35.90444],[-78.54294,35.90404],[-78.54278,35.90383],[-78.54228,35.90389],[-78.54114,35.90367],[-78.54065,35.90322],[-78.54027,35.90335],[-78.54,35.90286],[-78.53966,35.90299],[-78.53949,35.90381],[-78.53968,35.90419],[-78.53963,35.90432],[-78.53926,35.90422],[-78.53929,35.90457],[-78.53951,35.90473],[-78.53968,35.90463],[-78.53988,35.90511],[-78.54032,35.90496],[-78.54051,35.9051],[-78.54062,35.90501],[-78.5408,35.90525],[-78.54101,35.90472],[-78.54125,35.905],[-78.5418,35.90476]]],[[[-78.55908,35.88605],[-78.55911,35.88579],[-78.55871,35.88516],[-78.55902,35.88432],[-78.55889,35.88406],[-78.55844,35.88374],[-78.55837,35.88352],[-78.55797,35.88333],[-78.55797,35.88305],[-78.55768,35.88292],[-78.55686,35.88275],[-78.55667,35.8828],[-78.55662,35.88313],[-78.55614,35.88301],[-78.5562,35.88228],[-78.55557,35.88196],[-78.55497,35.8814],[-78.55447,35.88152],[-78.55445,35.88193],[-78.55431,35.88201],[-78.55379,35.88185],[-78.55326,35.88112],[-78.55282,35.88099],[-78.55241,35.88126],[-78.55212,35.88128],[-78.55208,35.88084],[-78.55083,35.88025],[-78.55071,35.87974],[-78.55038,35.88013],[-78.54989,35.88],[-78.54938,35.88011],[-78.54876,35.88071],[-78.54797,35.88008],[-78.54896,35.87954],[-78.54986,35.87952],[-78.55038,35.87909],[-78.55112,35.87945],[-78.55163,35.88008],[-78.55236,35.88048],[-78.55556,35.88133],[-78.55829,35.88294],[-78.55893,35.88363],[-78.55942,35.88436],[-78.55951,35.88529],[-78.56032,35.88636],[-78.56043,35.88735],[-78.55996,35.8874],[-78.55993,35.88684],[-78.55934,35.88607],[-78.55908,35.88605]]],[[[-78.53088,35.88328],[-78.53226,35.88291],[-78.53254,35.88248],[-78.53307,35.88226],[-78.53369,35.88127],[-78.53265,35.88356],[-78.5321,35.88423],[-78.53136,35.88471],[-78.53076,35.88485],[-78.53014,35.88473],[-78.52856,35.88393],[-78.52987,35.88289],[-78.53088,35.88328]]],[[[-78.53977,35.88322],[-78.53939,35.88275],[-78.53817,35.88291],[-78.53771,35.88265],[-78.53846,35.88243],[-78.53836,35.88218],[-78.53797,35.882],[-78.53683,35.88189],[-78.53615,35.88215],[-78.53608,35.88236],[-78.53631,35.88238],[-78.53611,35.88261],[-78.53623,35.88276],[-78.53643,35.88291],[-78.53693,35.88282],[-78.53754,35.88296],[-78.53787,35.88317],[-78.53808,35.88369],[-78.53708,35.88367],[-78.53602,35.8828],[-78.53542,35.88293],[-78.53543,35.88336],[-78.53498,35.88352],[-78.53471,35.88382],[-78.53471,35.88411],[-78.53429,35.88432],[-78.53401,35.88605],[-78.5337,35.88672],[-78.5334,35.887],[-78.53187,35.88743],[-78.531,35.88791],[-78.53023,35.88786],[-78.53028,35.88774],[-78.52989,35.88769],[-78.52943,35.88794],[-78.52911,35.88786],[-78.52935,35.88749],[-78.52916,35.88694],[-78.52927,35.88606],[-78.52841,35.88527],[-78.52808,35.88618],[-78.52764,35.88668],[-78.5274,35.88677],[-78.5269,35.88642],[-78.52625,35.88634],[-78.52633,35.88606],[-78.52686,35.88576],[-78.52773,35.88463],[-78.52973,35.88615],[-78.5311,35.88629],[-78.53195,35.88601],[-78.53311,35.88526],[-78.53384,35.88448],[-78.53553,35.88146],[-78.53623,35.88127],[-78.53789,35.8815],[-78.53954,35.88214],[-78.54,35.88248],[-78.54013,35.88347],[-78.53995,35.88478],[-78.53931,35.88581],[-78.53818,35.88706],[-78.53577,35.8888],[-78.53702,35.88753],[-78.53758,35.88632],[-78.53954,35.88445],[-78.53967,35.88413],[-78.53952,35.88367],[-78.53974,35.88361],[-78.53977,35.88322]]],[[[-78.53375,35.90226],[-78.53353,35.90184],[-78.5337,35.90135],[-78.53353,35.90087],[-78.53265,35.89983],[-78.53269,35.89968],[-78.53297,35.8997],[-78.53296,35.89951],[-78.53213,35.89859],[-78.53186,35.89645],[-78.5315,35.89582],[-78.53148,35.89522],[-78.53099,35.89519],[-78.53067,35.89494],[-78.53099,35.89506],[-78.53096,35.89494],[-78.53121,35.89484],[-78.53139,35.89387],[-78.53248,35.89255],[-78.53242,35.89113],[-78.53202,35.8909],[-78.53209,35.89082],[-78.53335,35.88949],[-78.53392,35.88914],[-78.53548,35.88895],[-78.53421,35.88948],[-78.53368,35.89016],[-78.53272,35.89274],[-78.5324,35.8945],[-78.53267,35.89643],[-78.53426,35.90158],[-78.53506,35.9046],[-78.535,35.90506],[-78.53355,35.90428],[-78.53226,35.90415],[-78.53135,35.90424],[-78.53111,35.90441],[-78.53106,35.90474],[-78.53025,35.90483],[-78.52972,35.90506],[-78.52934,35.90543],[-78.52795,35.90642],[-78.52759,35.90767],[-78.52697,35.90878],[-78.52681,35.9068],[-78.52748,35.9065],[-78.52765,35.90624],[-78.5276,35.90608],[-78.52699,35.90596],[-78.52741,35.90592],[-78.5282,35.90546],[-78.52911,35.90553],[-78.53001,35.90463],[-78.53008,35.90393],[-78.5304,35.9041],[-78.53112,35.90405],[-78.5313,35.90332],[-78.53158,35.9032],[-78.53187,35.90327],[-78.53217,35.90389],[-78.53238,35.90391],[-78.53303,35.90373],[-78.53383,35.9029],[-78.53396,35.90305],[-78.53388,35.90372],[-78.53446,35.90379],[-78.53466,35.90343],[-78.53407,35.90298],[-78.53413,35.90251],[-78.53375,35.90226]]],[[[-78.53447,35.90641],[-78.53407,35.90619],[-78.53352,35.90615],[-78.53315,35.90538],[-78.53244,35.90539],[-78.53219,35.90508],[-78.53181,35.90523],[-78.5311,35.90592],[-78.53053,35.90672],[-78.52954,35.90669],[-78.52918,35.90696],[-78.52886,35.90757],[-78.52824,35.90792],[-78.5285,35.90837],[-78.5281,35.90881],[-78.52746,35.90925],[-78.52716,35.90899],[-78.52803,35.90805],[-78.52819,35.90708],[-78.52851,35.90667],[-78.53072,35.90597],[-78.53182,35.90501],[-78.53231,35.90492],[-78.53291,35.90516],[-78.5333,35.90511],[-78.53366,35.90579],[-78.53399,35.90591],[-78.53494,35.90584],[-78.5354,35.90517],[-78.53828,35.90919],[-78.53641,35.91094],[-78.53581,35.9119],[-78.53385,35.9143],[-78.53359,35.91501],[-78.53401,35.91665],[-78.53365,35.91597],[-78.53294,35.91522],[-78.53288,35.91459],[-78.53301,35.91434],[-78.53284,35.91396],[-78.53315,35.91366],[-78.5344,35.91318],[-78.5344,35.91295],[-78.53462,35.9128],[-78.53451,35.91258],[-78.53469,35.91218],[-78.53572,35.91169],[-78.53625,35.91092],[-78.53631,35.91049],[-78.53752,35.9095],[-78.53727,35.90891],[-78.53731,35.90799],[-78.53643,35.9074],[-78.53531,35.90702],[-78.53471,35.90735],[-78.53466,35.90674],[-78.53447,35.90641]]],[[[-78.5559,35.90794],[-78.5558,35.90844],[-78.55616,35.90855],[-78.55596,35.90872],[-78.55604,35.90897],[-78.5567,35.90934],[-78.55513,35.90866],[-78.55601,35.90771],[-78.55625,35.90765],[-78.5559,35.90794]]],[[[-78.55679,35.91176],[-78.55653,35.91202],[-78.55628,35.91169],[-78.5563,35.9114],[-78.55615,35.91137],[-78.55629,35.91132],[-78.55562,35.91102],[-78.55595,35.90998],[-78.55479,35.90973],[-78.55441,35.91055],[-78.55443,35.91091],[-78.55412,35.91092],[-78.55381,35.9113],[-78.55384,35.91084],[-78.55351,35.91071],[-78.55453,35.90937],[-78.55729,35.91036],[-78.55679,35.91176]]],[[[-78.52377,35.91034],[-78.52433,35.91079],[-78.52514,35.91034],[-78.52617,35.91043],[-78.52658,35.91003],[-78.52668,35.90942],[-78.52702,35.9091],[-78.52664,35.91026],[-78.52588,35.9106],[-78.52537,35.91046],[-78.525,35.91056],[-78.52527,35.91069],[-78.52485,35.9108],[-78.52487,35.91134],[-78.52441,35.91136],[-78.52409,35.91161],[-78.52386,35.9115],[-78.52392,35.91109],[-78.52355,35.91066],[-78.52288,35.91079],[-78.52241,35.91064],[-78.52187,35.91084],[-78.52146,35.91082],[-78.52329,35.91027],[-78.52377,35.91034]]],[[[-78.52116,35.91102],[-78.52145,35.91082],[-78.52146,35.91082],[-78.52116,35.91102]]],[[[-78.54433,35.908],[-78.54794,35.90865],[-78.55312,35.90885],[-78.55405,35.90913],[-78.55273,35.91058],[-78.55261,35.91052],[-78.55145,35.91098],[-78.55124,35.91083],[-78.55113,35.91095],[-78.54988,35.91103],[-78.54911,35.91074],[-78.5488,35.91081],[-78.54864,35.91107],[-78.54817,35.91108],[-78.54779,35.91139],[-78.54752,35.91142],[-78.54707,35.91134],[-78.54646,35.91096],[-78.54577,35.91113],[-78.54523,35.9111],[-78.54491,35.91091],[-78.54487,35.91057],[-78.54401,35.91046],[-78.54375,35.9107],[-78.54368,35.91187],[-78.54337,35.912],[-78.54304,35.91187],[-78.54278,35.91114],[-78.54242,35.91102],[-78.54231,35.91117],[-78.54209,35.91112],[-78.54168,35.91144],[-78.54218,35.91239],[-78.54174,35.91236],[-78.54115,35.91202],[-78.54073,35.9121],[-78.5406,35.91251],[-78.5409,35.9129],[-78.53997,35.9134],[-78.53997,35.91357],[-78.53956,35.9138],[-78.53937,35.91429],[-78.53896,35.91406],[-78.53856,35.91417],[-78.53783,35.91412],[-78.53718,35.91356],[-78.53701,35.9136],[-78.53689,35.9141],[-78.53566,35.91438],[-78.53522,35.91461],[-78.535,35.91493],[-78.53514,35.91508],[-78.53654,35.91464],[-78.5372,35.91507],[-78.53731,35.91544],[-78.53635,35.91668],[-78.53583,35.91766],[-78.53571,35.91774],[-78.535,35.91752],[-78.53527,35.91661],[-78.53493,35.91499],[-78.53571,35.91379],[-78.53656,35.91283],[-78.53908,35.9106],[-78.53995,35.90946],[-78.54325,35.90812],[-78.54433,35.908]]],[[[-78.53407,35.91717],[-78.53372,35.91701],[-78.53402,35.91675],[-78.53407,35.91717]]],[[[-78.55668,35.91691],[-78.55695,35.91668],[-78.55695,35.91616],[-78.55746,35.91563],[-78.55753,35.91535],[-78.55782,35.91514],[-78.55794,35.91525],[-78.55819,35.91518],[-78.55837,35.91492],[-78.5582,35.91433],[-78.55842,35.91403],[-78.55806,35.91247],[-78.55788,35.91232],[-78.55738,35.91256],[-78.5572,35.9123],[-78.55778,35.91052],[-78.55838,35.91131],[-78.55899,35.91281],[-78.55881,35.91487],[-78.55846,35.91606],[-78.55786,35.91718],[-78.55564,35.92068],[-78.55489,35.92214],[-78.55434,35.9246],[-78.55398,35.92566],[-78.55378,35.9248],[-78.55398,35.92407],[-78.55302,35.92438],[-78.55272,35.92426],[-78.55244,35.92443],[-78.55221,35.92419],[-78.55244,35.92421],[-78.55359,35.92352],[-78.55357,35.92299],[-78.55449,35.92182],[-78.55412,35.92151],[-78.55421,35.92128],[-78.55468,35.92153],[-78.55493,35.92151],[-78.55545,35.92085],[-78.55559,35.9203],[-78.556,35.92],[-78.55575,35.9194],[-78.55602,35.91955],[-78.55628,35.91945],[-78.55677,35.91738],[-78.55668,35.91691]]],[[[-78.55336,35.92696],[-78.55327,35.92665],[-78.55374,35.92602],[-78.55341,35.92663],[-78.55336,35.92696]]],[[[-78.55334,35.9271],[-78.55346,35.92895],[-78.55417,35.92964],[-78.5562,35.93106],[-78.55355,35.93329],[-78.55291,35.93435],[-78.55266,35.935],[-78.55264,35.93562],[-78.55289,35.93679],[-78.55204,35.93816],[-78.5513,35.9405],[-78.55132,35.9417],[-78.55176,35.94302],[-78.55179,35.94316],[-78.55178,35.94324],[-78.55174,35.94309],[-78.55136,35.94294],[-78.55092,35.9418],[-78.55063,35.94167],[-78.55018,35.94095],[-78.5502,35.94071],[-78.55064,35.94019],[-78.55076,35.9394],[-78.55054,35.93876],[-78.55087,35.9383],[-78.55166,35.93791],[-78.55208,35.93737],[-78.55213,35.93647],[-78.55165,35.93622],[-78.55162,35.93591],[-78.55223,35.93477],[-78.55215,35.93442],[-78.55245,35.93388],[-78.55248,35.93204],[-78.55269,35.93191],[-78.55343,35.92995],[-78.5532,35.92764],[-78.55334,35.9271]]],[[[-78.55178,35.94334],[-78.55108,35.94519],[-78.55037,35.9452],[-78.55075,35.94485],[-78.55075,35.94453],[-78.5515,35.94389],[-78.55156,35.94366],[-78.55133,35.94352],[-78.55178,35.94324],[-78.55178,35.94334]]],[[[-78.54939,35.95099],[-78.54933,35.95177],[-78.54969,35.95258],[-78.54899,35.95386],[-78.54829,35.95471],[-78.54753,35.95532],[-78.546,35.95624],[-78.54545,35.9573],[-78.54552,35.95713],[-78.5453,35.95678],[-78.54589,35.95534],[-78.54637,35.9551],[-78.54727,35.95517],[-78.54782,35.9548],[-78.54819,35.95407],[-78.54872,35.95366],[-78.54897,35.95079],[-78.54939,35.95023],[-78.54945,35.94983],[-78.55016,35.94912],[-78.54979,35.94878],[-78.55032,35.94871],[-78.55123,35.94658],[-78.55104,35.94647],[-78.55074,35.94691],[-78.55051,35.94694],[-78.55001,35.94647],[-78.54982,35.94593],[-78.54997,35.94578],[-78.55102,35.94567],[-78.55149,35.94647],[-78.55121,35.94737],[-78.5512,35.94828],[-78.55057,35.94944],[-78.54939,35.95099]]],[[[-78.54358,35.95918],[-78.54447,35.95822],[-78.54431,35.95799],[-78.54394,35.95801],[-78.54431,35.95796],[-78.54463,35.95802],[-78.54477,35.95789],[-78.54488,35.95797],[-78.54433,35.9589],[-78.54275,35.9607],[-78.54262,35.96109],[-78.54266,35.95981],[-78.54358,35.95918]]],[[[-78.54106,35.96415],[-78.54066,35.96442],[-78.54019,35.96441],[-78.53986,35.96463],[-78.53942,35.96448],[-78.54119,35.96361],[-78.54181,35.96276],[-78.54217,35.96173],[-78.54197,35.96262],[-78.54106,35.96415]]],[[[-78.54543,35.95797],[-78.54598,35.95912],[-78.54582,35.95946],[-78.54528,35.95988],[-78.54568,35.9602],[-78.54587,35.96161],[-78.54576,35.96182],[-78.54628,35.96304],[-78.54634,35.96389],[-78.54598,35.96447],[-78.54617,35.96395],[-78.54623,35.96309],[-78.54574,35.96199],[-78.54567,35.96127],[-78.54513,35.96054],[-78.54511,35.96029],[-78.54459,35.95987],[-78.54553,35.95833],[-78.54554,35.95823],[-78.5454,35.95794],[-78.54541,35.95787],[-78.5456,35.95769],[-78.54562,35.9577],[-78.54543,35.95797]]],[[[-78.54573,35.96534],[-78.54512,35.96604],[-78.54536,35.96651],[-78.5452,35.96635],[-78.54492,35.96635],[-78.54477,35.96755],[-78.54443,35.96797],[-78.54447,35.96895],[-78.54433,35.96928],[-78.54442,35.96797],[-78.54489,35.9662],[-78.54566,35.96531],[-78.54598,35.96447],[-78.54573,35.96534]]],[[[-78.54447,35.96956],[-78.54431,35.96979],[-78.54446,35.9702],[-78.54443,35.97036],[-78.54466,35.97065],[-78.54452,35.97092],[-78.5447,35.97105],[-78.54448,35.97114],[-78.54449,35.97111],[-78.54451,35.97102],[-78.54429,35.96975],[-78.54433,35.96928],[-78.54447,35.96956]]],[[[-78.5443,35.97155],[-78.54417,35.97162],[-78.54418,35.97159],[-78.54448,35.97114],[-78.5443,35.97155]]],[[[-78.54407,35.9726],[-78.54372,35.9734],[-78.54373,35.9733],[-78.54416,35.97165],[-78.54417,35.97162],[-78.54407,35.9726]]],[[[-78.54386,35.97411],[-78.54377,35.97416],[-78.54371,35.97346],[-78.54372,35.9734],[-78.54386,35.97411]]],[[[-78.54542,35.96531],[-78.54569,35.96481],[-78.54575,35.96321],[-78.54477,35.96063],[-78.54451,35.9606],[-78.54411,35.96083],[-78.54349,35.96168],[-78.54274,35.96229],[-78.54262,35.96136],[-78.54361,35.96079],[-78.54437,35.96011],[-78.54473,35.96037],[-78.54521,35.96136],[-78.54523,35.96178],[-78.54579,35.96282],[-78.54594,35.96364],[-78.54577,35.9647],[-78.54551,35.96534],[-78.54483,35.96598],[-78.54469,35.96636],[-78.54418,35.96925],[-78.54419,35.96981],[-78.54428,35.97007],[-78.54432,35.97021],[-78.54443,35.97089],[-78.54441,35.97104],[-78.54439,35.97111],[-78.54434,35.9712],[-78.544,35.9717],[-78.54399,35.97182],[-78.54401,35.97209],[-78.544,35.97216],[-78.54362,35.97341],[-78.54366,35.97396],[-78.5436,35.97346],[-78.54368,35.97309],[-78.5436,35.97305],[-78.544,35.97213],[-78.54392,35.97176],[-78.54441,35.97091],[-78.54428,35.9701],[-78.54403,35.96971],[-78.54418,35.96872],[-78.54409,35.96808],[-78.5444,35.96763],[-78.54466,35.96601],[-78.54542,35.96531]]],[[[-78.54368,35.97411],[-78.54362,35.97408],[-78.54367,35.97402],[-78.54368,35.97411]]],[[[-78.53867,35.96619],[-78.53837,35.96612],[-78.53668,35.96647],[-78.53663,35.96664],[-78.53708,35.96685],[-78.53685,35.96715],[-78.53695,35.96763],[-78.5367,35.96791],[-78.53662,35.96841],[-78.5358,35.96902],[-78.53532,35.96919],[-78.53498,35.96854],[-78.53642,35.96718],[-78.53663,35.96651],[-78.53669,35.96645],[-78.53747,35.96608],[-78.53869,35.96529],[-78.53938,35.9645],[-78.53964,35.96521],[-78.53867,35.96619]]],[[[-78.55312,35.97874],[-78.5536,35.97881],[-78.55448,35.9786],[-78.55466,35.97881],[-78.5544,35.97932],[-78.55476,35.97943],[-78.55566,35.97859],[-78.55601,35.97893],[-78.55598,35.97928],[-78.55724,35.97932],[-78.55797,35.97965],[-78.55745,35.97947],[-78.55629,35.97946],[-78.55482,35.97969],[-78.553,35.97925],[-78.55333,35.97904],[-78.55312,35.97874]]],[[[-78.53642,35.96624],[-78.53592,35.96684],[-78.53469,35.96786],[-78.53599,35.96672],[-78.53633,35.96617],[-78.53736,35.96558],[-78.53782,35.96422],[-78.53956,35.96357],[-78.5406,35.96166],[-78.54103,35.96165],[-78.54172,35.96118],[-78.54173,35.96096],[-78.54128,35.96082],[-78.54111,35.96055],[-78.54178,35.96055],[-78.542,35.96042],[-78.54213,35.96149],[-78.54165,35.96141],[-78.54105,35.96166],[-78.54068,35.96199],[-78.53992,35.96331],[-78.53728,35.96567],[-78.53642,35.96624]]],[[[-78.52754,35.71876],[-78.52758,35.71881],[-78.52752,35.71885],[-78.52754,35.71876]]],[[[-78.52587,35.71971],[-78.52567,35.71916],[-78.52623,35.71934],[-78.5265,35.71859],[-78.52679,35.71911],[-78.52752,35.71885],[-78.52559,35.7201],[-78.52544,35.72006],[-78.52587,35.71971]]],[[[-78.52797,35.71903],[-78.52762,35.71965],[-78.5275,35.7195],[-78.527,35.71959],[-78.52665,35.7197],[-78.52637,35.72021],[-78.52584,35.72014],[-78.52768,35.71888],[-78.52797,35.71903]]],[[[-78.52567,35.72027],[-78.52589,35.72035],[-78.52544,35.72053],[-78.52567,35.72027]]],[[[-78.52493,35.72032],[-78.52519,35.7204],[-78.52526,35.72023],[-78.52556,35.72025],[-78.5253,35.72055],[-78.52536,35.72079],[-78.52493,35.72032]]],[[[-78.52542,35.72061],[-78.52541,35.72059],[-78.52544,35.72053],[-78.52542,35.72061]]],[[[-78.52549,35.72111],[-78.52554,35.72092],[-78.52552,35.72081],[-78.52559,35.72093],[-78.52549,35.72111]]],[[[-78.52521,35.72197],[-78.52496,35.72116],[-78.52508,35.72087],[-78.52537,35.72081],[-78.52535,35.72176],[-78.52511,35.72227],[-78.52521,35.72197]]],[[[-78.52549,35.72111],[-78.52567,35.72231],[-78.525,35.72285],[-78.52506,35.7232],[-78.52485,35.72333],[-78.5249,35.72377],[-78.52473,35.72394],[-78.5246,35.72391],[-78.52478,35.72314],[-78.52553,35.72185],[-78.52549,35.72111]]],[[[-78.52468,35.72273],[-78.52481,35.72264],[-78.52454,35.72337],[-78.52449,35.72297],[-78.52468,35.72273]]],[[[-78.52458,35.72341],[-78.52458,35.72347],[-78.52457,35.72347],[-78.52458,35.72341]]],[[[-78.52455,35.72355],[-78.5244,35.72389],[-78.52457,35.72347],[-78.52455,35.72355]]],[[[-78.52459,35.72393],[-78.52458,35.72411],[-78.52479,35.72419],[-78.52457,35.72418],[-78.52459,35.72393]]],[[[-78.52443,35.72519],[-78.52454,35.72423],[-78.52482,35.72428],[-78.52463,35.72513],[-78.52443,35.72519]]],[[[-78.52402,35.72474],[-78.52411,35.72461],[-78.52396,35.7246],[-78.52427,35.72425],[-78.52421,35.7252],[-78.52361,35.72476],[-78.52402,35.72474]]],[[[-78.52451,35.7254],[-78.52472,35.72569],[-78.52447,35.72665],[-78.52452,35.72726],[-78.52428,35.72747],[-78.52286,35.72777],[-78.52434,35.72711],[-78.52446,35.72541],[-78.52451,35.7254]]],[[[-78.524,35.72607],[-78.52399,35.7257],[-78.52431,35.72541],[-78.52401,35.72703],[-78.52291,35.72737],[-78.52266,35.72756],[-78.52271,35.72778],[-78.52229,35.72777],[-78.52228,35.72757],[-78.52253,35.72734],[-78.52318,35.72705],[-78.52385,35.72705],[-78.52403,35.7269],[-78.5238,35.72631],[-78.524,35.72607]]],[[[-78.51407,35.72659],[-78.51425,35.72654],[-78.51424,35.72678],[-78.51407,35.72659]]],[[[-78.52258,35.72816],[-78.52291,35.7282],[-78.5224,35.72831],[-78.52258,35.72816]]],[[[-78.51316,35.72724],[-78.51332,35.7275],[-78.5134,35.72911],[-78.51339,35.73006],[-78.51323,35.7304],[-78.51296,35.73059],[-78.51126,35.73092],[-78.51028,35.7306],[-78.50962,35.7307],[-78.50819,35.7319],[-78.50652,35.73232],[-78.50585,35.73283],[-78.50439,35.73551],[-78.50455,35.73658],[-78.50504,35.73772],[-78.50506,35.73791],[-78.50506,35.73811],[-78.50505,35.73812],[-78.50464,35.73792],[-78.50419,35.73716],[-78.5043,35.73666],[-78.50404,35.73519],[-78.50431,35.73452],[-78.505,35.73413],[-78.50523,35.73346],[-78.50435,35.73341],[-78.50491,35.73309],[-78.50431,35.73265],[-78.50469,35.73262],[-78.50531,35.73282],[-78.50574,35.73219],[-78.50612,35.73209],[-78.50619,35.73164],[-78.50641,35.7315],[-78.50718,35.73194],[-78.50787,35.73181],[-78.50798,35.73135],[-78.50838,35.73098],[-78.50919,35.73083],[-78.51038,35.73017],[-78.51106,35.73068],[-78.5118,35.7306],[-78.51218,35.73033],[-78.51226,35.72957],[-78.51211,35.72902],[-78.51201,35.72898],[-78.51211,35.72948],[-78.51114,35.7288],[-78.51316,35.72724]]],[[[-78.50503,35.73823],[-78.50471,35.73887],[-78.50505,35.74002],[-78.50499,35.74037],[-78.5047,35.74092],[-78.50421,35.74126],[-78.50382,35.74243],[-78.50326,35.74248],[-78.50313,35.74238],[-78.50333,35.74243],[-78.50337,35.74182],[-78.50387,35.74085],[-78.50423,35.74076],[-78.50457,35.74095],[-78.50478,35.74075],[-78.50427,35.73902],[-78.50469,35.73826],[-78.50505,35.73812],[-78.50503,35.73823]]],[[[-78.52366,35.72862],[-78.52346,35.72878],[-78.52299,35.72814],[-78.5233,35.72818],[-78.52345,35.72857],[-78.52366,35.72862]]],[[[-78.523,35.72957],[-78.52266,35.72918],[-78.5225,35.72865],[-78.52256,35.72838],[-78.52261,35.72897],[-78.52303,35.72955],[-78.52361,35.72979],[-78.523,35.72957]]],[[[-78.51513,35.72773],[-78.51537,35.72776],[-78.51518,35.72802],[-78.51537,35.72865],[-78.51575,35.72876],[-78.51626,35.72853],[-78.5164,35.72878],[-78.51629,35.72899],[-78.51578,35.72915],[-78.51534,35.7295],[-78.51541,35.73023],[-78.51571,35.73042],[-78.51702,35.73036],[-78.51816,35.73056],[-78.51843,35.7308],[-78.51905,35.73095],[-78.52037,35.73097],[-78.52135,35.73053],[-78.52107,35.73013],[-78.52123,35.72985],[-78.52185,35.73046],[-78.52263,35.73032],[-78.52311,35.72993],[-78.5236,35.72984],[-78.52316,35.72999],[-78.5229,35.73041],[-78.52156,35.73064],[-78.51997,35.73117],[-78.51819,35.73125],[-78.51583,35.73092],[-78.5151,35.73048],[-78.5149,35.72849],[-78.51428,35.72683],[-78.51447,35.72696],[-78.51487,35.72691],[-78.51491,35.7271],[-78.51547,35.72709],[-78.51506,35.72742],[-78.51513,35.72773]]],[[[-78.52403,35.72935],[-78.52405,35.7298],[-78.52374,35.72981],[-78.52351,35.7289],[-78.52365,35.72922],[-78.52403,35.72935]]],[[[-78.51101,35.73173],[-78.51042,35.73177],[-78.51015,35.73201],[-78.50966,35.73209],[-78.50901,35.73301],[-78.50842,35.73347],[-78.50737,35.73302],[-78.50701,35.73331],[-78.50744,35.73442],[-78.50733,35.73452],[-78.50671,35.73404],[-78.50655,35.73412],[-78.50641,35.73478],[-78.50571,35.73477],[-78.5051,35.7354],[-78.50525,35.73615],[-78.50562,35.73644],[-78.50546,35.73731],[-78.50524,35.7363],[-78.50489,35.73555],[-78.50493,35.73536],[-78.50539,35.73493],[-78.50671,35.73296],[-78.50774,35.73241],[-78.50866,35.73215],[-78.50957,35.73154],[-78.51044,35.73127],[-78.51316,35.73101],[-78.51455,35.7321],[-78.51619,35.73258],[-78.51755,35.73262],[-78.51905,35.73247],[-78.5205,35.73218],[-78.5226,35.73153],[-78.52459,35.73169],[-78.52689,35.73243],[-78.52774,35.73309],[-78.52814,35.73395],[-78.52832,35.73503],[-78.52793,35.73693],[-78.52617,35.74036],[-78.52619,35.74147],[-78.52713,35.74386],[-78.52935,35.74731],[-78.52998,35.74862],[-78.53082,35.75119],[-78.53149,35.75449],[-78.5302,35.75445],[-78.53036,35.75341],[-78.52945,35.75281],[-78.5292,35.75279],[-78.52916,35.75252],[-78.52877,35.7523],[-78.52762,35.75211],[-78.52807,35.75197],[-78.52831,35.75212],[-78.5282,35.752],[-78.5284,35.75191],[-78.52923,35.75192],[-78.52947,35.75236],[-78.52984,35.75234],[-78.53033,35.75257],[-78.53054,35.7524],[-78.5306,35.75203],[-78.53021,35.75125],[-78.53004,35.74953],[-78.52938,35.74822],[-78.52935,35.74781],[-78.52907,35.74763],[-78.52728,35.74834],[-78.52819,35.74775],[-78.5288,35.74711],[-78.52871,35.74691],[-78.52801,35.74664],[-78.52741,35.74595],[-78.52671,35.74601],[-78.52646,35.74582],[-78.52686,35.74575],[-78.52711,35.7455],[-78.52699,35.74522],[-78.52714,35.74451],[-78.52659,35.74348],[-78.52565,35.7422],[-78.52397,35.74307],[-78.52414,35.74273],[-78.52406,35.74251],[-78.5253,35.74139],[-78.52527,35.74057],[-78.52465,35.74019],[-78.52419,35.74012],[-78.52447,35.74007],[-78.52479,35.73978],[-78.52507,35.74005],[-78.52564,35.73998],[-78.52621,35.73918],[-78.526,35.73876],[-78.5266,35.73886],[-78.52747,35.73722],[-78.52756,35.73681],[-78.52706,35.73664],[-78.52763,35.73634],[-78.52781,35.73516],[-78.52691,35.73318],[-78.52597,35.73255],[-78.52514,35.73233],[-78.52228,35.73225],[-78.52084,35.73264],[-78.52049,35.73289],[-78.5207,35.73343],[-78.5214,35.73424],[-78.52138,35.73476],[-78.52101,35.73471],[-78.52091,35.73429],[-78.52031,35.7339],[-78.51998,35.734],[-78.51961,35.73382],[-78.51952,35.73354],[-78.51968,35.73329],[-78.51948,35.73323],[-78.51944,35.73359],[-78.51921,35.73372],[-78.51881,35.73361],[-78.51864,35.73387],[-78.51883,35.73407],[-78.51862,35.73426],[-78.51784,35.7345],[-78.51784,35.73406],[-78.51683,35.73429],[-78.51646,35.7345],[-78.51652,35.73471],[-78.51584,35.7353],[-78.51526,35.7345],[-78.51423,35.73476],[-78.51383,35.73456],[-78.51368,35.73423],[-78.51345,35.73421],[-78.51358,35.73366],[-78.51331,35.73364],[-78.51333,35.73305],[-78.51243,35.73128],[-78.51169,35.73121],[-78.51101,35.73173]]],[[[-78.50586,35.73824],[-78.50576,35.73891],[-78.50601,35.73922],[-78.50609,35.74012],[-78.50639,35.74023],[-78.50606,35.74056],[-78.50623,35.74131],[-78.50608,35.74123],[-78.50552,35.74177],[-78.50492,35.74178],[-78.50477,35.74228],[-78.50475,35.74216],[-78.50481,35.74176],[-78.50558,35.7411],[-78.50589,35.7406],[-78.50602,35.7399],[-78.50568,35.73887],[-78.5056,35.73771],[-78.50546,35.73733],[-78.50586,35.73824]]],[[[-78.50503,35.74261],[-78.50484,35.74246],[-78.50478,35.74231],[-78.50477,35.74228],[-78.50503,35.74261]]],[[[-78.50697,35.75055],[-78.50746,35.7514],[-78.50699,35.7508],[-78.50697,35.75055]]],[[[-78.50755,35.75306],[-78.5076,35.75199],[-78.5084,35.75407],[-78.50812,35.75393],[-78.50813,35.75359],[-78.50755,35.75306]]],[[[-78.5073,35.75524],[-78.50793,35.75476],[-78.50802,35.75425],[-78.50839,35.75424],[-78.50788,35.75548],[-78.50794,35.75754],[-78.50752,35.75875],[-78.50767,35.7602],[-78.50725,35.76018],[-78.50713,35.76018],[-78.50711,35.75948],[-78.50682,35.75908],[-78.50782,35.75767],[-78.50764,35.75725],[-78.50783,35.75704],[-78.50768,35.75702],[-78.50761,35.75671],[-78.50778,35.75639],[-78.50701,35.75635],[-78.50686,35.75614],[-78.50697,35.75588],[-78.5067,35.75576],[-78.50686,35.75538],[-78.5073,35.75524]]],[[[-78.52978,35.77317],[-78.53039,35.77323],[-78.53082,35.77293],[-78.53117,35.77291],[-78.53136,35.77253],[-78.5317,35.7728],[-78.53214,35.77266],[-78.5324,35.77284],[-78.53312,35.77265],[-78.53358,35.77309],[-78.5338,35.77282],[-78.53526,35.7727],[-78.53563,35.7724],[-78.53553,35.77218],[-78.53617,35.77203],[-78.53601,35.77166],[-78.53556,35.77163],[-78.53601,35.77106],[-78.53565,35.77043],[-78.53638,35.77069],[-78.53732,35.77069],[-78.53724,35.76953],[-78.5379,35.76774],[-78.53768,35.76749],[-78.53763,35.76625],[-78.53744,35.76567],[-78.53784,35.76535],[-78.53761,35.76514],[-78.53776,35.76487],[-78.5376,35.76479],[-78.53699,35.76506],[-78.53686,35.76486],[-78.53744,35.76416],[-78.53797,35.76409],[-78.53843,35.76378],[-78.53862,35.76317],[-78.53842,35.76264],[-78.53677,35.76174],[-78.53642,35.76135],[-78.53559,35.76133],[-78.53545,35.76142],[-78.53547,35.7618],[-78.53488,35.76165],[-78.53501,35.76114],[-78.53442,35.7606],[-78.53428,35.75997],[-78.53384,35.75957],[-78.53284,35.75927],[-78.53266,35.75962],[-78.53117,35.76068],[-78.53118,35.76086],[-78.53105,35.76082],[-78.53099,35.7606],[-78.53137,35.76006],[-78.53133,35.75981],[-78.53213,35.75891],[-78.53205,35.75842],[-78.53059,35.75764],[-78.52973,35.75694],[-78.52941,35.75697],[-78.52955,35.75692],[-78.52938,35.7569],[-78.52889,35.75608],[-78.52925,35.75557],[-78.52968,35.75546],[-78.52946,35.75534],[-78.52993,35.75525],[-78.53015,35.75509],[-78.53001,35.755],[-78.53029,35.75494],[-78.53005,35.75467],[-78.5315,35.75467],[-78.53256,35.7576],[-78.53355,35.75908],[-78.53491,35.76023],[-78.53801,35.76143],[-78.5385,35.76215],[-78.5388,35.7638],[-78.53879,35.76536],[-78.53839,35.76879],[-78.53839,35.77086],[-78.5375,35.77188],[-78.53606,35.77282],[-78.53525,35.77279],[-78.53488,35.77306],[-78.53414,35.77281],[-78.53382,35.77287],[-78.53345,35.77342],[-78.53133,35.77353],[-78.53003,35.77382],[-78.52753,35.77505],[-78.52777,35.77448],[-78.52844,35.7742],[-78.52978,35.77317]]],[[[-78.53137,35.77394],[-78.53329,35.77377],[-78.53366,35.77354],[-78.53391,35.77307],[-78.53389,35.77338],[-78.53441,35.77296],[-78.53465,35.77327],[-78.53502,35.7734],[-78.53545,35.77306],[-78.53632,35.77298],[-78.53692,35.77252],[-78.53803,35.77217],[-78.53847,35.77142],[-78.53911,35.77317],[-78.53739,35.77309],[-78.53726,35.77297],[-78.53554,35.77325],[-78.53389,35.77389],[-78.5344,35.77381],[-78.5343,35.77455],[-78.53412,35.77469],[-78.5332,35.77462],[-78.53162,35.77507],[-78.53132,35.77486],[-78.5313,35.7749],[-78.53119,35.77492],[-78.53177,35.77459],[-78.5321,35.77452],[-78.5323,35.77442],[-78.53127,35.77471],[-78.53054,35.77461],[-78.53018,35.77433],[-78.5297,35.77462],[-78.5295,35.77496],[-78.52912,35.77486],[-78.52889,35.77503],[-78.52862,35.77541],[-78.52864,35.77596],[-78.52847,35.77617],[-78.52825,35.7757],[-78.52789,35.77559],[-78.52723,35.77597],[-78.52702,35.77651],[-78.52725,35.77585],[-78.52994,35.77429],[-78.53137,35.77394]]],[[[-78.50908,35.81233],[-78.50927,35.81255],[-78.50992,35.81258],[-78.51095,35.81298],[-78.5103,35.81292],[-78.50949,35.81301],[-78.50851,35.81338],[-78.50813,35.81347],[-78.50834,35.8134],[-78.50858,35.81236],[-78.50908,35.81233]]],[[[-78.51164,35.81323],[-78.51222,35.81254],[-78.51264,35.81312],[-78.51314,35.81305],[-78.51487,35.81339],[-78.51403,35.8134],[-78.5126,35.81315],[-78.51161,35.8133],[-78.51095,35.81298],[-78.51164,35.81323]]],[[[-78.51092,35.81342],[-78.51162,35.81383],[-78.51248,35.81369],[-78.51448,35.81415],[-78.51475,35.81414],[-78.51489,35.81383],[-78.51504,35.81463],[-78.51393,35.8149],[-78.51359,35.81472],[-78.51346,35.81489],[-78.51338,35.8147],[-78.51319,35.81473],[-78.51322,35.81497],[-78.51276,35.8151],[-78.51215,35.81487],[-78.512,35.81498],[-78.51206,35.81468],[-78.51109,35.81431],[-78.51088,35.81398],[-78.5104,35.81455],[-78.50959,35.81474],[-78.50914,35.8146],[-78.50876,35.81413],[-78.50852,35.81427],[-78.50814,35.81419],[-78.50832,35.8143],[-78.50812,35.81442],[-78.50812,35.81417],[-78.50974,35.81348],[-78.51092,35.81342]]],[[[-78.52136,35.81859],[-78.52152,35.81837],[-78.52155,35.81839],[-78.52163,35.8189],[-78.52201,35.81924],[-78.52208,35.81973],[-78.52175,35.81952],[-78.52141,35.81897],[-78.52136,35.81859]]],[[[-78.51759,35.83261],[-78.51802,35.83271],[-78.5182,35.83259],[-78.5187,35.83327],[-78.51669,35.83314],[-78.51595,35.83331],[-78.51633,35.83278],[-78.51759,35.83261]]],[[[-78.51978,35.83302],[-78.52025,35.83403],[-78.51984,35.83349],[-78.519,35.83326],[-78.51948,35.83287],[-78.51978,35.83302]]],[[[-78.51668,35.83336],[-78.51779,35.83355],[-78.51738,35.83363],[-78.51692,35.83342],[-78.51625,35.83336],[-78.51668,35.83336]]],[[[-78.5179,35.83356],[-78.51822,35.83358],[-78.51802,35.83362],[-78.5179,35.83356]]],[[[-78.51823,35.83358],[-78.51853,35.8336],[-78.51831,35.83374],[-78.51823,35.83358]]],[[[-78.52208,35.83411],[-78.52188,35.83402],[-78.52184,35.83375],[-78.52199,35.83393],[-78.52208,35.83411]]],[[[-78.51382,35.83474],[-78.51408,35.8346],[-78.51388,35.83444],[-78.51408,35.83437],[-78.51385,35.83427],[-78.51411,35.83375],[-78.51444,35.83372],[-78.51459,35.83351],[-78.515,35.83337],[-78.51511,35.83309],[-78.5153,35.83311],[-78.51517,35.83298],[-78.51593,35.83332],[-78.51427,35.83403],[-78.51429,35.83496],[-78.51322,35.83512],[-78.51388,35.83484],[-78.51382,35.83474]]],[[[-78.51864,35.83361],[-78.51977,35.83382],[-78.52002,35.83428],[-78.52039,35.83437],[-78.52043,35.83468],[-78.52008,35.83481],[-78.51929,35.83375],[-78.51864,35.83361]]],[[[-78.52252,35.8343],[-78.52265,35.83446],[-78.52267,35.83449],[-78.52267,35.83452],[-78.52243,35.83433],[-78.52108,35.83423],[-78.52207,35.83416],[-78.52252,35.8343]]],[[[-78.51425,35.83516],[-78.5146,35.83485],[-78.51447,35.83447],[-78.51462,35.83419],[-78.51609,35.83346],[-78.51619,35.83368],[-78.51604,35.83398],[-78.5156,35.83428],[-78.51482,35.8345],[-78.51462,35.83489],[-78.51419,35.83532],[-78.514,35.83577],[-78.51377,35.83584],[-78.51372,35.83555],[-78.51324,35.83523],[-78.51425,35.83516]]],[[[-78.52274,35.83492],[-78.52269,35.83487],[-78.5227,35.83482],[-78.52274,35.83492]]],[[[-78.52418,35.83569],[-78.52376,35.8356],[-78.52296,35.83506],[-78.52347,35.83523],[-78.52418,35.83569]]],[[[-78.51032,35.85461],[-78.51074,35.85462],[-78.51095,35.85492],[-78.51164,35.85503],[-78.51179,35.85537],[-78.51274,35.856],[-78.5104,35.85474],[-78.50945,35.85466],[-78.50845,35.8551],[-78.50771,35.85646],[-78.50748,35.85668],[-78.50711,35.85677],[-78.50766,35.85628],[-78.5079,35.85499],[-78.50868,35.85452],[-78.50848,35.8539],[-78.50877,35.85379],[-78.50909,35.85283],[-78.51,35.8544],[-78.51032,35.85461]]],[[[-78.49936,35.85409],[-78.49972,35.85452],[-78.50029,35.85449],[-78.50051,35.85532],[-78.50095,35.85557],[-78.50194,35.85554],[-78.50292,35.85582],[-78.50331,35.85555],[-78.50361,35.85573],[-78.50404,35.85562],[-78.50556,35.85613],[-78.50598,35.85664],[-78.50711,35.85677],[-78.50615,35.85678],[-78.50513,35.85613],[-78.50255,35.85579],[-78.50206,35.85561],[-78.50087,35.85563],[-78.49881,35.85443],[-78.49808,35.85451],[-78.4988,35.85405],[-78.49936,35.85409]]],[[[-78.51152,35.86436],[-78.51242,35.86379],[-78.51239,35.86397],[-78.51272,35.8641],[-78.51297,35.86453],[-78.51329,35.86461],[-78.51366,35.86431],[-78.51431,35.86422],[-78.51459,35.86441],[-78.51499,35.86441],[-78.51594,35.86402],[-78.51583,35.86307],[-78.51561,35.86288],[-78.51598,35.86257],[-78.51604,35.86222],[-78.51567,35.86154],[-78.51489,35.86083],[-78.51494,35.8602],[-78.5148,35.86003],[-78.5159,35.85918],[-78.51552,35.85869],[-78.51601,35.85813],[-78.51591,35.85787],[-78.51484,35.85739],[-78.5139,35.85727],[-78.51404,35.85657],[-78.51393,35.85641],[-78.51219,35.85652],[-78.51186,35.85674],[-78.51123,35.85648],[-78.51078,35.85577],[-78.51007,35.8554],[-78.50935,35.85565],[-78.5094,35.85633],[-78.50928,35.85642],[-78.50858,35.85642],[-78.50781,35.85706],[-78.50623,35.85724],[-78.50593,35.85737],[-78.50578,35.85766],[-78.50557,35.85765],[-78.50557,35.85728],[-78.50481,35.85654],[-78.50454,35.85659],[-78.5042,35.85716],[-78.50419,35.85779],[-78.50391,35.85793],[-78.50352,35.85775],[-78.5037,35.85754],[-78.50354,35.85712],[-78.50385,35.85692],[-78.50353,35.85637],[-78.50228,35.85604],[-78.50116,35.85596],[-78.50086,35.85609],[-78.50066,35.85645],[-78.50027,35.85649],[-78.49989,35.85612],[-78.49979,35.85569],[-78.49923,35.85569],[-78.49814,35.85481],[-78.49979,35.85543],[-78.50064,35.85598],[-78.50088,35.856],[-78.5012,35.85594],[-78.50205,35.85594],[-78.50498,35.85647],[-78.50611,35.85717],[-78.50764,35.85692],[-78.50866,35.85626],[-78.5094,35.85534],[-78.51015,35.85531],[-78.51239,35.85634],[-78.51405,35.85622],[-78.51432,35.85709],[-78.51629,35.85777],[-78.51616,35.85872],[-78.51584,35.85936],[-78.51541,35.85969],[-78.51518,35.86048],[-78.51578,35.86153],[-78.51631,35.862],[-78.51623,35.86262],[-78.51596,35.86307],[-78.5161,35.86402],[-78.51382,35.86486],[-78.51334,35.8649],[-78.51304,35.86482],[-78.51249,35.86427],[-78.51197,35.86432],[-78.51077,35.86561],[-78.51091,35.86506],[-78.51124,35.86476],[-78.51109,35.86437],[-78.51152,35.86436]]],[[[-78.51099,35.86822],[-78.51172,35.86792],[-78.51177,35.86736],[-78.51201,35.8679],[-78.51154,35.86837],[-78.51041,35.86844],[-78.50948,35.86779],[-78.50917,35.868],[-78.50941,35.86757],[-78.50965,35.86755],[-78.51019,35.86815],[-78.51099,35.86822]]],[[[-78.50765,35.86941],[-78.50795,35.86926],[-78.50885,35.86917],[-78.50931,35.86846],[-78.5089,35.86925],[-78.50765,35.86941]]],[[[-78.50464,35.87162],[-78.50651,35.87106],[-78.50664,35.87074],[-78.50655,35.87016],[-78.50683,35.86966],[-78.50681,35.86934],[-78.50732,35.86878],[-78.5074,35.8684],[-78.50721,35.86813],[-78.50748,35.86798],[-78.50754,35.86695],[-78.50832,35.86656],[-78.50875,35.86601],[-78.50929,35.86607],[-78.5098,35.86636],[-78.51042,35.86626],[-78.5101,35.86642],[-78.50908,35.86645],[-78.50828,35.8668],[-78.50795,35.86759],[-78.50836,35.86836],[-78.50831,35.86871],[-78.50713,35.86957],[-78.50691,35.86994],[-78.50674,35.87104],[-78.5037,35.87203],[-78.50309,35.87172],[-78.50372,35.87158],[-78.50464,35.87162]]],[[[-78.50744,35.87001],[-78.50764,35.86943],[-78.50769,35.86992],[-78.50872,35.87053],[-78.50876,35.87095],[-78.50854,35.87135],[-78.50794,35.87147],[-78.50707,35.87201],[-78.50647,35.87208],[-78.50619,35.87231],[-78.50605,35.87207],[-78.50488,35.87201],[-78.50455,35.87211],[-78.504,35.87217],[-78.50515,35.87192],[-78.50686,35.87191],[-78.50857,35.87107],[-78.50744,35.87001]]],[[[-78.50359,35.87262],[-78.50359,35.87254],[-78.504,35.87217],[-78.50371,35.87247],[-78.50359,35.87262]]],[[[-78.51714,35.87998],[-78.51765,35.88004],[-78.51862,35.87953],[-78.5191,35.88001],[-78.52001,35.88003],[-78.5204,35.87993],[-78.52059,35.87962],[-78.52104,35.87945],[-78.52113,35.87895],[-78.52214,35.87914],[-78.52212,35.87929],[-78.52141,35.87934],[-78.52081,35.87993],[-78.5202,35.88007],[-78.51891,35.88004],[-78.51869,35.87972],[-78.51761,35.88007],[-78.51631,35.88001],[-78.51559,35.88016],[-78.51473,35.88055],[-78.5146,35.88111],[-78.51447,35.88057],[-78.51573,35.87974],[-78.51594,35.87977],[-78.51616,35.87956],[-78.51714,35.87998]]],[[[-78.51811,35.88005],[-78.51727,35.88048],[-78.51674,35.88037],[-78.51513,35.88082],[-78.51478,35.88123],[-78.5149,35.88068],[-78.51687,35.88017],[-78.51752,35.88025],[-78.51811,35.88005]]],[[[-78.51845,35.87993],[-78.5192,35.88017],[-78.52084,35.88026],[-78.52154,35.87962],[-78.52205,35.87945],[-78.52193,35.87979],[-78.52144,35.87992],[-78.5208,35.88052],[-78.52012,35.88025],[-78.51873,35.88032],[-78.5185,35.88003],[-78.51811,35.88005],[-78.51845,35.87993]]],[[[-78.51352,35.88241],[-78.51379,35.88221],[-78.51401,35.88178],[-78.51393,35.88139],[-78.51426,35.88136],[-78.51437,35.88124],[-78.5144,35.88123],[-78.51447,35.88122],[-78.51381,35.88227],[-78.51355,35.88243],[-78.5131,35.88251],[-78.51249,35.88282],[-78.51241,35.88284],[-78.51238,35.88284],[-78.51227,35.88277],[-78.51249,35.8828],[-78.51298,35.88251],[-78.51352,35.88241]]],[[[-78.51499,35.8816],[-78.51452,35.88179],[-78.51474,35.88217],[-78.51402,35.88226],[-78.5135,35.88302],[-78.5134,35.88264],[-78.51325,35.88264],[-78.51306,35.88284],[-78.51297,35.88291],[-78.5129,35.88291],[-78.51325,35.88258],[-78.51382,35.8824],[-78.51472,35.88141],[-78.51499,35.8816]]],[[[-78.50819,35.88413],[-78.50796,35.8844],[-78.50778,35.88431],[-78.50807,35.88364],[-78.50868,35.88336],[-78.51001,35.88303],[-78.51094,35.88302],[-78.51169,35.88272],[-78.51206,35.8827],[-78.51227,35.88277],[-78.51168,35.88281],[-78.51094,35.88304],[-78.50974,35.88332],[-78.50827,35.88366],[-78.50819,35.88413]]],[[[-78.5129,35.88291],[-78.51128,35.8834],[-78.51041,35.88337],[-78.51014,35.88362],[-78.50947,35.88343],[-78.5081,35.88442],[-78.50853,35.88375],[-78.50974,35.88332],[-78.5129,35.88291]]],[[[-78.52041,35.91029],[-78.5207,35.91063],[-78.52101,35.91074],[-78.52203,35.91038],[-78.52265,35.91037],[-78.52295,35.90996],[-78.52362,35.90994],[-78.52423,35.91035],[-78.52487,35.91012],[-78.52554,35.9101],[-78.52593,35.91028],[-78.52625,35.91006],[-78.52633,35.90961],[-78.5265,35.90925],[-78.52639,35.90993],[-78.52604,35.91031],[-78.52504,35.91017],[-78.52435,35.91046],[-78.52381,35.91011],[-78.52309,35.91009],[-78.5226,35.91045],[-78.52102,35.91084],[-78.52025,35.91071],[-78.51949,35.91096],[-78.51939,35.91098],[-78.51926,35.91098],[-78.5198,35.91014],[-78.52041,35.91029]]],[[[-78.52036,35.91099],[-78.52111,35.91107],[-78.52077,35.91121],[-78.52036,35.91099]]],[[[-78.51868,35.91113],[-78.51951,35.91119],[-78.5203,35.91101],[-78.51946,35.91133],[-78.51868,35.91113]]],[[[-78.51569,35.91168],[-78.51617,35.91145],[-78.51691,35.91078],[-78.51703,35.91029],[-78.5174,35.91068],[-78.51767,35.91065],[-78.51912,35.91095],[-78.51754,35.91095],[-78.51667,35.91126],[-78.51556,35.91195],[-78.51569,35.91168]]],[[[-78.5176,35.91125],[-78.51862,35.91113],[-78.51809,35.9113],[-78.5176,35.91125]]],[[[-78.51623,35.91206],[-78.51636,35.91232],[-78.5159,35.91227],[-78.51695,35.91152],[-78.51749,35.91129],[-78.5171,35.91177],[-78.51623,35.91206]]],[[[-78.51563,35.912],[-78.51532,35.91291],[-78.51525,35.91242],[-78.51554,35.91197],[-78.51563,35.912]]],[[[-78.51412,35.91397],[-78.51444,35.91368],[-78.51512,35.9138],[-78.51509,35.91385],[-78.51453,35.91416],[-78.51412,35.91397]]],[[[-78.51527,35.91325],[-78.51531,35.91347],[-78.51512,35.9138],[-78.51527,35.91325]]],[[[-78.51564,35.91354],[-78.51515,35.91431],[-78.51519,35.91468],[-78.51507,35.91485],[-78.51462,35.91487],[-78.51507,35.91464],[-78.51499,35.91425],[-78.51478,35.91421],[-78.51551,35.91365],[-78.51559,35.91334],[-78.51564,35.91354]]],[[[-78.51403,35.91401],[-78.51341,35.91414],[-78.51291,35.91487],[-78.5134,35.91384],[-78.51403,35.91401]]],[[[-78.51374,35.91527],[-78.51432,35.9151],[-78.5145,35.91496],[-78.51447,35.91531],[-78.51374,35.91527]]],[[[-78.49335,35.723],[-78.49352,35.7231],[-78.49392,35.72306],[-78.49427,35.72284],[-78.49473,35.72307],[-78.49502,35.72289],[-78.49526,35.7235],[-78.49593,35.72372],[-78.49622,35.72431],[-78.49484,35.72443],[-78.49429,35.72419],[-78.49408,35.72434],[-78.49408,35.72461],[-78.49346,35.72448],[-78.49343,35.72466],[-78.49451,35.72501],[-78.49682,35.72513],[-78.49723,35.72503],[-78.49727,35.72478],[-78.49713,35.72459],[-78.49675,35.72459],[-78.49694,35.72421],[-78.49681,35.72375],[-78.49702,35.72311],[-78.49702,35.72339],[-78.49719,35.72337],[-78.49745,35.72397],[-78.49799,35.72391],[-78.49875,35.72455],[-78.49913,35.72455],[-78.49926,35.72479],[-78.49985,35.72472],[-78.50043,35.72444],[-78.50059,35.7245],[-78.50061,35.72435],[-78.5011,35.72428],[-78.5013,35.72343],[-78.50088,35.72312],[-78.50126,35.7229],[-78.50129,35.72182],[-78.50265,35.72257],[-78.50272,35.723],[-78.50319,35.72378],[-78.50388,35.72336],[-78.50462,35.72384],[-78.50655,35.72356],[-78.50737,35.72386],[-78.50803,35.72345],[-78.50818,35.72352],[-78.50799,35.72357],[-78.50767,35.72408],[-78.50843,35.72505],[-78.50977,35.72561],[-78.51041,35.72526],[-78.51126,35.72571],[-78.51184,35.72507],[-78.51184,35.72593],[-78.51271,35.72627],[-78.51332,35.72624],[-78.51365,35.72553],[-78.51363,35.72514],[-78.51399,35.7246],[-78.51411,35.72471],[-78.51378,35.72595],[-78.51388,35.72653],[-78.50916,35.72554],[-78.50508,35.72444],[-78.50301,35.72416],[-78.50144,35.72429],[-78.49981,35.72491],[-78.49781,35.72524],[-78.49587,35.72532],[-78.49345,35.72506],[-78.49068,35.72395],[-78.49084,35.72304],[-78.4928,35.72311],[-78.49335,35.723]]],[[[-78.50103,35.72029],[-78.50152,35.72075],[-78.50197,35.72087],[-78.50245,35.7198],[-78.50242,35.71948],[-78.50263,35.7195],[-78.50354,35.71887],[-78.5037,35.71824],[-78.5039,35.71874],[-78.50418,35.71889],[-78.50458,35.71887],[-78.50489,35.7192],[-78.50554,35.7189],[-78.50574,35.71846],[-78.50565,35.71798],[-78.50596,35.7176],[-78.50581,35.71739],[-78.50591,35.71705],[-78.50627,35.71673],[-78.50669,35.71677],[-78.50727,35.71656],[-78.50727,35.71581],[-78.50744,35.71601],[-78.50748,35.71634],[-78.50731,35.71643],[-78.50755,35.71713],[-78.50757,35.71692],[-78.50766,35.71707],[-78.50801,35.71707],[-78.5092,35.71667],[-78.50968,35.7167],[-78.50829,35.71703],[-78.5083,35.71718],[-78.50785,35.71736],[-78.50779,35.71787],[-78.50761,35.71758],[-78.50703,35.71776],[-78.50559,35.72062],[-78.50412,35.72116],[-78.50396,35.72148],[-78.50394,35.72225],[-78.50314,35.72236],[-78.50159,35.72148],[-78.50103,35.72029]]],[[[-78.4958,35.72668],[-78.50236,35.72646],[-78.50862,35.72692],[-78.51244,35.72701],[-78.51306,35.72715],[-78.51283,35.72717],[-78.51136,35.7284],[-78.51082,35.72866],[-78.51027,35.72867],[-78.50848,35.72821],[-78.50756,35.72812],[-78.5074,35.72795],[-78.50603,35.72752],[-78.50386,35.72732],[-78.50316,35.72742],[-78.50327,35.72781],[-78.50305,35.7282],[-78.50156,35.72812],[-78.5019,35.72799],[-78.50193,35.72747],[-78.50128,35.72741],[-78.50017,35.72692],[-78.49801,35.72695],[-78.4977,35.7272],[-78.49765,35.72763],[-78.49738,35.72781],[-78.49724,35.72777],[-78.49722,35.72732],[-78.4969,35.72742],[-78.49643,35.72733],[-78.49602,35.72759],[-78.49555,35.72762],[-78.49545,35.7278],[-78.4955,35.72768],[-78.49386,35.72735],[-78.49326,35.72705],[-78.49259,35.72745],[-78.49269,35.7272],[-78.49243,35.72705],[-78.49277,35.72654],[-78.49094,35.72596],[-78.49092,35.72584],[-78.49284,35.72632],[-78.4958,35.72668]]],[[[-78.5051,35.74306],[-78.5051,35.74277],[-78.50523,35.74291],[-78.5051,35.74306]]],[[[-78.50158,35.74323],[-78.50084,35.74363],[-78.49883,35.74404],[-78.49772,35.74397],[-78.49694,35.74495],[-78.49717,35.7441],[-78.49739,35.74397],[-78.49794,35.74377],[-78.49846,35.74396],[-78.49966,35.74356],[-78.50024,35.74371],[-78.50179,35.74303],[-78.50232,35.74224],[-78.50284,35.74221],[-78.50291,35.74226],[-78.50256,35.74229],[-78.50216,35.74272],[-78.50158,35.74323]]],[[[-78.49684,35.74508],[-78.4967,35.74508],[-78.49694,35.74495],[-78.49684,35.74508]]],[[[-78.49654,35.74509],[-78.49602,35.74485],[-78.49564,35.74487],[-78.49475,35.74504],[-78.49381,35.74545],[-78.49381,35.74533],[-78.49381,35.74522],[-78.49422,35.74496],[-78.49419,35.74484],[-78.4945,35.74486],[-78.49476,35.74468],[-78.49603,35.74466],[-78.4967,35.74508],[-78.49654,35.74509]]],[[[-78.49426,35.74551],[-78.49576,35.74519],[-78.49704,35.74527],[-78.49683,35.74535],[-78.49571,35.74531],[-78.49526,35.7455],[-78.49496,35.74542],[-78.49431,35.74555],[-78.49382,35.74595],[-78.4941,35.74561],[-78.49426,35.74551]]],[[[-78.49783,35.74421],[-78.49896,35.74436],[-78.49945,35.74422],[-78.50063,35.74397],[-78.50152,35.74362],[-78.50239,35.74296],[-78.50252,35.74292],[-78.5034,35.74314],[-78.50352,35.74355],[-78.504,35.74418],[-78.50482,35.74706],[-78.50679,35.75035],[-78.50643,35.75031],[-78.50558,35.74953],[-78.50555,35.74881],[-78.50513,35.74819],[-78.50512,35.74788],[-78.50462,35.747],[-78.50457,35.7463],[-78.50428,35.74586],[-78.50435,35.74543],[-78.50383,35.74463],[-78.50392,35.7442],[-78.50317,35.74395],[-78.50288,35.74311],[-78.50268,35.74298],[-78.50211,35.74319],[-78.5015,35.7439],[-78.50053,35.74422],[-78.49963,35.74419],[-78.49899,35.7444],[-78.49806,35.74425],[-78.49777,35.74433],[-78.49766,35.74483],[-78.49788,35.74512],[-78.49768,35.7455],[-78.49751,35.74509],[-78.49704,35.74527],[-78.49783,35.74421]]],[[[-78.5084,35.75796],[-78.50851,35.75636],[-78.50891,35.7541],[-78.5077,35.75094],[-78.50536,35.74669],[-78.50508,35.74508],[-78.50506,35.74353],[-78.50533,35.74464],[-78.50529,35.74483],[-78.50514,35.7448],[-78.50533,35.74488],[-78.50565,35.74568],[-78.50572,35.74639],[-78.50606,35.74666],[-78.5062,35.7466],[-78.50606,35.74693],[-78.50655,35.74792],[-78.50647,35.74827],[-78.50697,35.74873],[-78.5068,35.74887],[-78.50671,35.7488],[-78.50668,35.74897],[-78.50703,35.74899],[-78.50808,35.75009],[-78.50816,35.75048],[-78.50798,35.75076],[-78.50824,35.751],[-78.5081,35.75111],[-78.5086,35.75139],[-78.50851,35.75202],[-78.50868,35.75261],[-78.50865,35.75256],[-78.50854,35.75254],[-78.5089,35.7529],[-78.50884,35.75379],[-78.50932,35.75402],[-78.50927,35.75422],[-78.5091,35.75423],[-78.50934,35.75443],[-78.50888,35.75465],[-78.50892,35.75545],[-78.50866,35.75585],[-78.5086,35.75685],[-78.50894,35.7578],[-78.50873,35.75788],[-78.50854,35.75848],[-78.50816,35.7587],[-78.5081,35.7589],[-78.50865,35.75933],[-78.50883,35.7598],[-78.50856,35.76004],[-78.50862,35.76019],[-78.50831,35.76019],[-78.50804,35.75877],[-78.5084,35.75796]]],[[[-78.48526,35.82852],[-78.48413,35.82832],[-78.48291,35.82863],[-78.4828,35.82844],[-78.48176,35.82831],[-78.48128,35.82807],[-78.48106,35.82832],[-78.4803,35.82846],[-78.47871,35.82815],[-78.47822,35.82746],[-78.47839,35.82744],[-78.47906,35.82806],[-78.47991,35.82828],[-78.48039,35.82828],[-78.48089,35.82783],[-78.48196,35.82814],[-78.48293,35.82776],[-78.48355,35.82788],[-78.48428,35.82778],[-78.48475,35.82805],[-78.48615,35.82838],[-78.48676,35.82812],[-78.48757,35.82841],[-78.48772,35.82819],[-78.48803,35.82816],[-78.48909,35.82839],[-78.489,35.82869],[-78.48882,35.82872],[-78.48852,35.82863],[-78.48825,35.82828],[-78.48799,35.82825],[-78.4874,35.82859],[-78.48702,35.82829],[-78.48671,35.82825],[-78.48639,35.82856],[-78.4864,35.82886],[-78.48615,35.82894],[-78.48614,35.82912],[-78.48574,35.82946],[-78.48541,35.82921],[-78.4857,35.82837],[-78.48526,35.82852]]],[[[-78.48418,35.82746],[-78.48365,35.82762],[-78.48363,35.82746],[-78.48418,35.82746]]],[[[-78.48492,35.82764],[-78.48475,35.82758],[-78.48457,35.82745],[-78.48477,35.82756],[-78.48492,35.82764]]],[[[-78.48492,35.82764],[-78.4856,35.82751],[-78.48515,35.82763],[-78.48492,35.82764]]],[[[-78.48931,35.85204],[-78.49001,35.85296],[-78.49062,35.85305],[-78.49098,35.85285],[-78.49193,35.85384],[-78.49309,35.85417],[-78.49169,35.8541],[-78.49083,35.8535],[-78.48985,35.85316],[-78.4883,35.85196],[-78.48784,35.85189],[-78.48809,35.85171],[-78.48835,35.85195],[-78.48931,35.85204]]],[[[-78.49321,35.85363],[-78.4955,35.85304],[-78.49654,35.853],[-78.49689,35.85287],[-78.49689,35.85268],[-78.49713,35.85278],[-78.49707,35.85273],[-78.49713,35.85266],[-78.49726,35.85301],[-78.49711,35.85368],[-78.49775,35.85388],[-78.49814,35.85431],[-78.49794,35.85446],[-78.4972,35.85402],[-78.49571,35.85361],[-78.49446,35.85374],[-78.49311,35.85417],[-78.49309,35.85417],[-78.49321,35.85363]]],[[[-78.49163,35.85485],[-78.49035,35.85426],[-78.48922,35.85311],[-78.48768,35.85221],[-78.48777,35.85212],[-78.48822,35.85229],[-78.48988,35.85363],[-78.49154,35.85468],[-78.49214,35.85484],[-78.49163,35.85485]]],[[[-78.4978,35.85478],[-78.49784,35.85471],[-78.49799,35.85476],[-78.49781,35.85479],[-78.4978,35.85478]]],[[[-78.49659,35.85498],[-78.49638,35.85462],[-78.49551,35.85467],[-78.49499,35.85444],[-78.49758,35.85465],[-78.49774,35.85476],[-78.49715,35.85524],[-78.49659,35.85498]]],[[[-78.49399,35.85481],[-78.49384,35.85496],[-78.49449,35.85477],[-78.49439,35.85531],[-78.49416,35.85546],[-78.49352,35.85522],[-78.49343,35.855],[-78.49303,35.85509],[-78.49309,35.85498],[-78.49261,35.85482],[-78.49399,35.85481]]],[[[-78.49221,35.85481],[-78.49265,35.85489],[-78.49252,35.85504],[-78.49248,35.85491],[-78.49221,35.85481]]],[[[-78.49272,35.8796],[-78.49339,35.87963],[-78.49338,35.87981],[-78.49251,35.8796],[-78.49242,35.87936],[-78.49295,35.8786],[-78.49316,35.87839],[-78.49331,35.87828],[-78.49271,35.87922],[-78.49272,35.8796]]],[[[-78.49149,35.87975],[-78.49163,35.87961],[-78.49174,35.87935],[-78.49127,35.87851],[-78.49195,35.87823],[-78.49186,35.87942],[-78.49142,35.87986],[-78.49149,35.87975]]],[[[-78.48894,35.88274],[-78.48927,35.88218],[-78.49009,35.8824],[-78.48923,35.88249],[-78.48857,35.88358],[-78.48863,35.88293],[-78.48894,35.88274]]],[[[-78.48561,35.88443],[-78.48538,35.88439],[-78.48524,35.88425],[-78.48522,35.88423],[-78.48554,35.88432],[-78.48561,35.88443]]],[[[-78.48842,35.88383],[-78.48832,35.88464],[-78.48787,35.88482],[-78.48739,35.8844],[-78.48801,35.88463],[-78.48842,35.88383]]],[[[-78.4863,35.884],[-78.48588,35.88444],[-78.48588,35.88412],[-78.48609,35.8839],[-78.48739,35.8844],[-78.4863,35.884]]],[[[-78.489,35.88471],[-78.48893,35.88403],[-78.48972,35.8832],[-78.49017,35.88311],[-78.48948,35.88347],[-78.48896,35.88407],[-78.48931,35.88487],[-78.48917,35.88546],[-78.48932,35.88585],[-78.48916,35.88585],[-78.48927,35.88592],[-78.48911,35.88596],[-78.48906,35.88621],[-78.48863,35.88638],[-78.48847,35.88664],[-78.48768,35.88639],[-78.48703,35.88639],[-78.48844,35.88574],[-78.489,35.88471]]],[[[-78.49661,35.91183],[-78.49619,35.91164],[-78.49642,35.91152],[-78.49661,35.91183]]],[[[-78.48078,35.82769],[-78.48037,35.82798],[-78.47994,35.82801],[-78.47916,35.82789],[-78.47864,35.82746],[-78.47915,35.8275],[-78.47931,35.82768],[-78.48078,35.82769]]],[[[-78.48254,35.82777],[-78.4821,35.82794],[-78.4819,35.82796],[-78.48125,35.82775],[-78.48203,35.82794],[-78.48254,35.82777]]],[[[-78.46755,35.85369],[-78.46846,35.85394],[-78.46774,35.85356],[-78.4675,35.85227],[-78.46712,35.85175],[-78.46647,35.85128],[-78.46671,35.85093],[-78.46769,35.85111],[-78.46817,35.85135],[-78.46911,35.85261],[-78.4694,35.85361],[-78.46922,35.85399],[-78.46889,35.85412],[-78.46963,35.8544],[-78.46981,35.85481],[-78.46991,35.85471],[-78.47018,35.85512],[-78.47076,35.85512],[-78.47126,35.85494],[-78.4714,35.85432],[-78.47181,35.85416],[-78.47224,35.85451],[-78.47239,35.85507],[-78.47277,35.85539],[-78.4731,35.85542],[-78.47456,35.85527],[-78.4749,35.85486],[-78.47546,35.85543],[-78.47673,35.85569],[-78.47723,35.85558],[-78.47779,35.85468],[-78.47847,35.85494],[-78.47916,35.85481],[-78.47974,35.85488],[-78.48012,35.85425],[-78.48076,35.85385],[-78.48109,35.85332],[-78.48132,35.85331],[-78.48146,35.85313],[-78.48155,35.85263],[-78.48116,35.85227],[-78.48176,35.85198],[-78.48192,35.85166],[-78.48129,35.85018],[-78.48042,35.85021],[-78.47985,35.84981],[-78.47983,35.84946],[-78.48037,35.84918],[-78.4812,35.84959],[-78.4816,35.84958],[-78.48265,35.85075],[-78.48272,35.85107],[-78.48338,35.85153],[-78.4841,35.85142],[-78.4852,35.85037],[-78.48524,35.85122],[-78.48629,35.85238],[-78.48676,35.85206],[-78.48695,35.85114],[-78.48715,35.85115],[-78.48777,35.85171],[-78.48772,35.85186],[-78.48699,35.85196],[-78.48671,35.85257],[-78.48639,35.85265],[-78.48617,35.85256],[-78.4852,35.85139],[-78.48447,35.85137],[-78.48455,35.85157],[-78.48472,35.85155],[-78.48495,35.8516],[-78.48596,35.85292],[-78.48662,35.8532],[-78.48718,35.85306],[-78.48733,35.8522],[-78.48764,35.85208],[-78.48732,35.85231],[-78.48758,35.85311],[-78.48726,35.85371],[-78.4865,35.85385],[-78.48624,35.85338],[-78.48572,35.85311],[-78.48576,35.85298],[-78.4854,35.85271],[-78.48538,35.85227],[-78.48478,35.8516],[-78.48434,35.85233],[-78.48422,35.85316],[-78.48367,35.85345],[-78.48314,35.8535],[-78.48283,35.85329],[-78.48287,35.8531],[-78.48255,35.85298],[-78.48262,35.8528],[-78.48219,35.85279],[-78.48179,35.85431],[-78.48131,35.85463],[-78.48076,35.85472],[-78.48081,35.85521],[-78.48031,35.85533],[-78.47944,35.85527],[-78.47881,35.85497],[-78.47801,35.85512],[-78.47756,35.85604],[-78.4772,35.85621],[-78.47665,35.85594],[-78.47623,35.85597],[-78.4762,35.8558],[-78.4756,35.85589],[-78.4747,35.85566],[-78.47377,35.85573],[-78.473,35.85559],[-78.47262,35.85587],[-78.47258,35.85572],[-78.47211,35.85567],[-78.47192,35.85573],[-78.47155,35.85655],[-78.47047,35.85686],[-78.47038,35.85675],[-78.47126,35.85615],[-78.47111,35.8556],[-78.47094,35.85563],[-78.47069,35.85539],[-78.46981,35.8555],[-78.46858,35.85523],[-78.46759,35.85529],[-78.46708,35.85564],[-78.46675,35.85559],[-78.46656,35.85405],[-78.46749,35.85393],[-78.46755,35.85369]]]]}},{"type":"Feature","properties":{"step":3},"geometry":{"type":"MultiPolygon","coordinates":[[[[-78.8219,35.89061],[-78.82114,35.89076],[-78.82146,35.89041],[-78.82197,35.89022],[-78.82276,35.88961],[-78.82403,35.88913],[-78.82491,35.88848],[-78.82512,35.88888],[-78.82419,35.88946],[-78.82326,35.88958],[-78.8219,35.89061]]],[[[-78.82851,35.89703],[-78.82869,35.89633],[-78.82892,35.89645],[-78.82872,35.89691],[-78.8287,35.89825],[-78.82852,35.89821],[-78.82841,35.89756],[-78.82822,35.89748],[-78.8251,35.89882],[-78.82469,35.89882],[-78.82487,35.8985],[-78.8279,35.89709],[-78.82847,35.89576],[-78.82864,35.8962],[-78.82848,35.89648],[-78.82851,35.89703]]],[[[-78.78299,35.83948],[-78.78303,35.8402],[-78.78338,35.84049],[-78.78353,35.84083],[-78.78385,35.84107],[-78.78347,35.84084],[-78.78296,35.84017],[-78.78292,35.83943],[-78.78255,35.8391],[-78.78427,35.83682],[-78.78262,35.83903],[-78.78285,35.8392],[-78.78299,35.83948]]],[[[-78.78734,35.84004],[-78.78718,35.84019],[-78.78711,35.84015],[-78.78717,35.83978],[-78.78726,35.8401],[-78.78737,35.83976],[-78.78734,35.84004]]],[[[-78.78515,35.84106],[-78.7855,35.84109],[-78.78605,35.84125],[-78.78605,35.84115],[-78.78549,35.84084],[-78.78539,35.84069],[-78.78554,35.8406],[-78.78611,35.84054],[-78.78665,35.84027],[-78.78685,35.84029],[-78.78687,35.83984],[-78.78711,35.83962],[-78.78717,35.83964],[-78.78691,35.83984],[-78.78686,35.8404],[-78.78664,35.8403],[-78.78611,35.84057],[-78.78542,35.84069],[-78.78608,35.84115],[-78.78615,35.84136],[-78.78525,35.84109],[-78.78495,35.84126],[-78.78486,35.84158],[-78.78441,35.84136],[-78.78483,35.84153],[-78.78492,35.84124],[-78.78515,35.84106]]],[[[-78.78392,35.84109],[-78.78402,35.84115],[-78.78387,35.84108],[-78.78392,35.84109]]],[[[-78.78409,35.84118],[-78.78408,35.84119],[-78.78404,35.84117],[-78.78409,35.84118]]],[[[-78.78419,35.84123],[-78.78423,35.84126],[-78.78414,35.84122],[-78.78419,35.84123]]],[[[-78.78429,35.84129],[-78.78428,35.8413],[-78.78424,35.84128],[-78.78429,35.84129]]],[[[-78.7835,35.84167],[-78.78335,35.84174],[-78.78348,35.84164],[-78.78379,35.84181],[-78.7835,35.84167]]],[[[-78.78331,35.84179],[-78.78329,35.84179],[-78.78333,35.84175],[-78.78331,35.84179]]],[[[-78.78385,35.84184],[-78.78384,35.84185],[-78.7838,35.84182],[-78.78385,35.84184]]],[[[-78.78395,35.84189],[-78.78394,35.84191],[-78.7839,35.84188],[-78.78395,35.84189]]],[[[-78.78325,35.84198],[-78.78326,35.8419],[-78.78329,35.84185],[-78.78325,35.84198]]],[[[-78.78415,35.842],[-78.78422,35.84206],[-78.7841,35.84199],[-78.78415,35.842]]],[[[-78.78424,35.84207],[-78.78436,35.84211],[-78.78443,35.84217],[-78.78424,35.84207]]],[[[-78.78449,35.84219],[-78.78448,35.84221],[-78.78444,35.84218],[-78.78449,35.84219]]],[[[-78.78329,35.84227],[-78.78326,35.84218],[-78.78329,35.84212],[-78.78329,35.84227]]],[[[-78.78459,35.84225],[-78.78463,35.84228],[-78.78454,35.84224],[-78.78459,35.84225]]],[[[-78.7832,35.84243],[-78.78312,35.8424],[-78.78324,35.84241],[-78.78337,35.8424],[-78.7832,35.84243]]],[[[-78.78507,35.84289],[-78.78514,35.84307],[-78.78507,35.84315],[-78.78471,35.84262],[-78.78466,35.8423],[-78.78507,35.84289]]],[[[-78.78357,35.84274],[-78.78335,35.84282],[-78.7834,35.84274],[-78.78357,35.84274]]],[[[-78.78508,35.84326],[-78.78513,35.8433],[-78.78515,35.84334],[-78.78508,35.84326]]],[[[-78.78541,35.84351],[-78.78522,35.84342],[-78.7852,35.84338],[-78.78541,35.84351]]],[[[-78.78505,35.84343],[-78.78509,35.8434],[-78.78514,35.84343],[-78.78496,35.84361],[-78.78493,35.84364],[-78.78505,35.84343]]],[[[-78.78484,35.84377],[-78.78487,35.84368],[-78.78491,35.84365],[-78.78486,35.84379],[-78.78483,35.84384],[-78.78484,35.84377]]],[[[-78.78483,35.84391],[-78.78481,35.8439],[-78.78483,35.84386],[-78.78483,35.84391]]],[[[-78.7848,35.84417],[-78.78479,35.84427],[-78.78477,35.84431],[-78.7848,35.84417]]],[[[-78.78429,35.8435],[-78.78404,35.84369],[-78.78393,35.84371],[-78.78426,35.84341],[-78.78339,35.84293],[-78.78413,35.84322],[-78.78433,35.84342],[-78.78429,35.8435]]],[[[-78.78402,35.84385],[-78.78402,35.84406],[-78.78369,35.84467],[-78.78366,35.8449],[-78.78392,35.84522],[-78.7838,35.84573],[-78.784,35.84611],[-78.78389,35.84649],[-78.78367,35.84663],[-78.78388,35.84629],[-78.78365,35.84575],[-78.78378,35.84515],[-78.78358,35.8449],[-78.78366,35.8445],[-78.78399,35.84406],[-78.78398,35.84385],[-78.78383,35.84379],[-78.78393,35.84371],[-78.78402,35.84385]]],[[[-78.78477,35.84452],[-78.78472,35.8455],[-78.78463,35.84556],[-78.78477,35.84452]]],[[[-78.78465,35.84563],[-78.78463,35.84571],[-78.78463,35.84559],[-78.78465,35.84563]]],[[[-78.78463,35.84573],[-78.78469,35.8459],[-78.78466,35.84595],[-78.78463,35.84573]]],[[[-78.7794,35.92189],[-78.77987,35.92198],[-78.77955,35.92249],[-78.77954,35.92249],[-78.77867,35.92388],[-78.77847,35.92525],[-78.77814,35.92555],[-78.77798,35.92529],[-78.77799,35.92457],[-78.7772,35.92483],[-78.777,35.92464],[-78.77833,35.92365],[-78.77904,35.92239],[-78.7794,35.92189]]],[[[-78.72539,35.74491],[-78.72584,35.74507],[-78.72559,35.74547],[-78.72563,35.74656],[-78.72552,35.74624],[-78.72503,35.7461],[-78.72492,35.74527],[-78.72451,35.74515],[-78.72441,35.74482],[-78.72517,35.74475],[-78.72489,35.74503],[-78.72491,35.74524],[-78.72539,35.74491]]],[[[-78.69718,35.87227],[-78.6969,35.87223],[-78.69727,35.87223],[-78.69718,35.87227]]],[[[-78.68209,35.91159],[-78.68216,35.91146],[-78.68236,35.91188],[-78.68287,35.91187],[-78.68232,35.91194],[-78.6821,35.91182],[-78.68207,35.91207],[-78.68209,35.91159]]],[[[-78.68353,35.91186],[-78.68368,35.9119],[-78.68342,35.912],[-78.68312,35.9119],[-78.68353,35.91186]]],[[[-78.6778,35.91091],[-78.6782,35.91221],[-78.67796,35.91182],[-78.67768,35.9125],[-78.67777,35.91307],[-78.67762,35.91316],[-78.67795,35.91341],[-78.67771,35.91363],[-78.67737,35.91361],[-78.67783,35.91345],[-78.67754,35.91317],[-78.67743,35.91254],[-78.6778,35.91091]]],[[[-78.68424,35.91248],[-78.68441,35.91242],[-78.68431,35.91255],[-78.68392,35.91244],[-78.68325,35.91254],[-78.68285,35.91284],[-78.68259,35.91279],[-78.68251,35.91266],[-78.68293,35.91233],[-78.68355,35.91227],[-78.68424,35.91248]]],[[[-78.67915,35.91288],[-78.67938,35.91283],[-78.67937,35.91274],[-78.6796,35.91278],[-78.67912,35.91294],[-78.67899,35.91307],[-78.67915,35.91288]]],[[[-78.68093,35.91269],[-78.68079,35.91263],[-78.6811,35.91257],[-78.68126,35.91263],[-78.6803,35.91301],[-78.67989,35.91342],[-78.67944,35.91358],[-78.67955,35.91363],[-78.67906,35.91377],[-78.6793,35.91346],[-78.6799,35.91321],[-78.68011,35.91296],[-78.68093,35.91269]]],[[[-78.70964,35.91446],[-78.70869,35.91464],[-78.70912,35.91452],[-78.70991,35.91343],[-78.71034,35.91328],[-78.71097,35.91332],[-78.71034,35.91345],[-78.70969,35.9138],[-78.70928,35.91449],[-78.70964,35.91446]]],[[[-78.70997,35.91438],[-78.7113,35.91394],[-78.71134,35.91403],[-78.70997,35.91438]]],[[[-78.70144,35.9182],[-78.70154,35.91789],[-78.70177,35.91809],[-78.70157,35.9183],[-78.70144,35.9182]]],[[[-78.69749,35.91984],[-78.69766,35.9198],[-78.69758,35.91951],[-78.6972,35.91926],[-78.6977,35.91955],[-78.69765,35.92],[-78.69749,35.91984]]],[[[-78.67666,35.91942],[-78.67609,35.91953],[-78.67642,35.91932],[-78.67666,35.91942]]],[[[-78.67599,35.91955],[-78.67603,35.91952],[-78.67606,35.91954],[-78.67599,35.91955]]],[[[-78.67674,35.91939],[-78.6767,35.9194],[-78.67672,35.91936],[-78.67676,35.91939],[-78.67674,35.91939]]],[[[-78.69252,35.92084],[-78.69188,35.92102],[-78.6916,35.92123],[-78.69165,35.92113],[-78.69186,35.92099],[-78.69252,35.92084]]],[[[-78.6925,35.92072],[-78.69271,35.92065],[-78.69257,35.92054],[-78.69264,35.92035],[-78.69278,35.92042],[-78.69305,35.92025],[-78.69311,35.92025],[-78.69279,35.92046],[-78.69267,35.92039],[-78.69273,35.92064],[-78.69265,35.92081],[-78.69252,35.92084],[-78.6925,35.92072]]],[[[-78.6917,35.92144],[-78.69131,35.92151],[-78.69165,35.92143],[-78.69159,35.92127],[-78.6916,35.92123],[-78.6917,35.92144]]],[[[-78.64402,35.71649],[-78.644,35.7165],[-78.64399,35.71649],[-78.64402,35.71649]]],[[[-78.64426,35.78858],[-78.64412,35.78877],[-78.64433,35.78888],[-78.64366,35.78886],[-78.64376,35.7888],[-78.64351,35.78868],[-78.64383,35.78837],[-78.64426,35.78858]]],[[[-78.633,35.87622],[-78.63317,35.87594],[-78.63416,35.87537],[-78.63404,35.87517],[-78.63369,35.87507],[-78.63284,35.87534],[-78.63319,35.87508],[-78.63423,35.87492],[-78.63449,35.87534],[-78.63372,35.87589],[-78.63318,35.876],[-78.633,35.87622]]],[[[-78.60277,35.72618],[-78.603,35.72574],[-78.60309,35.72616],[-78.60294,35.72608],[-78.60277,35.72618]]],[[[-78.59459,35.72742],[-78.59464,35.72752],[-78.59481,35.7274],[-78.59463,35.7277],[-78.59442,35.72766],[-78.59459,35.72742]]],[[[-78.59728,35.72858],[-78.59719,35.72872],[-78.59685,35.72853],[-78.59672,35.72867],[-78.59629,35.72854],[-78.59612,35.72833],[-78.59579,35.72832],[-78.59614,35.72827],[-78.59654,35.72853],[-78.59714,35.72839],[-78.59728,35.72858]]],[[[-78.61624,35.91887],[-78.6162,35.91904],[-78.61619,35.91894],[-78.61624,35.91887]]],[[[-78.61596,35.91981],[-78.61582,35.91997],[-78.61597,35.91977],[-78.61596,35.91981]]],[[[-78.61386,35.92147],[-78.61428,35.92164],[-78.61493,35.92123],[-78.61492,35.92125],[-78.61426,35.92166],[-78.61389,35.9215],[-78.61379,35.92158],[-78.6138,35.92156],[-78.61386,35.92147]]],[[[-78.61525,35.92047],[-78.61547,35.92018],[-78.61541,35.91996],[-78.6156,35.91994],[-78.61579,35.91999],[-78.61544,35.92002],[-78.61551,35.92018],[-78.61493,35.92123],[-78.61525,35.92047]]],[[[-78.61339,35.92306],[-78.61319,35.92279],[-78.61283,35.92268],[-78.61321,35.92278],[-78.61339,35.92298],[-78.61347,35.92294],[-78.61372,35.92251],[-78.61365,35.92229],[-78.61381,35.92226],[-78.61374,35.92257],[-78.6135,35.923],[-78.61339,35.92306]]],[[[-78.61247,35.92287],[-78.61204,35.92382],[-78.61188,35.92399],[-78.60963,35.9239],[-78.60879,35.92413],[-78.60849,35.924],[-78.60848,35.92399],[-78.60877,35.92407],[-78.60984,35.92383],[-78.61191,35.92393],[-78.61243,35.92287],[-78.6128,35.92267],[-78.61283,35.92268],[-78.61247,35.92287]]],[[[-78.60857,35.92427],[-78.60833,35.92479],[-78.60867,35.92496],[-78.60869,35.92545],[-78.60788,35.92589],[-78.60784,35.92622],[-78.60761,35.92643],[-78.60782,35.92588],[-78.60846,35.92535],[-78.60822,35.92469],[-78.60853,35.92425],[-78.60849,35.924],[-78.60857,35.92427]]],[[[-78.61388,35.92166],[-78.61394,35.92176],[-78.61381,35.92226],[-78.61388,35.92166]]],[[[-78.6127,35.92423],[-78.61296,35.92385],[-78.61298,35.92391],[-78.61288,35.92409],[-78.6127,35.92423]]],[[[-78.61113,35.92522],[-78.61125,35.92475],[-78.61174,35.92456],[-78.6121,35.9246],[-78.6126,35.92431],[-78.61203,35.92469],[-78.61169,35.92464],[-78.61128,35.92481],[-78.61113,35.92522]]],[[[-78.59635,35.93109],[-78.59668,35.93225],[-78.59535,35.9323],[-78.5957,35.93235],[-78.5961,35.9328],[-78.59625,35.93276],[-78.5966,35.93299],[-78.5966,35.93325],[-78.59617,35.93332],[-78.59651,35.93318],[-78.59652,35.93303],[-78.59607,35.93282],[-78.59565,35.93239],[-78.5952,35.93242],[-78.59511,35.93222],[-78.5963,35.93223],[-78.59645,35.93204],[-78.59619,35.9311],[-78.59578,35.9308],[-78.59557,35.93031],[-78.59558,35.92998],[-78.59578,35.93008],[-78.59586,35.93077],[-78.59608,35.9308],[-78.59635,35.93109]]],[[[-78.59649,35.93356],[-78.59645,35.93365],[-78.59606,35.93336],[-78.59617,35.93332],[-78.59649,35.93356]]],[[[-78.59511,35.93434],[-78.59526,35.93454],[-78.59503,35.93464],[-78.59502,35.93426],[-78.59534,35.93408],[-78.59519,35.93379],[-78.59632,35.93387],[-78.59531,35.93389],[-78.59543,35.93411],[-78.59511,35.93434]]],[[[-78.59209,35.93441],[-78.59188,35.93453],[-78.59181,35.93478],[-78.59096,35.93605],[-78.59155,35.93599],[-78.59162,35.9356],[-78.5919,35.93549],[-78.59231,35.93584],[-78.59287,35.93558],[-78.59274,35.93617],[-78.59264,35.93597],[-78.59278,35.93572],[-78.59215,35.93599],[-78.59185,35.93556],[-78.5916,35.93605],[-78.59062,35.9363],[-78.59061,35.93611],[-78.59136,35.93537],[-78.59193,35.9344],[-78.59178,35.93418],[-78.5921,35.93354],[-78.59165,35.93258],[-78.59152,35.93268],[-78.5916,35.93293],[-78.59141,35.9327],[-78.59153,35.93231],[-78.59167,35.93231],[-78.5922,35.93354],[-78.59197,35.93416],[-78.59209,35.93441]]],[[[-78.58564,35.94767],[-78.58527,35.94739],[-78.58496,35.94737],[-78.58446,35.94801],[-78.58403,35.94806],[-78.58446,35.94781],[-78.58504,35.94717],[-78.58568,35.94752],[-78.58564,35.94767]]],[[[-78.5882,35.94344],[-78.58851,35.94291],[-78.58837,35.94248],[-78.58858,35.94176],[-78.58892,35.94151],[-78.5891,35.94191],[-78.58928,35.94196],[-78.58978,35.94157],[-78.59026,35.94154],[-78.59041,35.9419],[-78.59034,35.94264],[-78.59071,35.9429],[-78.59071,35.94307],[-78.59027,35.94269],[-78.59022,35.9416],[-78.58924,35.94204],[-78.58884,35.94171],[-78.58857,35.94205],[-78.5886,35.94289],[-78.58827,35.94347],[-78.58841,35.94381],[-78.58921,35.94431],[-78.58893,35.94449],[-78.5891,35.94435],[-78.58836,35.94389],[-78.5882,35.94344]]],[[[-78.5525,35.90433],[-78.55259,35.90451],[-78.5524,35.90448],[-78.55272,35.90493],[-78.55306,35.90501],[-78.55381,35.90558],[-78.55315,35.90552],[-78.55254,35.90507],[-78.55203,35.90394],[-78.5525,35.90433]]],[[[-78.56229,35.90767],[-78.56257,35.90755],[-78.56289,35.90794],[-78.56314,35.90798],[-78.56291,35.90805],[-78.56249,35.9079],[-78.56235,35.90814],[-78.56217,35.90755],[-78.56229,35.90767]]],[[[-78.56559,35.90855],[-78.56593,35.90845],[-78.56583,35.90828],[-78.56607,35.90835],[-78.56624,35.90818],[-78.56648,35.90865],[-78.56686,35.90887],[-78.56692,35.90915],[-78.56649,35.90875],[-78.56585,35.90872],[-78.56585,35.90885],[-78.56565,35.90883],[-78.56553,35.90857],[-78.5647,35.90847],[-78.56436,35.90806],[-78.5635,35.908],[-78.56355,35.90788],[-78.56392,35.90785],[-78.56482,35.90826],[-78.56523,35.90821],[-78.56559,35.90855]]],[[[-78.56774,35.91111],[-78.56807,35.91186],[-78.56802,35.91197],[-78.56778,35.91135],[-78.56727,35.91123],[-78.56728,35.91003],[-78.56748,35.91067],[-78.56731,35.91118],[-78.56747,35.91092],[-78.56774,35.91111]]],[[[-78.55443,35.91091],[-78.55441,35.91055],[-78.55479,35.90973],[-78.55589,35.90995],[-78.55562,35.91102],[-78.55629,35.91132],[-78.55615,35.91137],[-78.5563,35.9114],[-78.55641,35.91198],[-78.55666,35.91198],[-78.55675,35.91182],[-78.55673,35.91191],[-78.55655,35.91215],[-78.55632,35.91213],[-78.55607,35.91142],[-78.55586,35.91127],[-78.55576,35.91145],[-78.55549,35.9115],[-78.55518,35.91132],[-78.55507,35.91107],[-78.55453,35.91133],[-78.5544,35.91119],[-78.55429,35.9114],[-78.55406,35.9114],[-78.55405,35.9112],[-78.55393,35.91139],[-78.55367,35.91135],[-78.55368,35.91092],[-78.55351,35.91099],[-78.55338,35.91085],[-78.55358,35.91057],[-78.55352,35.91073],[-78.55384,35.91084],[-78.55381,35.9113],[-78.55412,35.91092],[-78.55443,35.91091]]],[[[-78.56931,35.91268],[-78.56919,35.91297],[-78.56891,35.9128],[-78.56911,35.9128],[-78.56901,35.91265],[-78.56917,35.91266],[-78.56877,35.91206],[-78.56838,35.91226],[-78.56819,35.91221],[-78.56918,35.91173],[-78.56909,35.91236],[-78.56931,35.91268]]],[[[-78.55732,35.91252],[-78.55747,35.91256],[-78.55737,35.91264],[-78.55711,35.9125],[-78.5572,35.91209],[-78.55732,35.91252]]],[[[-78.55788,35.91232],[-78.55824,35.91316],[-78.5579,35.91262],[-78.55762,35.91242],[-78.55788,35.91232]]],[[[-78.56902,35.91294],[-78.56968,35.91398],[-78.56932,35.914],[-78.56914,35.91376],[-78.56813,35.91344],[-78.56755,35.91291],[-78.56782,35.91301],[-78.56804,35.91292],[-78.56815,35.91329],[-78.56911,35.9135],[-78.56887,35.91306],[-78.56902,35.91294]]],[[[-78.56509,35.91402],[-78.56431,35.91419],[-78.56481,35.91404],[-78.56534,35.91378],[-78.56509,35.91402]]],[[[-78.55746,35.91563],[-78.55695,35.91616],[-78.55695,35.91668],[-78.55668,35.91691],[-78.55677,35.91738],[-78.55668,35.91816],[-78.55651,35.91853],[-78.55647,35.91823],[-78.55662,35.9181],[-78.55664,35.91663],[-78.55668,35.91673],[-78.55681,35.91661],[-78.55669,35.9166],[-78.55681,35.91633],[-78.55771,35.91492],[-78.55799,35.91497],[-78.55791,35.9151],[-78.55831,35.91496],[-78.55827,35.91459],[-78.55787,35.91476],[-78.55794,35.91485],[-78.5578,35.91486],[-78.55775,35.91469],[-78.55817,35.91419],[-78.55835,35.91426],[-78.5582,35.91438],[-78.55839,35.91469],[-78.55837,35.91492],[-78.55809,35.9152],[-78.55782,35.91514],[-78.55753,35.91535],[-78.55746,35.91563]]],[[[-78.55659,35.91879],[-78.5563,35.91942],[-78.55653,35.91868],[-78.55651,35.91853],[-78.55659,35.91879]]],[[[-78.56112,35.91931],[-78.56104,35.91936],[-78.56145,35.91854],[-78.56138,35.9181],[-78.56175,35.917],[-78.56163,35.91655],[-78.56208,35.91603],[-78.56223,35.91546],[-78.56214,35.91614],[-78.56186,35.91659],[-78.56154,35.91849],[-78.56112,35.91931]]],[[[-78.55901,35.91992],[-78.55921,35.9199],[-78.55909,35.91935],[-78.55935,35.91934],[-78.55964,35.91908],[-78.55939,35.91898],[-78.55941,35.91882],[-78.56005,35.91808],[-78.55998,35.91901],[-78.55986,35.9186],[-78.55974,35.91939],[-78.55932,35.91956],[-78.55932,35.91991],[-78.5589,35.92022],[-78.55901,35.91992]]],[[[-78.56206,35.92034],[-78.56076,35.92019],[-78.56181,35.92003],[-78.56169,35.91988],[-78.56183,35.91991],[-78.56206,35.92034]]],[[[-78.55858,35.92938],[-78.55859,35.92962],[-78.55844,35.92962],[-78.55854,35.92955],[-78.55828,35.92922],[-78.55723,35.92875],[-78.55791,35.92884],[-78.55826,35.92903],[-78.55858,35.92938]]],[[[-78.55876,35.93042],[-78.55856,35.93031],[-78.55883,35.93029],[-78.55893,35.92987],[-78.55915,35.92984],[-78.55929,35.92996],[-78.55914,35.93052],[-78.55901,35.93023],[-78.55876,35.93042]]],[[[-78.5659,35.93352],[-78.56531,35.93328],[-78.56568,35.93316],[-78.5659,35.93352]]],[[[-78.55871,35.93376],[-78.55858,35.93362],[-78.55904,35.93378],[-78.55899,35.93393],[-78.55871,35.93376]]],[[[-78.56281,35.93437],[-78.56312,35.9344],[-78.56283,35.93446],[-78.56303,35.93454],[-78.56281,35.93464],[-78.56246,35.93459],[-78.56281,35.93437]]],[[[-78.55957,35.93444],[-78.55981,35.93444],[-78.55974,35.9347],[-78.55939,35.93452],[-78.55949,35.93426],[-78.55957,35.93444]]],[[[-78.56169,35.93466],[-78.56175,35.93482],[-78.56105,35.93451],[-78.56194,35.93454],[-78.56169,35.93466]]],[[[-78.56345,35.93487],[-78.56322,35.93497],[-78.56287,35.93474],[-78.56333,35.93467],[-78.56323,35.93487],[-78.56345,35.93487]]],[[[-78.56757,35.9377],[-78.56736,35.93721],[-78.56723,35.93721],[-78.56726,35.93683],[-78.56745,35.93735],[-78.56776,35.93734],[-78.56772,35.93757],[-78.56752,35.93746],[-78.56757,35.9377]]],[[[-78.57102,35.9388],[-78.57084,35.93912],[-78.57047,35.9386],[-78.57018,35.93853],[-78.57032,35.93854],[-78.57024,35.93817],[-78.57029,35.93807],[-78.57033,35.93842],[-78.57073,35.9387],[-78.57085,35.939],[-78.57091,35.93867],[-78.57102,35.9388]]],[[[-78.57366,35.9389],[-78.57454,35.93976],[-78.57332,35.93889],[-78.57366,35.9389]]],[[[-78.58004,35.94187],[-78.57978,35.94185],[-78.5797,35.94163],[-78.57951,35.94162],[-78.57941,35.94154],[-78.57961,35.94141],[-78.5796,35.94155],[-78.57996,35.94149],[-78.58014,35.94171],[-78.57996,35.9418],[-78.58024,35.94175],[-78.58039,35.94216],[-78.58005,35.94208],[-78.58004,35.94187]]],[[[-78.58,35.95303],[-78.58049,35.95374],[-78.58046,35.95323],[-78.58107,35.9527],[-78.58095,35.95203],[-78.58024,35.95147],[-78.58043,35.95103],[-78.58033,35.95066],[-78.57994,35.95054],[-78.57948,35.95096],[-78.57892,35.95085],[-78.5796,35.95083],[-78.57987,35.9505],[-78.58014,35.95047],[-78.58043,35.95058],[-78.58057,35.95085],[-78.58034,35.9515],[-78.58103,35.95195],[-78.58114,35.95284],[-78.58054,35.95329],[-78.58071,35.95366],[-78.58063,35.95389],[-78.58019,35.95361],[-78.58006,35.95316],[-78.57984,35.953],[-78.57942,35.95327],[-78.57905,35.95304],[-78.57912,35.95318],[-78.57875,35.95316],[-78.57897,35.95298],[-78.5795,35.95312],[-78.5798,35.95296],[-78.58,35.95303]]],[[[-78.57725,35.95324],[-78.57716,35.95334],[-78.57743,35.95382],[-78.57663,35.95302],[-78.57725,35.95324]]],[[[-78.5798,35.95594],[-78.58017,35.95581],[-78.57992,35.95591],[-78.57952,35.95637],[-78.5798,35.95594]]],[[[-78.57407,35.96033],[-78.57447,35.96022],[-78.57457,35.96058],[-78.57486,35.96068],[-78.57479,35.96083],[-78.57437,35.96063],[-78.5744,35.96028],[-78.57412,35.96037],[-78.57409,35.96063],[-78.5739,35.96077],[-78.57334,35.96077],[-78.57374,35.96007],[-78.57324,35.9595],[-78.57371,35.9595],[-78.5738,35.96073],[-78.57403,35.9606],[-78.57407,35.96033]]],[[[-78.55567,35.97839],[-78.55585,35.97841],[-78.55582,35.97871],[-78.55572,35.97873],[-78.55567,35.97839]]],[[[-78.56064,35.97903],[-78.56089,35.97908],[-78.56097,35.97895],[-78.5609,35.97912],[-78.56077,35.97912],[-78.56068,35.97909],[-78.56064,35.97903]]],[[[-78.5559,35.97886],[-78.55606,35.97891],[-78.55607,35.97922],[-78.55628,35.97926],[-78.55598,35.97928],[-78.5559,35.97886]]],[[[-78.55959,35.97964],[-78.55961,35.97887],[-78.56006,35.9787],[-78.56048,35.97877],[-78.56048,35.97893],[-78.56009,35.97892],[-78.5597,35.97936],[-78.55973,35.97961],[-78.55959,35.97964]]],[[[-78.55909,35.97958],[-78.55923,35.9795],[-78.55924,35.97968],[-78.5588,35.97971],[-78.55872,35.97947],[-78.55882,35.97935],[-78.55909,35.97958]]],[[[-78.55753,35.97985],[-78.55745,35.97974],[-78.55773,35.97985],[-78.55753,35.97985]]],[[[-78.55774,35.97975],[-78.55786,35.97984],[-78.55774,35.97985],[-78.55774,35.97975]]],[[[-78.5571,35.70423],[-78.55722,35.70464],[-78.55683,35.70442],[-78.55678,35.70422],[-78.5571,35.70423]]],[[[-78.53325,35.74971],[-78.53297,35.74946],[-78.53293,35.74902],[-78.53317,35.7488],[-78.53335,35.7489],[-78.53325,35.74971]]],[[[-78.53333,35.75134],[-78.53293,35.75146],[-78.5328,35.75172],[-78.53278,35.75141],[-78.53327,35.75123],[-78.53333,35.75134]]],[[[-78.5335,35.7536],[-78.53441,35.75398],[-78.53452,35.75428],[-78.53389,35.75438],[-78.53416,35.75454],[-78.53383,35.75463],[-78.53286,35.75458],[-78.53282,35.75441],[-78.5339,35.75425],[-78.53432,35.75403],[-78.53373,35.75387],[-78.5335,35.7536]]],[[[-78.52807,35.75197],[-78.52762,35.75211],[-78.52814,35.75213],[-78.52877,35.7523],[-78.52916,35.75252],[-78.5292,35.75279],[-78.52945,35.75281],[-78.53036,35.75341],[-78.5302,35.75445],[-78.53149,35.75449],[-78.5315,35.75467],[-78.53005,35.75467],[-78.53029,35.75494],[-78.53001,35.755],[-78.53015,35.75509],[-78.52993,35.75525],[-78.52946,35.75534],[-78.52968,35.75546],[-78.52925,35.75557],[-78.52889,35.75608],[-78.52938,35.7569],[-78.52955,35.75692],[-78.52941,35.75697],[-78.52973,35.75694],[-78.53059,35.75764],[-78.53205,35.75842],[-78.53213,35.75891],[-78.53133,35.75981],[-78.53137,35.76006],[-78.53099,35.7606],[-78.53105,35.76082],[-78.53118,35.76086],[-78.53117,35.76068],[-78.53266,35.75962],[-78.53284,35.75927],[-78.53384,35.75957],[-78.53428,35.75997],[-78.53442,35.7606],[-78.53501,35.76114],[-78.53488,35.76165],[-78.53547,35.7618],[-78.53545,35.76142],[-78.53559,35.76133],[-78.53642,35.76135],[-78.53677,35.76174],[-78.53842,35.76264],[-78.53862,35.76317],[-78.53846,35.76374],[-78.53849,35.76307],[-78.53823,35.7626],[-78.53707,35.76194],[-78.53663,35.76187],[-78.53633,35.76144],[-78.53576,35.76138],[-78.53555,35.76148],[-78.53564,35.76205],[-78.5351,35.76177],[-78.53451,35.76188],[-78.53495,35.76123],[-78.53435,35.76063],[-78.53422,35.76004],[-78.53379,35.75964],[-78.53284,35.75944],[-78.53273,35.75976],[-78.53197,35.7602],[-78.5313,35.76089],[-78.5309,35.76083],[-78.53113,35.75981],[-78.53197,35.75892],[-78.53196,35.75853],[-78.52961,35.75707],[-78.5287,35.75715],[-78.52885,35.75724],[-78.52738,35.7584],[-78.52776,35.75754],[-78.52772,35.75695],[-78.52792,35.75672],[-78.52852,35.75654],[-78.52824,35.75657],[-78.52827,35.75617],[-78.52873,35.75599],[-78.52916,35.75547],[-78.52997,35.75491],[-78.52989,35.75468],[-78.52966,35.75466],[-78.53018,35.75459],[-78.52979,35.75445],[-78.53018,35.75379],[-78.53004,35.75334],[-78.52945,35.75299],[-78.52912,35.75288],[-78.52901,35.75297],[-78.52899,35.75262],[-78.5285,35.75232],[-78.5279,35.75218],[-78.52754,35.75235],[-78.52754,35.75223],[-78.52708,35.75206],[-78.52705,35.75218],[-78.52664,35.75224],[-78.52639,35.75215],[-78.52635,35.75195],[-78.52655,35.75199],[-78.52651,35.75216],[-78.52689,35.752],[-78.52875,35.75177],[-78.52932,35.75187],[-78.52938,35.75204],[-78.52923,35.75192],[-78.5282,35.752],[-78.52831,35.75212],[-78.52807,35.75197]]],[[[-78.53921,35.76042],[-78.53942,35.76034],[-78.53979,35.75969],[-78.53985,35.759],[-78.54016,35.75894],[-78.54022,35.75876],[-78.54029,35.75902],[-78.54016,35.75902],[-78.54038,35.75963],[-78.54058,35.75914],[-78.54098,35.75979],[-78.54169,35.75952],[-78.54189,35.7595],[-78.54201,35.75965],[-78.54179,35.75967],[-78.5403,35.7611],[-78.54053,35.7606],[-78.54139,35.7598],[-78.54086,35.7599],[-78.54063,35.75958],[-78.54034,35.75975],[-78.54016,35.7592],[-78.53996,35.75944],[-78.53997,35.75987],[-78.53952,35.76045],[-78.53934,35.76052],[-78.53837,35.76026],[-78.53647,35.75932],[-78.53921,35.76042]]],[[[-78.53613,35.75915],[-78.53605,35.75876],[-78.53632,35.75835],[-78.53622,35.7575],[-78.53636,35.75759],[-78.53644,35.75831],[-78.53619,35.75889],[-78.53647,35.75932],[-78.53613,35.75915]]],[[[-78.54205,35.76419],[-78.54095,35.76442],[-78.54185,35.76413],[-78.54218,35.76376],[-78.54225,35.76302],[-78.54235,35.76362],[-78.54205,35.76419]]],[[[-78.53364,35.773],[-78.53378,35.77282],[-78.5338,35.77282],[-78.53358,35.77309],[-78.53312,35.77265],[-78.5324,35.77284],[-78.53222,35.7727],[-78.53236,35.7728],[-78.53286,35.7726],[-78.53323,35.7726],[-78.53364,35.773]]],[[[-78.53433,35.77263],[-78.53516,35.77274],[-78.53559,35.7724],[-78.53559,35.77227],[-78.53501,35.77211],[-78.53536,35.77137],[-78.53576,35.77096],[-78.53542,35.77057],[-78.53524,35.76985],[-78.53556,35.77019],[-78.5372,35.77058],[-78.53704,35.76986],[-78.53772,35.76803],[-78.53753,35.76631],[-78.53727,35.7657],[-78.53739,35.76531],[-78.53621,35.76504],[-78.53721,35.76442],[-78.53732,35.76409],[-78.53788,35.76411],[-78.53744,35.76416],[-78.53686,35.76486],[-78.53689,35.765],[-78.53718,35.76506],[-78.53772,35.7648],[-78.53761,35.76514],[-78.53784,35.76535],[-78.53744,35.76567],[-78.53763,35.76625],[-78.53768,35.76749],[-78.53791,35.76762],[-78.53724,35.76953],[-78.53732,35.77069],[-78.53638,35.77069],[-78.53565,35.77043],[-78.53601,35.77106],[-78.53556,35.77163],[-78.53601,35.77166],[-78.53617,35.77204],[-78.53553,35.77218],[-78.53564,35.77228],[-78.53563,35.7724],[-78.53514,35.77276],[-78.53405,35.77276],[-78.5338,35.77282],[-78.53433,35.77263]]],[[[-78.5481,35.773],[-78.54768,35.77219],[-78.5477,35.77208],[-78.54815,35.77171],[-78.54865,35.77153],[-78.54862,35.77136],[-78.54825,35.77116],[-78.54892,35.7709],[-78.54919,35.77055],[-78.55006,35.77027],[-78.55057,35.7697],[-78.5509,35.76961],[-78.55104,35.76975],[-78.55138,35.76975],[-78.55152,35.76965],[-78.55153,35.7695],[-78.55145,35.76968],[-78.55115,35.7697],[-78.5509,35.76951],[-78.55097,35.76936],[-78.55092,35.76892],[-78.55087,35.76917],[-78.55037,35.76925],[-78.54945,35.76962],[-78.54908,35.76966],[-78.54887,35.76982],[-78.54858,35.76995],[-78.54807,35.7701],[-78.54756,35.77064],[-78.54673,35.7709],[-78.54626,35.7713],[-78.54581,35.7709],[-78.54547,35.77034],[-78.5456,35.7696],[-78.54528,35.76902],[-78.54313,35.76791],[-78.54284,35.76726],[-78.54244,35.76713],[-78.54249,35.76646],[-78.54271,35.7665],[-78.54293,35.7663],[-78.54333,35.76641],[-78.54311,35.76604],[-78.54309,35.76547],[-78.54283,35.76575],[-78.54201,35.76599],[-78.54191,35.76617],[-78.54153,35.7661],[-78.54117,35.76632],[-78.54063,35.76564],[-78.5411,35.76598],[-78.54175,35.76598],[-78.54262,35.7657],[-78.54303,35.76505],[-78.54317,35.76513],[-78.54335,35.76596],[-78.54362,35.76615],[-78.54363,35.7666],[-78.54354,35.76676],[-78.54315,35.76652],[-78.54269,35.76659],[-78.54257,35.76697],[-78.54298,35.76727],[-78.54317,35.76783],[-78.5446,35.7686],[-78.54536,35.76885],[-78.54571,35.76962],[-78.5456,35.77036],[-78.54597,35.77096],[-78.54642,35.77099],[-78.54697,35.77076],[-78.54748,35.77045],[-78.54777,35.76993],[-78.54885,35.7698],[-78.54904,35.76964],[-78.5499,35.76941],[-78.5508,35.76893],[-78.55078,35.76879],[-78.55094,35.76891],[-78.55114,35.76968],[-78.55139,35.76964],[-78.55117,35.7689],[-78.55154,35.76859],[-78.5515,35.76816],[-78.55161,35.76853],[-78.55324,35.76878],[-78.55217,35.76888],[-78.55148,35.76974],[-78.55144,35.76975],[-78.55115,35.76978],[-78.55104,35.76978],[-78.55083,35.76969],[-78.55055,35.76984],[-78.55048,35.77019],[-78.54927,35.77062],[-78.54909,35.77092],[-78.54844,35.77117],[-78.54866,35.77136],[-78.54878,35.77154],[-78.54815,35.77175],[-78.54772,35.77216],[-78.54813,35.77297],[-78.5485,35.77328],[-78.54859,35.77366],[-78.54889,35.77389],[-78.54854,35.77367],[-78.54844,35.77336],[-78.5481,35.773]]],[[[-78.5421,35.76875],[-78.54263,35.76877],[-78.54302,35.76904],[-78.54336,35.76998],[-78.5449,35.7714],[-78.54505,35.77186],[-78.54469,35.77244],[-78.54465,35.773],[-78.54665,35.77333],[-78.54676,35.77337],[-78.54458,35.77301],[-78.54447,35.77263],[-78.54486,35.77209],[-78.5449,35.77157],[-78.54407,35.77068],[-78.54345,35.77028],[-78.54293,35.76906],[-78.54262,35.7689],[-78.54232,35.76922],[-78.54205,35.76917],[-78.54187,35.76892],[-78.54194,35.7684],[-78.54164,35.76808],[-78.54131,35.76806],[-78.54073,35.76859],[-78.54078,35.76833],[-78.5406,35.76811],[-78.54159,35.7679],[-78.54204,35.76816],[-78.5421,35.76875]]],[[[-78.54687,35.7734],[-78.54702,35.77358],[-78.54708,35.77369],[-78.54676,35.77337],[-78.54687,35.7734]]],[[[-78.53402,35.77298],[-78.53441,35.77296],[-78.53406,35.77323],[-78.53389,35.77338],[-78.53402,35.77298]]],[[[-78.52825,35.7757],[-78.52847,35.77617],[-78.52864,35.77596],[-78.52862,35.77541],[-78.52889,35.77503],[-78.52912,35.77486],[-78.5295,35.77496],[-78.53012,35.77434],[-78.53054,35.77461],[-78.53127,35.77471],[-78.53158,35.77464],[-78.53178,35.77455],[-78.53214,35.77447],[-78.53227,35.77441],[-78.5323,35.77442],[-78.5321,35.77452],[-78.53177,35.77459],[-78.53119,35.77492],[-78.53132,35.77486],[-78.53162,35.77507],[-78.5332,35.77462],[-78.53412,35.77469],[-78.53304,35.7748],[-78.53157,35.77526],[-78.53125,35.77525],[-78.53115,35.77502],[-78.53066,35.77523],[-78.53124,35.77481],[-78.53002,35.77537],[-78.53096,35.77481],[-78.53013,35.77446],[-78.52988,35.77474],[-78.52986,35.77532],[-78.52898,35.77569],[-78.52889,35.77591],[-78.5296,35.77563],[-78.52813,35.77641],[-78.52826,35.77628],[-78.52818,35.77594],[-78.52757,35.77587],[-78.5273,35.77603],[-78.52698,35.77664],[-78.52723,35.77597],[-78.52789,35.77559],[-78.52825,35.7757]]],[[[-78.5343,35.77455],[-78.5344,35.77381],[-78.53389,35.77392],[-78.53389,35.77389],[-78.53552,35.77325],[-78.53726,35.77297],[-78.53738,35.77309],[-78.53866,35.77317],[-78.53655,35.77311],[-78.53587,35.77324],[-78.5346,35.77386],[-78.53448,35.77458],[-78.53431,35.77467],[-78.53412,35.77469],[-78.5343,35.77455]]],[[[-78.54239,35.79183],[-78.54268,35.79082],[-78.54225,35.79009],[-78.54262,35.79008],[-78.54204,35.78985],[-78.54158,35.78912],[-78.54119,35.78917],[-78.54017,35.7891],[-78.54005,35.78899],[-78.54038,35.78809],[-78.5406,35.78811],[-78.54051,35.78786],[-78.54086,35.78759],[-78.54074,35.78728],[-78.54139,35.78723],[-78.54139,35.78709],[-78.5411,35.78692],[-78.5411,35.78642],[-78.54077,35.78663],[-78.54031,35.78666],[-78.53977,35.78603],[-78.53913,35.7856],[-78.53877,35.78545],[-78.53821,35.78547],[-78.53827,35.78435],[-78.53804,35.78381],[-78.53822,35.78341],[-78.53868,35.78297],[-78.5388,35.78227],[-78.53956,35.78235],[-78.53934,35.78202],[-78.539,35.78188],[-78.53885,35.78146],[-78.5386,35.78139],[-78.53844,35.78102],[-78.5387,35.78135],[-78.53893,35.78136],[-78.53917,35.78183],[-78.53995,35.78198],[-78.53961,35.78216],[-78.53962,35.78248],[-78.53883,35.78243],[-78.5388,35.78302],[-78.53825,35.78346],[-78.53814,35.7839],[-78.53841,35.7848],[-78.53825,35.78513],[-78.53832,35.78528],[-78.53896,35.78547],[-78.53993,35.78598],[-78.53999,35.78621],[-78.54041,35.78645],[-78.5409,35.7865],[-78.54136,35.7861],[-78.54134,35.78669],[-78.54177,35.78713],[-78.54211,35.7872],[-78.54101,35.78736],[-78.54073,35.78803],[-78.54011,35.78897],[-78.5411,35.78913],[-78.54152,35.78905],[-78.54173,35.78916],[-78.54223,35.7899],[-78.5426,35.78991],[-78.54294,35.79004],[-78.54248,35.7903],[-78.5427,35.79063],[-78.54278,35.79149],[-78.5425,35.79184],[-78.54088,35.79234],[-78.53955,35.79298],[-78.54077,35.79236],[-78.54159,35.79206],[-78.54239,35.79183]]],[[[-78.5383,35.78073],[-78.53857,35.77965],[-78.5389,35.77938],[-78.53967,35.77931],[-78.53936,35.77901],[-78.53924,35.77864],[-78.53924,35.77842],[-78.53943,35.77806],[-78.53933,35.77796],[-78.53935,35.77766],[-78.53949,35.77713],[-78.53975,35.77703],[-78.53961,35.77691],[-78.53993,35.7763],[-78.53996,35.77564],[-78.54055,35.77558],[-78.54086,35.77531],[-78.54011,35.77516],[-78.54003,35.77499],[-78.54015,35.77451],[-78.5406,35.77386],[-78.54162,35.77372],[-78.54156,35.77357],[-78.5405,35.77339],[-78.54072,35.77338],[-78.54172,35.77347],[-78.54207,35.77394],[-78.54142,35.77384],[-78.54067,35.77399],[-78.54012,35.77479],[-78.54021,35.77511],[-78.54161,35.77549],[-78.54156,35.77585],[-78.54031,35.77568],[-78.54001,35.77577],[-78.53996,35.77665],[-78.54021,35.77692],[-78.53996,35.77737],[-78.53965,35.77731],[-78.5397,35.77755],[-78.53948,35.77774],[-78.53941,35.77758],[-78.53937,35.77796],[-78.53951,35.77806],[-78.53931,35.77859],[-78.53975,35.77927],[-78.53946,35.77949],[-78.53956,35.7796],[-78.53985,35.7795],[-78.54044,35.77976],[-78.53982,35.77979],[-78.53956,35.77961],[-78.5386,35.77982],[-78.53844,35.78102],[-78.5383,35.78073]]],[[[-78.53692,35.7754],[-78.5365,35.77561],[-78.53669,35.77592],[-78.53621,35.7765],[-78.53511,35.77691],[-78.53585,35.7769],[-78.53604,35.777],[-78.53639,35.77817],[-78.53651,35.77894],[-78.53644,35.77921],[-78.53593,35.77957],[-78.53587,35.77981],[-78.53587,35.77962],[-78.53645,35.77897],[-78.53599,35.77707],[-78.53571,35.77695],[-78.53487,35.77705],[-78.5346,35.77674],[-78.5353,35.7768],[-78.53633,35.7763],[-78.53657,35.7759],[-78.53637,35.77545],[-78.537,35.77522],[-78.53724,35.77429],[-78.53712,35.77345],[-78.53666,35.77323],[-78.53743,35.77322],[-78.5373,35.77459],[-78.53714,35.77508],[-78.53692,35.7754]]],[[[-78.53627,35.78021],[-78.53577,35.78092],[-78.5362,35.78097],[-78.53627,35.78123],[-78.53517,35.78122],[-78.53555,35.78152],[-78.53485,35.78281],[-78.53479,35.78366],[-78.53496,35.78465],[-78.53473,35.78396],[-78.53478,35.78258],[-78.53535,35.78159],[-78.53532,35.78135],[-78.53516,35.78127],[-78.53517,35.78117],[-78.53616,35.78103],[-78.53557,35.78094],[-78.53586,35.78073],[-78.53592,35.78048],[-78.53598,35.78058],[-78.53611,35.78022],[-78.53596,35.7803],[-78.53612,35.78009],[-78.53587,35.78],[-78.53587,35.77981],[-78.53627,35.78021]]],[[[-78.53505,35.78519],[-78.5349,35.78525],[-78.53489,35.78554],[-78.53454,35.78597],[-78.53413,35.78619],[-78.53488,35.78636],[-78.53506,35.78662],[-78.53498,35.78712],[-78.53432,35.78778],[-78.5333,35.78801],[-78.5313,35.78735],[-78.53073,35.78739],[-78.53215,35.78783],[-78.5327,35.78838],[-78.53301,35.78856],[-78.53344,35.78854],[-78.53355,35.78868],[-78.53331,35.78881],[-78.53323,35.78914],[-78.5336,35.78906],[-78.53374,35.78936],[-78.53345,35.78948],[-78.53355,35.79009],[-78.53428,35.79178],[-78.53394,35.79243],[-78.53338,35.79284],[-78.53386,35.79263],[-78.53476,35.79266],[-78.53486,35.79287],[-78.53694,35.79362],[-78.53794,35.79353],[-78.53843,35.79359],[-78.53785,35.79358],[-78.53727,35.79378],[-78.53506,35.79297],[-78.53474,35.7931],[-78.53445,35.79302],[-78.53402,35.79266],[-78.5336,35.79276],[-78.533,35.79324],[-78.53279,35.79313],[-78.53391,35.79238],[-78.53421,35.79176],[-78.53345,35.79022],[-78.53347,35.78964],[-78.53306,35.78929],[-78.53321,35.78863],[-78.53271,35.78864],[-78.5323,35.78818],[-78.5312,35.78757],[-78.53077,35.7875],[-78.5305,35.78727],[-78.52994,35.78727],[-78.5301,35.78712],[-78.53133,35.78734],[-78.53332,35.78798],[-78.53428,35.78776],[-78.5349,35.78712],[-78.53495,35.78658],[-78.53477,35.7864],[-78.53379,35.7863],[-78.53371,35.78617],[-78.53442,35.786],[-78.53482,35.78556],[-78.53475,35.78527],[-78.53496,35.78465],[-78.53505,35.78519]]],[[[-78.53858,35.79521],[-78.53946,35.79468],[-78.53997,35.79485],[-78.54021,35.79521],[-78.54053,35.79593],[-78.54053,35.7962],[-78.54042,35.7966],[-78.53992,35.79762],[-78.53953,35.79784],[-78.53929,35.79784],[-78.53892,35.79771],[-78.53878,35.79799],[-78.53827,35.79813],[-78.53793,35.79858],[-78.53782,35.79926],[-78.53814,35.79956],[-78.53815,35.7997],[-78.53745,35.80047],[-78.5379,35.80082],[-78.53733,35.80053],[-78.53556,35.80052],[-78.5355,35.80069],[-78.53561,35.80099],[-78.53561,35.80124],[-78.53556,35.80155],[-78.53607,35.80157],[-78.53635,35.80186],[-78.53646,35.80166],[-78.53655,35.80176],[-78.53644,35.80231],[-78.53617,35.80265],[-78.53649,35.80285],[-78.53711,35.80422],[-78.53668,35.80502],[-78.53457,35.80685],[-78.53417,35.80699],[-78.53449,35.80737],[-78.53453,35.80787],[-78.53436,35.80821],[-78.53391,35.80862],[-78.53385,35.80894],[-78.53385,35.80864],[-78.53449,35.80775],[-78.53446,35.80749],[-78.53397,35.80719],[-78.53383,35.80688],[-78.53438,35.80678],[-78.53619,35.8052],[-78.53659,35.80501],[-78.53697,35.80445],[-78.53684,35.80368],[-78.53651,35.80306],[-78.53572,35.80286],[-78.53633,35.80216],[-78.53611,35.80224],[-78.5361,35.80212],[-78.53536,35.80195],[-78.53553,35.80145],[-78.53544,35.80136],[-78.53518,35.80169],[-78.53446,35.80127],[-78.53342,35.80177],[-78.53214,35.80154],[-78.53147,35.80173],[-78.53167,35.80151],[-78.53188,35.80151],[-78.53167,35.80117],[-78.53201,35.8011],[-78.53217,35.80076],[-78.53382,35.79996],[-78.53491,35.80005],[-78.53506,35.80025],[-78.53536,35.80015],[-78.53527,35.80055],[-78.53553,35.80136],[-78.53546,35.80067],[-78.5356,35.80034],[-78.53738,35.80033],[-78.53803,35.79975],[-78.53807,35.79958],[-78.53776,35.79932],[-78.53766,35.79904],[-78.53795,35.79839],[-78.5384,35.79791],[-78.53881,35.79785],[-78.53868,35.79765],[-78.53882,35.79759],[-78.53933,35.79781],[-78.53979,35.79767],[-78.54049,35.79619],[-78.54019,35.79525],[-78.53967,35.79478],[-78.5394,35.79476],[-78.53847,35.79539],[-78.53861,35.79483],[-78.53898,35.79462],[-78.53859,35.794],[-78.53871,35.79389],[-78.53907,35.79459],[-78.5387,35.79481],[-78.53858,35.79521]]],[[[-78.54248,35.79504],[-78.5427,35.79507],[-78.5434,35.79468],[-78.54356,35.79474],[-78.54376,35.79501],[-78.5431,35.79543],[-78.54323,35.7962],[-78.54363,35.79674],[-78.5438,35.79723],[-78.54412,35.79746],[-78.54421,35.7977],[-78.54472,35.79786],[-78.54506,35.79772],[-78.54509,35.79791],[-78.54526,35.79788],[-78.54502,35.79805],[-78.5451,35.79814],[-78.54473,35.7984],[-78.54541,35.79822],[-78.54525,35.7985],[-78.5446,35.79852],[-78.54312,35.79921],[-78.54153,35.7997],[-78.54112,35.79999],[-78.54083,35.80058],[-78.5406,35.80077],[-78.54003,35.80079],[-78.53942,35.80162],[-78.53912,35.8017],[-78.53887,35.80201],[-78.53902,35.80249],[-78.53927,35.80271],[-78.53912,35.80329],[-78.53976,35.80457],[-78.54059,35.80434],[-78.54085,35.80403],[-78.54159,35.80408],[-78.54171,35.80448],[-78.54223,35.8046],[-78.54217,35.80503],[-78.54199,35.80473],[-78.5416,35.80458],[-78.54151,35.80418],[-78.54007,35.80474],[-78.53958,35.80459],[-78.5391,35.80335],[-78.53911,35.80269],[-78.53881,35.80231],[-78.53881,35.80191],[-78.54,35.8007],[-78.54021,35.8006],[-78.54043,35.80072],[-78.54076,35.80055],[-78.54108,35.8],[-78.54169,35.7995],[-78.54229,35.79926],[-78.54223,35.79937],[-78.54305,35.79918],[-78.54279,35.79916],[-78.54501,35.79818],[-78.54487,35.79806],[-78.54506,35.79794],[-78.54421,35.79779],[-78.54374,35.79727],[-78.5435,35.79658],[-78.54302,35.79596],[-78.543,35.79541],[-78.5437,35.79503],[-78.54346,35.79474],[-78.54269,35.79512],[-78.5425,35.79511],[-78.54134,35.79435],[-78.5409,35.794],[-78.54064,35.79367],[-78.53984,35.79326],[-78.54071,35.79367],[-78.54113,35.79415],[-78.54248,35.79504]]],[[[-78.5424,35.80532],[-78.54376,35.80595],[-78.54355,35.80658],[-78.54388,35.80684],[-78.54426,35.80687],[-78.54463,35.80728],[-78.54431,35.80763],[-78.54288,35.80755],[-78.54269,35.80717],[-78.54154,35.80649],[-78.54104,35.806],[-78.54055,35.80627],[-78.53942,35.80626],[-78.53754,35.80765],[-78.53764,35.80858],[-78.53732,35.80966],[-78.5375,35.80991],[-78.53717,35.80983],[-78.53621,35.81052],[-78.53613,35.81054],[-78.53717,35.80965],[-78.53751,35.80889],[-78.53735,35.80804],[-78.5375,35.80759],[-78.53912,35.8063],[-78.53991,35.80585],[-78.54008,35.80602],[-78.54125,35.80587],[-78.54165,35.80622],[-78.54245,35.80649],[-78.54302,35.80722],[-78.54322,35.80715],[-78.5433,35.80731],[-78.54344,35.80716],[-78.5433,35.80706],[-78.54306,35.80716],[-78.54294,35.807],[-78.54309,35.80668],[-78.5429,35.80661],[-78.54332,35.80661],[-78.54319,35.80643],[-78.54326,35.8063],[-78.54353,35.80629],[-78.54363,35.80597],[-78.54239,35.80539],[-78.54217,35.80503],[-78.5424,35.80532]]],[[[-78.53508,35.81087],[-78.53479,35.81112],[-78.53475,35.81172],[-78.53525,35.81196],[-78.53534,35.81288],[-78.53523,35.81205],[-78.53473,35.81173],[-78.53474,35.81103],[-78.53503,35.81086],[-78.53613,35.81054],[-78.53508,35.81087]]],[[[-78.53239,35.80877],[-78.53238,35.80912],[-78.53214,35.80928],[-78.53278,35.80951],[-78.53159,35.80931],[-78.53229,35.80914],[-78.53235,35.80872],[-78.53285,35.80918],[-78.53366,35.80905],[-78.53295,35.80924],[-78.53271,35.80917],[-78.53239,35.80877]]],[[[-78.53292,35.81238],[-78.5321,35.81188],[-78.53173,35.81147],[-78.53167,35.81048],[-78.53176,35.81053],[-78.5319,35.8116],[-78.533,35.81239],[-78.53284,35.81263],[-78.53293,35.81312],[-78.53362,35.81361],[-78.53286,35.81314],[-78.53276,35.81279],[-78.53292,35.81238]]],[[[-78.53112,35.81034],[-78.53131,35.81023],[-78.53209,35.81006],[-78.53229,35.80989],[-78.53218,35.81008],[-78.53131,35.81028],[-78.53167,35.81048],[-78.53112,35.81034]]],[[[-78.53973,35.81531],[-78.53964,35.81508],[-78.53891,35.81521],[-78.53889,35.81503],[-78.53997,35.81503],[-78.54011,35.81514],[-78.53973,35.81531]]],[[[-78.53571,35.8152],[-78.53703,35.81633],[-78.53657,35.8162],[-78.53571,35.8152]]],[[[-78.53828,35.82173],[-78.53786,35.82162],[-78.53799,35.82127],[-78.53828,35.82173]]],[[[-78.54119,35.82313],[-78.54075,35.82388],[-78.54138,35.82256],[-78.54103,35.82193],[-78.54096,35.8223],[-78.54052,35.82249],[-78.54089,35.82194],[-78.54039,35.82166],[-78.54166,35.82203],[-78.54154,35.82259],[-78.54192,35.82289],[-78.54119,35.82313]]],[[[-78.53799,35.82331],[-78.53708,35.82348],[-78.53748,35.82328],[-78.53738,35.82339],[-78.53799,35.82331]]],[[[-78.54087,35.82957],[-78.54089,35.82936],[-78.54129,35.82936],[-78.54152,35.82918],[-78.54157,35.82929],[-78.54198,35.82924],[-78.54066,35.82818],[-78.54158,35.82831],[-78.54261,35.82891],[-78.5429,35.82886],[-78.54298,35.82838],[-78.54321,35.82826],[-78.54393,35.8283],[-78.54435,35.82804],[-78.54511,35.82818],[-78.54539,35.82803],[-78.54514,35.82788],[-78.54561,35.8279],[-78.5463,35.82766],[-78.54515,35.82774],[-78.545,35.82758],[-78.54467,35.82769],[-78.54363,35.82759],[-78.54268,35.82784],[-78.5422,35.8276],[-78.54046,35.8275],[-78.54035,35.82708],[-78.54055,35.82633],[-78.54047,35.8261],[-78.54002,35.8261],[-78.54035,35.82603],[-78.5407,35.82614],[-78.54042,35.82702],[-78.54064,35.82745],[-78.54202,35.82743],[-78.54263,35.82766],[-78.54344,35.82748],[-78.54448,35.82764],[-78.54502,35.82751],[-78.5456,35.82769],[-78.54627,35.82751],[-78.54648,35.82764],[-78.546,35.82777],[-78.54582,35.82819],[-78.54544,35.8283],[-78.54435,35.82811],[-78.54427,35.82831],[-78.54393,35.82839],[-78.54311,35.82832],[-78.54299,35.82885],[-78.54256,35.82902],[-78.54161,35.8284],[-78.54092,35.82831],[-78.54141,35.82867],[-78.54184,35.82875],[-78.54214,35.82929],[-78.54182,35.82944],[-78.54107,35.82947],[-78.54079,35.83001],[-78.54051,35.82989],[-78.53989,35.82895],[-78.53931,35.82943],[-78.53903,35.8295],[-78.53992,35.82882],[-78.54048,35.82937],[-78.5406,35.82974],[-78.54087,35.82957]]],[[[-78.5367,35.82857],[-78.53677,35.82867],[-78.53648,35.82864],[-78.53666,35.82899],[-78.53646,35.82915],[-78.53657,35.82899],[-78.53624,35.82859],[-78.5367,35.82857]]],[[[-78.53542,35.83012],[-78.53548,35.82992],[-78.53506,35.8297],[-78.53535,35.82932],[-78.53589,35.82951],[-78.53534,35.82964],[-78.5356,35.82994],[-78.53539,35.83022],[-78.53482,35.83045],[-78.53542,35.83012]]],[[[-78.53188,35.83068],[-78.53176,35.83086],[-78.5314,35.82989],[-78.53161,35.82974],[-78.53157,35.82911],[-78.5319,35.82902],[-78.5321,35.82929],[-78.53181,35.82919],[-78.53172,35.8299],[-78.53157,35.83],[-78.53188,35.83068]]],[[[-78.53313,35.83816],[-78.53343,35.83789],[-78.53333,35.83815],[-78.53304,35.83823],[-78.5328,35.83821],[-78.53313,35.83816]]],[[[-78.53344,35.84431],[-78.53268,35.84449],[-78.53234,35.84425],[-78.53197,35.84436],[-78.532,35.84414],[-78.53176,35.84403],[-78.53194,35.84379],[-78.53271,35.84439],[-78.5336,35.84428],[-78.53384,35.84483],[-78.53408,35.84497],[-78.53405,35.84518],[-78.53362,35.84524],[-78.53365,35.84551],[-78.53311,35.84523],[-78.53254,35.84532],[-78.53238,35.8452],[-78.53321,35.84504],[-78.53376,35.84512],[-78.53402,35.84494],[-78.53365,35.84487],[-78.53344,35.84431]]],[[[-78.53084,35.84796],[-78.53073,35.84803],[-78.53065,35.8478],[-78.53109,35.84786],[-78.53116,35.84747],[-78.53122,35.84787],[-78.53102,35.84813],[-78.53084,35.84796]]],[[[-78.53462,35.84957],[-78.53447,35.8496],[-78.53448,35.84949],[-78.53445,35.8494],[-78.5344,35.84953],[-78.53429,35.84936],[-78.53396,35.84944],[-78.53391,35.84934],[-78.53398,35.84923],[-78.5346,35.84932],[-78.5346,35.84946],[-78.5349,35.84982],[-78.53462,35.84957]]],[[[-78.53295,35.84967],[-78.53241,35.84989],[-78.53179,35.8495],[-78.5324,35.84978],[-78.53302,35.84946],[-78.5332,35.84977],[-78.53295,35.84967]]],[[[-78.53552,35.85027],[-78.53532,35.85017],[-78.53559,35.85015],[-78.53543,35.84989],[-78.53591,35.85009],[-78.53552,35.85027]]],[[[-78.53413,35.85328],[-78.53408,35.85295],[-78.53383,35.85288],[-78.53423,35.85289],[-78.53449,35.85328],[-78.53447,35.8534],[-78.53433,35.85334],[-78.53417,35.85337],[-78.53438,35.85339],[-78.53425,35.85362],[-78.53399,35.85331],[-78.53272,35.85285],[-78.53246,35.85191],[-78.53159,35.8512],[-78.53142,35.8511],[-78.53105,35.85133],[-78.53101,35.85123],[-78.53147,35.85098],[-78.53253,35.85187],[-78.5329,35.85278],[-78.53413,35.85328]]],[[[-78.5302,35.85878],[-78.53071,35.85887],[-78.53024,35.85906],[-78.52984,35.85903],[-78.52964,35.85913],[-78.5296,35.85941],[-78.52912,35.85921],[-78.52895,35.85953],[-78.52909,35.85879],[-78.52941,35.85922],[-78.52963,35.85894],[-78.53047,35.85893],[-78.53038,35.85882],[-78.53031,35.85892],[-78.52986,35.8585],[-78.52962,35.85793],[-78.52995,35.85766],[-78.53002,35.85714],[-78.53016,35.85704],[-78.53011,35.85748],[-78.53034,35.85747],[-78.52973,35.85797],[-78.52991,35.85847],[-78.5302,35.85878]]],[[[-78.52995,35.8645],[-78.53013,35.86436],[-78.53048,35.86464],[-78.53097,35.86468],[-78.53044,35.86474],[-78.53022,35.86463],[-78.53012,35.86495],[-78.53,35.86492],[-78.53004,35.86473],[-78.52959,35.86433],[-78.52972,35.86382],[-78.52954,35.86349],[-78.5292,35.86354],[-78.52903,35.86331],[-78.5292,35.863],[-78.52894,35.86259],[-78.52885,35.86183],[-78.5291,35.86209],[-78.52902,35.86247],[-78.52922,35.86279],[-78.52983,35.86317],[-78.52967,35.86356],[-78.52995,35.8645]]],[[[-78.53095,35.86526],[-78.5311,35.86575],[-78.53148,35.8659],[-78.53181,35.86582],[-78.53198,35.86624],[-78.5326,35.8665],[-78.53264,35.86669],[-78.53182,35.86623],[-78.53168,35.86593],[-78.53122,35.86593],[-78.53101,35.8658],[-78.53088,35.86523],[-78.53176,35.86478],[-78.53215,35.86425],[-78.53247,35.86411],[-78.53223,35.86405],[-78.53271,35.86378],[-78.53276,35.86395],[-78.53305,35.86405],[-78.53225,35.86431],[-78.53182,35.86482],[-78.53095,35.86526]]],[[[-78.53729,35.86891],[-78.53726,35.86948],[-78.53699,35.86991],[-78.53675,35.87008],[-78.53679,35.87032],[-78.53765,35.87069],[-78.53823,35.87056],[-78.53869,35.87056],[-78.53885,35.87043],[-78.53897,35.87061],[-78.53999,35.87049],[-78.53942,35.87091],[-78.53866,35.8711],[-78.53859,35.87127],[-78.53882,35.87129],[-78.53879,35.87139],[-78.53848,35.8715],[-78.53846,35.87174],[-78.53844,35.87143],[-78.53819,35.87125],[-78.53812,35.87138],[-78.53799,35.87133],[-78.53798,35.87105],[-78.53938,35.87081],[-78.53935,35.87061],[-78.53762,35.87074],[-78.53672,35.87036],[-78.53657,35.87011],[-78.53686,35.86996],[-78.53723,35.86936],[-78.53718,35.86892],[-78.53753,35.8686],[-78.53751,35.86835],[-78.53701,35.86864],[-78.53801,35.86784],[-78.53754,35.86866],[-78.53729,35.86891]]],[[[-78.53831,35.87289],[-78.53854,35.87249],[-78.53858,35.87296],[-78.53848,35.87303],[-78.53831,35.87289]]],[[[-78.53052,35.87364],[-78.53027,35.87328],[-78.53097,35.87285],[-78.53095,35.87239],[-78.53279,35.87232],[-78.53278,35.87174],[-78.53251,35.87184],[-78.5327,35.87137],[-78.53292,35.87131],[-78.53312,35.87156],[-78.53299,35.87233],[-78.53151,35.87247],[-78.53321,35.87247],[-78.53339,35.87288],[-78.53363,35.87299],[-78.53359,35.87316],[-78.53293,35.87381],[-78.53266,35.87384],[-78.5324,35.87375],[-78.53226,35.87325],[-78.53199,35.87315],[-78.53095,35.87318],[-78.53124,35.87372],[-78.53164,35.87379],[-78.53189,35.87417],[-78.53176,35.87427],[-78.53161,35.87413],[-78.53165,35.87436],[-78.53123,35.87445],[-78.53142,35.87494],[-78.53114,35.87518],[-78.53097,35.87516],[-78.53101,35.87556],[-78.53059,35.87594],[-78.53037,35.87522],[-78.52987,35.87469],[-78.52917,35.87452],[-78.52995,35.87449],[-78.53036,35.8749],[-78.53092,35.87489],[-78.53095,35.87459],[-78.53059,35.87441],[-78.53072,35.87405],[-78.53106,35.87381],[-78.53052,35.87364]]],[[[-78.53777,35.87504],[-78.53808,35.87453],[-78.53806,35.87522],[-78.53792,35.87539],[-78.53777,35.87504]]],[[[-78.52911,35.87759],[-78.52869,35.87787],[-78.52857,35.87826],[-78.52864,35.87786],[-78.52911,35.8775],[-78.52956,35.87669],[-78.5293,35.87585],[-78.52951,35.8756],[-78.52944,35.87544],[-78.52969,35.8754],[-78.52935,35.87493],[-78.52917,35.87491],[-78.52919,35.87469],[-78.52986,35.87549],[-78.52985,35.87572],[-78.52953,35.87579],[-78.52966,35.87653],[-78.52956,35.87693],[-78.52911,35.87759]]],[[[-78.53266,35.87954],[-78.53304,35.87843],[-78.53294,35.87802],[-78.53367,35.87757],[-78.53322,35.87799],[-78.53301,35.87908],[-78.53279,35.87949],[-78.53266,35.87954]]],[[[-78.53913,35.87982],[-78.53919,35.87936],[-78.53913,35.87928],[-78.53912,35.87945],[-78.53881,35.87923],[-78.53854,35.87965],[-78.53861,35.8793],[-78.53891,35.87903],[-78.53889,35.87924],[-78.53924,35.87889],[-78.53937,35.87941],[-78.53913,35.87982]]],[[[-78.53111,35.88319],[-78.53184,35.88277],[-78.53215,35.88287],[-78.53247,35.88263],[-78.53226,35.88291],[-78.53111,35.88319]]],[[[-78.53808,35.88369],[-78.53787,35.88317],[-78.53754,35.88296],[-78.53693,35.88282],[-78.53643,35.88291],[-78.53611,35.88261],[-78.53631,35.88238],[-78.53608,35.88236],[-78.53615,35.88215],[-78.53649,35.88199],[-78.5371,35.88187],[-78.5378,35.88193],[-78.53846,35.88233],[-78.53834,35.88235],[-78.53842,35.88246],[-78.53782,35.88255],[-78.53781,35.88274],[-78.53817,35.88291],[-78.53939,35.88275],[-78.53973,35.8831],[-78.5398,35.8835],[-78.53952,35.88367],[-78.53949,35.8839],[-78.53967,35.88413],[-78.5396,35.88435],[-78.5392,35.88363],[-78.53929,35.88334],[-78.53904,35.88317],[-78.53819,35.88312],[-78.53838,35.88328],[-78.53839,35.88396],[-78.53799,35.88406],[-78.5368,35.88371],[-78.53582,35.88294],[-78.53555,35.88299],[-78.53556,35.88322],[-78.53548,35.88337],[-78.53532,35.88345],[-78.5355,35.88323],[-78.53542,35.88293],[-78.53602,35.8828],[-78.53708,35.88367],[-78.53808,35.88369]]],[[[-78.53303,35.88715],[-78.53226,35.88735],[-78.53104,35.88797],[-78.53013,35.88793],[-78.52996,35.88778],[-78.52948,35.88796],[-78.52938,35.88795],[-78.52978,35.8877],[-78.531,35.88791],[-78.53187,35.88743],[-78.53303,35.88715]]],[[[-78.544,35.88925],[-78.5434,35.88781],[-78.54316,35.88757],[-78.54289,35.88709],[-78.54323,35.8875],[-78.54379,35.88773],[-78.54383,35.88844],[-78.5441,35.88905],[-78.544,35.88925]]],[[[-78.54207,35.88841],[-78.5421,35.88934],[-78.54146,35.88978],[-78.54066,35.89004],[-78.539,35.88979],[-78.53865,35.88993],[-78.53886,35.89027],[-78.53856,35.89059],[-78.53899,35.89122],[-78.5391,35.89115],[-78.53898,35.89085],[-78.53921,35.89077],[-78.53945,35.89142],[-78.5411,35.89149],[-78.54161,35.89175],[-78.54172,35.89242],[-78.54211,35.89317],[-78.54184,35.89332],[-78.54142,35.89331],[-78.54099,35.89294],[-78.54024,35.89288],[-78.54002,35.89263],[-78.53961,35.89258],[-78.53954,35.89236],[-78.53891,35.89214],[-78.53829,35.89226],[-78.53812,35.89264],[-78.53772,35.89238],[-78.53698,35.89285],[-78.53678,35.89261],[-78.53693,35.89221],[-78.53678,35.89194],[-78.53728,35.8913],[-78.53702,35.891],[-78.53742,35.89099],[-78.53803,35.89139],[-78.53821,35.89119],[-78.53757,35.89081],[-78.53689,35.89074],[-78.53652,35.89096],[-78.53617,35.89143],[-78.53636,35.89165],[-78.53624,35.89203],[-78.53554,35.89291],[-78.53554,35.89338],[-78.53603,35.89389],[-78.53633,35.89387],[-78.53664,35.89411],[-78.53662,35.89431],[-78.53702,35.89469],[-78.53666,35.89458],[-78.53541,35.89328],[-78.53586,35.89162],[-78.53629,35.89103],[-78.53697,35.89063],[-78.53796,35.89089],[-78.53837,35.89135],[-78.53845,35.89172],[-78.53992,35.89247],[-78.54017,35.8923],[-78.54015,35.89201],[-78.53924,35.89165],[-78.53885,35.89126],[-78.53822,35.89034],[-78.53829,35.89003],[-78.53849,35.88985],[-78.54113,35.88891],[-78.5425,35.88795],[-78.54304,35.88828],[-78.54345,35.88939],[-78.54393,35.88978],[-78.5432,35.88981],[-78.54304,35.88941],[-78.54276,35.88929],[-78.54294,35.88891],[-78.5428,35.88826],[-78.5425,35.8881],[-78.54207,35.88841]]],[[[-78.53067,35.89494],[-78.53082,35.8951],[-78.53052,35.89511],[-78.53061,35.89484],[-78.53112,35.8948],[-78.53128,35.89388],[-78.53143,35.89383],[-78.53126,35.89462],[-78.53099,35.89506],[-78.53078,35.89491],[-78.53067,35.89494]]],[[[-78.53904,35.8952],[-78.53916,35.89534],[-78.53859,35.89568],[-78.53875,35.8955],[-78.53833,35.89538],[-78.53904,35.8952]]],[[[-78.53182,35.89678],[-78.5315,35.89582],[-78.53186,35.89645],[-78.53182,35.89678]]],[[[-78.53131,35.89528],[-78.53109,35.8952],[-78.53148,35.89522],[-78.5315,35.89582],[-78.53131,35.89528]]],[[[-78.53694,35.89694],[-78.53655,35.89712],[-78.53621,35.89653],[-78.53616,35.89734],[-78.53654,35.89719],[-78.53673,35.89775],[-78.53647,35.89808],[-78.53597,35.89827],[-78.53607,35.8987],[-78.53631,35.89889],[-78.53609,35.89904],[-78.5359,35.8983],[-78.53658,35.89771],[-78.53645,35.8975],[-78.53611,35.89754],[-78.53609,35.89588],[-78.5365,35.89592],[-78.53682,35.89623],[-78.53669,35.89655],[-78.53679,35.89678],[-78.53739,35.89676],[-78.53738,35.89688],[-78.53756,35.89646],[-78.53743,35.89622],[-78.53765,35.89609],[-78.53818,35.89618],[-78.5383,35.896],[-78.53802,35.89565],[-78.53805,35.89549],[-78.53824,35.89545],[-78.53849,35.89558],[-78.53842,35.89591],[-78.53877,35.89621],[-78.5382,35.89629],[-78.53789,35.89654],[-78.5379,35.89704],[-78.53694,35.89694]],[[-78.53658,35.8965],[-78.53664,35.89623],[-78.53622,35.89621],[-78.53621,35.89653],[-78.53658,35.8965]]],[[[-78.5417,35.90046],[-78.54142,35.90031],[-78.54111,35.90045],[-78.54144,35.90019],[-78.54137,35.90028],[-78.54172,35.90037],[-78.54184,35.90052],[-78.54185,35.90085],[-78.54158,35.90108],[-78.54104,35.90126],[-78.54087,35.90096],[-78.54056,35.90113],[-78.54078,35.90081],[-78.54122,35.90111],[-78.54151,35.90102],[-78.5417,35.90046]]],[[[-78.53247,35.89977],[-78.53259,35.89978],[-78.53253,35.89952],[-78.53277,35.89941],[-78.5326,35.89905],[-78.53205,35.89862],[-78.53204,35.89811],[-78.53213,35.89859],[-78.53273,35.89911],[-78.53296,35.89951],[-78.53297,35.8997],[-78.53264,35.89972],[-78.5327,35.89995],[-78.53353,35.90087],[-78.5337,35.90135],[-78.53353,35.90184],[-78.53418,35.90272],[-78.53399,35.90289],[-78.53466,35.90343],[-78.53439,35.90381],[-78.53388,35.90372],[-78.53391,35.90293],[-78.53352,35.90316],[-78.53406,35.90263],[-78.53346,35.90184],[-78.53347,35.9011],[-78.53247,35.89977]]],[[[-78.5384,35.90107],[-78.53851,35.90076],[-78.53976,35.90037],[-78.53996,35.8999],[-78.54017,35.90042],[-78.53997,35.90058],[-78.5401,35.90058],[-78.54008,35.90073],[-78.53926,35.90173],[-78.53937,35.90197],[-78.54015,35.90225],[-78.54045,35.90193],[-78.54034,35.90181],[-78.54038,35.90159],[-78.54047,35.90151],[-78.5405,35.90199],[-78.5402,35.90247],[-78.53967,35.90249],[-78.53939,35.90231],[-78.53925,35.90251],[-78.53928,35.90206],[-78.5391,35.90182],[-78.53999,35.90042],[-78.53884,35.90074],[-78.53845,35.9012],[-78.53803,35.90137],[-78.53795,35.90186],[-78.53693,35.9027],[-78.53681,35.90229],[-78.5371,35.90253],[-78.53792,35.90169],[-78.53792,35.90135],[-78.5384,35.90107]]],[[[-78.53158,35.9032],[-78.5313,35.90332],[-78.53125,35.90358],[-78.53123,35.90336],[-78.53154,35.90312],[-78.53191,35.90327],[-78.53158,35.9032]]],[[[-78.53922,35.90448],[-78.53926,35.90422],[-78.53965,35.90426],[-78.53949,35.90381],[-78.53957,35.90316],[-78.54,35.90286],[-78.54027,35.90335],[-78.54065,35.90322],[-78.54114,35.90367],[-78.54228,35.90389],[-78.54278,35.90383],[-78.54294,35.90404],[-78.54282,35.90444],[-78.54233,35.90496],[-78.5418,35.90476],[-78.54125,35.905],[-78.54104,35.90466],[-78.5408,35.90525],[-78.54062,35.90501],[-78.54051,35.9051],[-78.54032,35.90496],[-78.53999,35.90514],[-78.53968,35.90463],[-78.53951,35.90473],[-78.53922,35.90448]]],[[[-78.537,35.90982],[-78.53692,35.90996],[-78.53695,35.90969],[-78.53726,35.90965],[-78.537,35.90982]]],[[[-78.54337,35.912],[-78.54368,35.91187],[-78.54375,35.9107],[-78.54401,35.91046],[-78.54415,35.91057],[-78.54431,35.91043],[-78.54487,35.91057],[-78.54491,35.91091],[-78.54523,35.9111],[-78.54577,35.91113],[-78.54646,35.91096],[-78.54707,35.91134],[-78.54752,35.91142],[-78.54779,35.91139],[-78.54817,35.91108],[-78.54864,35.91107],[-78.5488,35.91081],[-78.54911,35.91074],[-78.54988,35.91103],[-78.55113,35.91095],[-78.55124,35.91083],[-78.55145,35.91098],[-78.55278,35.91054],[-78.55166,35.91115],[-78.55117,35.91101],[-78.55109,35.91115],[-78.55053,35.91107],[-78.55013,35.91118],[-78.54918,35.91086],[-78.54764,35.91155],[-78.54718,35.91147],[-78.54647,35.91111],[-78.54508,35.91124],[-78.54477,35.911],[-78.54475,35.91062],[-78.54443,35.91049],[-78.54421,35.91062],[-78.54408,35.91054],[-78.54389,35.91061],[-78.54378,35.91188],[-78.5436,35.91213],[-78.5429,35.91196],[-78.54277,35.91157],[-78.54234,35.91154],[-78.54236,35.91132],[-78.54216,35.91114],[-78.5418,35.91142],[-78.54191,35.91184],[-78.54172,35.91134],[-78.54213,35.9111],[-78.54231,35.91117],[-78.54236,35.91104],[-78.54278,35.91114],[-78.54304,35.91187],[-78.54337,35.912]]],[[[-78.54174,35.91236],[-78.5422,35.91244],[-78.54173,35.91247],[-78.54148,35.91218],[-78.54174,35.91236]]],[[[-78.54075,35.91216],[-78.54076,35.91276],[-78.54073,35.9121],[-78.54138,35.91212],[-78.54075,35.91216]]],[[[-78.53949,35.91431],[-78.53939,35.91435],[-78.539,35.91414],[-78.53875,35.91426],[-78.53787,35.91419],[-78.53713,35.91361],[-78.53707,35.91381],[-78.53701,35.9136],[-78.53729,35.91361],[-78.53799,35.91417],[-78.53896,35.91406],[-78.53937,35.91429],[-78.53956,35.9138],[-78.53997,35.91357],[-78.5401,35.91329],[-78.54066,35.91311],[-78.54068,35.91341],[-78.54054,35.91328],[-78.53968,35.91378],[-78.53949,35.91431]]],[[[-78.52704,35.71894],[-78.52747,35.71868],[-78.52752,35.71885],[-78.52674,35.71909],[-78.52643,35.71857],[-78.5269,35.71828],[-78.52682,35.7189],[-78.52704,35.71894]]],[[[-78.52797,35.71903],[-78.52814,35.71911],[-78.52772,35.71982],[-78.52738,35.71962],[-78.52666,35.71974],[-78.5275,35.7195],[-78.52762,35.71965],[-78.52797,35.71903]]],[[[-78.50135,35.72095],[-78.50101,35.72077],[-78.50095,35.71965],[-78.5012,35.72045],[-78.5019,35.72081],[-78.5024,35.71976],[-78.50222,35.71932],[-78.50263,35.71944],[-78.50312,35.719],[-78.50347,35.71883],[-78.50364,35.71805],[-78.5038,35.71821],[-78.5039,35.71867],[-78.50423,35.71887],[-78.50449,35.71884],[-78.50458,35.71887],[-78.50473,35.71892],[-78.50499,35.71913],[-78.5056,35.71871],[-78.50557,35.71798],[-78.50581,35.71776],[-78.50572,35.71742],[-78.50593,35.7169],[-78.5061,35.71675],[-78.50646,35.7166],[-78.50721,35.71653],[-78.50723,35.71578],[-78.50802,35.71579],[-78.50822,35.71605],[-78.50846,35.71609],[-78.5089,35.71595],[-78.50913,35.71664],[-78.50983,35.71668],[-78.50996,35.71685],[-78.50963,35.71677],[-78.50955,35.71685],[-78.50927,35.7168],[-78.50935,35.71696],[-78.50901,35.71695],[-78.50868,35.71723],[-78.50864,35.71753],[-78.50793,35.71776],[-78.50786,35.71799],[-78.50737,35.71788],[-78.50705,35.71798],[-78.50693,35.71819],[-78.50704,35.71839],[-78.50647,35.71905],[-78.506,35.72002],[-78.50589,35.7207],[-78.5042,35.7212],[-78.50405,35.72148],[-78.5043,35.72197],[-78.50426,35.72227],[-78.504,35.72243],[-78.50301,35.72237],[-78.50153,35.72147],[-78.50135,35.72095]],[[-78.50418,35.71889],[-78.5039,35.71874],[-78.5037,35.71824],[-78.50354,35.71887],[-78.50263,35.7195],[-78.50242,35.71948],[-78.50245,35.7198],[-78.50197,35.72087],[-78.50152,35.72075],[-78.50114,35.72046],[-78.50103,35.72029],[-78.50103,35.72052],[-78.50148,35.72104],[-78.50159,35.72148],[-78.503,35.72234],[-78.504,35.72221],[-78.50396,35.72148],[-78.50416,35.72113],[-78.50559,35.72062],[-78.50701,35.71777],[-78.50761,35.71758],[-78.50779,35.71787],[-78.50785,35.71736],[-78.5083,35.71718],[-78.50829,35.71703],[-78.50909,35.7169],[-78.50925,35.71672],[-78.50957,35.7168],[-78.50966,35.71674],[-78.50968,35.71675],[-78.50968,35.7167],[-78.5092,35.71667],[-78.50801,35.71707],[-78.50766,35.71707],[-78.50771,35.71697],[-78.50768,35.71693],[-78.50757,35.71692],[-78.50755,35.71713],[-78.50731,35.71643],[-78.50748,35.71634],[-78.50744,35.71601],[-78.50727,35.71581],[-78.50727,35.71656],[-78.50669,35.71677],[-78.50627,35.71673],[-78.50591,35.71705],[-78.50581,35.71739],[-78.50596,35.7176],[-78.50565,35.71798],[-78.50574,35.71846],[-78.50554,35.7189],[-78.50489,35.7192],[-78.50458,35.71887],[-78.50418,35.71889]]],[[[-78.52552,35.71896],[-78.52587,35.71913],[-78.52567,35.71916],[-78.52587,35.71971],[-78.52544,35.72006],[-78.52567,35.72013],[-78.52556,35.72025],[-78.52526,35.72023],[-78.52572,35.7195],[-78.52541,35.71915],[-78.52552,35.71896]]],[[[-78.52567,35.72027],[-78.52579,35.72014],[-78.52623,35.72021],[-78.52589,35.72035],[-78.52567,35.72027]]],[[[-78.50508,35.72377],[-78.50686,35.72328],[-78.50703,35.72362],[-78.50741,35.7237],[-78.50813,35.72334],[-78.50862,35.72342],[-78.50818,35.7236],[-78.50792,35.72397],[-78.50823,35.72472],[-78.50864,35.72515],[-78.50809,35.72477],[-78.50802,35.72441],[-78.50767,35.72408],[-78.50799,35.72357],[-78.50818,35.72352],[-78.50803,35.72345],[-78.50737,35.72386],[-78.50655,35.72356],[-78.50538,35.72381],[-78.50462,35.72384],[-78.50388,35.72336],[-78.50319,35.72378],[-78.50272,35.723],[-78.5027,35.72265],[-78.50291,35.72317],[-78.50315,35.72333],[-78.50396,35.72317],[-78.50447,35.7237],[-78.50508,35.72377]]],[[[-78.51411,35.72471],[-78.51399,35.7246],[-78.5138,35.72484],[-78.51373,35.72467],[-78.51394,35.72441],[-78.51421,35.72458],[-78.51455,35.72439],[-78.51393,35.72514],[-78.51411,35.72471]]],[[[-78.51425,35.72654],[-78.51401,35.72657],[-78.51444,35.72643],[-78.51431,35.72684],[-78.51425,35.72654]]],[[[-78.52375,35.72694],[-78.52388,35.72672],[-78.52403,35.7269],[-78.52376,35.72704],[-78.52375,35.72694]]],[[[-78.51211,35.72902],[-78.51228,35.72987],[-78.51218,35.73033],[-78.51192,35.73054],[-78.51106,35.73068],[-78.51038,35.73017],[-78.50985,35.73037],[-78.51041,35.73],[-78.51113,35.7306],[-78.5118,35.7305],[-78.51201,35.73026],[-78.51176,35.72983],[-78.51069,35.72893],[-78.5114,35.72859],[-78.51114,35.7288],[-78.51211,35.72948],[-78.51201,35.72898],[-78.51211,35.72902]]],[[[-78.52421,35.72979],[-78.52405,35.7298],[-78.52403,35.72935],[-78.52374,35.72927],[-78.52366,35.72908],[-78.52428,35.72913],[-78.52421,35.72979]]],[[[-78.51557,35.72939],[-78.51555,35.73011],[-78.51577,35.73033],[-78.51631,35.7302],[-78.51681,35.73039],[-78.51571,35.73042],[-78.51541,35.73023],[-78.51534,35.7295],[-78.51635,35.72895],[-78.51636,35.7286],[-78.51617,35.72853],[-78.51604,35.72863],[-78.51657,35.72814],[-78.51639,35.72908],[-78.51597,35.72935],[-78.51557,35.72939]]],[[[-78.52319,35.72989],[-78.52296,35.73007],[-78.52288,35.72991],[-78.52348,35.72983],[-78.52319,35.72989]]],[[[-78.52381,35.72987],[-78.52397,35.73011],[-78.52433,35.73026],[-78.52362,35.73017],[-78.52381,35.72987]]],[[[-78.5209,35.7304],[-78.52079,35.7299],[-78.52096,35.72967],[-78.52077,35.72891],[-78.52158,35.72997],[-78.52158,35.73017],[-78.52123,35.72985],[-78.52111,35.72989],[-78.52107,35.73013],[-78.52135,35.73053],[-78.52062,35.7309],[-78.51982,35.73101],[-78.51866,35.73087],[-78.5183,35.73064],[-78.51974,35.73077],[-78.51982,35.73095],[-78.52079,35.73077],[-78.52121,35.73049],[-78.5209,35.7304]]],[[[-78.53226,35.73066],[-78.53215,35.73054],[-78.53211,35.73085],[-78.53178,35.73118],[-78.53203,35.73074],[-78.53191,35.73017],[-78.53226,35.73066]]],[[[-78.53019,35.73172],[-78.52978,35.73179],[-78.5295,35.73163],[-78.53003,35.73158],[-78.53019,35.73172]]],[[[-78.50385,35.73249],[-78.50448,35.73264],[-78.50432,35.73277],[-78.50383,35.7326],[-78.50352,35.73255],[-78.50385,35.73249]]],[[[-78.50733,35.73452],[-78.50744,35.73442],[-78.50714,35.73389],[-78.50701,35.73331],[-78.50737,35.73302],[-78.50842,35.73347],[-78.50901,35.73301],[-78.50966,35.73209],[-78.51071,35.73176],[-78.51026,35.73222],[-78.5095,35.73248],[-78.50861,35.73363],[-78.50749,35.73326],[-78.5072,35.73329],[-78.50726,35.73398],[-78.50778,35.73441],[-78.50771,35.73462],[-78.50718,35.7346],[-78.50674,35.73424],[-78.50657,35.7344],[-78.50663,35.73491],[-78.50642,35.735],[-78.5061,35.73471],[-78.50641,35.73478],[-78.50655,35.73412],[-78.50671,35.73404],[-78.50733,35.73452]]],[[[-78.5042,35.73334],[-78.50453,35.73336],[-78.50435,35.73341],[-78.50446,35.73345],[-78.5041,35.73347],[-78.50382,35.73354],[-78.5042,35.73334]]],[[[-78.52514,35.73233],[-78.52642,35.73277],[-78.52691,35.73318],[-78.52768,35.73469],[-78.52781,35.73516],[-78.52778,35.73564],[-78.52754,35.73646],[-78.52774,35.73518],[-78.52687,35.73331],[-78.52655,35.73345],[-78.52641,35.73394],[-78.52596,35.73444],[-78.52589,35.73406],[-78.52558,35.73401],[-78.52608,35.73351],[-78.52631,35.73299],[-78.52654,35.73305],[-78.52626,35.73279],[-78.52544,35.73252],[-78.52294,35.73228],[-78.52201,35.73238],[-78.52089,35.73274],[-78.52048,35.73306],[-78.52057,35.73275],[-78.52153,35.73246],[-78.52283,35.73219],[-78.52432,35.73227],[-78.52514,35.73233]]],[[[-78.51383,35.73456],[-78.51423,35.73476],[-78.51526,35.7345],[-78.51584,35.7353],[-78.51652,35.73471],[-78.51646,35.7345],[-78.51683,35.73429],[-78.51784,35.73406],[-78.51784,35.7345],[-78.51862,35.73426],[-78.51883,35.73407],[-78.51864,35.73387],[-78.51881,35.73361],[-78.51921,35.73372],[-78.51944,35.73359],[-78.51948,35.73323],[-78.51968,35.73329],[-78.51952,35.73354],[-78.51961,35.73382],[-78.51998,35.734],[-78.52031,35.7339],[-78.52081,35.73422],[-78.52101,35.73471],[-78.52129,35.7348],[-78.52143,35.73462],[-78.5214,35.73424],[-78.52105,35.73377],[-78.52198,35.73459],[-78.52113,35.73511],[-78.52112,35.73482],[-78.52079,35.73464],[-78.52088,35.73442],[-78.52041,35.73419],[-78.5199,35.73432],[-78.51944,35.73388],[-78.51903,35.73423],[-78.51904,35.73489],[-78.51877,35.7347],[-78.5171,35.73458],[-78.51613,35.73507],[-78.51572,35.73571],[-78.51554,35.73505],[-78.51535,35.73489],[-78.51493,35.7348],[-78.51423,35.73494],[-78.51346,35.73462],[-78.51318,35.73425],[-78.51325,35.73386],[-78.51343,35.73386],[-78.51315,35.73361],[-78.51306,35.73261],[-78.51333,35.73305],[-78.51331,35.73364],[-78.51358,35.73366],[-78.51345,35.73421],[-78.51368,35.73423],[-78.51383,35.73456]]],[[[-78.50545,35.73712],[-78.50561,35.73638],[-78.50519,35.73602],[-78.50553,35.73617],[-78.50578,35.73652],[-78.50559,35.73745],[-78.50545,35.73712]]],[[[-78.50505,35.73812],[-78.50469,35.73826],[-78.50451,35.73852],[-78.5046,35.7381],[-78.50398,35.73699],[-78.50429,35.73669],[-78.50439,35.73761],[-78.5048,35.73805],[-78.50505,35.73812]]],[[[-78.53347,35.73192],[-78.53323,35.73198],[-78.53319,35.73221],[-78.53352,35.7325],[-78.53369,35.73317],[-78.5335,35.73332],[-78.53384,35.73384],[-78.53376,35.73425],[-78.53433,35.73439],[-78.53468,35.73479],[-78.53511,35.73622],[-78.53436,35.73642],[-78.53357,35.73637],[-78.53363,35.73626],[-78.53322,35.736],[-78.53279,35.73651],[-78.53281,35.73683],[-78.53247,35.73693],[-78.53225,35.73682],[-78.53172,35.73699],[-78.53121,35.73746],[-78.53122,35.73778],[-78.53155,35.73789],[-78.53144,35.7385],[-78.53111,35.73851],[-78.53112,35.73868],[-78.53051,35.73896],[-78.5301,35.73899],[-78.52981,35.7388],[-78.5295,35.73892],[-78.52899,35.73958],[-78.52959,35.74041],[-78.52916,35.74033],[-78.52873,35.73999],[-78.52818,35.74114],[-78.52812,35.74199],[-78.52828,35.74224],[-78.52861,35.7423],[-78.52893,35.74218],[-78.52887,35.74246],[-78.52854,35.74274],[-78.52856,35.74295],[-78.52953,35.74427],[-78.53048,35.74459],[-78.53045,35.74502],[-78.53078,35.74501],[-78.53055,35.74456],[-78.53088,35.74444],[-78.53113,35.74383],[-78.53141,35.74374],[-78.53126,35.74391],[-78.53139,35.7441],[-78.53122,35.74483],[-78.53051,35.74523],[-78.53051,35.74548],[-78.5311,35.74577],[-78.53199,35.74574],[-78.53099,35.7459],[-78.53033,35.74562],[-78.53015,35.74529],[-78.53034,35.74477],[-78.5294,35.74426],[-78.52836,35.74288],[-78.5286,35.74249],[-78.52826,35.74241],[-78.52802,35.74201],[-78.52808,35.7411],[-78.5286,35.73999],[-78.52882,35.73993],[-78.5292,35.74015],[-78.52893,35.73961],[-78.52899,35.73937],[-78.52941,35.73871],[-78.53017,35.73829],[-78.53057,35.73784],[-78.53118,35.73624],[-78.53125,35.7365],[-78.53138,35.73648],[-78.53123,35.73609],[-78.53145,35.73623],[-78.53194,35.73574],[-78.53244,35.73584],[-78.53266,35.73607],[-78.53286,35.73538],[-78.5333,35.73524],[-78.53354,35.7346],[-78.5333,35.73446],[-78.53312,35.73405],[-78.53337,35.73362],[-78.53248,35.73391],[-78.53218,35.73325],[-78.53291,35.73296],[-78.53278,35.73283],[-78.53232,35.73282],[-78.53202,35.73247],[-78.5323,35.73202],[-78.53308,35.73138],[-78.53342,35.73073],[-78.53328,35.73047],[-78.53352,35.73068],[-78.53322,35.73133],[-78.53349,35.73154],[-78.53336,35.73173],[-78.53347,35.73192]]],[[[-78.52621,35.73918],[-78.52574,35.73988],[-78.52612,35.73911],[-78.52559,35.73846],[-78.52619,35.73876],[-78.52658,35.73878],[-78.52744,35.73696],[-78.52734,35.73677],[-78.52668,35.73656],[-78.52705,35.73657],[-78.52756,35.73681],[-78.5266,35.73886],[-78.526,35.73876],[-78.52621,35.73918]]],[[[-78.5251,35.7406],[-78.52464,35.74029],[-78.52389,35.74013],[-78.52434,35.74004],[-78.52419,35.74012],[-78.52465,35.74019],[-78.52514,35.74048],[-78.5253,35.74084],[-78.52523,35.7415],[-78.5251,35.7406]]],[[[-78.52488,35.7425],[-78.52565,35.7422],[-78.52645,35.7433],[-78.52607,35.74309],[-78.52563,35.74236],[-78.52479,35.74265],[-78.5242,35.74313],[-78.52371,35.74321],[-78.52404,35.74274],[-78.52374,35.74236],[-78.52403,35.74243],[-78.52459,35.74211],[-78.52406,35.74251],[-78.52404,35.74289],[-78.52397,35.74307],[-78.5243,35.743],[-78.52488,35.7425]]],[[[-78.52593,35.74603],[-78.5264,35.74571],[-78.52659,35.74576],[-78.52646,35.74582],[-78.52664,35.74598],[-78.52709,35.74599],[-78.52626,35.74627],[-78.5265,35.74596],[-78.52593,35.74603]]],[[[-78.532,35.74652],[-78.53211,35.74683],[-78.53268,35.74724],[-78.53267,35.74825],[-78.53296,35.74859],[-78.53277,35.74863],[-78.53293,35.74897],[-78.53273,35.74904],[-78.53275,35.74961],[-78.53294,35.75002],[-78.53305,35.75009],[-78.53322,35.74993],[-78.53319,35.75014],[-78.53294,35.7502],[-78.53229,35.74833],[-78.53243,35.74743],[-78.5321,35.74739],[-78.53215,35.74702],[-78.53194,35.74697],[-78.53161,35.74643],[-78.53212,35.74588],[-78.53265,35.7457],[-78.53234,35.74558],[-78.53301,35.74555],[-78.53282,35.74581],[-78.53226,35.74595],[-78.53226,35.74622],[-78.532,35.74626],[-78.532,35.74652]]],[[[-78.5299,35.74916],[-78.52927,35.74825],[-78.52913,35.74775],[-78.52734,35.7485],[-78.52663,35.74844],[-78.52749,35.74834],[-78.52872,35.74774],[-78.5292,35.74768],[-78.5299,35.74916]]],[[[-78.50652,35.75584],[-78.50669,35.75536],[-78.5069,35.75533],[-78.5067,35.75576],[-78.50685,35.75585],[-78.50652,35.75584]]],[[[-78.52896,35.77327],[-78.5294,35.77334],[-78.52975,35.77302],[-78.53041,35.77309],[-78.5307,35.77275],[-78.53112,35.77283],[-78.5313,35.7724],[-78.5317,35.77261],[-78.53215,35.77266],[-78.53222,35.7727],[-78.5317,35.7728],[-78.53136,35.77253],[-78.53117,35.77291],[-78.53082,35.77293],[-78.53039,35.77323],[-78.52978,35.77317],[-78.52892,35.77383],[-78.52909,35.77362],[-78.52896,35.77327]]],[[[-78.52844,35.7742],[-78.52783,35.77444],[-78.52892,35.77383],[-78.52844,35.7742]]],[[[-78.50875,35.81244],[-78.5085,35.81228],[-78.50895,35.81222],[-78.50918,35.81229],[-78.50875,35.81244]]],[[[-78.5095,35.81484],[-78.50907,35.81461],[-78.50887,35.81427],[-78.50849,35.81436],[-78.50851,35.81418],[-78.50888,35.81423],[-78.50941,35.81474],[-78.5104,35.81455],[-78.5095,35.81484]]],[[[-78.52894,35.84659],[-78.52913,35.84694],[-78.52907,35.84741],[-78.52836,35.84746],[-78.52816,35.84754],[-78.52817,35.84771],[-78.52779,35.84762],[-78.52835,35.84737],[-78.52883,35.84736],[-78.52901,35.84725],[-78.52905,35.84692],[-78.52891,35.84669],[-78.52846,35.84663],[-78.5286,35.84638],[-78.52851,35.84608],[-78.52757,35.8458],[-78.52695,35.84526],[-78.52796,35.84581],[-78.52875,35.84605],[-78.52858,35.84657],[-78.52894,35.84659]]],[[[-78.52694,35.85142],[-78.52725,35.85128],[-78.52728,35.85082],[-78.52742,35.8509],[-78.52821,35.85075],[-78.52811,35.85106],[-78.52796,35.85099],[-78.52779,35.85122],[-78.52751,35.85102],[-78.52759,35.85118],[-78.52704,35.85145],[-78.52815,35.85166],[-78.52815,35.85212],[-78.52835,35.8523],[-78.52789,35.85246],[-78.52749,35.85332],[-78.52727,35.85352],[-78.52812,35.85173],[-78.52699,35.85153],[-78.52694,35.85142]]],[[[-78.52832,35.84963],[-78.52772,35.8493],[-78.52849,35.84913],[-78.52863,35.84896],[-78.52857,35.84834],[-78.52869,35.84837],[-78.52791,35.84799],[-78.52794,35.84789],[-78.52878,35.84829],[-78.52885,35.84897],[-78.52859,35.84926],[-78.5279,35.84936],[-78.5283,35.84948],[-78.52855,35.84982],[-78.52821,35.85075],[-78.52832,35.84963]]],[[[-78.49804,35.85413],[-78.49835,35.854],[-78.49854,35.85416],[-78.49808,35.85451],[-78.49794,35.85446],[-78.49814,35.85431],[-78.49775,35.85388],[-78.4981,35.85401],[-78.49804,35.85413]]],[[[-78.49774,35.85476],[-78.49761,35.85507],[-78.49745,35.855],[-78.49774,35.85476]]],[[[-78.52468,35.86178],[-78.52513,35.86148],[-78.52554,35.86143],[-78.52611,35.86101],[-78.52591,35.86133],[-78.52493,35.86167],[-78.52496,35.86189],[-78.52526,35.86186],[-78.52476,35.862],[-78.52468,35.86178]]],[[[-78.52497,35.86568],[-78.52479,35.86592],[-78.52503,35.86596],[-78.52477,35.86615],[-78.52456,35.86586],[-78.52497,35.86568]]],[[[-78.52627,35.8664],[-78.52653,35.86686],[-78.52703,35.86718],[-78.52634,35.86693],[-78.52627,35.8664]]],[[[-78.52755,35.86819],[-78.52748,35.86834],[-78.52769,35.86845],[-78.52755,35.86865],[-78.52823,35.8694],[-78.52724,35.8686],[-78.52755,35.86819]]],[[[-78.52542,35.88219],[-78.5255,35.88185],[-78.52613,35.88147],[-78.52552,35.88222],[-78.52518,35.88239],[-78.52542,35.88219]]],[[[-78.5271,35.90955],[-78.52695,35.90983],[-78.52698,35.90923],[-78.52729,35.90963],[-78.5271,35.90955]]],[[[-78.49619,35.91164],[-78.49603,35.91146],[-78.49644,35.91145],[-78.49619,35.91164]]],[[[-78.49595,35.91152],[-78.49604,35.91152],[-78.49602,35.91155],[-78.49595,35.91152]]],[[[-78.49074,35.72299],[-78.49084,35.72304],[-78.49073,35.72305],[-78.49073,35.72304],[-78.49074,35.72299]]],[[[-78.49535,35.7223],[-78.49591,35.72301],[-78.49642,35.7229],[-78.49672,35.72301],[-78.49721,35.72245],[-78.49735,35.72326],[-78.49839,35.72397],[-78.49909,35.72426],[-78.49984,35.72435],[-78.49968,35.72458],[-78.4999,35.72461],[-78.5001,35.72452],[-78.49992,35.72439],[-78.50008,35.7242],[-78.50093,35.72404],[-78.50104,35.72344],[-78.50068,35.72316],[-78.50069,35.72296],[-78.50115,35.72262],[-78.50129,35.72186],[-78.50126,35.7229],[-78.50088,35.72312],[-78.5013,35.72343],[-78.50119,35.72421],[-78.50061,35.72435],[-78.50059,35.7245],[-78.50043,35.72444],[-78.49985,35.72472],[-78.49926,35.72479],[-78.49913,35.72455],[-78.49875,35.72455],[-78.49799,35.72391],[-78.49745,35.72397],[-78.49719,35.72337],[-78.49702,35.72339],[-78.49702,35.72311],[-78.49681,35.72375],[-78.49694,35.72421],[-78.49675,35.72459],[-78.49727,35.72466],[-78.49723,35.72503],[-78.49655,35.72516],[-78.49451,35.72501],[-78.4935,35.72471],[-78.49339,35.72456],[-78.49346,35.72448],[-78.49408,35.72461],[-78.49408,35.72434],[-78.49429,35.72419],[-78.49484,35.72443],[-78.49536,35.72443],[-78.49531,35.72435],[-78.49598,35.72438],[-78.49626,35.72418],[-78.49577,35.72358],[-78.49533,35.72358],[-78.49502,35.72289],[-78.49473,35.72307],[-78.49427,35.72284],[-78.49392,35.72306],[-78.49307,35.72305],[-78.4939,35.72283],[-78.49404,35.72241],[-78.49468,35.72263],[-78.49513,35.72253],[-78.49535,35.7223]]],[[[-78.4955,35.72768],[-78.49545,35.7278],[-78.49555,35.72762],[-78.49602,35.72759],[-78.49643,35.72733],[-78.4969,35.72742],[-78.49722,35.72732],[-78.49724,35.72777],[-78.49738,35.72781],[-78.49765,35.72763],[-78.4977,35.7272],[-78.49801,35.72695],[-78.50017,35.72692],[-78.50128,35.72741],[-78.50193,35.72747],[-78.5019,35.72799],[-78.50156,35.72812],[-78.50305,35.7282],[-78.50327,35.72781],[-78.50316,35.72742],[-78.50386,35.72732],[-78.50603,35.72752],[-78.5074,35.72795],[-78.50756,35.72812],[-78.50848,35.72821],[-78.50985,35.72863],[-78.5108,35.72866],[-78.50993,35.72889],[-78.50832,35.72837],[-78.50759,35.7284],[-78.50729,35.72822],[-78.50673,35.72821],[-78.50562,35.72766],[-78.50572,35.72786],[-78.50555,35.72783],[-78.50536,35.72809],[-78.5054,35.7285],[-78.50466,35.72905],[-78.50451,35.72945],[-78.50436,35.72921],[-78.50393,35.72901],[-78.50317,35.72886],[-78.50261,35.72836],[-78.50214,35.72825],[-78.50135,35.72834],[-78.50123,35.72821],[-78.50146,35.72792],[-78.5017,35.72789],[-78.50159,35.72777],[-78.50081,35.72723],[-78.50012,35.727],[-78.49871,35.72708],[-78.4983,35.72697],[-78.49776,35.72722],[-78.49766,35.72796],[-78.4973,35.72796],[-78.49714,35.72749],[-78.49679,35.7276],[-78.49647,35.72743],[-78.49624,35.72765],[-78.49569,35.72779],[-78.49547,35.72807],[-78.49526,35.72767],[-78.49453,35.72762],[-78.4932,35.72717],[-78.4921,35.72835],[-78.49234,35.72749],[-78.49257,35.72725],[-78.49216,35.72709],[-78.49257,35.72682],[-78.49243,35.72705],[-78.49269,35.7272],[-78.49259,35.72745],[-78.49326,35.72705],[-78.49386,35.72735],[-78.4955,35.72768]]],[[[-78.49715,35.85242],[-78.49705,35.85233],[-78.49726,35.85238],[-78.49726,35.85296],[-78.49707,35.85266],[-78.49713,35.85278],[-78.49689,35.85268],[-78.49689,35.85287],[-78.49658,35.85295],[-78.49678,35.85236],[-78.49696,35.85248],[-78.49715,35.85242]]],[[[-78.49343,35.855],[-78.49349,35.85519],[-78.49315,35.85521],[-78.49294,35.85496],[-78.49263,35.85503],[-78.49253,35.85482],[-78.49295,35.8549],[-78.4931,35.85512],[-78.49343,35.855]]],[[[-78.48569,35.88427],[-78.48605,35.88393],[-78.48588,35.88444],[-78.48522,35.88423],[-78.48492,35.88391],[-78.48518,35.88414],[-78.4856,35.88415],[-78.48569,35.88427]]],[[[-78.48911,35.88596],[-78.48927,35.88592],[-78.48916,35.88585],[-78.48932,35.88585],[-78.4892,35.88571],[-78.48925,35.88556],[-78.4894,35.8859],[-78.48932,35.88629],[-78.48872,35.88638],[-78.48835,35.88684],[-78.4883,35.88667],[-78.48791,35.88656],[-78.48785,35.88647],[-78.48847,35.88664],[-78.48863,35.88638],[-78.48906,35.88621],[-78.48911,35.88596]]],[[[-78.48667,35.88716],[-78.48667,35.88725],[-78.48664,35.88724],[-78.48667,35.88716]]]]}}]}