{"type":"FeatureCollection","features":[{"type":"Feature","geometry":{"type":"MultiPolygon","coordinates":[[[[-78.736785,35.77299599999999],[-78.73594900000002,35.772337],[-78.73561,35.771858],[-78.735174,35.76972399999999],[-78.734976,35.769471],[-78.734321,35.76919999999999],[-78.733229,35.769102000000004],[-78.73032,35.76923899999999],[-78.729703,35.76943099999998],[-78.729018,35.769991000000005],[-78.728249,35.770388],[-78.72799,35.77023200000001],[-78.727215,35.7704],[-78.725536,35.77035600000001],[-78.725152,35.770299],[-78.724957,35.77008399999999],[-78.725262,35.769932],[-78.726516,35.769661],[-78.72698400000002,35.769754999999996],[-78.727548,35.769681],[-78.727941,35.76984499999999],[-78.728429,35.769848],[-78.728624,35.769741],[-78.728911,35.769262000000005],[-78.729337,35.76902700000001],[-78.731725,35.768508],[-78.732304,35.76851699999999],[-78.732815,35.768692],[-78.733915,35.76872000000001],[-78.734747,35.76893599999999],[-78.735768,35.769373],[-78.73628,35.77205],[-78.736803,35.772918],[-78.737056,35.772981],[-78.737334,35.772927],[-78.738103,35.772482],[-78.739136,35.772148],[-78.73968,35.772113000000004],[-78.740153,35.772256000000006],[-78.739936,35.772555999999994],[-78.739619,35.77273199999999],[-78.738167,35.77312700000001],[-78.737245,35.773121999999994],[-78.736785,35.77299599999999]]],[[[-78.747421,35.776464000000004],[-78.746815,35.776134],[-78.74600500000001,35.775428],[-78.745624,35.77482599999999],[-78.745373,35.773792],[-78.744882,35.773238000000006],[-78.743381,35.772650000000006],[-78.742209,35.77241699999999],[-78.74158700000001,35.77190099999999],[-78.741264,35.77181900000001],[-78.741197,35.771762],[-78.74128000000002,35.771634000000006],[-78.742095,35.771402],[-78.743099,35.7715],[-78.743548,35.771702],[-78.744505,35.772343],[-78.745458,35.772697],[-78.745856,35.772974],[-78.746036,35.773218],[-78.746313,35.774488],[-78.746641,35.77516399999998],[-78.747337,35.775437999999994],[-78.74816,35.775945],[-78.748657,35.776064999999996],[-78.748817,35.775864999999996],[-78.74908,35.775814000000004],[-78.7503,35.776058],[-78.750672,35.775989],[-78.750813,35.776216],[-78.751421,35.776588],[-78.752418,35.777755],[-78.752529,35.778438],[-78.752465,35.77883599999999],[-78.752251,35.77879899999999],[-78.751824,35.77818199999999],[-78.751494,35.777986],[-78.75127,35.77729599999999],[-78.750579,35.7768],[-78.748597,35.77686],[-78.747421,35.776464000000004]]],[[[-78.752058,35.779998],[-78.752581,35.779525],[-78.752924,35.779622999999994],[-78.754361,35.78168999999999],[-78.754532,35.781759],[-78.754984,35.78174099999999],[-78.75541,35.781892],[-78.755719,35.78232800000001],[-78.757178,35.783565],[-78.757436,35.78411799999998],[-78.75794072127267,35.78453729223465],[-78.7579065945931,35.784996408285814],[-78.757825,35.784845],[-78.757438,35.784658],[-78.756269,35.78329999999999],[-78.754373,35.78264599999999],[-78.753037,35.78177699999999],[-78.752088,35.780772],[-78.751987,35.780512999999985],[-78.752058,35.779998]]],[[[-78.72654,35.825939],[-78.726061,35.825369],[-78.727091,35.825793999999995],[-78.727308,35.825762],[-78.727479,35.825312],[-78.727341,35.82474100000001],[-78.727725,35.82444599999999],[-78.728037,35.825296],[-78.72841,35.825445],[-78.728876,35.825322],[-78.729431,35.82551599999999],[-78.729706,35.825508],[-78.729799,35.825630999999994],[-78.729766,35.825469],[-78.729487,35.825365000000005],[-78.729757,35.824945],[-78.729642,35.824425000000005],[-78.729756,35.823672],[-78.729663,35.823406999999996],[-78.72977,35.823125],[-78.729619,35.82287500000001],[-78.729827,35.82280000000001],[-78.729873,35.82268899999999],[-78.7298,35.821603],[-78.729706,35.82133000000001],[-78.72919,35.82117499999999],[-78.728929,35.82083500000001],[-78.729012,35.820763],[-78.729217,35.820814999999996],[-78.729489,35.82110999999999],[-78.729824,35.82100799999999],[-78.729976,35.820705000000004],[-78.730386,35.820277000000004],[-78.730624,35.819353],[-78.730953,35.819447],[-78.731234,35.819317],[-78.731184,35.819098000000004],[-78.730891,35.818723],[-78.730921,35.818470999999995],[-78.731391,35.818216],[-78.731518,35.817921999999996],[-78.732016,35.817342999999994],[-78.732247,35.817274000000005],[-78.732568,35.817412],[-78.732772,35.817341],[-78.733741,35.817514],[-78.734053,35.81739799999999],[-78.734038,35.81706],[-78.733674,35.816596000000004],[-78.733681,35.815725],[-78.733415,35.81477],[-78.733097,35.81481399999999],[-78.732722,35.81462099999999],[-78.732394,35.814611],[-78.732174,35.814465999999996],[-78.73196500000002,35.813582],[-78.731371,35.813292000000004],[-78.73027600000002,35.81300799999999],[-78.729186,35.812857],[-78.728088,35.812322],[-78.727409,35.812146999999996],[-78.72702900000002,35.811819],[-78.726349,35.810594],[-78.725648,35.80983599999999],[-78.724284,35.809372],[-78.723354,35.80891600000001],[-78.722197,35.80884699999999],[-78.722379,35.80871900000001],[-78.723528,35.80861600000001],[-78.725162,35.809525],[-78.725747,35.809646],[-78.726234,35.809909999999995],[-78.727019,35.810881],[-78.727459,35.811945000000016],[-78.728429,35.81220399999999],[-78.728631,35.812508],[-78.729114,35.81267799999999],[-78.730832,35.812883],[-78.731161,35.813122],[-78.731506,35.813084999999994],[-78.732332,35.813649999999996],[-78.731773,35.81180700000001],[-78.731841,35.81171],[-78.732055,35.81168600000001],[-78.732744,35.81178899999998],[-78.733058,35.811752],[-78.733287,35.811576],[-78.733289,35.810746],[-78.733511,35.810446000000006],[-78.733616,35.809343],[-78.733375,35.808867],[-78.733427,35.80852],[-78.733276,35.808048],[-78.73414,35.80703100000001],[-78.734345,35.806371],[-78.734794,35.806294],[-78.734866,35.80618400000001],[-78.735007,35.805492],[-78.734767,35.805213],[-78.734769,35.80484100000001],[-78.735161,35.804411],[-78.735112,35.804152],[-78.736054,35.803231],[-78.736822,35.802954],[-78.737047,35.802777999999996],[-78.737265,35.80231299999999],[-78.737385,35.80166899999999],[-78.737796,35.801098999999994],[-78.738508,35.800525999999984],[-78.739621,35.800042999999995],[-78.739702,35.800096999999994],[-78.739456,35.80023799999999],[-78.738581,35.800575],[-78.737924,35.801148999999995],[-78.737572,35.801732],[-78.737497,35.802371999999984],[-78.737573,35.802817],[-78.737242,35.802938000000005],[-78.736725,35.80329899999999],[-78.736232,35.803428999999994],[-78.735353,35.80419200000001],[-78.735332,35.804534999999994],[-78.734968,35.805089],[-78.735209,35.80539499999999],[-78.735163,35.806208000000005],[-78.734448,35.806675999999996],[-78.73421,35.807216999999994],[-78.733782,35.80758600000001],[-78.73369700000002,35.807807000000004],[-78.733407,35.807987999999995],[-78.733535,35.80875],[-78.733707,35.80913300000001],[-78.733712,35.809592],[-78.733618,35.809917999999996],[-78.733688,35.810329],[-78.73343,35.811029],[-78.733387,35.811777000000006],[-78.732153,35.811924],[-78.731966,35.812122],[-78.732453,35.813627999999994],[-78.732396,35.813703],[-78.732651,35.81394700000001],[-78.732561,35.814426999999995],[-78.733458,35.814532],[-78.733812,35.81481599999999],[-78.733924,35.81655000000001],[-78.734791,35.817178999999996],[-78.735144,35.81729599999999],[-78.73546,35.817233],[-78.735291,35.81755199999999],[-78.735685,35.817853],[-78.734845,35.81839],[-78.73372,35.818495],[-78.733445,35.818672],[-78.732752,35.81882],[-78.732703,35.81929300000001],[-78.73298,35.819414],[-78.733212,35.819359999999996],[-78.733347,35.81947499999999],[-78.733199,35.81938799999998],[-78.73297000000001,35.819545],[-78.732588,35.81957899999999],[-78.732503,35.820339999999995],[-78.731919,35.820893],[-78.731693,35.820998],[-78.731491,35.821405999999996],[-78.730963,35.821832],[-78.731301,35.822468],[-78.731582,35.822645],[-78.73171,35.822850999999986],[-78.731739,35.823544999999996],[-78.731633,35.823934],[-78.731817,35.824130999999994],[-78.732498,35.824356],[-78.732729,35.82422199999999],[-78.732904,35.82441399999999],[-78.733484,35.82423699999999],[-78.734073,35.824258],[-78.734342,35.824394],[-78.734357,35.824523],[-78.733554,35.824865],[-78.733529,35.82522299999999],[-78.733371,35.82520300000001],[-78.733237,35.825041999999996],[-78.732198,35.824797999999994],[-78.73213900000002,35.82461399999999],[-78.732071,35.824747],[-78.731479,35.824672],[-78.73108,35.82475099999999],[-78.731235,35.82483900000001],[-78.731167,35.824994000000004],[-78.731278,35.825272],[-78.73095,35.825784],[-78.73089,35.826135],[-78.731057,35.82635],[-78.731293,35.826460999999995],[-78.731481,35.827147999999994],[-78.731039,35.826838],[-78.730895,35.826823999999995],[-78.73073,35.827137],[-78.730697,35.827765],[-78.730316,35.827464],[-78.730109,35.827574999999996],[-78.729864,35.82758099999999],[-78.729569,35.827829],[-78.729416,35.8285],[-78.729206,35.828309999999995],[-78.728943,35.828230999999995],[-78.72825,35.82876400000001],[-78.727733,35.828907],[-78.727438,35.829111],[-78.725536,35.828856],[-78.7255,35.828654],[-78.725169,35.828226],[-78.725088,35.82766199999998],[-78.724663,35.82742799999999],[-78.72452100000001,35.827212],[-78.724528,35.827113000000004],[-78.724993,35.827006999999995],[-78.72501,35.826418000000004],[-78.725574,35.826819],[-78.726382,35.826223999999996],[-78.72654,35.825939]]],[[[-78.73808000000001,35.857707],[-78.737173,35.857738],[-78.73664100000002,35.857634999999995],[-78.736405,35.857834000000004],[-78.735992,35.85790899999998],[-78.735671,35.857686],[-78.73504400000002,35.85746399999999],[-78.733521,35.857042],[-78.73314,35.857035],[-78.732632,35.856892],[-78.731771,35.856258999999994],[-78.73167000000001,35.85606500000001],[-78.731684,35.85421],[-78.731524,35.85390700000001],[-78.730798,35.853971],[-78.729004,35.854414000000006],[-78.727769,35.853706],[-78.725983,35.85325599999999],[-78.725849,35.853088],[-78.725847,35.852759],[-78.726259,35.852357999999995],[-78.726251,35.851897],[-78.72672,35.85158399999999],[-78.726798,35.851113000000005],[-78.72679,35.850868],[-78.726659,35.85073799999999],[-78.726274,35.850652999999994],[-78.726195,35.85053799999999],[-78.726445,35.850034],[-78.726004,35.85001799999999],[-78.725658,35.84958900000001],[-78.725894,35.849275],[-78.725821,35.84854099999999],[-78.726208,35.84833900000002],[-78.726067,35.847876],[-78.725526,35.847477],[-78.72537900000002,35.847856],[-78.725059,35.848026000000004],[-78.723507,35.848197],[-78.72303700000002,35.84836399999999],[-78.722995,35.848603],[-78.723689,35.850699000000006],[-78.723539,35.85103800000001],[-78.723066,35.85151299999999],[-78.722949,35.851841999999984],[-78.72313,35.85195800000001],[-78.724442,35.85209599999999],[-78.724944,35.85343699999999],[-78.724847,35.85426799999999],[-78.724643,35.854693000000005],[-78.723664,35.854831000000004],[-78.723231,35.855017],[-78.722716,35.85492],[-78.722701,35.85550999999999],[-78.72300000000001,35.855760999999994],[-78.72302,35.856119],[-78.724016,35.85637],[-78.725015,35.856869999999994],[-78.725539,35.857037],[-78.72582,35.857241],[-78.725995,35.85767799999999],[-78.726288,35.857832],[-78.726152,35.858093],[-78.725698,35.85850899999999],[-78.725565,35.859034],[-78.725035,35.85982099999998],[-78.724942,35.861515],[-78.72558,35.86168200000001],[-78.726401,35.862166],[-78.726603,35.862658],[-78.727351,35.862775],[-78.727711,35.863057],[-78.727958,35.86308499999999],[-78.72864,35.863456000000006],[-78.729503,35.864090999999995],[-78.730282,35.86440999999999],[-78.730821,35.864805],[-78.731162,35.864859],[-78.731353,35.864986],[-78.731468,35.86537599999999],[-78.731368,35.86604699999999],[-78.731198,35.866366],[-78.731267,35.86772599999999],[-78.731553,35.868387999999996],[-78.731708,35.86849699999999],[-78.731899,35.869317],[-78.732254,35.86939499999999],[-78.731996,35.869619],[-78.731809,35.86935],[-78.731648,35.868807],[-78.731183,35.868075],[-78.731078,35.86642599999999],[-78.731287,35.865611],[-78.731315,35.86514799999999],[-78.731212,35.864989],[-78.730746,35.864915999999994],[-78.730199,35.864578],[-78.729693,35.864432],[-78.728491,35.86357900000001],[-78.72748,35.86311200000001],[-78.727301,35.862931],[-78.726499,35.86275400000001],[-78.726373,35.862311999999996],[-78.726142,35.862247],[-78.725548,35.861831999999985],[-78.725275,35.86213999999999],[-78.725258,35.86277799999999],[-78.725102,35.86306600000001],[-78.725266,35.863544],[-78.725199,35.86433999999999],[-78.724928,35.864743999999995],[-78.724759,35.86525499999999],[-78.724292,35.86537599999999],[-78.72373,35.865745999999994],[-78.723498,35.866037000000006],[-78.723346,35.86651700000001],[-78.723457,35.867394],[-78.723665,35.867527],[-78.723693,35.86768899999999],[-78.723217,35.86809],[-78.72338,35.868603],[-78.722977,35.87008599999999],[-78.722889,35.870002],[-78.723272,35.86860999999998],[-78.723133,35.86805999999999],[-78.72357,35.867619],[-78.723357,35.86741599999999],[-78.723215,35.86672200000002],[-78.723385,35.866051000000006],[-78.72356,35.86578899999999],[-78.724022,35.865413],[-78.724692,35.86517299999999],[-78.724862,35.864609],[-78.725139,35.86419300000001],[-78.725049,35.862965],[-78.725176,35.862726],[-78.725197,35.862099999999984],[-78.725417,35.861814],[-78.724757,35.861699],[-78.72462,35.861573],[-78.724745,35.861142],[-78.724772,35.85980500000001],[-78.72511900000002,35.858913],[-78.72593,35.857896],[-78.72552,35.857268999999995],[-78.72489,35.85706],[-78.724125,35.85661],[-78.72276,35.856244999999994],[-78.722673,35.855792],[-78.722438,35.855640999999984],[-78.722463,35.854771],[-78.722754,35.854691],[-78.723121,35.85480100000001],[-78.723566,35.854615],[-78.724436,35.854537],[-78.724673,35.85405199999999],[-78.724716,35.853379999999994],[-78.724152,35.85231],[-78.722892,35.852118999999995],[-78.722755,35.85195199999999],[-78.722973,35.851353],[-78.723406,35.850928999999994],[-78.723503,35.85068999999999],[-78.722854,35.84858299999999],[-78.722877,35.848383000000005],[-78.723285,35.84812899999999],[-78.724885,35.847901],[-78.72520500000002,35.847683],[-78.725353,35.84736099999998],[-78.725332,35.846320999999996],[-78.724839,35.845614999999995],[-78.724569,35.845758999999994],[-78.72455,35.845629],[-78.724454,35.84562999999999],[-78.72442700000002,35.84573799999999],[-78.724192,35.845875],[-78.723746,35.845963],[-78.722578,35.845977999999995],[-78.720966,35.845387],[-78.719766,35.845172000000005],[-78.71873,35.84509099999999],[-78.717079,35.843988],[-78.716805,35.84391299999999],[-78.716182,35.84403799999998],[-78.715852,35.844646000000004],[-78.715638,35.84548199999999],[-78.715443,35.845677999999985],[-78.715099,35.84584099999999],[-78.71446700000001,35.84576899999998],[-78.71258,35.845128],[-78.711886,35.84500100000001],[-78.710645,35.843913],[-78.710005,35.84267799999999],[-78.709738,35.842355],[-78.707916,35.841199],[-78.70735700000002,35.841023],[-78.706655,35.84105900000001],[-78.705463,35.841352],[-78.70134,35.842107999999996],[-78.700453,35.842052],[-78.700049,35.84211],[-78.69943400000001,35.84252299999999],[-78.697809,35.844645],[-78.696866,35.84545599999999],[-78.696323,35.845717],[-78.694699,35.84573900000001],[-78.692076,35.84510999999999],[-78.689216,35.845205],[-78.688611,35.845071999999995],[-78.68812,35.846001],[-78.68942700000001,35.84686899999999],[-78.689568,35.84736199999999],[-78.68946,35.848301],[-78.68899,35.849208],[-78.688668,35.84959],[-78.688667,35.84987499999999],[-78.68896,35.85016799999999],[-78.690393,35.85098099999999],[-78.690464,35.851124999999996],[-78.690556,35.85205299999999],[-78.69032,35.85258400000001],[-78.690336,35.85338],[-78.690076,35.85398],[-78.689971,35.853799],[-78.690102,35.85326799999999],[-78.690097,35.852661],[-78.690379,35.852115999999995],[-78.690265,35.85107599999999],[-78.688828,35.850306999999994],[-78.688262,35.849731999999996],[-78.689211,35.84823899999999],[-78.689314,35.84736699999999],[-78.68926,35.847],[-78.689111,35.846832],[-78.687961,35.84608300000001],[-78.688381,35.84499000000001],[-78.687237,35.844675],[-78.686451,35.844352],[-78.68558,35.844157999999986],[-78.685259,35.843973000000005],[-78.684921,35.84365],[-78.6846,35.843121999999994],[-78.684103,35.841735],[-78.683927,35.841558],[-78.680948,35.83953400000001],[-78.679057,35.83842599999999],[-78.67881000000001,35.83800099999999],[-78.677217,35.83722300000001],[-78.675526,35.836847999999996],[-78.675149,35.836845],[-78.674707,35.83712100000002],[-78.674249,35.837994],[-78.673731,35.838328],[-78.67229,35.83818800000001],[-78.671684,35.83830999999999],[-78.671019,35.83858899999999],[-78.670231,35.839262],[-78.668677,35.839643],[-78.668444,35.83956400000001],[-78.668092,35.83914899999999],[-78.666786,35.838554],[-78.665365,35.83831200000001],[-78.663939,35.838428],[-78.663715,35.83904599999999],[-78.663757,35.839162],[-78.664052,35.83925800000001],[-78.664098,35.839420999999994],[-78.663868,35.840333],[-78.663365,35.840822],[-78.66259,35.841238],[-78.662099,35.84139],[-78.66207,35.841514999999994],[-78.662362,35.841702],[-78.662404,35.841846],[-78.662156,35.84208199999999],[-78.662182,35.84226],[-78.662015,35.842344000000004],[-78.661941,35.842121],[-78.662151,35.841829],[-78.66181,35.841607999999994],[-78.66186,35.841362000000004],[-78.66308,35.840849000000006],[-78.663736,35.840356],[-78.663962,35.839429],[-78.663597,35.839148],[-78.663759,35.83844700000001],[-78.663182,35.838433],[-78.66242800000002,35.838015000000006],[-78.661854,35.83746899999999],[-78.661356,35.836734],[-78.661325,35.836547],[-78.660129,35.835245999999984],[-78.657857,35.83413000000001],[-78.657073,35.83343299999999],[-78.656943,35.833535],[-78.656043,35.832919],[-78.654977,35.831868],[-78.654719,35.8314],[-78.65463400000002,35.830420000000004],[-78.654755,35.829995000000004],[-78.655263,35.8293],[-78.655337,35.82869699999999],[-78.655138,35.828394],[-78.653898,35.828112],[-78.651597,35.82803700000001],[-78.650505,35.827838],[-78.650008,35.827437999999994],[-78.649158,35.82623],[-78.647796,35.825860999999996],[-78.645714,35.824059999999996],[-78.644899,35.823961],[-78.644083,35.823698],[-78.641693,35.82247699999999],[-78.63985700000002,35.822548],[-78.63857,35.822275000000005],[-78.63848,35.82249199999999],[-78.6386,35.822990999999995],[-78.638382,35.823676],[-78.63811,35.824098000000006],[-78.637354,35.82450800000001],[-78.63656,35.82470599999999],[-78.636232,35.824698999999995],[-78.635823,35.824419999999996],[-78.63562,35.82414299999999],[-78.634563,35.821859],[-78.634009,35.821443],[-78.632993,35.820446],[-78.632404,35.82007999999998],[-78.630945,35.81958499999999],[-78.629091,35.818375],[-78.62911,35.82018399999999],[-78.629591,35.82095],[-78.629919,35.822486],[-78.62941800000002,35.823811],[-78.628822,35.824735],[-78.628702,35.825514],[-78.62883,35.82578899999999],[-78.630441,35.827653999999995],[-78.630495,35.82797200000001],[-78.630259,35.828790999999995],[-78.630032,35.82899799999999],[-78.62946,35.829242],[-78.62928,35.82945300000001],[-78.629085,35.829842000000006],[-78.628983,35.83046699999999],[-78.628888,35.829921],[-78.629018,35.82949500000001],[-78.629375,35.82911800000001],[-78.630055,35.828762000000005],[-78.630349,35.828189],[-78.630244,35.827981],[-78.629666,35.827512999999996],[-78.629607,35.827169999999995],[-78.62824500000002,35.825428],[-78.62839,35.82457099999999],[-78.629055,35.823933000000004],[-78.629638,35.822218],[-78.62941800000002,35.820891],[-78.628951,35.820184],[-78.628944,35.818253],[-78.628633,35.818059],[-78.628589,35.81791599999998],[-78.628148,35.817607],[-78.627129,35.817176999999994],[-78.625429,35.81738699999998],[-78.624937,35.81731800000001],[-78.624728,35.817166],[-78.624059,35.81626399999999],[-78.623514,35.81591799999999],[-78.621967,35.81511999999999],[-78.620037,35.81435499999999],[-78.619815,35.814341],[-78.61978,35.814117],[-78.619528,35.814029000000005],[-78.619272,35.814143],[-78.618732,35.813984000000005],[-78.618194,35.81409299999999],[-78.617623,35.81389200000001],[-78.617249,35.814010999999994],[-78.616878,35.814245],[-78.616427,35.815119],[-78.61607,35.815438999999984],[-78.614284,35.814975999999994],[-78.610783,35.814921999999996],[-78.610182,35.81472600000001],[-78.60997,35.814471],[-78.609996,35.814272999999986],[-78.610948,35.812483],[-78.611331,35.811150000000005],[-78.61070200000002,35.81054999999999],[-78.610571,35.81027999999999],[-78.608627,35.809781],[-78.608259,35.80944100000001],[-78.607883,35.808779],[-78.607381,35.80648099999999],[-78.607513,35.80608900000001],[-78.608202,35.80495],[-78.608299,35.804497],[-78.608182,35.80422299999999],[-78.607787,35.804097000000006],[-78.60686,35.804990000000004],[-78.606679,35.80534600000001],[-78.60427,35.80658000000001],[-78.603728,35.806641],[-78.603161,35.806489000000006],[-78.601839,35.80565699999999],[-78.599408,35.803828],[-78.599272,35.803533],[-78.598926,35.80348099999999],[-78.5982,35.80297900000001],[-78.596365,35.80079099999998],[-78.59414,35.798365],[-78.592889,35.79717099999999],[-78.591744,35.797515],[-78.591354,35.797714],[-78.590661,35.79890400000001],[-78.590668,35.799848],[-78.59085,35.80053300000001],[-78.592174,35.801765],[-78.59237,35.80225999999999],[-78.59231,35.802741999999995],[-78.591599,35.804628],[-78.591662,35.805607],[-78.591487,35.80628],[-78.591863,35.806783],[-78.592807,35.807334000000004],[-78.592909,35.807479],[-78.593115,35.80980399999999],[-78.592326,35.81176000000001],[-78.59250400000002,35.812153999999985],[-78.593519,35.81302900000001],[-78.593621,35.81327799999998],[-78.593471,35.81407500000001],[-78.59319800000002,35.81469099999999],[-78.593047,35.816501],[-78.593716,35.81797699999999],[-78.59377,35.819365000000005],[-78.593978,35.819686],[-78.594457,35.819815],[-78.594533,35.820024],[-78.595604,35.82101599999999],[-78.596626,35.823131],[-78.59737,35.82515899999999],[-78.597622,35.826189],[-78.597764,35.82735799999999],[-78.59849,35.829213],[-78.59873,35.830282999999994],[-78.598702,35.830961999999985],[-78.598868,35.83104399999999],[-78.598894,35.83186299999999],[-78.598805,35.83295300000001],[-78.598393,35.83462200000001],[-78.598071,35.835185],[-78.597957,35.836801],[-78.597738,35.837491],[-78.597747,35.837856],[-78.598234,35.84143799999999],[-78.599096,35.843404],[-78.599304,35.84443099999999],[-78.599882,35.845386999999995],[-78.600178,35.846483],[-78.599881,35.84884699999999],[-78.599639,35.849423],[-78.5996,35.84982399999999],[-78.59970000000001,35.85052099999999],[-78.600136,35.85121199999999],[-78.600072,35.85139499999999],[-78.599457,35.850605],[-78.59919,35.849799],[-78.599213,35.849465],[-78.599681,35.848431000000005],[-78.599945,35.846952],[-78.599759,35.845646],[-78.597367,35.841266],[-78.596743,35.841602],[-78.596613,35.841979],[-78.596428,35.84217499999998],[-78.596412,35.84242599999999],[-78.596224,35.84249500000001],[-78.596442,35.842777],[-78.59612,35.843451],[-78.595644,35.84412299999999],[-78.595272,35.84438],[-78.595085,35.84470699999999],[-78.594897,35.844832000000004],[-78.595034,35.84512799999999],[-78.594752,35.845742],[-78.594794,35.846101000000004],[-78.594554,35.84629],[-78.594643,35.846511],[-78.594274,35.847143],[-78.594226,35.84751399999999],[-78.593713,35.84771299999999],[-78.59381,35.848159999999986],[-78.594465,35.848148],[-78.594788,35.84823899999999],[-78.594577,35.849244999999996],[-78.594649,35.849513],[-78.59454,35.849996],[-78.594637,35.850086],[-78.594432,35.850275999999994],[-78.594598,35.85122700000001],[-78.594244,35.852092],[-78.594472,35.853692999999986],[-78.594338,35.85427800000001],[-78.594244,35.854266],[-78.594306,35.853815000000004],[-78.59406600000001,35.852506999999996],[-78.593574,35.85175199999998],[-78.593551,35.851448],[-78.593294,35.851361999999995],[-78.593145,35.85094999999999],[-78.593628,35.85019900000001],[-78.593397,35.849801000000014],[-78.593453,35.848867],[-78.593351,35.848553],[-78.593469,35.84835999999999],[-78.593369,35.848266],[-78.593508,35.84806399999999],[-78.593567,35.847669],[-78.59406,35.847485000000006],[-78.594141,35.847107],[-78.5943,35.84703199999999],[-78.594423,35.84607900000001],[-78.594239,35.84555100000001],[-78.594637,35.844661],[-78.595221,35.84386200000001],[-78.5953,35.843314],[-78.595208,35.8429],[-78.59579800000002,35.842395999999994],[-78.596098,35.84239900000001],[-78.5961,35.842172],[-78.59623200000001,35.842245],[-78.596395,35.842121999999996],[-78.59669,35.841372],[-78.597303,35.841108999999996],[-78.597208,35.840321999999986],[-78.597519,35.838803],[-78.59744000000002,35.837653],[-78.597681,35.836896999999986],[-78.597752,35.83523499999999],[-78.59817900000002,35.834627000000005],[-78.59817,35.833952],[-78.598301,35.83343399999998],[-78.598324,35.83103800000001],[-78.598618,35.830926],[-78.59818700000001,35.830448000000004],[-78.597095,35.827496],[-78.596247,35.825809],[-78.595626,35.823727],[-78.594599,35.821895999999995],[-78.593865,35.822927],[-78.593775,35.823203],[-78.59393500000002,35.823353],[-78.593529,35.82383500000001],[-78.593544,35.824026],[-78.593063,35.824986],[-78.592885,35.825816],[-78.592403,35.826906],[-78.592061,35.827089],[-78.591558,35.82775299999999],[-78.591475,35.82839599999999],[-78.59121,35.82920599999999],[-78.590878,35.829735],[-78.590717,35.830297],[-78.59032,35.83071699999999],[-78.59021,35.831709],[-78.589957,35.83219999999999],[-78.589999,35.832488999999995],[-78.589685,35.833401999999985],[-78.589134,35.834340999999995],[-78.588949,35.83541],[-78.588037,35.836523],[-78.588345,35.837434],[-78.58802,35.83739099999999],[-78.587818,35.83747199999999],[-78.587514,35.837841],[-78.58695,35.838232],[-78.587016,35.83839799999999],[-78.586812,35.838853],[-78.586252,35.839436],[-78.586296,35.839743999999996],[-78.58604900000002,35.84009300000001],[-78.585737,35.841480999999995],[-78.585457,35.841995999999995],[-78.584656,35.842730999999986],[-78.584452,35.843375],[-78.584312,35.84346699999999],[-78.584378,35.843604],[-78.585392,35.844011],[-78.5852,35.84466799999999],[-78.58487800000002,35.844832000000004],[-78.584746,35.845017],[-78.584551,35.845037999999995],[-78.584778,35.84579699999999],[-78.584326,35.845856999999995],[-78.583173,35.845559],[-78.583124,35.84528399999999],[-78.583181,35.845174],[-78.583694,35.845226],[-78.584248,35.84493500000001],[-78.584333,35.84411999999999],[-78.584135,35.843728999999996],[-78.584199,35.84324799999999],[-78.584429,35.84278799999999],[-78.585348,35.841912],[-78.585626,35.841315],[-78.58570900000001,35.840904],[-78.585644,35.84023],[-78.585534,35.84000999999999],[-78.585565,35.839661000000014],[-78.585368,35.839288],[-78.585518,35.839295],[-78.585489,35.839097],[-78.58570900000001,35.839031999999996],[-78.586022,35.83859],[-78.585825,35.838190000000004],[-78.585884,35.838032],[-78.586346,35.837292],[-78.587049,35.836918999999995],[-78.587466,35.836906000000006],[-78.58814,35.83706],[-78.587889,35.83643],[-78.588247,35.835768],[-78.588779,35.83537199999999],[-78.588885,35.83511699999999],[-78.588553,35.83388299999999],[-78.58864,35.833372],[-78.588975,35.832730999999995],[-78.589506,35.832294000000005],[-78.589856,35.83221],[-78.590005,35.831859],[-78.590053,35.830745],[-78.590508,35.830087999999996],[-78.590827,35.829370999999995],[-78.591069,35.828404000000006],[-78.591036,35.827956],[-78.590911,35.827712000000005],[-78.591849,35.82695799999999],[-78.59181400000001,35.826768],[-78.592097,35.825988],[-78.59215,35.824558],[-78.592286,35.823845],[-78.592658,35.82350799999999],[-78.592723,35.82330999999999],[-78.59263,35.823076],[-78.593448,35.82312400000001],[-78.593834,35.822423],[-78.594223,35.821268999999994],[-78.593558,35.820319999999995],[-78.593627,35.819688],[-78.592916,35.81872899999999],[-78.592606,35.817772],[-78.592412,35.816384000000006],[-78.592585,35.814821],[-78.592817,35.81411200000001],[-78.59220300000001,35.812561],[-78.5921,35.811764999999994],[-78.59184,35.811063999999995],[-78.592213,35.809763],[-78.592208,35.809379],[-78.591902,35.808314],[-78.590839,35.806238],[-78.59093,35.80468699999999],[-78.591266,35.803715],[-78.591191,35.802261],[-78.590619,35.80115299999999],[-78.59062,35.79952299999999],[-78.590348,35.799132],[-78.590224,35.798438999999995],[-78.590822,35.796155],[-78.590814,35.795057],[-78.590952,35.794836],[-78.591663,35.79456],[-78.591872,35.794127],[-78.591053,35.791851],[-78.590719,35.791556],[-78.590233,35.791419000000005],[-78.588615,35.79181900000001],[-78.587569,35.79142499999999],[-78.585749,35.79123900000001],[-78.584347,35.790967],[-78.583509,35.790887999999995],[-78.581181,35.79094],[-78.579022,35.79073999999999],[-78.578332,35.79043699999998],[-78.57808,35.79008300000001],[-78.577874,35.789281],[-78.578074,35.789010999999995],[-78.578007,35.78830399999999],[-78.578178,35.787749999999996],[-78.57796,35.786944000000005],[-78.57804,35.78578000000001],[-78.577242,35.784375],[-78.577132,35.78304],[-78.576891,35.782851],[-78.574208,35.78245999999999],[-78.57359,35.782725],[-78.572471,35.782823],[-78.572036,35.78298599999999],[-78.570337,35.78312799999999],[-78.569252,35.78283199999999],[-78.565854,35.783758000000006],[-78.564674,35.783879],[-78.562994,35.783758],[-78.56208,35.78357299999999],[-78.561445,35.783329],[-78.561037,35.782692999999995],[-78.559361,35.78060599999999],[-78.557625,35.77868900000001],[-78.556557,35.77776300000001],[-78.554775,35.77754699999999],[-78.554087,35.77757],[-78.553627,35.777719000000005],[-78.552915,35.778281],[-78.552512,35.77838],[-78.550653,35.777263999999995],[-78.550073,35.776589],[-78.549844,35.77605700000001],[-78.549158,35.774995],[-78.547698,35.774263],[-78.546777,35.77325600000001],[-78.546567,35.77297599999999],[-78.546645,35.77265700000001],[-78.546265,35.77188800000001],[-78.545547,35.771771],[-78.54524500000001,35.77162300000001],[-78.5436,35.769821],[-78.543308,35.769379],[-78.542815,35.768209999999996],[-78.542151,35.767391],[-78.541653,35.766902],[-78.54136,35.766765],[-78.540276,35.766819],[-78.540002,35.767025],[-78.539758,35.768589],[-78.539636,35.770973],[-78.539846,35.772319],[-78.540482,35.773599],[-78.539544,35.77596599999998],[-78.539097,35.77652],[-78.538738,35.777169],[-78.538042,35.780039],[-78.53787700000001,35.781205],[-78.537792,35.783194],[-78.537361,35.786133],[-78.537274,35.78850499999999],[-78.537378,35.78926100000001],[-78.537737,35.790476999999996],[-78.538451,35.79169900000001],[-78.53994,35.79335],[-78.542486,35.795343],[-78.542655,35.795649],[-78.542676,35.796158999999996],[-78.5424,35.797284],[-78.541407,35.798945999999994],[-78.541083,35.79970399999999],[-78.539994,35.800453],[-78.538935,35.801494999999996],[-78.538797,35.80173200000001],[-78.538738,35.802116000000005],[-78.539039,35.80356900000001],[-78.539077,35.80425199999999],[-78.538857,35.80495399999999],[-78.538336,35.80602],[-78.537547,35.80729600000001],[-78.53673,35.808214],[-78.535518,35.80937500000001],[-78.5343873988009,35.81019886365509],[-78.53328411674026,35.809246615352166],[-78.534329,35.808607],[-78.535549,35.807449999999996],[-78.536278,35.80661799999999],[-78.537536,35.804813999999986],[-78.537745,35.804016],[-78.537433,35.80243899999999],[-78.537447,35.80166400000001],[-78.539461,35.79829999999999],[-78.540505,35.797168],[-78.54074,35.796722],[-78.540938,35.795955],[-78.540902,35.795503999999994],[-78.540343,35.79465499999999],[-78.538785,35.79397],[-78.538375,35.793536],[-78.537157,35.79256],[-78.535154,35.790582],[-78.534498,35.789556000000005],[-78.534344,35.78889499999999],[-78.534442,35.788205999999995],[-78.535106,35.78696799999999],[-78.535471,35.785875999999995],[-78.536229,35.782219999999995],[-78.536465,35.78039600000001],[-78.536929,35.778676000000004],[-78.53724,35.77680200000001],[-78.537516,35.776252],[-78.538638,35.77488000000001],[-78.539231,35.773849999999996],[-78.539316,35.773522],[-78.538706,35.77224499999999],[-78.538468,35.77142500000001],[-78.538033,35.77217499999999],[-78.536918,35.772519],[-78.536212,35.773018],[-78.53544900000001,35.77305700000001],[-78.535023,35.77340199999999],[-78.534653,35.77327299999999],[-78.534409,35.77296],[-78.534142,35.772924],[-78.533927,35.77304500000001],[-78.533662,35.77353600000001],[-78.533287,35.773772],[-78.53137300000002,35.773939],[-78.52985691567513,35.77433012966431],[-78.53014468153953,35.77379633973857],[-78.531332,35.77352899999999],[-78.533454,35.773418],[-78.533778,35.772911],[-78.533951,35.77284099999999],[-78.534396,35.77282499999998],[-78.534876,35.77305700000001],[-78.535249,35.772785999999996],[-78.536061,35.77282],[-78.536463,35.772474999999986],[-78.537505,35.77188],[-78.538385,35.77085700000001],[-78.538385,35.768791],[-78.538778,35.766003],[-78.538748,35.763208],[-78.538496,35.76215299999999],[-78.538014,35.76143400000001],[-78.537724,35.76126],[-78.535532,35.760539],[-78.534401,35.75990300000001],[-78.53354900000001,35.75907800000001],[-78.532837,35.758132999999994],[-78.53206,35.75642000000001],[-78.531618,35.75516199999999],[-78.531173,35.752587],[-78.53050500000002,35.75009699999999],[-78.52998,35.748616],[-78.529347,35.747308999999994],[-78.527846,35.745042],[-78.52693271770129,35.74345975408415],[-78.52736307122018,35.74287949842264],[-78.52796058926518,35.742185731354255],[-78.529045,35.744299],[-78.530992,35.74709000000001],[-78.531706,35.748347],[-78.531921,35.748811999999994],[-78.532342,35.750503],[-78.532556,35.750645],[-78.53284900000001,35.750667],[-78.533293,35.75054600000001],[-78.533774,35.749513],[-78.534265,35.749126],[-78.535241,35.749221000000006],[-78.537002,35.74823],[-78.538398,35.748044],[-78.53933,35.747766999999996],[-78.541892,35.74797],[-78.542503,35.748529999999995],[-78.543098,35.748826],[-78.543596,35.749327999999984],[-78.544305,35.74958900000001],[-78.546587,35.74954699999999],[-78.549254,35.749736999999996],[-78.550098,35.749545999999995],[-78.550486,35.74919],[-78.551032,35.748884],[-78.551416,35.748808],[-78.552373,35.748929],[-78.552673,35.74889],[-78.554405,35.74831],[-78.555467,35.748312999999996],[-78.556327,35.74819],[-78.556953,35.747933],[-78.557376,35.74761899999999],[-78.558119,35.747404],[-78.558904,35.747495999999984],[-78.559315,35.74771899999999],[-78.559813,35.747843],[-78.560157,35.747736999999994],[-78.561084,35.746789],[-78.561584,35.746499],[-78.562139,35.746370000000006],[-78.563312,35.746416999999994],[-78.564293,35.746707],[-78.56508300000002,35.746653],[-78.566747,35.745643],[-78.567547,35.74540900000001],[-78.568179,35.745082000000004],[-78.5684,35.744690999999996],[-78.568683,35.744507999999996],[-78.568782,35.744245],[-78.568401,35.74146100000001],[-78.569115,35.73962099999999],[-78.569062,35.73900900000001],[-78.569404,35.738626],[-78.56927,35.737916999999996],[-78.569701,35.737229000000006],[-78.569384,35.736517],[-78.568716,35.732867999999996],[-78.56759765582774,35.728926087318975],[-78.56788693668491,35.72912228449871],[-78.56849513528573,35.72812248335761],[-78.568857,35.729907],[-78.569692,35.73265199999999],[-78.570335,35.73625700000001],[-78.57080500000001,35.737231],[-78.570721,35.737687999999984],[-78.570771,35.738296],[-78.57055,35.738927999999994],[-78.570791,35.739689000000006],[-78.571775,35.739703],[-78.572211,35.739461],[-78.572902,35.73925799999999],[-78.573504,35.739254],[-78.573914,35.73904799999999],[-78.574074,35.73867],[-78.57443,35.73826799999999],[-78.574654,35.73815100000001],[-78.575509,35.738253],[-78.576477,35.738087],[-78.57687100000001,35.737934],[-78.57816300000002,35.73788],[-78.579108,35.737354],[-78.579873,35.737351999999994],[-78.581024,35.737182],[-78.581449,35.736624],[-78.582549,35.73639999999999],[-78.582924,35.73607599999999],[-78.58335,35.735889],[-78.583573,35.735443],[-78.583612,35.735179],[-78.583499,35.734842],[-78.583554,35.733457],[-78.583924,35.73277499999999],[-78.584266,35.73246899999999],[-78.584452,35.732116000000005],[-78.584887,35.731775999999996],[-78.585622,35.731408],[-78.586606,35.731252000000005],[-78.586677,35.731460999999996],[-78.586494,35.73153],[-78.585478,35.732434999999995],[-78.584859,35.733427],[-78.58461800000002,35.73394100000001],[-78.584372,35.73551400000001],[-78.583988,35.736097],[-78.584342,35.736387],[-78.58477,35.736305],[-78.585563,35.73690799999999],[-78.585889,35.737422],[-78.586811,35.737968],[-78.589308,35.738099],[-78.589403,35.738220999999996],[-78.587511,35.738389],[-78.586938,35.738573],[-78.58655,35.738504000000006],[-78.585606,35.737975999999996],[-78.58533,35.737609],[-78.584373,35.737521],[-78.58383,35.73731800000001],[-78.583664,35.737097],[-78.582526,35.73701799999999],[-78.581746,35.737362999999995],[-78.581274,35.737984],[-78.579955,35.73805],[-78.579431,35.7384],[-78.579301,35.73858299999999],[-78.578837,35.738783999999995],[-78.577793,35.73883599999999],[-78.577313,35.738738999999995],[-78.575744,35.739234],[-78.575144,35.739205],[-78.574962,35.73942000000001],[-78.574648,35.73956299999999],[-78.57457600000001,35.739836],[-78.574198,35.739989],[-78.572404,35.740471],[-78.571994,35.740678],[-78.570884,35.740495],[-78.57034,35.741091],[-78.57017,35.74206900000001],[-78.570359,35.74277699999999],[-78.570085,35.74325699999999],[-78.570533,35.744511],[-78.570239,35.74520499999999],[-78.570751,35.745342],[-78.57149700000001,35.745722],[-78.57162400000001,35.746139],[-78.572142,35.74614799999999],[-78.57272,35.746435999999996],[-78.573473,35.747006],[-78.573627,35.747484],[-78.573633,35.747899],[-78.573399,35.74906399999999],[-78.574104,35.75083000000001],[-78.574758,35.751093999999995],[-78.575405,35.75173399999999],[-78.575067,35.75244],[-78.575035,35.75277400000001],[-78.575186,35.753018999999995],[-78.576143,35.75324200000001],[-78.577003,35.753225],[-78.577219,35.75329599999999],[-78.577369,35.75347],[-78.577475,35.753685000000004],[-78.57747300000001,35.754078],[-78.57729,35.754669],[-78.57772,35.75625099999999],[-78.577598,35.756566],[-78.57747300000001,35.756571],[-78.57707,35.75691700000001],[-78.57700000000001,35.75668499999998],[-78.577063,35.756333000000005],[-78.576753,35.75556999999999],[-78.574458,35.753149],[-78.57417,35.752723],[-78.574127,35.752399999999994],[-78.573175,35.751639000000004],[-78.571832,35.750046],[-78.571746,35.74961699999999],[-78.572039,35.749053],[-78.571788,35.748371999999996],[-78.571903,35.74775600000001],[-78.571494,35.747519999999994],[-78.56906700000002,35.74683100000001],[-78.568205,35.74672499999999],[-78.567882,35.746841],[-78.567089,35.747411],[-78.565771,35.747714],[-78.565096,35.747702],[-78.564517,35.747552],[-78.563851,35.74795700000001],[-78.563674,35.748250000000006],[-78.56281,35.748984],[-78.561753,35.749624],[-78.561217,35.749823],[-78.560672,35.749821000000004],[-78.559123,35.749106999999995],[-78.558783,35.74907400000001],[-78.55813,35.74934600000001],[-78.55715200000002,35.750101],[-78.556766,35.750215999999995],[-78.55594,35.750111],[-78.555212,35.750136999999995],[-78.554426,35.75027500000001],[-78.553573,35.750567000000004],[-78.552932,35.751301999999995],[-78.552229,35.751549999999995],[-78.55160600000002,35.75150300000001],[-78.55108,35.75135999999999],[-78.550419,35.75143799999999],[-78.549911,35.75166299999999],[-78.549258,35.75181200000001],[-78.548242,35.751907],[-78.544662,35.751614999999994],[-78.543453,35.751245000000004],[-78.541888,35.750166],[-78.53983000000001,35.749571999999986],[-78.538899,35.74948299999999],[-78.536961,35.74988700000001],[-78.536018,35.74998699999999],[-78.535312,35.749905],[-78.534601,35.749465],[-78.534464,35.749466],[-78.534144,35.749827],[-78.533894,35.750811999999996],[-78.533663,35.750945],[-78.532653,35.751179],[-78.532461,35.751339],[-78.532829,35.75447],[-78.53342,35.756287],[-78.534392,35.75820999999999],[-78.535584,35.75937699999999],[-78.538373,35.76032299999999],[-78.539002,35.760721],[-78.539316,35.76106799999999],[-78.539604,35.761505],[-78.540011,35.762604],[-78.540138,35.76365400000001],[-78.540118,35.765899],[-78.540188,35.766028],[-78.540498,35.766211],[-78.541664,35.766448],[-78.542214,35.766878999999996],[-78.543131,35.76801400000001],[-78.543635,35.769037],[-78.545183,35.771010999999994],[-78.545727,35.771311],[-78.546795,35.771439],[-78.54709800000002,35.77155900000001],[-78.547242,35.77235799999999],[-78.547496,35.772669],[-78.547719,35.773403],[-78.54918200000002,35.77457799999999],[-78.549882,35.775019999999984],[-78.550657,35.77644999999999],[-78.551325,35.77731699999999],[-78.5525,35.777978],[-78.553012,35.77758300000001],[-78.553222,35.777048],[-78.55372,35.776877],[-78.557078,35.777641],[-78.559097,35.779652999999996],[-78.560701,35.781558],[-78.561333,35.782111999999984],[-78.561679,35.78257],[-78.561942,35.782679],[-78.56236,35.78309],[-78.563205,35.783371],[-78.565113,35.783275999999994],[-78.569219,35.782276],[-78.571631,35.782417],[-78.57306,35.782360999999995],[-78.573902,35.782239],[-78.575776,35.781262],[-78.576353,35.781067],[-78.577992,35.78129299999999],[-78.579439,35.78164499999999],[-78.579668,35.781956],[-78.57948,35.78297799999999],[-78.579284,35.783219],[-78.578442,35.78373299999999],[-78.57830200000001,35.784021],[-78.578321,35.78538699999999],[-78.578657,35.786873],[-78.578743,35.78849399999999],[-78.578892,35.78927899999999],[-78.578819,35.789563999999984],[-78.57908,35.78989700000001],[-78.579692,35.790188],[-78.580483,35.790220999999995],[-78.580886,35.790161000000005],[-78.582391,35.789597],[-78.58275,35.78956399999999],[-78.584077,35.79014],[-78.585979,35.79034399999998],[-78.586106,35.790669],[-78.586365,35.790752],[-78.586793,35.79078499999999],[-78.587121,35.79049200000001],[-78.587658,35.790689],[-78.588688,35.790808999999996],[-78.588801,35.790734],[-78.588903,35.789908000000004],[-78.589116,35.789438000000004],[-78.589604,35.78914199999999],[-78.59039,35.789094],[-78.591265,35.789318],[-78.592173,35.789848],[-78.593703,35.791384],[-78.593997,35.791455],[-78.594742,35.791411],[-78.59533,35.79152799999999],[-78.595888,35.792226],[-78.596167,35.792845],[-78.596118,35.793336],[-78.595809,35.79432999999999],[-78.59588,35.795168],[-78.596977,35.796226],[-78.598509,35.797245],[-78.599063,35.799660999999986],[-78.600457,35.80185199999999],[-78.601241,35.802279999999996],[-78.602869,35.802549],[-78.603644,35.802906],[-78.603988,35.803247999999996],[-78.604362,35.80390299999999],[-78.604647,35.80402],[-78.60511,35.804021],[-78.605772,35.803793999999996],[-78.607374,35.803461999999996],[-78.607877,35.803521],[-78.607899,35.803693],[-78.608245,35.80383799999999],[-78.608505,35.803179],[-78.608413,35.80265700000002],[-78.608649,35.802082999999996],[-78.608702,35.801396999999994],[-78.608995,35.80082499999999],[-78.609293,35.800530999999985],[-78.609783,35.80041200000001],[-78.610121,35.80001500000001],[-78.610765,35.799833],[-78.610776,35.79959199999999],[-78.61093,35.799348],[-78.611152,35.79905399999999],[-78.611319,35.799013],[-78.61135900000001,35.798804999999994],[-78.61144300000001,35.798811],[-78.611372,35.799081],[-78.611208,35.799125],[-78.610867,35.79959100000001],[-78.610843,35.799857],[-78.610213,35.80004499999999],[-78.610165,35.80020199999999],[-78.609827,35.800476999999994],[-78.609306,35.80064200000001],[-78.60894,35.801086],[-78.608821,35.80136300000001],[-78.608903,35.801987],[-78.608785,35.802672],[-78.608948,35.802841999999984],[-78.608898,35.803],[-78.60859,35.803177999999996],[-78.60857300000002,35.803487],[-78.608685,35.803844],[-78.60923,35.804094000000006],[-78.609864,35.803977],[-78.610258,35.804024],[-78.61100700000001,35.804764999999996],[-78.61230900000001,35.80645899999999],[-78.61308500000001,35.807100000000005],[-78.613344,35.807041000000005],[-78.613991,35.806591999999995],[-78.614233,35.806084000000006],[-78.614718,35.80582299999998],[-78.615528,35.80581699999999],[-78.616886,35.80497],[-78.617452,35.804758],[-78.618964,35.803304999999995],[-78.62049800000001,35.802772999999995],[-78.622027,35.801995],[-78.622578,35.80208999999999],[-78.623661,35.801462],[-78.624379,35.80122],[-78.624678,35.801217],[-78.625354,35.801798000000005],[-78.625489,35.80213],[-78.625257,35.802602000000014],[-78.625228,35.80294599999999],[-78.62552600000001,35.80313300000001],[-78.626432,35.803168],[-78.62726,35.802690000000005],[-78.628354,35.802409],[-78.629537,35.80112400000001],[-78.630018,35.80092299999999],[-78.630566,35.800966],[-78.631148,35.80086399999999],[-78.636242,35.799095999999984],[-78.636598,35.79892],[-78.637364,35.798127],[-78.638094,35.797642],[-78.638665,35.79744399999999],[-78.639461,35.797377999999995],[-78.640318,35.797176],[-78.640626,35.796620999999995],[-78.640867,35.795879],[-78.64176700000002,35.795358],[-78.641967,35.79515099999999],[-78.642718,35.793374],[-78.64313,35.792081],[-78.643099,35.791431],[-78.643414,35.791025],[-78.643824,35.788859],[-78.644326,35.788878],[-78.644079,35.790966999999995],[-78.643261,35.792257],[-78.642952,35.79367999999999],[-78.642261,35.79472899999999],[-78.641966,35.79556099999999],[-78.641228,35.79604100000001],[-78.641107,35.79653700000001],[-78.640702,35.79723899999999],[-78.638109,35.797751999999996],[-78.637067,35.79864],[-78.636963,35.79888999999999],[-78.636525,35.79913],[-78.631986,35.800824],[-78.630139,35.801784],[-78.62957,35.80189500000001],[-78.629206,35.80183399999999],[-78.628618,35.802508],[-78.628083,35.80276200000001],[-78.62776,35.802818],[-78.62665000000001,35.803476],[-78.626155,35.80354199999999],[-78.625382,35.80340799999999],[-78.624936,35.803167],[-78.62499800000002,35.802585],[-78.625214,35.802234999999996],[-78.625135,35.80183999999999],[-78.624588,35.801329999999986],[-78.623892,35.801486999999995],[-78.62239,35.802426],[-78.621243,35.802975999999994],[-78.620813,35.80329299999999],[-78.62042,35.80341700000001],[-78.619984,35.803917999999996],[-78.6196,35.80407799999999],[-78.618444,35.80494800000001],[-78.618166,35.80528000000001],[-78.61697,35.805474],[-78.616431,35.805475],[-78.615006,35.806276999999994],[-78.614858,35.80651900000001],[-78.614411,35.80665499999999],[-78.614062,35.80688899999999],[-78.613472,35.807549999999985],[-78.612928,35.80767399999999],[-78.61261400000001,35.807621],[-78.612467,35.80750699999999],[-78.611468,35.80583699999999],[-78.610504,35.804524],[-78.609891,35.804191],[-78.608995,35.804296],[-78.609158,35.805862],[-78.609665,35.80763999999999],[-78.610977,35.808879999999995],[-78.611199,35.809658999999996],[-78.611108,35.810239],[-78.611329,35.810295],[-78.611768,35.810755],[-78.61165200000002,35.811910999999995],[-78.61126500000002,35.812957],[-78.611317,35.813368],[-78.611471,35.81358],[-78.611802,35.81361600000001],[-78.613035,35.81338899999999],[-78.613448,35.813413999999995],[-78.61541,35.814099],[-78.615543,35.814061],[-78.616243,35.813246],[-78.617043,35.81298699999999],[-78.61784,35.812977999999994],[-78.618655,35.813095],[-78.618852,35.813221],[-78.619959,35.81343799999999],[-78.62036100000002,35.81334700000001],[-78.62097100000001,35.813621999999995],[-78.623276,35.814231000000014],[-78.624938,35.814875],[-78.626654,35.815123],[-78.627735,35.815933],[-78.632362,35.818295000000006],[-78.633646,35.820066999999995],[-78.634349,35.820807],[-78.634207,35.820961000000004],[-78.634326,35.821079],[-78.634503,35.820949999999996],[-78.635316,35.821351],[-78.636386,35.823258],[-78.636639,35.82345200000001],[-78.636913,35.82336299999999],[-78.637268,35.82304200000001],[-78.637432,35.82147400000001],[-78.637768,35.82129900000001],[-78.638361,35.821238],[-78.639322,35.821411999999995],[-78.640424,35.821484999999996],[-78.64139,35.821805000000005],[-78.642998,35.822013999999996],[-78.644427,35.82244299999999],[-78.645294,35.82223599999999],[-78.64579000000002,35.822281],[-78.646597,35.82280699999999],[-78.647699,35.823987999999986],[-78.649578,35.82404799999999],[-78.650777,35.824238],[-78.651658,35.82418700000001],[-78.652919,35.823928],[-78.653172,35.823671999999995],[-78.653248,35.82328799999999],[-78.653175,35.823152999999984],[-78.65282,35.822954],[-78.652667,35.822669999999995],[-78.652672,35.822437],[-78.652953,35.822216000000004],[-78.652885,35.821982],[-78.652974,35.82176700000001],[-78.653948,35.821121999999995],[-78.654472,35.820931],[-78.654961,35.821155],[-78.655155,35.821051],[-78.655342,35.821082],[-78.655677,35.821208999999996],[-78.655841,35.821481999999996],[-78.656184,35.821476000000004],[-78.65657,35.82097899999999],[-78.65688600000001,35.820328999999994],[-78.657506,35.819988],[-78.657703,35.819785],[-78.658203,35.819577],[-78.658394,35.81934399999999],[-78.658525,35.819368999999995],[-78.658726,35.819238],[-78.659162,35.81836799999999],[-78.659185,35.81805500000001],[-78.660101,35.81734099999999],[-78.660749,35.81634199999999],[-78.660861,35.815983],[-78.661479,35.814997000000005],[-78.661521,35.81473699999999],[-78.662027,35.81407300000001],[-78.662104,35.813715],[-78.66234400000002,35.813332],[-78.662433,35.81236299999999],[-78.662702,35.811952999999995],[-78.662919,35.811819],[-78.663338,35.811039],[-78.663606,35.81091599999999],[-78.663736,35.810608],[-78.66393,35.81044399999999],[-78.66403500000001,35.810497999999995],[-78.663796,35.811013],[-78.663505,35.81117900000001],[-78.66317,35.811894],[-78.66291100000001,35.812079000000004],[-78.662705,35.81240199999999],[-78.662635,35.813314999999996],[-78.66179,35.814633],[-78.661648,35.81509299999999],[-78.66112,35.816043],[-78.66212500000002,35.815919],[-78.662376,35.815788],[-78.663133,35.81575800000001],[-78.66398800000002,35.81555500000001],[-78.665219,35.815687999999994],[-78.665484,35.815458],[-78.666606,35.81530500000001],[-78.667693,35.815046999999986],[-78.668738,35.815088],[-78.669351,35.814609999999995],[-78.669641,35.81418099999999],[-78.669572,35.814108000000004],[-78.669999,35.813683],[-78.670871,35.813294],[-78.671288,35.812897],[-78.672304,35.81228199999999],[-78.672453,35.812022999999996],[-78.672528,35.81155499999999],[-78.673162,35.811214],[-78.67339,35.810579],[-78.673532,35.80960199999999],[-78.673451,35.80855999999999],[-78.673842,35.80706200000001],[-78.673766,35.805844],[-78.67425,35.80512599999999],[-78.674543,35.804316],[-78.674836,35.804067999999994],[-78.675064,35.803529999999995],[-78.676269,35.80256299999999],[-78.676504,35.802165],[-78.677491,35.801137999999995],[-78.677543,35.801181],[-78.676938,35.801941],[-78.676457,35.802853999999996],[-78.676089,35.803234],[-78.675346,35.803543000000005],[-78.675085,35.804086999999996],[-78.6747,35.80457099999999],[-78.674141,35.806234],[-78.674061,35.807426],[-78.673623,35.808668000000004],[-78.673803,35.809502],[-78.673613,35.81095499999999],[-78.673465,35.811356999999994],[-78.673091,35.811665],[-78.672526,35.812372999999994],[-78.672105,35.812569],[-78.671958,35.812764],[-78.670474,35.813793999999994],[-78.669949,35.814262],[-78.669811,35.814248000000006],[-78.668831,35.81514500000001],[-78.667639,35.815215],[-78.666705,35.815650999999995],[-78.666187,35.815718000000004],[-78.66520600000001,35.81577999999999],[-78.664092,35.81572],[-78.663563,35.815895000000005],[-78.661309,35.816331],[-78.66074100000002,35.81690900000001],[-78.659836,35.818216],[-78.65909,35.81941],[-78.659053,35.81960599999999],[-78.658466,35.82001999999999],[-78.657849,35.820073],[-78.657094,35.820648000000006],[-78.656614,35.82219699999999],[-78.655817,35.822306],[-78.655791,35.822488],[-78.655412,35.82244999999999],[-78.65510500000002,35.82222],[-78.654709,35.822202000000004],[-78.653904,35.82255099999999],[-78.653525,35.82295799999999],[-78.653518,35.823345],[-78.653399,35.82349200000001],[-78.653522,35.82356],[-78.653491,35.82379900000001],[-78.653315,35.824271],[-78.653026,35.824332],[-78.652501,35.824256999999996],[-78.652054,35.82451],[-78.651345,35.82456],[-78.650836,35.824518],[-78.649883,35.824256999999996],[-78.64863,35.82432799999999],[-78.648049,35.824444],[-78.648323,35.824993],[-78.649553,35.82611399999999],[-78.649933,35.826785],[-78.650881,35.82738099999999],[-78.650959,35.827572999999994],[-78.65109,35.827496],[-78.651514,35.827684000000005],[-78.652561,35.82777299999999],[-78.653872,35.827743],[-78.654934,35.82803400000001],[-78.655689,35.82835],[-78.655853,35.82861599999999],[-78.655825,35.829077999999996],[-78.655106,35.830260999999986],[-78.655191,35.83143999999999],[-78.65563,35.831838999999995],[-78.658864,35.834041],[-78.660573,35.83502599999999],[-78.661399,35.83594099999999],[-78.661876,35.836332],[-78.662532,35.837361],[-78.663903,35.837742],[-78.665907,35.83765100000001],[-78.666954,35.837762999999995],[-78.667619,35.838212],[-78.668476,35.83904],[-78.669001,35.839259],[-78.669499,35.839229],[-78.669852,35.839112],[-78.670903,35.838218999999995],[-78.671402,35.83795900000001],[-78.671896,35.83788],[-78.67267,35.837998999999996],[-78.673184,35.837975],[-78.673834,35.837664],[-78.674366,35.837006999999986],[-78.675128,35.836361],[-78.676101,35.836526],[-78.676367,35.836288999999994],[-78.676492,35.835997000000006],[-78.676261,35.83561600000001],[-78.676274,35.835448],[-78.677125,35.834815],[-78.677063,35.834395],[-78.677179,35.834076],[-78.677576,35.833413],[-78.67769,35.832921],[-78.678372,35.831796999999995],[-78.678973,35.83106699999999],[-78.680717,35.830097],[-78.680985,35.829822],[-78.681001,35.829466],[-78.681165,35.82938899999999],[-78.681086,35.82991899999998],[-78.680426,35.830475],[-78.67919500000002,35.831223],[-78.678727,35.83178300000001],[-78.678707,35.83217299999999],[-78.678205,35.83258],[-78.677949,35.833111999999986],[-78.677969,35.833746],[-78.677438,35.834284999999994],[-78.677448,35.83476799999999],[-78.67694,35.835129],[-78.676599,35.835523],[-78.676653,35.836127999999995],[-78.676554,35.83638200000001],[-78.676293,35.836566999999995],[-78.677164,35.836742],[-78.679125,35.83767099999999],[-78.679573,35.838159000000005],[-78.680454,35.838610999999986],[-78.684391,35.84143499999999],[-78.684588,35.841749],[-78.684836,35.842546],[-78.686102,35.843306],[-78.689097,35.84393],[-78.691468,35.84462500000001],[-78.69209,35.844536],[-78.6927,35.844636],[-78.69561,35.845510000000004],[-78.696324,35.845364999999994],[-78.697055,35.844943],[-78.697936,35.84406899999999],[-78.699132,35.842462000000005],[-78.69972900000002,35.84189],[-78.700125,35.841647],[-78.701339,35.841799],[-78.707149,35.840701],[-78.70748600000002,35.840728],[-78.70791,35.840909],[-78.709998,35.842188],[-78.7103,35.842545],[-78.710775,35.843568999999995],[-78.711576,35.844305],[-78.712699,35.84492399999999],[-78.713905,35.8454],[-78.715133,35.845592999999994],[-78.715421,35.84532899999999],[-78.715477,35.844837],[-78.71588800000002,35.843975],[-78.716214,35.84378900000001],[-78.716664,35.843681],[-78.717261,35.843793],[-78.718654,35.844782],[-78.720133,35.844753999999995],[-78.72122900000001,35.84505699999999],[-78.72102,35.84420200000001],[-78.719633,35.843686999999996],[-78.718752,35.843056],[-78.719009,35.84241299999999],[-78.719051,35.841872],[-78.718981,35.84108200000001],[-78.718725,35.84064599999999],[-78.718621,35.840175999999985],[-78.71910000000001,35.839375],[-78.719938,35.83867300000001],[-78.719949,35.83857499999999],[-78.719779,35.838288000000006],[-78.719651,35.837557],[-78.719643,35.836766999999995],[-78.719182,35.836479],[-78.718955,35.836031],[-78.718559,35.835703],[-78.718387,35.835352],[-78.71832400000001,35.834793],[-78.718706,35.834454],[-78.719433,35.834325],[-78.7199,35.834118],[-78.720749,35.83408299999999],[-78.721214,35.83414899999999],[-78.721585,35.834082],[-78.721842,35.83433999999998],[-78.721877,35.834724],[-78.722007,35.83480699999999],[-78.722513,35.834852999999995],[-78.722512,35.835010000000004],[-78.722289,35.835314],[-78.722151,35.83531099999999],[-78.721843,35.83508200000001],[-78.722081,35.835663],[-78.72300000000001,35.835547999999996],[-78.723383,35.835404999999994],[-78.72343200000002,35.83510699999999],[-78.723678,35.834887],[-78.723837,35.834377],[-78.724379,35.834058],[-78.724666,35.833574],[-78.724508,35.83254399999999],[-78.724552,35.83151099999999],[-78.724918,35.831189],[-78.725127,35.830726],[-78.72572,35.830736],[-78.726005,35.83030999999999],[-78.726125,35.829584999999994],[-78.726178,35.830013],[-78.726096,35.830396],[-78.725799,35.830829],[-78.725688,35.830887],[-78.725406,35.83078299999998],[-78.72516800000001,35.830811999999995],[-78.724987,35.831241999999996],[-78.724661,35.83152299999999],[-78.724612,35.832598000000004],[-78.724757,35.83357999999999],[-78.724473,35.834106],[-78.723954,35.834413999999995],[-78.723475,35.835483],[-78.722151,35.83583500000001],[-78.721998,35.83572000000001],[-78.721663,35.835025],[-78.721859,35.83495099999999],[-78.72217,35.83515700000001],[-78.722338,35.83495700000001],[-78.721715,35.834740999999994],[-78.72170000000001,35.834300999999996],[-78.721516,35.83420600000001],[-78.721094,35.834273999999986],[-78.719927,35.834248],[-78.718804,35.834538],[-78.718452,35.834861],[-78.718663,35.835647],[-78.71902,35.835948],[-78.719271,35.836412],[-78.719728,35.836758999999994],[-78.719943,35.83793599999999],[-78.719902,35.83827],[-78.720065,35.838541],[-78.719971,35.838792000000005],[-78.719275,35.83934399999999],[-78.718824,35.840284],[-78.718857,35.840625],[-78.719178,35.84109699999999],[-78.719225,35.841424],[-78.719134,35.842513],[-78.718894,35.843047],[-78.719659,35.843613999999995],[-78.720988,35.844007],[-78.721114,35.84411099999999],[-78.721453,35.845165],[-78.722669,35.84557],[-78.723662,35.845637],[-78.72419,35.84532699999999],[-78.72454,35.845333],[-78.724614,35.845216],[-78.724991,35.84508900000001],[-78.727061,35.843971],[-78.727933,35.842419],[-78.72943,35.84174],[-78.729322,35.841411],[-78.728578,35.84069199999999],[-78.728613,35.84033899999999],[-78.728836,35.84014199999999],[-78.729204,35.840013],[-78.729483,35.840024],[-78.729711,35.84014299999999],[-78.730225,35.840796],[-78.730725,35.841902],[-78.731819,35.84359700000001],[-78.732412,35.84488],[-78.732508,35.845229],[-78.732523,35.846427],[-78.732651,35.84669099999999],[-78.73317916643325,35.84610089216786],[-78.73316325780763,35.84692455756808],[-78.732671,35.84715200000001],[-78.7324,35.846972999999984],[-78.732041,35.84587799999999],[-78.731856,35.84452600000001],[-78.731241,35.843261999999996],[-78.73054,35.84252899999999],[-78.72999,35.84218599999999],[-78.729511,35.842246999999986],[-78.728432,35.842757],[-78.727579,35.84399299999999],[-78.726096,35.84501600000001],[-78.725186,35.845489],[-78.725948,35.84596599999999],[-78.72590500000001,35.84627100000001],[-78.726114,35.84682099999999],[-78.726235,35.84697899999999],[-78.727235,35.847601],[-78.727366,35.84788399999999],[-78.727368,35.848409],[-78.727211,35.849056],[-78.72704,35.849508],[-78.726633,35.850114],[-78.726626,35.850498],[-78.727,35.85068999999999],[-78.727024,35.851397],[-78.726742,35.85182100000001],[-78.726506,35.851995],[-78.726402,35.852862],[-78.726865,35.85321799999999],[-78.729089,35.85413399999999],[-78.73080200000001,35.853826],[-78.73175,35.853568],[-78.731918,35.853789000000006],[-78.731793,35.855487],[-78.731957,35.856139000000006],[-78.732248,35.856407000000004],[-78.732909,35.856714],[-78.734981,35.857194],[-78.736016,35.857603999999995],[-78.736231,35.857558],[-78.736448,35.857359],[-78.737153,35.857535000000006],[-78.73782200000001,35.857518999999996],[-78.738137,35.85731199999999],[-78.738378,35.857289],[-78.7386303254786,35.85730020834686],[-78.73864124218292,35.85739953027192],[-78.73885701548565,35.85751195853106],[-78.738407,35.85745399999999],[-78.738252,35.857488000000004],[-78.73808000000001,35.857707]]],[[[-78.75215622953846,35.86363190419319],[-78.751735,35.863859999999995],[-78.751641,35.863794],[-78.751665,35.863519],[-78.751809,35.863457],[-78.75215622953846,35.86363190419319]]],[[[-78.75292926123625,35.864247614767706],[-78.752326,35.864887],[-78.751974,35.86494],[-78.75257698211865,35.863940071525406],[-78.75292926123625,35.864247614767706]]],[[[-78.75376465346841,35.86446689768775],[-78.753387,35.864589],[-78.753288,35.864539],[-78.75336,35.86435923736576],[-78.75376465346841,35.86446689768775]]],[[[-78.75445976463345,35.86469602526195],[-78.754307,35.864788000000004],[-78.75422743846619,35.86461243846622],[-78.75445976463345,35.86469602526195]]],[[[-78.758512,35.869602],[-78.757779,35.870949999999986],[-78.757621,35.871104],[-78.757196,35.871160999999994],[-78.757127,35.871266],[-78.757172,35.871466],[-78.757547,35.871566000000016],[-78.757669,35.871689],[-78.757495,35.872507000000006],[-78.757647,35.87308],[-78.757257,35.87358300000001],[-78.757175,35.87386099999999],[-78.757522,35.87444],[-78.757233,35.87485000000001],[-78.7564,35.874868],[-78.75637,35.874789],[-78.756992,35.874675999999994],[-78.757254,35.87446],[-78.757276,35.87428],[-78.756981,35.87387299999999],[-78.757192,35.87342199999999],[-78.757527,35.873055],[-78.757374,35.872525],[-78.757477,35.87170199999999],[-78.756983,35.87152899999999],[-78.756989,35.871265],[-78.757118,35.87106899999999],[-78.757418,35.871075999999995],[-78.757708,35.87083799999999],[-78.758269,35.86971500000001],[-78.758533,35.869388],[-78.758713,35.868702],[-78.758265,35.86855299999999],[-78.757804,35.86854699999999],[-78.75741,35.868322000000006],[-78.757127,35.86793900000001],[-78.756927,35.867273000000004],[-78.756499,35.867225],[-78.755902,35.86746],[-78.756085,35.86709599999999],[-78.755915,35.866928],[-78.75537,35.866601],[-78.755018,35.866508999999986],[-78.754616,35.86653299999999],[-78.75471000000002,35.86612300000001],[-78.755207,35.86564899999999],[-78.75540063760255,35.865096038150114],[-78.75629654056785,35.86559334099518],[-78.75713587345072,35.86621581430791],[-78.756866,35.86634200000001],[-78.756482,35.866373],[-78.756353,35.866513],[-78.757503,35.866983000000005],[-78.757684,35.868073999999986],[-78.758475,35.86838600000001],[-78.758627,35.86829999999999],[-78.75895967128346,35.868420971664825],[-78.75913112098418,35.868796254505064],[-78.758815,35.868728000000004],[-78.758512,35.869602]]],[[[-78.732489,35.877324],[-78.732544,35.876783],[-78.732892,35.87665899999998],[-78.732766,35.875964999999994],[-78.7333,35.87494699999999],[-78.733179,35.874703],[-78.733298,35.874250999999994],[-78.731285,35.873722],[-78.731307,35.873480000000015],[-78.731064,35.873287],[-78.731061,35.87306700000001],[-78.731336,35.87268],[-78.731294,35.87219399999999],[-78.730862,35.871782],[-78.730756,35.871541],[-78.731253,35.870526999999996],[-78.731784,35.870066999999985],[-78.731817,35.869866],[-78.732364,35.8694],[-78.73305,35.86930499999999],[-78.73340400000001,35.869516999999995],[-78.732955,35.86964900000001],[-78.732828,35.869783000000005],[-78.732897,35.870580000000004],[-78.73328,35.870763999999994],[-78.733566,35.87075999999999],[-78.733845,35.870988999999994],[-78.73413100000002,35.871064],[-78.734148,35.87122200000001],[-78.733916,35.871329],[-78.733496,35.87119299999999],[-78.732635,35.87110700000001],[-78.732276,35.87167000000001],[-78.732627,35.87285000000001],[-78.733088,35.873701000000004],[-78.733792,35.874232],[-78.733599,35.874370000000006],[-78.733676,35.87495],[-78.732956,35.875943],[-78.732982,35.87678400000001],[-78.732601,35.876849],[-78.732735,35.877162999999996],[-78.732489,35.877324]]],[[[-78.73300900000001,35.878702999999994],[-78.732589,35.878234000000006],[-78.731997,35.877941],[-78.732067,35.877555999999984],[-78.732153,35.877880999999995],[-78.732727,35.878208],[-78.733063,35.87859099999999],[-78.73309900000001,35.878741000000005],[-78.732907,35.87894000000001],[-78.73300900000001,35.878702999999994]]],[[[-78.792082,35.894777],[-78.79092,35.89514599999999],[-78.790429,35.893267],[-78.79047368470877,35.89294669216788],[-78.7923425324924,35.89378662024584],[-78.792368,35.894614],[-78.792154,35.894636999999996],[-78.792082,35.894777]]],[[[-78.789609,35.89722],[-78.789995,35.89727],[-78.790548,35.897022],[-78.790686,35.89684799999999],[-78.789678,35.896423],[-78.791101,35.895739999999996],[-78.792658,35.895407],[-78.79245300000001,35.89720499999999],[-78.791311,35.899024],[-78.790186,35.90007],[-78.78941700000001,35.901558],[-78.789864,35.902067],[-78.790406,35.903402],[-78.790099,35.904846],[-78.789295,35.906752],[-78.789184,35.90789999999999],[-78.78954600000002,35.908873],[-78.7904,35.91010599999999],[-78.79089,35.911508000000005],[-78.790791,35.91219499999998],[-78.791125,35.915012],[-78.791259,35.915513999999995],[-78.791763,35.91613399999999],[-78.791545,35.916704],[-78.791594,35.91753599999999],[-78.79182,35.917597],[-78.791726,35.918587],[-78.79139,35.919450999999995],[-78.792027,35.919962999999996],[-78.792197,35.92020600000001],[-78.792249,35.92078999999999],[-78.792254,35.922183999999994],[-78.791175,35.923874999999995],[-78.79075,35.924229999999994],[-78.790552,35.924684],[-78.790225,35.924618],[-78.79049800000001,35.924071000000005],[-78.790945,35.923595],[-78.791069,35.922948],[-78.791702,35.92229199999999],[-78.791846,35.921972999999994],[-78.79162,35.921582],[-78.79141,35.92036399999999],[-78.790892,35.919391],[-78.790881,35.91906899999999],[-78.791316,35.91812699999999],[-78.790096,35.917565],[-78.790712,35.917488],[-78.79132700000001,35.917535],[-78.791372,35.916911000000006],[-78.790739,35.916196],[-78.790814,35.91543999999999],[-78.790568,35.91503299999999],[-78.790281,35.913903000000005],[-78.79003,35.91272],[-78.789911,35.911123999999994],[-78.789688,35.91022400000001],[-78.788886,35.908961000000005],[-78.788637,35.908326999999986],[-78.788354,35.908013],[-78.788292,35.907702],[-78.788331,35.90743],[-78.789405,35.905083999999995],[-78.789473,35.904758],[-78.789502,35.90382799999999],[-78.789736,35.90272699999999],[-78.789592,35.90225],[-78.788886,35.901875000000004],[-78.788659,35.901424],[-78.789169,35.900363],[-78.78924100000002,35.899841],[-78.790061,35.898969],[-78.79007,35.89833000000001],[-78.7899,35.89756],[-78.78939,35.897586],[-78.788896,35.897822],[-78.788616,35.89806399999998],[-78.788356,35.898393999999996],[-78.78850400000002,35.898946],[-78.788338,35.899408],[-78.788141,35.899592],[-78.787706,35.899728],[-78.787421,35.900024],[-78.785467,35.900476],[-78.785091,35.90100199999999],[-78.78438,35.90153],[-78.783542,35.902539000000004],[-78.783034,35.903386],[-78.783286,35.90402099999999],[-78.783113,35.90462899999999],[-78.78265900000001,35.90541799999999],[-78.782762,35.906078999999984],[-78.78143900000002,35.907212999999985],[-78.780628,35.90848],[-78.779824,35.909515],[-78.779537,35.90974299999999],[-78.779268,35.909751],[-78.779048,35.90991199999999],[-78.778961,35.90984999999999],[-78.779138,35.909654999999994],[-78.779464,35.90961599999999],[-78.77959,35.909521],[-78.781166,35.907145],[-78.782488,35.90601499999999],[-78.782474,35.90545300000001],[-78.782868,35.90449600000001],[-78.782843,35.903983999999994],[-78.782613,35.903310999999995],[-78.783145,35.902286999999994],[-78.784248,35.901034],[-78.78447500000001,35.90084],[-78.784972,35.900721],[-78.785375,35.90029199999999],[-78.786083,35.900043999999994],[-78.786466,35.90006699999999],[-78.787336,35.89990399999999],[-78.788015,35.899203000000014],[-78.788124,35.898703],[-78.788011,35.898422],[-78.788385,35.89781],[-78.788806,35.897413],[-78.789609,35.89722]]],[[[-78.765881,35.900503],[-78.766265,35.899679000000006],[-78.767682,35.897363999999996],[-78.767725,35.897128],[-78.767258,35.89608],[-78.766952,35.89602499999999],[-78.766416,35.896116],[-78.764873,35.89659799999999],[-78.763656,35.89738200000001],[-78.761614,35.898166999999994],[-78.761404,35.898013000000006],[-78.764619,35.896523],[-78.766355,35.896017],[-78.76727,35.89598900000001],[-78.767602,35.89570799999999],[-78.767897,35.894884],[-78.767885,35.89346599999999],[-78.768036,35.8922],[-78.767818,35.890815999999994],[-78.767876,35.88933099999999],[-78.76804308854067,35.88819363145784],[-78.76906017650484,35.88837957308998],[-78.769212,35.889942],[-78.769105,35.891867],[-78.769196,35.892231],[-78.768698,35.89373899999999],[-78.768679,35.894757],[-78.768374,35.895486],[-78.767765,35.896221000000004],[-78.767841,35.897282999999995],[-78.767767,35.897578],[-78.76679300000002,35.899119],[-78.765981,35.900652],[-78.765018,35.90185],[-78.76502400000001,35.902218],[-78.765335,35.902599],[-78.76497,35.903716],[-78.76509,35.904223999999985],[-78.764724,35.904709999999994],[-78.764425,35.906358000000004],[-78.764172,35.906994],[-78.764216,35.907364000000015],[-78.763034,35.908147],[-78.763087,35.907998000000006],[-78.763686,35.907458999999996],[-78.764068,35.90657300000001],[-78.764193,35.90609899999999],[-78.764126,35.905448],[-78.764204,35.905032999999996],[-78.764564,35.904291],[-78.764595,35.90239599999999],[-78.764864,35.90224799999999],[-78.764843,35.901847],[-78.765881,35.900503]]],[[[-78.739035,35.906788999999996],[-78.74071900000001,35.906803],[-78.741401,35.90663099999999],[-78.742262,35.906066],[-78.742375,35.905272999999994],[-78.742636,35.904945999999995],[-78.743332,35.90469800000001],[-78.744267,35.90458999999999],[-78.74516,35.904257999999984],[-78.745551,35.904],[-78.746129,35.904059000000004],[-78.746754,35.903859],[-78.747491,35.902698],[-78.74774,35.901548],[-78.748162,35.901377],[-78.748909,35.90076500000001],[-78.750804,35.899741000000006],[-78.751064,35.899643],[-78.752072,35.899568],[-78.753052,35.89965599999999],[-78.754256,35.89944800000001],[-78.754548,35.899581],[-78.754859,35.89996800000001],[-78.75508,35.900095],[-78.75545,35.900259999999996],[-78.755859,35.900282],[-78.756669,35.899864],[-78.757051,35.89947999999999],[-78.75735700000001,35.899375000000006],[-78.757907,35.899251],[-78.758914,35.899370999999995],[-78.760402,35.898477],[-78.760855,35.89838100000001],[-78.761103,35.898559],[-78.759938,35.899311000000004],[-78.75902,35.899547000000005],[-78.758071,35.89954],[-78.757512,35.89971400000001],[-78.757297,35.899696999999996],[-78.756877,35.900105999999994],[-78.755696,35.90055100000001],[-78.755179,35.900408000000006],[-78.754599,35.900062],[-78.754307,35.89976600000001],[-78.75323400000002,35.899911],[-78.75133600000001,35.899823],[-78.750965,35.899910999999996],[-78.749675,35.900919999999985],[-78.748925,35.901262],[-78.748236,35.90174199999999],[-78.747955,35.90224399999999],[-78.747614,35.903267],[-78.747027,35.904028999999994],[-78.746831,35.904149999999994],[-78.746436,35.90427600000001],[-78.745813,35.904304999999994],[-78.744417,35.904791],[-78.74339,35.90494699999999],[-78.742921,35.90511],[-78.742602,35.905463999999995],[-78.742404,35.90612399999999],[-78.74148,35.906753],[-78.740738,35.906957000000006],[-78.73933300000002,35.906948],[-78.739047,35.907019],[-78.737787,35.907868],[-78.73769300000001,35.90775599999999],[-78.738547,35.907030999999996],[-78.739035,35.906788999999996]]],[[[-78.762004,35.911139999999996],[-78.762623,35.909302],[-78.763106,35.909113],[-78.762748,35.91002200000001],[-78.762413,35.91045200000001],[-78.762554,35.910602],[-78.762519,35.91070799999999],[-78.762288,35.911098],[-78.762004,35.911139999999996]]],[[[-78.774936,35.911925000000004],[-78.775356,35.911663],[-78.776233,35.91156899999999],[-78.777016,35.911204000000005],[-78.777506,35.910737000000005],[-78.777687,35.910055],[-78.77875700000001,35.910709],[-78.777702,35.910964],[-78.777055,35.911289],[-78.776448,35.91182599999999],[-78.775224,35.911930999999996],[-78.77509,35.91200500000001],[-78.774936,35.911925000000004]]],[[[-78.77239200000001,35.919109],[-78.772972,35.917168],[-78.773007,35.91660499999999],[-78.773225,35.91597699999999],[-78.773327,35.91487],[-78.774018,35.913498],[-78.774166,35.912832],[-78.774533,35.912352999999996],[-78.774669,35.912362],[-78.774817,35.912466],[-78.774632,35.912884000000005],[-78.774594,35.913271],[-78.774093,35.91378],[-78.773828,35.91422],[-78.773426,35.91539999999999],[-78.773413,35.915985],[-78.773189,35.916827999999995],[-78.773274,35.917115],[-78.772845,35.918043],[-78.772571,35.918937],[-78.772539,35.92011999999998],[-78.77269700000001,35.92096800000001],[-78.772503,35.92096399999999],[-78.772459,35.92082],[-78.77239200000001,35.919109]]],[[[-78.759392,35.91551199999999],[-78.759379,35.91531299999999],[-78.760087,35.91452300000001],[-78.760166,35.914091000000006],[-78.760025,35.913866],[-78.76008600000002,35.91366300000001],[-78.761147,35.913031000000004],[-78.761844,35.911411],[-78.762088,35.911436],[-78.761479,35.913165],[-78.760455,35.913765999999995],[-78.760543,35.91410099999999],[-78.760462,35.91458600000001],[-78.759777,35.915248],[-78.759981,35.91560299999999],[-78.759338,35.916862],[-78.759314,35.91738799999998],[-78.759494,35.917854],[-78.75924,35.91838899999999],[-78.759248,35.918876000000004],[-78.758937,35.91902799999998],[-78.758673,35.919443],[-78.758837,35.91972100000001],[-78.758815,35.920309],[-78.758611,35.920511],[-78.758302,35.92181800000001],[-78.756954,35.923634],[-78.754659,35.92624699999999],[-78.754163,35.92744],[-78.753122,35.928438],[-78.752481,35.929226],[-78.75226,35.92977599999999],[-78.751586,35.93064699999999],[-78.75125,35.931359],[-78.751062,35.932104],[-78.750647,35.932510000000015],[-78.749715,35.933131],[-78.749068,35.933375000000005],[-78.748739,35.933919],[-78.74862,35.93387099999999],[-78.748979,35.933294],[-78.74965,35.933033],[-78.750544,35.93243100000001],[-78.750975,35.932010999999996],[-78.75139,35.930584999999994],[-78.751554,35.93054500000001],[-78.75220200000001,35.929335],[-78.752869,35.928346000000005],[-78.753909,35.92735],[-78.754892,35.925402999999996],[-78.756688,35.92356699999999],[-78.757936,35.921647],[-78.75808,35.921549999999996],[-78.758548,35.920215000000006],[-78.758368,35.919232000000015],[-78.758912,35.918076],[-78.758901,35.917015000000006],[-78.759567,35.91563299999999],[-78.759392,35.91551199999999]],[[-78.75854,35.920447],[-78.758552,35.920403],[-78.758472,35.92068799999999],[-78.75854,35.920447]],[[-78.755772,35.92491400000001],[-78.755649,35.92501999999999],[-78.75579,35.92487800000001],[-78.755772,35.92491400000001]],[[-78.755183,35.925488000000016],[-78.755079,35.925565999999996],[-78.75519,35.925481999999995],[-78.755183,35.925488000000016]]],[[[-78.816992,35.920788000000016],[-78.81703060231763,35.92072553626234],[-78.81700303708445,35.920791953586004],[-78.816992,35.920788000000016]]],[[[-78.724644,35.743836],[-78.723313,35.741277],[-78.7231096247048,35.74045390597232],[-78.72356602535898,35.7403291268043],[-78.723651,35.74136300000001],[-78.72424,35.742181],[-78.72497,35.74379600000001],[-78.72492,35.744745999999985],[-78.724711,35.74474399999999],[-78.724644,35.743836]]],[[[-78.714846,35.762553999999994],[-78.713817,35.762316],[-78.713391,35.76276299999999],[-78.713283,35.76304799999999],[-78.713136,35.762993],[-78.712867,35.762356],[-78.712453,35.76210300000001],[-78.711553,35.762071],[-78.710646,35.762693000000006],[-78.709944,35.762946],[-78.709838,35.76304400000001],[-78.710028,35.76339000000001],[-78.709702,35.763389],[-78.709264,35.763203999999995],[-78.708379,35.763709],[-78.708093,35.764517999999995],[-78.708077,35.76491500000001],[-78.707914,35.764932],[-78.707745,35.764765],[-78.70748,35.763726999999996],[-78.707361,35.763611],[-78.706396,35.76348200000001],[-78.705632,35.76371699999999],[-78.705334,35.764039000000004],[-78.705001,35.764061],[-78.704768,35.763974],[-78.704721,35.76331099999998],[-78.704934,35.76295399999999],[-78.704928,35.76278099999999],[-78.704583,35.762432],[-78.70302100000002,35.761895],[-78.700401,35.761326999999994],[-78.698992,35.761531],[-78.698113,35.76250300000001],[-78.69705,35.764517],[-78.696957,35.76490899999999],[-78.696438,35.765488999999995],[-78.696127,35.76557],[-78.695483,35.765568],[-78.694726,35.76581999999999],[-78.694573,35.76604999999999],[-78.694428,35.765911],[-78.694035,35.765834000000005],[-78.693192,35.76626099999999],[-78.692876,35.76744],[-78.69169,35.768141],[-78.69109,35.768286999999994],[-78.690791,35.76847899999999],[-78.690284,35.76924499999999],[-78.689448,35.769836000000005],[-78.688874,35.77013399999999],[-78.688054,35.770149],[-78.687439,35.76993999999999],[-78.686818,35.769575],[-78.685389,35.76792],[-78.685235,35.767499],[-78.684813,35.766984],[-78.684615,35.766827],[-78.684241,35.766724],[-78.683619,35.766664],[-78.682868,35.766928],[-78.682275,35.766644],[-78.681924,35.766112],[-78.681719,35.766099999999994],[-78.681766,35.766664999999996],[-78.681593,35.76707499999999],[-78.681289,35.767154999999995],[-78.680702,35.767141],[-78.680498,35.766845],[-78.680471,35.76641200000001],[-78.68021,35.766279000000004],[-78.680046,35.766751],[-78.679706,35.766749999999995],[-78.679696,35.767424999999996],[-78.679469,35.76768399999999],[-78.678844,35.76772600000001],[-78.678198,35.76752299999998],[-78.678094,35.767079],[-78.677819,35.766721],[-78.67688,35.766476999999995],[-78.676722,35.76635999999999],[-78.676614,35.765795999999995],[-78.676785,35.765381],[-78.676294,35.76527299999999],[-78.6761,35.76506799999999],[-78.675995,35.764648],[-78.675382,35.764184],[-78.675234,35.76371499999999],[-78.675008,35.763394999999996],[-78.675241,35.76323999999999],[-78.674841,35.76327299999999],[-78.674858,35.762964],[-78.67439200000001,35.76292800000001],[-78.674129,35.76319199999999],[-78.673802,35.763249],[-78.673306,35.76317800000001],[-78.67319,35.76323],[-78.671471,35.762852],[-78.670339,35.762756],[-78.669048,35.762510000000006],[-78.667954,35.762049],[-78.665821,35.760842],[-78.664358,35.760167],[-78.662955,35.75968899999999],[-78.661542,35.75944700000001],[-78.661235,35.759229],[-78.660766,35.759079],[-78.65996700000001,35.759068000000006],[-78.659048,35.759249000000004],[-78.658369,35.75919599999999],[-78.657664,35.759508999999994],[-78.656702,35.759662999999996],[-78.65617,35.759628],[-78.655195,35.759349],[-78.654253,35.758916],[-78.653456,35.75838199999999],[-78.652958,35.757754999999996],[-78.652741,35.75713799999999],[-78.652802,35.756283],[-78.652444,35.756041],[-78.651922,35.75538099999999],[-78.65078,35.754351],[-78.649244,35.754268],[-78.649262,35.754203999999994],[-78.65039,35.754141],[-78.650932,35.754258],[-78.652226,35.75495299999999],[-78.652843,35.755668],[-78.653728,35.755856],[-78.654605,35.756169],[-78.655015,35.756468],[-78.655149,35.75670199999999],[-78.655317,35.757741],[-78.65559,35.75830500000001],[-78.655862,35.758478000000004],[-78.656132,35.75890900000001],[-78.658271,35.759085],[-78.65840700000001,35.759009],[-78.658608,35.758431],[-78.658875,35.75818900000001],[-78.659728,35.757676999999994],[-78.660177,35.757538],[-78.661106,35.757629000000016],[-78.663577,35.758164],[-78.66395100000001,35.75828599999999],[-78.663973,35.758449999999996],[-78.664571,35.758813999999994],[-78.668085,35.759912],[-78.668568,35.76041099999999],[-78.669118,35.761404],[-78.669308,35.76157299999999],[-78.670903,35.761804999999995],[-78.67256,35.761911],[-78.673447,35.762223999999996],[-78.673558,35.762108000000005],[-78.674292,35.762328],[-78.674512,35.762649999999994],[-78.675388,35.76268],[-78.675578,35.762946],[-78.67551,35.763231],[-78.675607,35.763361],[-78.675503,35.763446],[-78.675982,35.763594],[-78.676395,35.76395099999999],[-78.676591,35.764274],[-78.676659,35.764811],[-78.677006,35.765052999999995],[-78.67719,35.764892],[-78.67733200000002,35.76489300000001],[-78.678001,35.76547899999999],[-78.678242,35.765451],[-78.678412,35.76526199999999],[-78.678519,35.764962],[-78.679508,35.763639],[-78.680351,35.763272],[-78.680891,35.76264],[-78.681145,35.762629000000004],[-78.68154100000001,35.762797],[-78.682018,35.763248],[-78.682358,35.763191],[-78.682621,35.762950000000004],[-78.68349,35.762992000000004],[-78.683808,35.763228],[-78.684011,35.763626],[-78.684512,35.76389199999999],[-78.685174,35.76473],[-78.685618,35.765077],[-78.686082,35.76580400000001],[-78.686188,35.766163999999996],[-78.686442,35.766291],[-78.687142,35.76631],[-78.687481,35.766570999999985],[-78.687583,35.767554],[-78.687849,35.768298],[-78.68844,35.76907200000001],[-78.688694,35.769175999999995],[-78.688985,35.769051],[-78.689905,35.768308],[-78.69092,35.767784],[-78.691191,35.76733],[-78.692216,35.76641200000001],[-78.692831,35.765602],[-78.694111,35.76508100000001],[-78.69436,35.765254],[-78.694629,35.76529599999999],[-78.695095,35.764766],[-78.695801,35.764289000000005],[-78.696624,35.763093],[-78.697418,35.76217],[-78.697769,35.761435],[-78.698337,35.760923999999996],[-78.699504,35.760823],[-78.701115,35.76113799999999],[-78.703503,35.76196399999999],[-78.704379,35.762142999999995],[-78.704648,35.76185599999999],[-78.705336,35.761425],[-78.706408,35.760286],[-78.706473,35.760026999999994],[-78.70677,35.759901],[-78.706869,35.759942],[-78.706811,35.760318000000005],[-78.706505,35.760945999999976],[-78.706588,35.76139599999999],[-78.707068,35.76171999999998],[-78.707741,35.76192899999999],[-78.708102,35.76201],[-78.70852600000002,35.761931],[-78.708995,35.76143],[-78.709176,35.760236],[-78.709347,35.760039000000006],[-78.709369,35.75981500000001],[-78.70963,35.75976899999999],[-78.709843,35.75959100000001],[-78.709831,35.759162999999994],[-78.710051,35.75876599999999],[-78.710419,35.758617],[-78.711299,35.75791000000001],[-78.711477,35.757455],[-78.711833,35.75696],[-78.711857,35.756125],[-78.712098,35.756009999999996],[-78.712528,35.756367999999995],[-78.712413,35.756869],[-78.712964,35.757032],[-78.712417,35.75755000000001],[-78.712507,35.758314],[-78.713291,35.758483],[-78.713496,35.758633],[-78.71580600000001,35.760792],[-78.716583,35.761167],[-78.71707,35.760815999999984],[-78.717513,35.75988],[-78.717757,35.75978],[-78.717992,35.760481],[-78.718366,35.760563],[-78.719036,35.761143],[-78.719855,35.76123199999999],[-78.720512,35.76101299999999],[-78.720483,35.76139999999999],[-78.720822,35.761641],[-78.72095,35.762076],[-78.721164,35.762266],[-78.72106,35.763012],[-78.72141,35.763127999999995],[-78.721699,35.76308300000001],[-78.721824,35.762848],[-78.722056,35.76288999999999],[-78.722626,35.763311],[-78.722984,35.763907999999994],[-78.722939,35.764469999999996],[-78.723034,35.764881],[-78.722844,35.765609],[-78.722623,35.76591299999999],[-78.722593,35.766263],[-78.722756,35.766637],[-78.722367,35.768029],[-78.722514,35.768665],[-78.723187,35.76924499999999],[-78.723117,35.76932],[-78.722554,35.769403],[-78.721734,35.76937799999999],[-78.721536,35.769318],[-78.721198,35.768999],[-78.721149,35.768394999999984],[-78.721281,35.76765699999999],[-78.72122,35.766923],[-78.720623,35.765343],[-78.720262,35.764899],[-78.71907,35.764391999999994],[-78.718445,35.76364100000001],[-78.717662,35.76300299999999],[-78.71649800000002,35.762818],[-78.71585300000001,35.76258399999998],[-78.715717,35.762404999999994],[-78.715361,35.762529],[-78.715254,35.762476],[-78.714846,35.762553999999994]]],[[[-78.685379,35.789604999999995],[-78.683415,35.788416],[-78.682912,35.78826799999999],[-78.68279600000001,35.78804999999999],[-78.68246,35.78796199999999],[-78.682323,35.78776100000001],[-78.681994,35.78763200000001],[-78.681906,35.787488999999994],[-78.680168,35.78631899999999],[-78.679972,35.786082],[-78.679159,35.785527],[-78.679173,35.785406],[-78.679571,35.785602999999995],[-78.680778,35.78661500000001],[-78.68088600000002,35.786593],[-78.681275,35.786815],[-78.682587,35.78780799999999],[-78.682922,35.787921000000004],[-78.683147,35.788154],[-78.685096,35.78921799999999],[-78.685368,35.789474999999996],[-78.685379,35.789604999999995]]],[[[-78.689841,35.793662000000005],[-78.689215,35.793009],[-78.689049,35.792974],[-78.688642,35.792596999999994],[-78.688541,35.79200199999999],[-78.688177,35.791793999999996],[-78.687891,35.791384],[-78.687911,35.791194999999995],[-78.687726,35.790896],[-78.687151,35.790459999999996],[-78.686817,35.790391],[-78.68659,35.79023899999999],[-78.68622,35.79030099999999],[-78.685838,35.789921],[-78.68586500000002,35.789812999999995],[-78.686272,35.789941999999996],[-78.686759,35.79029799999999],[-78.687073,35.790326],[-78.687723,35.790766],[-78.688674,35.791832],[-78.688588,35.792174],[-78.688765,35.79261],[-78.689062,35.792903999999986],[-78.689263,35.792945999999986],[-78.690071,35.793719],[-78.690014,35.79388000000001],[-78.690399,35.794061],[-78.690761,35.794748000000006],[-78.69045900000002,35.794894],[-78.690105,35.79422199999999],[-78.689871,35.793980999999995],[-78.689841,35.793662000000005]]],[[[-78.725887,35.799904],[-78.725978,35.797633999999995],[-78.725666,35.797017999999994],[-78.725787,35.796969],[-78.726462,35.798088],[-78.726154,35.798411],[-78.72633900000001,35.798654000000006],[-78.726085,35.79979500000001],[-78.726189,35.800031],[-78.726229,35.80077000000001],[-78.72606,35.800723],[-78.725887,35.799904]]],[[[-78.677798,35.800559],[-78.678444,35.80009299999999],[-78.67864,35.799585],[-78.678832,35.799653],[-78.678805,35.79988600000001],[-78.678569,35.80027000000001],[-78.677582,35.80114799999998],[-78.677467,35.801077],[-78.677798,35.800559]]],[[[-78.725601,35.803365],[-78.725984,35.801291],[-78.726054,35.80129300000001],[-78.726132,35.801307],[-78.726068,35.80202199999999],[-78.725877,35.803218],[-78.726189,35.80425699999999],[-78.725902,35.804694000000005],[-78.725601,35.803365]]],[[[-78.726398,35.806437],[-78.7264,35.805738],[-78.726135,35.80507000000001],[-78.726431,35.804753],[-78.72674,35.806052],[-78.72661,35.806699],[-78.72603400000001,35.80820299999999],[-78.725906,35.808128],[-78.726084,35.806929],[-78.726242,35.80650299999999],[-78.726398,35.806437]]],[[[-78.694288,35.808602],[-78.694343,35.807669000000004],[-78.694908,35.806987],[-78.695261,35.80691499999998],[-78.695626,35.80704],[-78.696096,35.80699299999999],[-78.696146,35.807157999999994],[-78.695641,35.807131],[-78.695407,35.80754099999999],[-78.695102,35.807769000000015],[-78.695357,35.80820599999999],[-78.695712,35.80830399999999],[-78.69587,35.80845499999999],[-78.695923,35.808723999999984],[-78.695651,35.80845699999999],[-78.695221,35.808507999999996],[-78.694836,35.808368],[-78.694377,35.808633],[-78.694288,35.808602]]],[[[-78.72055,35.80937999999998],[-78.718046,35.809308],[-78.717762,35.809155],[-78.717159,35.80911799999999],[-78.71694000000001,35.808921999999995],[-78.716408,35.808890000000005],[-78.716272,35.808841999999984],[-78.716188,35.808591],[-78.715911,35.80850499999999],[-78.715852,35.80821399999999],[-78.71593500000002,35.808201999999994],[-78.715989,35.808456],[-78.716277,35.808545],[-78.716326,35.808789],[-78.717045,35.808864],[-78.71723500000002,35.809076999999995],[-78.717793,35.809086999999984],[-78.71803,35.809236],[-78.720432,35.809316],[-78.72059,35.809290999999995],[-78.720933,35.809012],[-78.721034,35.809031000000004],[-78.72055,35.80937999999998]]],[[[-78.689467,35.815162],[-78.689527,35.814983000000005],[-78.689684,35.81495099999999],[-78.689777,35.81466],[-78.6907,35.81397],[-78.69062,35.813679],[-78.690769,35.81302800000001],[-78.691268,35.81163900000001],[-78.691702,35.811379],[-78.691669,35.811231],[-78.691866,35.810962],[-78.691789,35.810648],[-78.69207,35.810308000000006],[-78.692052,35.809975],[-78.69227,35.809448],[-78.693115,35.808553999999994],[-78.693431,35.80849800000001],[-78.693407,35.80857],[-78.693147,35.808614000000006],[-78.692259,35.80964099999999],[-78.692171,35.81033399999999],[-78.691967,35.810652999999995],[-78.691998,35.81098500000001],[-78.691587,35.811654],[-78.691555,35.812143000000006],[-78.690982,35.81366599999999],[-78.691092,35.813979999999994],[-78.691027,35.81419600000001],[-78.690584,35.81446699999999],[-78.689914,35.81515199999998],[-78.689578,35.815182],[-78.689467,35.815162]]],[[[-78.687656,35.81546399999999],[-78.688032,35.814944],[-78.688249,35.81484],[-78.689215,35.81492399999999],[-78.689173,35.815107],[-78.688315,35.815223],[-78.68764400000002,35.81561099999999],[-78.687656,35.81546399999999]]],[[[-78.682961,35.825936999999996],[-78.683661,35.823481],[-78.684596,35.823078],[-78.684629,35.822606],[-78.68499,35.822577],[-78.685264,35.822145],[-78.685298,35.82156299999999],[-78.685801,35.821116999999994],[-78.686759,35.819727],[-78.68693,35.819098000000004],[-78.686765,35.818985],[-78.686786,35.818844999999996],[-78.687291,35.818304999999995],[-78.687011,35.817581],[-78.687199,35.81730799999999],[-78.687884,35.81691699999999],[-78.687935,35.816613999999994],[-78.687785,35.81606300000001],[-78.687961,35.81599099999999],[-78.688037,35.816038999999996],[-78.688119,35.81704],[-78.688032,35.817233],[-78.687535,35.817405],[-78.68732,35.817596999999985],[-78.687465,35.81785799999999],[-78.687342,35.818071999999994],[-78.68749,35.81830299999999],[-78.686928,35.818854],[-78.687092,35.81911],[-78.68693,35.81996399999999],[-78.686139,35.821040999999994],[-78.685496,35.82160400000001],[-78.685486,35.822211],[-78.685325,35.822656],[-78.68498,35.82294399999999],[-78.685026,35.823161999999996],[-78.684673,35.82351199999998],[-78.684593,35.82387699999999],[-78.684023,35.824786],[-78.683989,35.82549999999999],[-78.68327500000001,35.82606599999999],[-78.682961,35.825936999999996]]],[[[-78.680869,35.828996999999994],[-78.681055,35.828286999999996],[-78.681377,35.827969],[-78.681495,35.82698],[-78.682043,35.826732],[-78.682553,35.826615000000004],[-78.682775,35.82641400000001],[-78.683113,35.826518],[-78.68299,35.826665999999996],[-78.682122,35.82713699999999],[-78.681908,35.82747299999999],[-78.68187,35.827969],[-78.681563,35.828372],[-78.680869,35.828996999999994]]],[[[-78.689805,35.85407699999999],[-78.690007,35.85414500000001],[-78.689974,35.85461699999999],[-78.690406,35.85527200000001],[-78.69055100000001,35.855984],[-78.690792,35.85631500000001],[-78.69147,35.856595],[-78.693791,35.8563],[-78.694288,35.85685200000001],[-78.694826,35.85718899999999],[-78.695087,35.857247],[-78.695749,35.858067],[-78.695757,35.858808],[-78.695536,35.859714999999994],[-78.695421,35.860869],[-78.695743,35.861468],[-78.69574,35.862021],[-78.696028,35.86257200000001],[-78.696416,35.862747000000006],[-78.696696,35.863165],[-78.69752,35.863424],[-78.697589,35.864725],[-78.697741,35.86514400000001],[-78.698408,35.866110000000006],[-78.699899,35.867655000000006],[-78.699828,35.86862],[-78.69931,35.86897199999999],[-78.699179,35.868924],[-78.699438,35.86870600000001],[-78.699627,35.868356000000006],[-78.699706,35.867876],[-78.699637,35.867668],[-78.698244,35.866215],[-78.697563,35.86524399999999],[-78.697153,35.86371199999999],[-78.696212,35.863395000000004],[-78.695864,35.863208],[-78.695566,35.86290399999999],[-78.695363,35.86235599999999],[-78.69532,35.861796],[-78.695176,35.86166],[-78.69485,35.860887000000005],[-78.695042,35.860324000000006],[-78.695134,35.85934400000001],[-78.694958,35.858603],[-78.694765,35.858243999999985],[-78.694238,35.857451],[-78.69351,35.856612],[-78.693107,35.856550000000006],[-78.691706,35.85677199999999],[-78.691071,35.856784],[-78.690471,35.856477000000005],[-78.689738,35.85461999999999],[-78.689734,35.854233],[-78.689805,35.85407699999999]]],[[[-78.698476,35.869327999999996],[-78.699095,35.868982],[-78.699142,35.86903699999999],[-78.698534,35.869374999999984],[-78.698476,35.869327999999996]]],[[[-78.72157,35.871243],[-78.721751,35.870909000000005],[-78.722634,35.870346],[-78.72282400000002,35.870090000000005],[-78.722929,35.870174],[-78.72260300000002,35.870599999999996],[-78.722,35.870968000000005],[-78.721822,35.871173],[-78.72157,35.871243]]],[[[-78.697079,35.871444999999994],[-78.697376,35.871306],[-78.698204,35.871173],[-78.698197,35.87100999999999],[-78.69852,35.870906],[-78.698456,35.870439999999995],[-78.698037,35.87037800000002],[-78.697923,35.87022],[-78.698,35.869719999999994],[-78.698385,35.86937700000001],[-78.698436,35.869428],[-78.69804200000002,35.869867000000006],[-78.698027,35.870205],[-78.698111,35.870309999999996],[-78.698741,35.87035500000002],[-78.698752,35.870461],[-78.69856800000001,35.870603],[-78.698619,35.87094299999999],[-78.698324,35.871024],[-78.698378,35.871164],[-78.698244,35.871303],[-78.697732,35.8713],[-78.697325,35.871401999999996],[-78.697142,35.871489999999994],[-78.697088,35.871657],[-78.696975,35.871644999999994],[-78.697079,35.871444999999994]]],[[[-78.720788,35.87244199999999],[-78.72129,35.871639],[-78.721532,35.871579999999994],[-78.72089,35.872930999999994],[-78.720809,35.872916000000004],[-78.720788,35.87244199999999]]],[[[-78.696977,35.87223399999999],[-78.697079,35.87203199999999],[-78.697098,35.872235],[-78.696977,35.87223399999999]]],[[[-78.720782,35.873242],[-78.720956,35.873352],[-78.720944,35.87355],[-78.72038,35.87398400000001],[-78.720098,35.87504199999999],[-78.719788,35.874245],[-78.719826,35.873918999999994],[-78.720152,35.873571],[-78.720782,35.873242]]],[[[-78.721365,35.88597899999999],[-78.721595,35.885835],[-78.721722,35.88561799999999],[-78.721658,35.884636],[-78.722079,35.88419900000001],[-78.722202,35.88389900000001],[-78.721606,35.882896],[-78.72157,35.88268800000001],[-78.722294,35.881558],[-78.721664,35.880319],[-78.720946,35.880125],[-78.72037,35.87968699999999],[-78.718632,35.879248],[-78.71831400000002,35.879038],[-78.718145,35.878584000000004],[-78.718151,35.87829599999999],[-78.718371,35.877984999999995],[-78.718423,35.877528],[-78.718777,35.87649199999999],[-78.719242,35.87597900000001],[-78.719475,35.875561999999995],[-78.719335,35.875099],[-78.719475,35.874746],[-78.719713,35.875004999999994],[-78.71989,35.87489599999999],[-78.720073,35.87511500000001],[-78.72003,35.875332],[-78.720198,35.87554600000001],[-78.719395,35.876614999999994],[-78.719012,35.87746799999999],[-78.718682,35.87779200000001],[-78.718597,35.878094999999995],[-78.718318,35.87842899999999],[-78.718365,35.87861699999999],[-78.71856,35.879025999999996],[-78.719251,35.879256],[-78.719715,35.879267],[-78.719982,35.879459],[-78.720592,35.879591999999995],[-78.721315,35.880045],[-78.722008,35.880183],[-78.722235,35.880665],[-78.722147,35.880924],[-78.722363,35.88117799999999],[-78.722501,35.88163900000001],[-78.722009,35.88224399999999],[-78.721904,35.882771999999996],[-78.722112,35.883024999999996],[-78.72234500000002,35.883933],[-78.722188,35.884255],[-78.721765,35.884649],[-78.721833,35.885684000000005],[-78.721554,35.88594499999999],[-78.721424,35.886439],[-78.721286,35.88658699999999],[-78.721194,35.886493],[-78.721365,35.88597899999999]]],[[[-78.721248,35.888146],[-78.721556,35.889089],[-78.722828,35.88944699999999],[-78.722931,35.889495],[-78.722866,35.889587],[-78.721615,35.889255999999996],[-78.721456,35.889095999999995],[-78.721013,35.888166],[-78.720893,35.887589],[-78.72094,35.88713400000001],[-78.721081,35.886978000000006],[-78.721248,35.888146]]],[[[-78.708546,35.91553300000001],[-78.7102,35.913844],[-78.711012,35.913398],[-78.711204,35.913765],[-78.710114,35.914247],[-78.708665,35.915625],[-78.70840774594564,35.91610408020761],[-78.7081592533375,35.91609472367044],[-78.708546,35.91553300000001]]],[[[-78.644696,35.714529],[-78.644172,35.71653200000001],[-78.64371600000001,35.717012],[-78.643622,35.717819],[-78.642528,35.718492999999995],[-78.642382,35.718834],[-78.641503,35.719228],[-78.641016,35.71955],[-78.640962,35.719495],[-78.641268,35.71925099999999],[-78.642278,35.71868099999999],[-78.64242,35.71832500000001],[-78.643474,35.71776899999999],[-78.643569,35.71699],[-78.644063,35.71641199999999],[-78.64448,35.71440300000001],[-78.644617,35.71408999999999],[-78.6448334958076,35.71391647365957],[-78.64517582536861,35.71409909313767],[-78.644907,35.71422599999999],[-78.644696,35.714529]]],[[[-78.635648,35.72817800000001],[-78.635672,35.72883],[-78.636061,35.729476000000005],[-78.635861,35.729524],[-78.635344,35.72882899999999],[-78.635406,35.728559],[-78.635317,35.728141],[-78.635648,35.72817800000001]]],[[[-78.636161,35.730174],[-78.636141,35.73005499999999],[-78.636042,35.729851],[-78.63622,35.72985800000001],[-78.636321,35.73018],[-78.636161,35.730174]]],[[[-78.640057,35.742391],[-78.640325,35.740861],[-78.640123,35.74014899999999],[-78.640122,35.73986200000001],[-78.640276,35.739574999999995],[-78.63963,35.73850899999999],[-78.639385,35.73837300000001],[-78.639316,35.737969],[-78.638674,35.73698199999999],[-78.63864,35.736616],[-78.638116,35.736295],[-78.637882,35.73592599999999],[-78.637294,35.734429000000006],[-78.63726,35.734102],[-78.637107,35.73394499999999],[-78.63708,35.733615],[-78.636737,35.733143],[-78.636394,35.732881000000006],[-78.635913,35.73217799999999],[-78.63598,35.73134399999999],[-78.636211,35.730898999999994],[-78.636246,35.730512999999995],[-78.636407,35.730516],[-78.636387,35.730939000000006],[-78.63602,35.731595999999996],[-78.635988,35.732163],[-78.636357,35.732715999999996],[-78.636625,35.732986999999994],[-78.636897,35.733105],[-78.63728,35.733582],[-78.637275,35.733895999999994],[-78.63743100000002,35.734013],[-78.637547,35.734618],[-78.637741,35.73471900000001],[-78.637909,35.735513],[-78.638424,35.736167],[-78.638697,35.736199],[-78.639015,35.736439],[-78.639048,35.73680499999999],[-78.639642,35.737627999999994],[-78.6398,35.738222],[-78.640013,35.738388],[-78.640592,35.73946],[-78.640602,35.73961499999999],[-78.640445,35.739751],[-78.640506,35.74032400000001],[-78.640704,35.74084499999999],[-78.640609,35.741586999999996],[-78.640259,35.742411000000004],[-78.640057,35.742391]]],[[[-78.636236,35.75221499999999],[-78.636972,35.749545],[-78.63753,35.748252],[-78.63768,35.748057],[-78.638436,35.74780799999999],[-78.638702,35.74754800000001],[-78.638747,35.746704],[-78.639256,35.745996999999996],[-78.639488,35.745202],[-78.639385,35.74507599999999],[-78.639299,35.74429599999999],[-78.639798,35.74334100000001],[-78.639969,35.742731],[-78.640205,35.742743],[-78.640069,35.74351200000002],[-78.639773,35.744133999999995],[-78.640135,35.745238],[-78.639516,35.74637],[-78.639087,35.746929],[-78.639064,35.74750399999999],[-78.63926,35.74784699999999],[-78.63921200000001,35.74821000000001],[-78.639332,35.74853],[-78.638655,35.74918400000001],[-78.638498,35.749782999999994],[-78.637824,35.74984200000001],[-78.637149,35.750930000000004],[-78.637442,35.751242],[-78.63815,35.752987000000005],[-78.637936,35.753538],[-78.636236,35.75221499999999]]],[[[-78.636705,35.756469],[-78.63606,35.756638],[-78.63621500000002,35.75631700000001],[-78.636397,35.756172],[-78.637568,35.75593800000001],[-78.638326,35.756048000000014],[-78.639821,35.756681999999984],[-78.640281,35.75666199999999],[-78.6412,35.756864],[-78.642208,35.756652999999986],[-78.643201,35.756785],[-78.644162,35.756614],[-78.644293,35.75650799999999],[-78.644365,35.756090999999984],[-78.644386,35.754743999999995],[-78.644578,35.754258],[-78.644778,35.754084],[-78.645679,35.753825000000006],[-78.646799,35.75375100000001],[-78.648025,35.75392],[-78.648835,35.754198],[-78.648821,35.754315000000005],[-78.646853,35.75392299999999],[-78.645994,35.754132999999996],[-78.645653,35.75436799999999],[-78.64528,35.754982999999996],[-78.64493200000001,35.75613699999999],[-78.644959,35.756911],[-78.64487,35.757093999999995],[-78.644295,35.75720999999999],[-78.643782,35.75696500000001],[-78.642856,35.757013],[-78.642005,35.756842],[-78.64089900000002,35.75720200000001],[-78.640376,35.757052],[-78.639852,35.75749],[-78.639336,35.757644],[-78.63922,35.757827000000006],[-78.639887,35.758448],[-78.639808,35.758672999999995],[-78.638834,35.757644000000006],[-78.637972,35.757276],[-78.637472,35.756814000000006],[-78.636705,35.756469]]],[[[-78.603848,35.763185],[-78.602961,35.763211],[-78.602436,35.763038],[-78.60199,35.76255700000001],[-78.60193,35.76226299999999],[-78.601695,35.761990999999995],[-78.600315,35.76079299999999],[-78.598767,35.76112299999999],[-78.598346,35.7611],[-78.597987,35.760941],[-78.597384,35.76031],[-78.596962,35.758776999999995],[-78.596817,35.75857200000001],[-78.59663,35.75849],[-78.595901,35.758523],[-78.594301,35.75898300000001],[-78.593861,35.75897100000001],[-78.59345,35.75882300000001],[-78.592673,35.75885799999999],[-78.589896,35.760405999999996],[-78.589316,35.760483],[-78.587676,35.76028399999999],[-78.58624,35.76136],[-78.585756,35.76152999999999],[-78.585133,35.761542],[-78.584388,35.76127499999999],[-78.58388100000002,35.76086500000001],[-78.583288,35.759713],[-78.582791,35.75939499999999],[-78.581796,35.758374999999994],[-78.581665,35.758202000000004],[-78.581658,35.757853],[-78.581519,35.757695],[-78.580819,35.75727700000001],[-78.5803,35.757497],[-78.579773,35.757531],[-78.579052,35.757736],[-78.578402,35.757733999999985],[-78.578175,35.75763299999999],[-78.578018,35.75735399999999],[-78.577985,35.75693],[-78.578988,35.756498],[-78.580122,35.75619499999999],[-78.580938,35.756211999999984],[-78.581526,35.75635],[-78.58185,35.756493],[-78.582764,35.75791399999999],[-78.58384,35.758533],[-78.584192,35.75894000000001],[-78.584513,35.759071999999996],[-78.585176,35.75998199999999],[-78.585377,35.76014799999999],[-78.586017,35.760192999999994],[-78.587205,35.759689],[-78.587884,35.759054],[-78.588486,35.75880499999999],[-78.589266,35.75806799999999],[-78.590543,35.757538999999994],[-78.592046,35.757115],[-78.593321,35.75660400000001],[-78.594805,35.75639499999999],[-78.59613,35.756429000000004],[-78.596902,35.75665899999999],[-78.598083,35.757470999999995],[-78.598414,35.75794499999999],[-78.598632,35.759224],[-78.599334,35.75992599999999],[-78.599862,35.75976],[-78.599984,35.759529],[-78.601041,35.75925600000001],[-78.60183,35.759373],[-78.603092,35.759942],[-78.603566,35.76039899999999],[-78.604131,35.761609],[-78.604274,35.762240999999996],[-78.604586,35.762564999999995],[-78.604941,35.76235899999998],[-78.605491,35.761094],[-78.605679,35.760964],[-78.605992,35.760946],[-78.606992,35.761099],[-78.608133,35.76148700000001],[-78.609763,35.761781],[-78.611834,35.762449],[-78.61293,35.76255399999999],[-78.613131,35.76231400000002],[-78.615408,35.761591999999986],[-78.61748,35.760061],[-78.61768,35.759996],[-78.61768,35.758846999999996],[-78.618059,35.757793],[-78.618492,35.75716499999999],[-78.619266,35.75681699999999],[-78.619712,35.75670299999999],[-78.621442,35.756716999999995],[-78.622312,35.756776],[-78.62310000000001,35.756952999999996],[-78.623731,35.756890999999996],[-78.624272,35.757143000000006],[-78.625816,35.75720699999999],[-78.628003,35.75699999999999],[-78.629795,35.75705899999999],[-78.631039,35.756986999999995],[-78.631566,35.756917],[-78.632263,35.756657000000004],[-78.632951,35.75657100000001],[-78.634425,35.75661199999999],[-78.634517,35.75651400000001],[-78.634711,35.756518],[-78.634737,35.75681300000001],[-78.634398,35.75677],[-78.634284,35.75683800000001],[-78.633657,35.757801],[-78.632981,35.75848],[-78.630941,35.759138],[-78.628115,35.759883],[-78.626489,35.759899000000004],[-78.62443900000001,35.759572],[-78.623203,35.759569],[-78.621948,35.759432999999994],[-78.621195,35.75922],[-78.620088,35.759402],[-78.619764,35.759265000000006],[-78.619319,35.758613000000004],[-78.619092,35.758469000000005],[-78.618934,35.758475999999995],[-78.618713,35.758618000000006],[-78.618559,35.75941799999999],[-78.618643,35.760564],[-78.618561,35.761229],[-78.618449,35.761469999999996],[-78.618128,35.761764],[-78.616877,35.76271899999999],[-78.616165,35.762903],[-78.61563,35.76284400000001],[-78.614635,35.762358],[-78.614149,35.762267],[-78.613882,35.762388],[-78.613725,35.762945],[-78.613345,35.76335900000001],[-78.612473,35.764093],[-78.611864,35.76429400000001],[-78.610699,35.76418799999999],[-78.609479,35.76395800000001],[-78.60849900000001,35.763515],[-78.607983,35.763177000000006],[-78.607509,35.763054],[-78.605856,35.763157],[-78.60465,35.763001],[-78.603848,35.763185]]],[[[-78.645501,35.766655],[-78.644397,35.766659],[-78.643738,35.766538999999995],[-78.642946,35.766016],[-78.642624,35.76601],[-78.642316,35.765308000000005],[-78.642655,35.76391799999999],[-78.642606,35.763651],[-78.64226,35.762803],[-78.642033,35.76254600000001],[-78.641844,35.76170100000001],[-78.640818,35.760316],[-78.640123,35.758909999999986],[-78.64022,35.758810000000004],[-78.64038500000001,35.75882399999999],[-78.64069,35.759253],[-78.641611,35.760073],[-78.642519,35.761291000000014],[-78.64289,35.76224199999999],[-78.642795,35.762575],[-78.643062,35.76282],[-78.643246,35.763487],[-78.643117,35.764519],[-78.642869,35.76518699999999],[-78.643033,35.765582],[-78.643567,35.766088],[-78.645004,35.765994],[-78.645665,35.76609799999999],[-78.646345,35.76653199999999],[-78.64636300000001,35.76700900000001],[-78.646034,35.767326],[-78.646081,35.767012],[-78.645735,35.76674500000001],[-78.645501,35.766655]]],[[[-78.677494,35.78449799999999],[-78.674297,35.783235999999995],[-78.673418,35.78300600000001],[-78.673117,35.78275200000001],[-78.670702,35.781858],[-78.670215,35.781422000000006],[-78.669662,35.781123],[-78.668043,35.780545],[-78.667925,35.780361000000006],[-78.666983,35.780279],[-78.666385,35.780370999999995],[-78.66621,35.780286],[-78.665994,35.780328999999995],[-78.664288,35.779858],[-78.66416,35.779593],[-78.663293,35.77921299999999],[-78.663353,35.77892400000001],[-78.662943,35.77868099999999],[-78.662563,35.778744],[-78.662495,35.77769],[-78.66264900000002,35.77764899999999],[-78.662677,35.777545],[-78.662378,35.777076],[-78.661934,35.776963],[-78.659243,35.77517099999999],[-78.658657,35.774939999999994],[-78.656954,35.77484],[-78.656355,35.775099],[-78.656001,35.775099999999995],[-78.655687,35.77419499999999],[-78.655921,35.773574999999994],[-78.655919,35.77316900000001],[-78.655763,35.772923000000006],[-78.651872,35.77067400000001],[-78.648558,35.770025999999994],[-78.648073,35.769838],[-78.647387,35.769069],[-78.646707,35.767911000000005],[-78.64674,35.76774000000001],[-78.646949,35.767544],[-78.647127,35.76759],[-78.64770800000001,35.76841499999999],[-78.647841,35.769264],[-78.648225,35.76968399999999],[-78.64878700000001,35.769938999999994],[-78.650674,35.770178],[-78.651896,35.770495000000004],[-78.653258,35.771268],[-78.653433,35.771448],[-78.653788,35.771557],[-78.655284,35.772562],[-78.655704,35.77263599999999],[-78.655944,35.772776],[-78.656175,35.773022],[-78.656208,35.773217999999986],[-78.656,35.774072999999994],[-78.656288,35.774931999999986],[-78.656891,35.77457199999999],[-78.65874700000002,35.774831],[-78.659528,35.775209000000004],[-78.661985,35.776834999999984],[-78.662431,35.776938],[-78.662813,35.77745500000001],[-78.66291100000001,35.778479],[-78.663532,35.778779],[-78.663741,35.779023],[-78.664252,35.77898100000001],[-78.664945,35.779264999999995],[-78.66605,35.779505],[-78.666605,35.77979299999999],[-78.666879,35.780135],[-78.667207,35.780165999999994],[-78.667625,35.779955],[-78.668058,35.78003400000001],[-78.668257,35.780229],[-78.669559,35.780871999999995],[-78.670836,35.781689],[-78.673261,35.78261799999999],[-78.675761,35.783729],[-78.67694,35.784080999999986],[-78.678252,35.784762999999984],[-78.678972,35.785250999999995],[-78.678869,35.785297000000014],[-78.677494,35.78449799999999]]],[[[-78.666914,35.79884],[-78.666671,35.799891999999986],[-78.666401,35.80037599999999],[-78.666187,35.80037500000001],[-78.666547,35.799647],[-78.66680900000001,35.798793999999994],[-78.666914,35.79884]]],[[[-78.665737,35.801773999999995],[-78.665606,35.802504],[-78.66555600000001,35.802645],[-78.665467,35.80264499999999],[-78.665609,35.801224000000005],[-78.666142,35.80053500000001],[-78.666318,35.800536],[-78.665737,35.801773999999995]]],[[[-78.663664,35.810267],[-78.663883,35.809761],[-78.663835,35.80922900000001],[-78.664056,35.809005],[-78.663737,35.808547000000004],[-78.663817,35.808265000000006],[-78.664064,35.807918],[-78.664923,35.807362999999995],[-78.664951,35.807239999999986],[-78.664676,35.807017],[-78.665274,35.806666],[-78.665378,35.80650099999999],[-78.66544,35.806036999999996],[-78.665045,35.805335],[-78.665178,35.80433599999999],[-78.665099,35.803549],[-78.66544,35.802735999999996],[-78.665524,35.80273400000001],[-78.665332,35.803487999999994],[-78.665451,35.80427499999999],[-78.66537,35.804866999999994],[-78.665126,35.805384],[-78.665628,35.805984],[-78.665633,35.80612],[-78.665435,35.806698],[-78.664776,35.80702899999999],[-78.665031,35.807168000000004],[-78.66508,35.807362000000005],[-78.664263,35.807869],[-78.663855,35.80843399999999],[-78.66409,35.808694],[-78.664261,35.809121],[-78.664341,35.80983599999999],[-78.664266,35.810105],[-78.663993,35.810458],[-78.663664,35.810267]]],[[[-78.625333,35.839835999999984],[-78.625487,35.83955199999999],[-78.625501,35.83884200000001],[-78.625882,35.838532],[-78.626151,35.836594],[-78.625867,35.836023],[-78.62526000000001,35.835892],[-78.625123,35.83570999999999],[-78.624881,35.83562],[-78.62478,35.835396],[-78.624822,35.835217],[-78.624589,35.83501699999999],[-78.624723,35.834855],[-78.625299,35.834652999999996],[-78.625706,35.834333999999984],[-78.62576,35.834191999999994],[-78.625638,35.83365],[-78.625923,35.833063999999986],[-78.626902,35.832338],[-78.627119,35.83168399999999],[-78.62772900000002,35.83133],[-78.627836,35.831046],[-78.627984,35.83102899999999],[-78.628177,35.830797],[-78.628203,35.830413],[-78.62861,35.830949999999994],[-78.628806,35.831485],[-78.628181,35.832499999999996],[-78.628144,35.832996],[-78.628345,35.83332699999999],[-78.628013,35.833566000000005],[-78.627268,35.833738000000004],[-78.626747,35.83401699999999],[-78.626731,35.834526000000004],[-78.626592,35.83484000000001],[-78.626661,35.835027],[-78.626426,35.83541000000001],[-78.626358,35.835798999999994],[-78.626246,35.83586900000001],[-78.626399,35.83643899999999],[-78.626424,35.837289000000006],[-78.626017,35.83873799999999],[-78.625709,35.83891199999999],[-78.625656,35.839034000000005],[-78.625752,35.83958700000001],[-78.625542,35.839931],[-78.625492,35.840391000000004],[-78.625617,35.84174300000001],[-78.625502,35.841716],[-78.62543,35.841294],[-78.625333,35.839835999999984]]],[[[-78.661038,35.855712],[-78.661284,35.855287999999994],[-78.66232,35.854918999999995],[-78.662926,35.85479800000001],[-78.66362,35.85428000000001],[-78.663937,35.85227799999999],[-78.66411700000002,35.851989999999994],[-78.664094,35.851486],[-78.663725,35.85123099999998],[-78.663553,35.850929999999984],[-78.663856,35.850488],[-78.663711,35.84980999999999],[-78.66351,35.849577],[-78.663174,35.848781],[-78.662842,35.848535],[-78.66126,35.848286],[-78.66113800000001,35.848168],[-78.661135,35.847823999999996],[-78.660769,35.84751700000001],[-78.661582,35.846371999999995],[-78.662421,35.84584600000001],[-78.662798,35.84546999999999],[-78.6628,35.844204000000005],[-78.662943,35.843954],[-78.662787,35.843618],[-78.662488,35.84358199999999],[-78.662362,35.843436999999994],[-78.662175,35.84265],[-78.662335,35.842583],[-78.662533,35.84333099999999],[-78.663067,35.84344200000001],[-78.66344,35.84383600000001],[-78.663268,35.84422],[-78.663155,35.844914],[-78.663239,35.845442999999996],[-78.662925,35.845831],[-78.66181,35.84652200000001],[-78.661008,35.847577],[-78.661241,35.847789],[-78.661308,35.84818899999999],[-78.663087,35.84841300000001],[-78.663673,35.848786],[-78.664044,35.849875],[-78.664005,35.850556999999995],[-78.663664,35.85088199999999],[-78.66389,35.851176],[-78.664253,35.851378],[-78.664241,35.852127],[-78.664047,35.852321],[-78.664057,35.85269999999999],[-78.663899,35.853169],[-78.663933,35.85357700000001],[-78.663665,35.85442199999999],[-78.663079,35.854863],[-78.661287,35.8554],[-78.661008,35.856204999999996],[-78.661038,35.855712]]],[[[-78.625628,35.841885000000005],[-78.625527,35.84242400000001],[-78.625629,35.84248699999999],[-78.626288,35.842371],[-78.626352,35.842649999999985],[-78.626999,35.842814],[-78.627774,35.84275100000001],[-78.628226,35.842983],[-78.629601,35.843162],[-78.630278,35.843549999999986],[-78.630577,35.843533],[-78.63062,35.84371699999999],[-78.631074,35.844183],[-78.631552,35.84427],[-78.632389,35.84498000000001],[-78.6328,35.845466],[-78.633255,35.845668999999994],[-78.633544,35.845985999999996],[-78.634468,35.846472999999996],[-78.634402,35.846534999999996],[-78.633141,35.845937000000006],[-78.632635,35.84551899999999],[-78.632326,35.84504499999999],[-78.632155,35.845017999999996],[-78.630586,35.843878],[-78.630522,35.843607],[-78.630235,35.843631],[-78.629667,35.843343000000004],[-78.628725,35.84318199999999],[-78.628541,35.84306200000001],[-78.628184,35.843048],[-78.627708,35.842828],[-78.627211,35.84283700000001],[-78.627029,35.842921000000004],[-78.62673200000002,35.842819999999996],[-78.62635,35.842833999999996],[-78.62651,35.84459599999999],[-78.626169,35.846077],[-78.624451,35.848414000000005],[-78.623392,35.851200000000006],[-78.623192,35.851375],[-78.623798,35.852261],[-78.624473,35.85278900000001],[-78.624925,35.853035000000006],[-78.62545,35.853055999999995],[-78.626196,35.853337999999994],[-78.62677,35.85334999999999],[-78.627499,35.853815],[-78.627279,35.85380899999999],[-78.626965,35.853987999999994],[-78.626791,35.85388300000001],[-78.626495,35.85397699999999],[-78.626188,35.853881],[-78.625938,35.85394699999999],[-78.625833,35.854302000000004],[-78.626201,35.85483500000001],[-78.626417,35.855816],[-78.6261,35.85596300000001],[-78.625676,35.85517],[-78.625324,35.854729999999996],[-78.62515,35.853991],[-78.624836,35.853711],[-78.624699,35.85327800000001],[-78.623738,35.852398999999984],[-78.623097,35.851462],[-78.6233,35.85041],[-78.623773,35.84968799999999],[-78.624318,35.848356],[-78.625215,35.84698],[-78.626063,35.845947],[-78.626373,35.84444899999999],[-78.626202,35.843465],[-78.626213,35.84254799999999],[-78.625605,35.84261999999999],[-78.62543400000001,35.842538],[-78.62534,35.84237900000001],[-78.625368,35.842144000000005],[-78.625509,35.841883],[-78.625628,35.841885000000005]]],[[[-78.600194,35.851629],[-78.600328,35.851594000000006],[-78.601262,35.853331],[-78.601508,35.853493],[-78.60147100000002,35.85355499999999],[-78.601204,35.85338800000001],[-78.600194,35.851629]]],[[[-78.611535,35.862336],[-78.611784,35.86129999999999],[-78.611595,35.86026899999999],[-78.611421,35.859860999999995],[-78.610949,35.859321999999985],[-78.60985,35.858809],[-78.608912,35.85855399999999],[-78.60857300000002,35.858035],[-78.60766,35.857392],[-78.607345,35.856886],[-78.606693,35.856538],[-78.606024,35.85530099999999],[-78.605626,35.85497699999999],[-78.604119,35.85479600000001],[-78.603888,35.85492399999998],[-78.603251,35.854996],[-78.602866,35.85495699999999],[-78.60264,35.85504400000001],[-78.602396,35.854971000000006],[-78.60208,35.85420999999999],[-78.601805,35.8539],[-78.601794,35.853688],[-78.60225500000001,35.853113],[-78.602371,35.85307100000001],[-78.602571,35.853182999999994],[-78.602926,35.85321299999999],[-78.603189,35.853095],[-78.603391,35.85313599999999],[-78.60381,35.853838999999994],[-78.604052,35.853947],[-78.604352,35.853754],[-78.60466,35.85316099999999],[-78.605103,35.853284],[-78.605698,35.853182000000004],[-78.605953,35.85326400000001],[-78.605761,35.853369],[-78.605825,35.85363499999999],[-78.60568,35.85382799999999],[-78.606234,35.854504999999996],[-78.607444,35.85683800000001],[-78.608835,35.857766000000005],[-78.609061,35.858439],[-78.610262,35.858624999999996],[-78.610783,35.85901],[-78.611509,35.859356],[-78.611867,35.859736000000005],[-78.611956,35.86110099999999],[-78.611703,35.86183],[-78.611968,35.862480999999995],[-78.611649,35.862604],[-78.611535,35.862336]]],[[[-78.655833,35.866669],[-78.656262,35.86663599999999],[-78.656328,35.86593899999999],[-78.656165,35.865788],[-78.655477,35.865523],[-78.655136,35.865219],[-78.655763,35.865448999999984],[-78.656782,35.86523300000001],[-78.657169,35.86500000000001],[-78.657381,35.86420900000001],[-78.657285,35.86392599999999],[-78.657552,35.86364799999998],[-78.657635,35.86325399999999],[-78.657545,35.86294999999999],[-78.657915,35.862668000000006],[-78.658146,35.86198499999999],[-78.657598,35.86098199999999],[-78.658297,35.86117900000001],[-78.658683,35.860834],[-78.658615,35.86065299999999],[-78.658271,35.860547999999994],[-78.657758,35.860157999999984],[-78.657351,35.86002],[-78.65796500000002,35.859868],[-78.658413,35.860038],[-78.658844,35.86001799999998],[-78.658946,35.85979900000001],[-78.659264,35.859657999999996],[-78.659495,35.859332],[-78.65954,35.859006],[-78.659174,35.85856199999999],[-78.659042,35.858043],[-78.658886,35.857949],[-78.659131,35.85771199999999],[-78.659151,35.857127],[-78.658941,35.856840999999996],[-78.659113,35.856345],[-78.659701,35.856359000000005],[-78.660068,35.856622],[-78.660292,35.856514999999995],[-78.66164,35.85667099999999],[-78.6638,35.85718],[-78.663717,35.85737],[-78.663538,35.857479],[-78.663559,35.858799],[-78.663454,35.85913],[-78.663037,35.859582],[-78.663188,35.860051],[-78.663046,35.86028699999999],[-78.664237,35.86072300000001],[-78.665193,35.860792],[-78.66541,35.86068499999998],[-78.665872,35.86019],[-78.666265,35.86005300000001],[-78.666665,35.85997199999999],[-78.667637,35.859985],[-78.667952,35.859893],[-78.668247,35.85968700000001],[-78.668641,35.859102],[-78.669117,35.85891999999999],[-78.669494,35.858908],[-78.6706,35.85919],[-78.670728,35.85918],[-78.670764,35.85898900000001],[-78.67095,35.85891],[-78.671491,35.858937000000005],[-78.672059,35.859182],[-78.672043,35.85944200000001],[-78.673019,35.859688],[-78.673637,35.860091],[-78.673766,35.860871999999986],[-78.673968,35.861092000000006],[-78.674012,35.861352],[-78.673899,35.861379],[-78.673885,35.86109499999999],[-78.673654,35.860854999999994],[-78.673401,35.86013],[-78.67291600000001,35.85986199999999],[-78.67196600000001,35.859656],[-78.671723,35.85983399999999],[-78.671096,35.859748999999994],[-78.670774,35.859871999999996],[-78.670689,35.859392],[-78.67058200000001,35.85936199999999],[-78.669126,35.859474],[-78.668601,35.859669999999994],[-78.66789000000001,35.860123],[-78.667099,35.86009],[-78.666533,35.860198000000004],[-78.66582,35.860473000000006],[-78.665186,35.860878],[-78.664499,35.860882999999994],[-78.664108,35.86078499999999],[-78.662322,35.86013599999999],[-78.661889,35.86087400000001],[-78.661202,35.86134200000001],[-78.660921,35.86170499999999],[-78.660511,35.863260999999994],[-78.660692,35.863654],[-78.660635,35.863730999999994],[-78.660285,35.86368999999999],[-78.660106,35.863811999999996],[-78.659224,35.865436],[-78.659241,35.86563399999999],[-78.659599,35.865853],[-78.659358,35.866115],[-78.659376,35.867283],[-78.6589,35.86792500000001],[-78.658422,35.86825000000001],[-78.658441,35.868764],[-78.658196,35.868745999999994],[-78.657855,35.868349],[-78.657101,35.867907],[-78.656894,35.867678999999995],[-78.656327,35.867847000000005],[-78.656283,35.86738299999999],[-78.656164,35.867238],[-78.65467,35.866791],[-78.6545,35.86652600000001],[-78.655205,35.86652900000001],[-78.655833,35.866669]]],[[[-78.647924,35.87418000000001],[-78.648011,35.87389099999999],[-78.64857,35.873425000000005],[-78.649465,35.872974],[-78.649695,35.872773],[-78.650206,35.872561],[-78.651158,35.872399],[-78.650979,35.872206],[-78.650964,35.871746],[-78.651226,35.870832],[-78.650872,35.87064900000001],[-78.650485,35.86991],[-78.650336,35.869005],[-78.650658,35.868072],[-78.65157,35.866784],[-78.651798,35.86663800000001],[-78.652106,35.866712],[-78.652359,35.86686],[-78.652686,35.867242],[-78.65288,35.867288],[-78.653184,35.86716499999999],[-78.653638,35.866687000000006],[-78.654186,35.86653299999999],[-78.654276,35.86678700000001],[-78.654099,35.866849],[-78.65389900000001,35.867284],[-78.653217,35.867764],[-78.652793,35.867817],[-78.651869,35.867515999999995],[-78.651711,35.86759099999999],[-78.651412,35.868103000000005],[-78.650979,35.868389],[-78.651131,35.86877],[-78.651076,35.869587],[-78.651629,35.870013],[-78.651583,35.870339],[-78.652324,35.87091300000001],[-78.65261,35.87103299999999],[-78.65324,35.87099],[-78.653406,35.871101],[-78.653454,35.87135200000001],[-78.653234,35.872510999999996],[-78.653466,35.87321599999999],[-78.65394,35.873487999999995],[-78.654597,35.87363599999999],[-78.655149,35.87350099999999],[-78.655492,35.873606],[-78.655752,35.87400900000001],[-78.65586,35.87470400000001],[-78.656059,35.874846],[-78.657278,35.875119],[-78.657237,35.87543399999999],[-78.656816,35.875317],[-78.656079,35.875363],[-78.655417,35.87519699999999],[-78.65512,35.874914],[-78.655095,35.87388099999998],[-78.6543,35.87384],[-78.653139,35.873548],[-78.652656,35.873253000000005],[-78.652435,35.87272999999998],[-78.652469,35.87204],[-78.652791,35.871506],[-78.652791,35.87135],[-78.651746,35.870915],[-78.651634,35.87091399999999],[-78.651477,35.871539],[-78.65111,35.87168299999999],[-78.651074,35.87215499999999],[-78.651329,35.872394],[-78.651249,35.87254999999999],[-78.649828,35.872846],[-78.649435,35.873142],[-78.648655,35.87346099999999],[-78.647924,35.87418000000001]]],[[[-78.637313,35.87486700000001],[-78.63479,35.875084],[-78.634459,35.87525799999998],[-78.634418,35.875195],[-78.634785,35.874919],[-78.635799,35.874777],[-78.637208,35.874742999999995],[-78.638033,35.874943],[-78.638992,35.874976999999994],[-78.639478,35.874652],[-78.639552,35.87471],[-78.639485,35.874908],[-78.639707,35.87498300000001],[-78.640037,35.87492799999998],[-78.639914,35.875166],[-78.640493,35.875178],[-78.640607,35.87536899999999],[-78.640374,35.875755],[-78.639971,35.876007],[-78.639641,35.876034000000004],[-78.63908,35.875575],[-78.638839,35.875533999999995],[-78.638057,35.875131],[-78.637313,35.87486700000001]]],[[[-78.64417,35.878688],[-78.64454500000001,35.877197],[-78.644169,35.877050999999994],[-78.643123,35.876982999999996],[-78.642249,35.877053],[-78.6414,35.87664],[-78.640503,35.876531],[-78.64051400000001,35.87646999999999],[-78.640996,35.876434],[-78.641113,35.876337],[-78.641035,35.87612],[-78.640726,35.875956],[-78.640698,35.875791],[-78.64094,35.875726],[-78.641095,35.875806000000004],[-78.641392,35.876418],[-78.642233,35.87669100000001],[-78.642218,35.87682099999999],[-78.642362,35.87688300000001],[-78.64389000000001,35.87686899999999],[-78.64421,35.876791],[-78.644439,35.87662199999999],[-78.644766,35.87690699999999],[-78.645629,35.876777999999995],[-78.645621,35.876588000000005],[-78.645693,35.87661200000001],[-78.645897,35.876259],[-78.64579800000001,35.876073999999996],[-78.646144,35.87578799999999],[-78.64631800000001,35.875312],[-78.646599,35.875248],[-78.646955,35.87498099999999],[-78.647417,35.874349],[-78.647881,35.874435],[-78.647979,35.874568],[-78.647702,35.87490999999999],[-78.647388,35.87568399999999],[-78.647583,35.876290000000004],[-78.64722,35.876149],[-78.646669,35.87666099999999],[-78.646252,35.876782],[-78.646229,35.877245],[-78.645825,35.877307999999985],[-78.645282,35.877158],[-78.64488500000002,35.877335],[-78.644366,35.878792],[-78.64417,35.878688]]],[[[-78.611002,35.883584],[-78.610713,35.88316899999999],[-78.610385,35.88307900000001],[-78.61044400000002,35.88288000000001],[-78.610011,35.882506],[-78.610148,35.882447000000006],[-78.610048,35.88238400000001],[-78.609877,35.882453],[-78.609438,35.882378],[-78.608958,35.882153],[-78.608469,35.88241699999999],[-78.608274,35.88204600000001],[-78.608671,35.882109],[-78.608728,35.881997999999996],[-78.608517,35.881899000000004],[-78.608012,35.88186],[-78.607585,35.881404],[-78.606682,35.881183],[-78.605823,35.88074399999999],[-78.605264,35.88098399999999],[-78.604721,35.880959999999995],[-78.604217,35.880554],[-78.604129,35.880151],[-78.603829,35.880051999999985],[-78.603625,35.879853],[-78.60257,35.879555],[-78.602155,35.879322],[-78.60191300000001,35.879353],[-78.60173700000001,35.879277],[-78.601571,35.87940100000001],[-78.601373,35.879408],[-78.601209,35.87920399999999],[-78.601056,35.878261],[-78.600843,35.87791099999998],[-78.600399,35.87759899999998],[-78.600361,35.877191],[-78.600917,35.877154999999995],[-78.601903,35.877376999999996],[-78.602053,35.87755200000001],[-78.601969,35.87790699999999],[-78.602052,35.878366],[-78.60225,35.87868100000001],[-78.602964,35.878798],[-78.603931,35.879346],[-78.604351,35.87997399999999],[-78.604282,35.880388999999994],[-78.604648,35.88076100000001],[-78.605204,35.880834],[-78.605841,35.880621],[-78.60594400000001,35.880494],[-78.60615,35.880579],[-78.60628,35.880503999999995],[-78.606575,35.88082699999999],[-78.606908,35.88102599999999],[-78.607789,35.881239],[-78.608002,35.881588],[-78.609257,35.88172899999999],[-78.609509,35.88193799999999],[-78.609923,35.881959],[-78.610191,35.882159999999985],[-78.610609,35.882301],[-78.610842,35.88264599999999],[-78.610902,35.883069],[-78.611059,35.88323],[-78.611575,35.883305],[-78.612272,35.883224000000006],[-78.612601,35.88327600000001],[-78.612235,35.883804],[-78.611951,35.883661999999994],[-78.611128,35.88388100000001],[-78.610861,35.883788],[-78.611002,35.883584]]],[[[-78.64003500000001,35.885318],[-78.64125,35.88449599999999],[-78.641279,35.88323200000001],[-78.641618,35.88260799999998],[-78.641953,35.880965],[-78.64279,35.87890599999999],[-78.643001,35.878749],[-78.643768,35.878887999999996],[-78.643863,35.878814999999996],[-78.644356,35.878836],[-78.64440600000002,35.87895299999999],[-78.644308,35.878997000000005],[-78.644447,35.87906499999999],[-78.644461,35.87971799999999],[-78.643898,35.879807],[-78.643692,35.87935900000001],[-78.643249,35.879285],[-78.642275,35.880855000000004],[-78.642226,35.88146600000001],[-78.641975,35.881793],[-78.642129,35.881997999999996],[-78.64207400000001,35.882601],[-78.641712,35.883002000000005],[-78.64146400000001,35.88455700000001],[-78.640369,35.885228],[-78.640102,35.885359],[-78.64003500000001,35.885318]]],[[[-78.613479,35.88271499999999],[-78.613762,35.882843],[-78.613597,35.883029],[-78.613713,35.883198],[-78.613976,35.883171],[-78.614783,35.883324999999985],[-78.615121,35.88371399999999],[-78.615744,35.883847],[-78.616071,35.884082],[-78.61657,35.884084],[-78.61672500000002,35.884170000000005],[-78.617011,35.88388999999999],[-78.617539,35.883669],[-78.617571,35.88394],[-78.617698,35.88400800000001],[-78.618331,35.883944],[-78.61884600000002,35.884081],[-78.618856,35.884232],[-78.61861,35.884243],[-78.61828300000002,35.884118999999984],[-78.617871,35.884181999999996],[-78.617096,35.884106],[-78.616466,35.884710999999996],[-78.616454,35.88520499999999],[-78.616204,35.885656000000004],[-78.615498,35.88569300000001],[-78.615307,35.885071],[-78.614839,35.88474099999999],[-78.614241,35.884691000000004],[-78.613697,35.884989999999995],[-78.613471,35.885006999999995],[-78.613114,35.88491299999999],[-78.612784,35.88463099999999],[-78.612136,35.884391],[-78.613479,35.88271499999999]]],[[[-78.56982175670618,35.72522270825175],[-78.571355,35.724915],[-78.571557,35.724678],[-78.571741,35.72461599999999],[-78.572301,35.72465999999999],[-78.572653,35.72452899999999],[-78.572894,35.724085],[-78.573209,35.723758999999994],[-78.57346,35.723175],[-78.574053,35.722589],[-78.57419,35.721970999999996],[-78.574436,35.72176199999999],[-78.574478,35.72156699999998],[-78.574805,35.721311],[-78.575055,35.72128],[-78.575334,35.7214],[-78.576103,35.721452000000006],[-78.576619,35.72120099999999],[-78.577553,35.721045],[-78.578082,35.720828999999995],[-78.578545,35.72047299999999],[-78.579312,35.72021199999999],[-78.579479,35.720246],[-78.579744,35.720622999999996],[-78.580145,35.72059999999999],[-78.580229,35.720289],[-78.580491,35.720028000000006],[-78.580746,35.71998599999999],[-78.580617,35.719473],[-78.581077,35.71862399999999],[-78.581872,35.71837300000001],[-78.582114,35.718184],[-78.582793,35.717071000000004],[-78.58308,35.716824],[-78.583441,35.716706],[-78.583503,35.715684],[-78.583503,35.71669599999999],[-78.582916,35.71714599999999],[-78.582726,35.71775800000001],[-78.582006,35.71841],[-78.58143,35.718722],[-78.580997,35.719192],[-78.58075,35.719589],[-78.580872,35.72008],[-78.580553,35.720138],[-78.580321,35.720376],[-78.580243,35.72070999999999],[-78.579597,35.720780999999995],[-78.579382,35.720494],[-78.578957,35.72043599999999],[-78.578717,35.720492],[-78.578094,35.721009],[-78.576311,35.721603],[-78.575594,35.721699],[-78.575191,35.72156999999999],[-78.574897,35.721577999999994],[-78.574506,35.721925],[-78.574368,35.722677],[-78.574249,35.72275299999999],[-78.574215,35.72294799999998],[-78.57387400000002,35.72311700000001],[-78.573752,35.723376],[-78.573727,35.72387499999999],[-78.573212,35.72418400000001],[-78.572916,35.724709000000004],[-78.572533,35.724898],[-78.571775,35.72489099999999],[-78.571539,35.725195],[-78.571182,35.725232999999996],[-78.570529,35.725564999999996],[-78.57018,35.725554],[-78.569885,35.725709],[-78.56959601046962,35.72573854892342],[-78.56982175670618,35.72522270825175]]],[[[-78.587188,35.72978799999999],[-78.587388,35.72974099999999],[-78.589698,35.7302],[-78.589929,35.73034499999999],[-78.590705,35.73019500000001],[-78.592712,35.729186999999996],[-78.593572,35.728377],[-78.594614,35.72771500000001],[-78.595218,35.72714400000001],[-78.595641,35.726944],[-78.596245,35.72680499999999],[-78.596429,35.72648399999999],[-78.596334,35.72582799999999],[-78.596933,35.725391],[-78.597169,35.725052999999996],[-78.597277,35.72412700000001],[-78.597174,35.723592999999994],[-78.597263,35.723199],[-78.59752,35.722926],[-78.597617,35.722589],[-78.597237,35.720982],[-78.59674033689984,35.72002598380077],[-78.59721900903739,35.72005177072364],[-78.597315,35.72023800000001],[-78.597525,35.720743],[-78.597937,35.722547],[-78.597788,35.723065999999996],[-78.597478,35.72354099999999],[-78.597646,35.72416400000001],[-78.59759,35.7247],[-78.597338,35.72529],[-78.596728,35.725841],[-78.596785,35.726449],[-78.596641,35.726889],[-78.597427,35.72721899999999],[-78.59913700000001,35.727667999999994],[-78.600673,35.727731],[-78.601274,35.727196],[-78.60176,35.727101],[-78.602129,35.72716700000001],[-78.602047,35.727126],[-78.602064,35.726926999999996],[-78.602886,35.725742],[-78.602789,35.725405],[-78.603135,35.725187],[-78.603054,35.72462799999998],[-78.603131,35.724256],[-78.603669,35.724002999999996],[-78.603934,35.72364700000001],[-78.60443,35.72334399999999],[-78.60494,35.723308],[-78.605153,35.72321000000001],[-78.605263,35.72254100000001],[-78.605573,35.721887],[-78.605332,35.72130299999999],[-78.60573797744172,35.72100212181477],[-78.60586053496573,35.72104461188455],[-78.605459,35.721326],[-78.605688,35.721754999999995],[-78.605711,35.722095],[-78.605431,35.722583],[-78.605306,35.723290000000006],[-78.605117,35.723381],[-78.604478,35.72341699999999],[-78.604019,35.72370799999999],[-78.603853,35.724001],[-78.603243,35.724288],[-78.603139,35.724743999999994],[-78.603251,35.725258000000004],[-78.602977,35.72545199999999],[-78.602962,35.725837999999996],[-78.602473,35.726552],[-78.602221,35.727122],[-78.602855,35.72777599999999],[-78.603734,35.728216999999994],[-78.605218,35.729535],[-78.605718,35.72955199999999],[-78.606233,35.730292],[-78.606353,35.731228999999985],[-78.606563,35.73131],[-78.606933,35.73125699999999],[-78.607356,35.730475999999996],[-78.607725,35.73004499999999],[-78.608493,35.729789999999994],[-78.60901,35.72937],[-78.609682,35.727978],[-78.61024,35.727388999999995],[-78.610792,35.727135000000004],[-78.611749,35.726906],[-78.612281,35.72618699999999],[-78.614026,35.724877],[-78.614381,35.72424899999999],[-78.61464100000002,35.724231],[-78.61498,35.724003],[-78.615698,35.72326000000001],[-78.616455,35.72314200000001],[-78.616546,35.723288],[-78.615815,35.723399],[-78.613885,35.72528200000001],[-78.61323,35.725831],[-78.612492,35.726274],[-78.611881,35.727039999999995],[-78.610666,35.727456000000004],[-78.610404,35.727621],[-78.609983,35.728106999999994],[-78.609238,35.72948699999999],[-78.608661,35.729963999999995],[-78.608038,35.73019399999999],[-78.607381,35.730908],[-78.607247,35.73129900000001],[-78.606696,35.731457],[-78.606307,35.731469999999995],[-78.606132,35.73135499999999],[-78.605792,35.73093299999999],[-78.60558,35.730243],[-78.603482,35.728408],[-78.602587,35.72788799999999],[-78.602304,35.727495],[-78.601828,35.72733499999999],[-78.601315,35.727443],[-78.600989,35.727852000000006],[-78.600688,35.727973999999996],[-78.600075,35.727882],[-78.599031,35.72792599999999],[-78.597945,35.727659],[-78.596532,35.72752599999999],[-78.59597200000002,35.727560999999994],[-78.595303,35.727771000000004],[-78.594022,35.72858500000001],[-78.592416,35.73038799999999],[-78.590406,35.73221699999999],[-78.589889,35.732051000000006],[-78.588946,35.731936000000005],[-78.5883,35.731626],[-78.587932,35.731758],[-78.587188,35.72978799999999]]],[[[-78.590291,35.738031],[-78.591559,35.737860000000005],[-78.59244,35.737995],[-78.592853,35.7377],[-78.593782,35.73761999999999],[-78.595713,35.738064],[-78.595989,35.738201],[-78.596432,35.738006000000006],[-78.59702,35.73805199999999],[-78.597445,35.737854999999996],[-78.597978,35.73783800000001],[-78.598397,35.737526],[-78.599003,35.737347],[-78.599809,35.737304],[-78.599575,35.736954],[-78.599574,35.736772],[-78.600037,35.73672599999999],[-78.60095500000001,35.73683100000001],[-78.601384,35.736679],[-78.601513,35.737011],[-78.601931,35.73702999999999],[-78.602385,35.737193],[-78.602564,35.737458],[-78.602995,35.737496000000014],[-78.603219,35.737785],[-78.60396,35.737798999999995],[-78.60437600000002,35.737961999999996],[-78.604669,35.737674999999996],[-78.605048,35.737901999999984],[-78.60555,35.737881],[-78.60507,35.737965999999986],[-78.604631,35.737808],[-78.604465,35.73799999999999],[-78.604281,35.738031],[-78.603951,35.737877999999995],[-78.603198,35.73786799999999],[-78.602962,35.737621],[-78.602577,35.737537],[-78.601928,35.737634],[-78.601547,35.737599],[-78.60141,35.737909],[-78.601056,35.73759799999999],[-78.59993,35.737379000000004],[-78.598547,35.737716000000006],[-78.59788400000001,35.737999],[-78.597372,35.738043],[-78.597203,35.738186],[-78.596418,35.73819999999999],[-78.596073,35.73837199999999],[-78.594685,35.738109],[-78.59417,35.738089],[-78.593915,35.73794899999999],[-78.59358500000002,35.73796599999999],[-78.593398,35.737875],[-78.593007,35.73816299999999],[-78.592549,35.73868399999999],[-78.59147200000001,35.738713],[-78.590661,35.738713],[-78.590376,35.738338],[-78.590291,35.738031]]],[[[-78.53864496266573,35.817624382739325],[-78.53845562434478,35.81587640205057],[-78.539717,35.817682999999995],[-78.539801,35.818214],[-78.53930901783414,35.819203468700245],[-78.53864496266573,35.817624382739325]]],[[[-78.522678,35.83454699999999],[-78.522771,35.834952],[-78.52376,35.835603],[-78.524286,35.83570199999999],[-78.525659,35.835719],[-78.525922,35.835449],[-78.526725,35.835633],[-78.527616,35.83610500000001],[-78.527892,35.836155],[-78.528109,35.83608600000001],[-78.5287,35.83538],[-78.529187,35.835229],[-78.529362,35.83432400000001],[-78.529525,35.834],[-78.529911,35.833741],[-78.530367,35.833587],[-78.531075,35.831722],[-78.531985,35.83065700000001],[-78.532539,35.830533],[-78.533802,35.83070399999999],[-78.534298,35.83069],[-78.535076,35.83051900000001],[-78.535761,35.830228],[-78.536979,35.829499],[-78.538216,35.828343],[-78.538607,35.827284000000006],[-78.53878856532948,35.82388985118812],[-78.5399106402802,35.82423405843264],[-78.539801,35.825185999999995],[-78.540018,35.82704],[-78.539834,35.827861999999996],[-78.539237,35.82887899999999],[-78.53797,35.83007199999999],[-78.536743,35.830845000000004],[-78.536709,35.83119400000001],[-78.536842,35.831466],[-78.537249,35.831606],[-78.537362,35.83206700000001],[-78.537676,35.832523999999985],[-78.537516,35.83349799999999],[-78.537693,35.83424599999999],[-78.537631,35.83453699999998],[-78.537375,35.834708],[-78.53766200000001,35.834774],[-78.537823,35.83509899999999],[-78.5382,35.83522099999999],[-78.538416,35.835655],[-78.53919,35.836652],[-78.539627,35.837689],[-78.539813,35.83790200000001],[-78.540593,35.838314],[-78.541209,35.838393],[-78.542478,35.838754999999985],[-78.543064,35.839280999999986],[-78.543442,35.839476],[-78.546184,35.840202999999995],[-78.546648,35.840603],[-78.547284,35.840856],[-78.54866600000001,35.840891000000006],[-78.549522,35.84141399999999],[-78.55081,35.841572],[-78.551646,35.841547999999996],[-78.55197,35.84163199999999],[-78.55248,35.842014],[-78.553043,35.842684999999996],[-78.553329,35.84285099999999],[-78.553788,35.84284899999999],[-78.554284,35.842343],[-78.55451,35.842229],[-78.55541800000002,35.842167999999994],[-78.5567,35.84268000000001],[-78.558751,35.84304599999999],[-78.55992800000001,35.842999],[-78.560382,35.843152999999994],[-78.56144,35.843014],[-78.561882,35.843247],[-78.562402,35.843683],[-78.563958,35.843091999999984],[-78.564398,35.84317699999998],[-78.564645,35.843334],[-78.564883,35.844646000000004],[-78.565156,35.84507899999999],[-78.565074,35.845397000000006],[-78.565703,35.846196],[-78.565332,35.846389],[-78.56455,35.845314],[-78.564207,35.844421999999994],[-78.564192,35.84398699999999],[-78.563802,35.843735],[-78.56226200000002,35.843919],[-78.561745,35.843586000000016],[-78.560508,35.84373599999999],[-78.559324,35.843469999999996],[-78.556459,35.843093],[-78.555625,35.84285800000001],[-78.554698,35.84289199999999],[-78.553923,35.84334199999999],[-78.553356,35.843383],[-78.552522,35.842979],[-78.552176,35.842407],[-78.551867,35.842203999999995],[-78.551063,35.842254],[-78.549301,35.842020000000005],[-78.548774,35.841823999999995],[-78.548259,35.841368],[-78.547194,35.84129399999999],[-78.546793,35.841113],[-78.545649,35.84033199999999],[-78.54497,35.840265],[-78.544333,35.840323],[-78.543358,35.84000000000001],[-78.542108,35.839234],[-78.541267,35.839051],[-78.54039300000001,35.83875199999999],[-78.539963,35.83848999999999],[-78.538956,35.83824500000001],[-78.538169,35.83784000000001],[-78.537996,35.837641],[-78.537632,35.836394999999996],[-78.537306,35.83616099999999],[-78.536839,35.835528999999994],[-78.536277,35.83511200000001],[-78.536458,35.834954],[-78.536286,35.834526],[-78.535845,35.834314],[-78.53534,35.834271],[-78.535271,35.834096],[-78.535472,35.833982],[-78.53542,35.83378600000001],[-78.535081,35.833712999999996],[-78.534972,35.83325800000001],[-78.535026,35.832907999999996],[-78.535294,35.832401000000004],[-78.535237,35.83225199999999],[-78.535437,35.832104],[-78.534977,35.83198],[-78.535066,35.83176799999999],[-78.536342,35.83127],[-78.536515,35.830966],[-78.534734,35.831602999999994],[-78.534213,35.831591],[-78.533372,35.831374],[-78.53276,35.831339],[-78.532146,35.83179200000001],[-78.531672,35.832417],[-78.531487,35.833026999999994],[-78.531372,35.834003],[-78.531796,35.83640999999999],[-78.531837,35.83715599999999],[-78.531431,35.83984200000001],[-78.531471,35.842850999999996],[-78.531352,35.844541],[-78.53058,35.84802299999999],[-78.530457,35.84939299999999],[-78.530477,35.850881],[-78.530706,35.853327],[-78.530471,35.85410099999999],[-78.529791,35.85517599999999],[-78.528268,35.86041800000001],[-78.528166,35.861318000000004],[-78.528245,35.862435999999995],[-78.52841,35.863307000000006],[-78.528661,35.863930999999994],[-78.529251,35.864834],[-78.529689,35.86517900000001],[-78.53159,35.86612900000001],[-78.533016,35.86704899999999],[-78.533708,35.86754199999999],[-78.534771,35.868703],[-78.536072,35.87080600000001],[-78.536309,35.87183499999999],[-78.536306,35.872389],[-78.53607,35.873318000000005],[-78.53493,35.874877],[-78.53324400000001,35.87668599999999],[-78.530826,35.878417],[-78.530148,35.879059],[-78.529419,35.879857999999984],[-78.528086,35.88173299999999],[-78.527445,35.882336],[-78.527381,35.88281799999999],[-78.527622,35.883178],[-78.528713,35.88404],[-78.530135,35.884733],[-78.530758,35.88484699999999],[-78.531077,35.884811],[-78.531717,35.88452900000001],[-78.532374,35.883962999999994],[-78.532882,35.88312199999999],[-78.533665,35.881309],[-78.534202,35.88046999999999],[-78.534736,35.880064],[-78.535047,35.879957999999995],[-78.537048,35.879751],[-78.537853,35.87981599999999],[-78.53852000000002,35.879991999999994],[-78.541203,35.88116399999999],[-78.541851,35.882193],[-78.542012,35.883275999999995],[-78.542165,35.88343],[-78.542414,35.883506000000004],[-78.542933,35.88347300000001],[-78.54321,35.88310899999999],[-78.543877,35.882670999999995],[-78.544352,35.881295000000016],[-78.544623,35.880891000000005],[-78.545664,35.88025],[-78.546521,35.879905],[-78.54848,35.878457999999995],[-78.549728,35.878476],[-78.550024,35.878388],[-78.550965,35.877758],[-78.551667,35.876979],[-78.552573,35.87624300000002],[-78.552822,35.87571100000001],[-78.552916,35.875196999999986],[-78.55182100000002,35.873175],[-78.551891,35.872735999999996],[-78.552283,35.871774],[-78.552025,35.871371999999994],[-78.552041,35.870951],[-78.552146,35.870487999999995],[-78.552644,35.87003299999999],[-78.552797,35.868576],[-78.553674,35.86705299999999],[-78.55393,35.867126999999996],[-78.553811,35.86730200000001],[-78.553884,35.86780099999999],[-78.553443,35.868262],[-78.553561,35.869617],[-78.5535,35.869889],[-78.553262,35.87031499999999],[-78.553241,35.87058400000001],[-78.552738,35.871176],[-78.552591,35.871841],[-78.552245,35.872417999999996],[-78.552157,35.872789999999995],[-78.552225,35.87334700000001],[-78.552455,35.87382100000001],[-78.552962,35.874413000000004],[-78.553181,35.87514199999998],[-78.553003,35.87622699999999],[-78.553699,35.875587],[-78.555131,35.875672],[-78.556555,35.87559100000001],[-78.557026,35.875317],[-78.557589,35.87468799999999],[-78.558525,35.874655000000004],[-78.559811,35.874417],[-78.562012,35.874898],[-78.563601,35.87562199999999],[-78.565897,35.875634],[-78.567091,35.876084],[-78.568095,35.876011999999996],[-78.569084,35.875538999999996],[-78.569502,35.875592],[-78.569903,35.875780999999996],[-78.570268,35.87646399999999],[-78.570976,35.87702],[-78.571317,35.87721],[-78.57271,35.877653],[-78.572824,35.877958],[-78.572744,35.878685999999995],[-78.572822,35.87905199999999],[-78.572669,35.878921999999996],[-78.572449,35.877741],[-78.571268,35.87760399999999],[-78.570725,35.87722399999999],[-78.570077,35.87704100000001],[-78.56976,35.876772999999986],[-78.569292,35.875943],[-78.56897,35.875959999999985],[-78.568557,35.876127],[-78.567675,35.876618999999984],[-78.566824,35.876598],[-78.56598,35.876046],[-78.565428,35.876166999999995],[-78.563928,35.87615400000001],[-78.562067,35.875687000000006],[-78.561216,35.87509199999999],[-78.560181,35.87495399999999],[-78.559534,35.874987],[-78.558229,35.875364000000005],[-78.557138,35.87603000000001],[-78.55596,35.876121999999995],[-78.554639,35.87651999999999],[-78.553698,35.87664],[-78.552983,35.877562000000005],[-78.552016,35.87830700000001],[-78.551349,35.878677],[-78.550766,35.878725],[-78.552181,35.879805],[-78.55364500000002,35.879963999999994],[-78.555978,35.88088200000001],[-78.55859,35.88220399999999],[-78.559561,35.882892999999996],[-78.559844,35.883347],[-78.560267,35.884474000000004],[-78.560212,35.88505200000001],[-78.56048,35.885551],[-78.560519,35.88592499999998],[-78.560965,35.88650399999999],[-78.560955,35.887116999999996],[-78.560426,35.887351],[-78.560319,35.886356],[-78.559511,35.885295000000006],[-78.559425,35.88436299999999],[-78.558926,35.88362599999999],[-78.558294,35.882943],[-78.557042,35.882294],[-78.55555700000001,35.881325],[-78.554124,35.88101900000001],[-78.552032,35.880328000000006],[-78.551629,35.88008099999999],[-78.551124,35.879453],[-78.550376,35.879091],[-78.550098,35.87939099999999],[-78.549787,35.879546999999995],[-78.549285,35.879489],[-78.548962,35.879541],[-78.548196,35.87988500000001],[-78.547211,35.880719],[-78.546124,35.88182400000001],[-78.545809,35.882488],[-78.545442,35.88291199999999],[-78.544622,35.883318],[-78.543823,35.883856999999985],[-78.543215,35.88396599999999],[-78.542405,35.883917999999994],[-78.542043,35.883996],[-78.541712,35.88519799999999],[-78.541466,35.885715999999995],[-78.54034800000001,35.88724500000001],[-78.538804,35.88884699999999],[-78.535909,35.890799],[-78.535399,35.891728],[-78.534826,35.893506],[-78.53471200000001,35.894465999999994],[-78.53488800000001,35.89600399999999],[-78.536645,35.903581],[-78.537586,35.90511399999998],[-78.538152,35.905812],[-78.538682,35.906185],[-78.539118,35.90643399999999],[-78.539767,35.906558999999994],[-78.54012500000002,35.906453000000006],[-78.542049,35.905425],[-78.542586,35.905274999999996],[-78.543228,35.905244],[-78.547159,35.905644999999986],[-78.550014,35.906206999999995],[-78.550714,35.906468999999994],[-78.55384,35.908097999999995],[-78.556729,35.90935299999999],[-78.557176,35.909622],[-78.557601,35.90959999999999],[-78.558568,35.909941999999994],[-78.559183,35.910399],[-78.56006,35.911463],[-78.560339,35.912240000000004],[-78.560388,35.912987],[-78.560351,35.91451000000001],[-78.560124,35.915877],[-78.559916,35.916447000000005],[-78.559207,35.917729],[-78.556935,35.921302],[-78.556287,35.92263400000001],[-78.555363,35.92537599999999],[-78.55472600000002,35.92677799999999],[-78.554635,35.92727699999998],[-78.554675,35.928073999999995],[-78.554963,35.928588],[-78.556949,35.93004700000001],[-78.55840700000002,35.930989],[-78.560634,35.93226200000001],[-78.562188,35.932962999999994],[-78.563758,35.933474999999994],[-78.564581,35.933645000000006],[-78.566784,35.933747999999994],[-78.567955,35.933657],[-78.568306,35.93369400000002],[-78.568758,35.933885],[-78.56956,35.934432],[-78.571652,35.936488],[-78.573687,35.937822],[-78.574951,35.938907],[-78.57649,35.940045],[-78.578396,35.94047799999999],[-78.57903900000001,35.94042499999999],[-78.579923,35.940177],[-78.58053,35.940344],[-78.580971,35.940290999999995],[-78.581745,35.94056],[-78.58202,35.94056100000001],[-78.581926,35.940923],[-78.58145,35.940837],[-78.580666,35.94119299999999],[-78.579362,35.94136799999999],[-78.578225,35.941291],[-78.575994,35.940785],[-78.575726,35.94063200000001],[-78.575351,35.94012999999999],[-78.57318,35.938372],[-78.571099,35.937037999999994],[-78.568929,35.935246],[-78.568124,35.93474],[-78.565053,35.934657],[-78.563446,35.934426],[-78.56235,35.93415999999999],[-78.561496,35.933907],[-78.559635,35.93313899999999],[-78.558811,35.93272499999999],[-78.557066,35.93163400000001],[-78.555133,35.934167],[-78.554263,35.93561299999999],[-78.55362,35.937003],[-78.553109,35.939377],[-78.552752,35.94175499999999],[-78.552739,35.94280899999999],[-78.552913,35.94463199999999],[-78.552761,35.945536000000004],[-78.553063,35.946662],[-78.552663,35.94756699999999],[-78.552794,35.948574999999984],[-78.552727,35.948752],[-78.551507,35.94970899999999],[-78.551122,35.95016499999999],[-78.55048,35.952441],[-78.549261,35.95419],[-78.549092,35.95524],[-78.548867,35.955724],[-78.546151,35.956773],[-78.546031,35.957477],[-78.54583,35.957732],[-78.545601,35.957692],[-78.545413,35.95787200000001],[-78.545531,35.95833400000001],[-78.54458800000002,35.95986599999999],[-78.544875,35.96000599999999],[-78.545111,35.96029200000001],[-78.545128,35.96054299999998],[-78.545668,35.96126499999999],[-78.545742,35.961985999999996],[-78.546226,35.96309],[-78.546171,35.963945],[-78.545665,35.965307],[-78.545455,35.96563400000001],[-78.544987,35.966016],[-78.544825,35.96636699999999],[-78.544578,35.967684999999996],[-78.544422,35.967969000000004],[-78.544344,35.96868],[-78.544291,35.96974600000001],[-78.544515,35.97102400000001],[-78.54415800000001,35.971650000000004],[-78.544089,35.97219400000001],[-78.543711,35.97340799999999],[-78.543772,35.97434199999999],[-78.543911,35.974608],[-78.543688,35.974899],[-78.543628,35.975194],[-78.54296,35.975814],[-78.54280900000002,35.97570400000001],[-78.543397,35.975338],[-78.543803,35.974711],[-78.543623,35.97341],[-78.544002,35.972164],[-78.544004,35.97170099999999],[-78.544413,35.97104],[-78.544183,35.96924799999999],[-78.544325,35.96798699999999],[-78.544501,35.96754099999999],[-78.544685,35.96635600000001],[-78.544828,35.96598],[-78.545513,35.96534],[-78.545767,35.964696999999994],[-78.54593700000001,35.96363899999999],[-78.545789,35.962816],[-78.545485,35.962069],[-78.54523,35.961779],[-78.54521,35.961361999999994],[-78.544733,35.960371],[-78.544367,35.960108000000005],[-78.543609,35.960791],[-78.542777,35.96124400000001],[-78.542087,35.961811],[-78.541808,35.962763],[-78.541185,35.96361000000001],[-78.539926,35.96432899999999],[-78.53944,35.964456999999996],[-78.539057,35.964991],[-78.538687,35.965289],[-78.537178,35.96626],[-78.536687,35.96645],[-78.536577,35.96696000000001],[-78.536418,35.967175],[-78.535218,35.968395],[-78.534416,35.968773],[-78.533884,35.968859],[-78.533116,35.969163],[-78.53202719847047,35.96987372520876],[-78.53220156822691,35.96891746040328],[-78.532639,35.968683999999996],[-78.534326,35.96812099999998],[-78.534863,35.96774400000001],[-78.535923,35.966834999999996],[-78.536419,35.966238],[-78.53728,35.96567499999999],[-78.53829,35.964765],[-78.53914,35.963830999999985],[-78.539615,35.96362],[-78.539916,35.963311999999995],[-78.540685,35.961989],[-78.541055,35.961657999999986],[-78.541653,35.961407],[-78.54203300000002,35.961519],[-78.542278,35.96144299999999],[-78.542647,35.961090999999996],[-78.542753,35.960698],[-78.543676,35.95974199999999],[-78.545113,35.95765399999999],[-78.545591,35.957167],[-78.545833,35.95641399999999],[-78.546231,35.956064],[-78.547531,35.955325],[-78.548289,35.954708999999994],[-78.548987,35.953855999999995],[-78.549178,35.95337099999998],[-78.549624,35.952731],[-78.549691,35.952582],[-78.549331,35.951768000000015],[-78.549279,35.951381],[-78.549394,35.95098899999999],[-78.549782,35.950362999999996],[-78.550565,35.949445],[-78.5512,35.948285],[-78.551212,35.947371999999994],[-78.551494,35.946472],[-78.55100000000002,35.94580599999999],[-78.551141,35.944770999999996],[-78.551776,35.943336],[-78.551758,35.94301699999998],[-78.55160600000002,35.942883],[-78.551325,35.94170199999999],[-78.551277,35.940892],[-78.551409,35.93990600000001],[-78.55211409190784,35.9380108131278],[-78.55335641015162,35.93748563612842],[-78.55275553380304,35.93704901843899],[-78.55289,35.93679],[-78.552635,35.935623],[-78.552658,35.93499899999999],[-78.553288,35.933627],[-78.553547,35.93329099999999],[-78.556197,35.93106000000001],[-78.554173,35.92963500000001],[-78.553456,35.92894999999999],[-78.553356,35.928569],[-78.553334,35.927153],[-78.553544,35.92631],[-78.554194,35.925157999999996],[-78.55469,35.922732999999994],[-78.555179,35.92150999999999],[-78.557865,35.917177],[-78.558649,35.91551499999999],[-78.558934,35.91424299999999],[-78.558992,35.912812],[-78.558379,35.911314000000004],[-78.558017,35.91075399999998],[-78.557725,35.910485],[-78.556381,35.910131],[-78.553667,35.90896899999998],[-78.552449,35.90880200000001],[-78.548754,35.908737],[-78.546459,35.908409],[-78.545017,35.908095],[-78.543796,35.90798700000001],[-78.542527,35.908364],[-78.539954,35.90945499999999],[-78.539076,35.910598],[-78.536557,35.912826],[-78.53570900000001,35.913791999999994],[-78.534971,35.914817000000006],[-78.534936,35.915186],[-78.53503607580797,35.915552003888145],[-78.53362681078623,35.91483394630254],[-78.533848,35.914297],[-78.534586,35.913233000000005],[-78.535811,35.911896],[-78.536408,35.910940000000004],[-78.538282,35.909158999999995],[-78.535396,35.905174],[-78.534945,35.905839],[-78.534366,35.905803999999996],[-78.533893,35.90590799999999],[-78.533661,35.905787999999994],[-78.53358600000001,35.905426000000006],[-78.533301,35.905110999999984],[-78.532912,35.90515799999999],[-78.532467,35.904954999999994],[-78.531988,35.904939999999996],[-78.531588,35.905159],[-78.530721,35.905965],[-78.530327,35.90601999999999],[-78.528506,35.90667100000001],[-78.528186,35.90707599999999],[-78.528054,35.907991],[-78.52786896876049,35.908190608181435],[-78.5275529567289,35.907739951527404],[-78.527786,35.906718],[-78.528092,35.90629299999999],[-78.530022,35.904903],[-78.531059,35.904740000000004],[-78.531112,35.90441],[-78.53146,35.90419299999999],[-78.532526,35.90415599999999],[-78.533551,35.904281999999995],[-78.534999,35.90505700000001],[-78.535056,35.904596],[-78.534781,35.903883],[-78.534263,35.90157799999999],[-78.533053,35.897889],[-78.532504,35.89556300000001],[-78.532404,35.894499],[-78.53271800000002,35.892744],[-78.533213,35.891225],[-78.533932,35.889745],[-78.534531,35.889301],[-78.535658,35.888871999999985],[-78.536758,35.888181],[-78.538176,35.887063999999995],[-78.53973600000002,35.885214999999995],[-78.540045,35.884457000000005],[-78.540126,35.88347300000001],[-78.539995,35.882483],[-78.539536,35.882136],[-78.537889,35.88149799999999],[-78.5371,35.881310000000006],[-78.536234,35.881269],[-78.535801,35.881338],[-78.535304,35.881685999999995],[-78.5341,35.884072999999994],[-78.53353900000002,35.88485800000001],[-78.533111,35.885264],[-78.532592,35.88568200000001],[-78.531442,35.88621999999999],[-78.530612,35.886318],[-78.530127,35.886253999999994],[-78.529444,35.88601700000001],[-78.527881,35.884752999999996],[-78.52608700000002,35.88318400000001],[-78.525771,35.882688],[-78.525713,35.882243],[-78.525852,35.881885000000004],[-78.526973,35.880881],[-78.528048,35.879071],[-78.527861,35.87905299999999],[-78.527614,35.87919],[-78.527148,35.879822000000004],[-78.526602,35.87991399999999],[-78.525835,35.879823],[-78.524734,35.87917399999999],[-78.523657,35.879352],[-78.523267,35.87958900000001],[-78.522311,35.879503000000014],[-78.522384,35.879331999999984],[-78.522898,35.879394000000005],[-78.52484,35.878975],[-78.526055,35.879404],[-78.526395,35.879406],[-78.527377,35.878910999999995],[-78.52769000000002,35.87885799999999],[-78.528129,35.87897],[-78.529403,35.87748399999999],[-78.531189,35.876056],[-78.532353,35.87495599999999],[-78.53348,35.87350599999999],[-78.533809,35.87272099999999],[-78.533853,35.87188499999999],[-78.533771,35.871430000000004],[-78.533361,35.870805],[-78.527889,35.866667],[-78.527096,35.865626999999996],[-78.526745,35.86475800000001],[-78.526524,35.863645999999996],[-78.526612,35.861005000000006],[-78.526763,35.860125],[-78.527208,35.85889000000001],[-78.52764500000002,35.857212999999994],[-78.526894,35.857762],[-78.52553400000001,35.85817699999999],[-78.525129,35.858151],[-78.523842,35.85772600000001],[-78.523215,35.857663],[-78.52284200000001,35.857775],[-78.522285,35.85821700000001],[-78.521804,35.85828200000001],[-78.520127,35.857828000000005],[-78.518437,35.857036],[-78.518105,35.85701999999999],[-78.51744,35.857213],[-78.51679,35.857675],[-78.516761,35.857967],[-78.517145,35.858430999999996],[-78.517045,35.858783],[-78.51694600000002,35.85894699999999],[-78.516418,35.85918],[-78.516179,35.859436],[-78.516148,35.860246999999994],[-78.516293,35.861051],[-78.516441,35.861367],[-78.517052,35.861983],[-78.517138,35.862244],[-78.517043,35.86257599999998],[-78.516489,35.862786],[-78.516231,35.86307899999999],[-78.51652,35.863671],[-78.516491,35.864121],[-78.515973,35.86438400000001],[-78.515016,35.86462],[-78.513804,35.86518699999999],[-78.513355,35.865231],[-78.512236,35.864916],[-78.512018,35.865007],[-78.511752,35.865507],[-78.511078,35.865891],[-78.51109700000002,35.866088],[-78.5116,35.86667099999999],[-78.511795,35.86743899999999],[-78.511723,35.867916],[-78.511266,35.868141],[-78.51064,35.868265],[-78.510001,35.86804300000001],[-78.509647,35.86755399999999],[-78.509415,35.86757000000001],[-78.509273,35.86766800000001],[-78.509168,35.867980999999986],[-78.50932,35.86854999999999],[-78.508982,35.869061],[-78.50884700000002,35.86917400000001],[-78.507948,35.869259],[-78.507746,35.869329],[-78.507564,35.869539],[-78.507442,35.870005],[-78.508567,35.871074],[-78.50853,35.87116600000001],[-78.507038,35.871891999999995],[-78.505147,35.87192199999999],[-78.504033,35.87215499999999],[-78.503595,35.87254],[-78.503178,35.873158999999994],[-78.503098,35.873442],[-78.502856,35.873609],[-78.502468,35.87363499999999],[-78.502049,35.873444],[-78.50139500000002,35.873433999999996],[-78.501023,35.87329100000001],[-78.5008,35.87357099999999],[-78.50078,35.87386600000001],[-78.500533,35.873997],[-78.500385,35.87472600000001],[-78.499979,35.874938],[-78.4996,35.874955],[-78.498967,35.87466599999998],[-78.498281,35.87523300000001],[-78.497815,35.87533299999999],[-78.497631,35.87607],[-78.497428,35.876011],[-78.497109,35.875534],[-78.49668,35.8756],[-78.496173,35.87599300000001],[-78.496187,35.876589],[-78.495664,35.876815],[-78.4955,35.87709699999999],[-78.494673,35.877164],[-78.49429,35.877416999999994],[-78.493765,35.87736399999999],[-78.493929,35.87770299999999],[-78.493844,35.877929],[-78.49293935835554,35.87861023939748],[-78.49213237141262,35.87611441225179],[-78.492445,35.876262],[-78.493016,35.876278],[-78.493456,35.875981],[-78.49389600000002,35.87530099999999],[-78.494076,35.875293],[-78.494676,35.875683],[-78.49562,35.87551100000001],[-78.496736,35.874817],[-78.496858,35.874635],[-78.496843,35.874365000000004],[-78.496647,35.87409100000001],[-78.496662,35.873738999999986],[-78.496344,35.87352799999999],[-78.496334,35.873302],[-78.49675600000002,35.873234999999994],[-78.497145,35.87331900000001],[-78.497735,35.873211],[-78.497917,35.873062],[-78.498421,35.873124],[-78.499059,35.873002],[-78.499809,35.872599999999984],[-78.50038,35.87194699999999],[-78.500695,35.871764999999996],[-78.501141,35.87181300000001],[-78.50164,35.871564],[-78.502047,35.871522],[-78.502761,35.871736000000006],[-78.503174,35.871725000000005],[-78.503503,35.871995000000005],[-78.503704,35.87203199999999],[-78.50651500000001,35.871166],[-78.506826,35.870953],[-78.50691,35.869944000000004],[-78.507135,35.869571],[-78.507379,35.869307],[-78.508193,35.868873],[-78.508312,35.868705],[-78.508361,35.868356000000006],[-78.507952,35.867594000000004],[-78.5081,35.867056],[-78.508283,35.86679999999999],[-78.509084,35.86645500000001],[-78.509482,35.866387],[-78.510097,35.86641999999999],[-78.510546,35.866216999999985],[-78.510774,35.865606],[-78.511594,35.8646],[-78.511975,35.86431599999999],[-78.512486,35.864272],[-78.512666,35.86435000000001],[-78.512759,35.864604],[-78.513042,35.86482099999999],[-78.513344,35.8649],[-78.514273,35.864711],[-78.516104,35.864024],[-78.51615,35.863758],[-78.515961,35.86307],[-78.516233,35.862616],[-78.516306,35.86199800000001],[-78.516108,35.861920999999995],[-78.515779,35.861534000000006],[-78.515583,35.86104799999999],[-78.515234,35.860761],[-78.515179,35.860476],[-78.515411,35.859691000000005],[-78.515839,35.859361],[-78.516155,35.858723000000005],[-78.516314,35.857793],[-78.515902,35.857715],[-78.515121,35.85730899999999],[-78.51432,35.85708999999999],[-78.514181,35.856942],[-78.514081,35.856232],[-78.513167,35.856367],[-78.512393,35.85634399999999],[-78.510229,35.85534],[-78.509512,35.85529199999999],[-78.509098,35.855598],[-78.50866,35.85626099999999],[-78.507857,35.856807999999994],[-78.507348,35.857014],[-78.506105,35.85717199999999],[-78.505764,35.857051999999996],[-78.505186,35.856520999999994],[-78.50391511302404,35.8563143094173],[-78.50395047299477,35.85595882873186],[-78.505343,35.856187999999996],[-78.50615500000002,35.856781999999995],[-78.507285,35.856738],[-78.507709,35.85646199999999],[-78.50845,35.85509700000001],[-78.50899,35.854762],[-78.509879,35.854661],[-78.510524,35.854804],[-78.512616,35.855992],[-78.513273,35.856016],[-78.513991,35.85587100000001],[-78.514205,35.855911],[-78.514431,35.856142],[-78.514668,35.856797],[-78.515997,35.85737100000001],[-78.516365,35.8574],[-78.516569,35.85732399999999],[-78.517409,35.85663599999999],[-78.518485,35.85646400000001],[-78.521861,35.857231],[-78.52247,35.857134],[-78.52302,35.85686999999999],[-78.52526800000001,35.856823999999996],[-78.526131,35.856571],[-78.527601,35.85534],[-78.52778,35.85504099999999],[-78.528512,35.854735999999995],[-78.52902,35.854049],[-78.529276,35.853496],[-78.529317,35.853132],[-78.529128,35.850598],[-78.529169,35.84848599999999],[-78.529484,35.84781],[-78.529593,35.847224999999995],[-78.530112,35.843649000000006],[-78.530306,35.839874999999985],[-78.53086,35.83688199999999],[-78.530817,35.835963],[-78.530429,35.833788999999996],[-78.530308,35.833746999999995],[-78.53021000000001,35.83383499999999],[-78.530058,35.83450899999999],[-78.529804,35.834877],[-78.529621,35.835412],[-78.529152,35.83559199999999],[-78.529008,35.835739999999994],[-78.528882,35.836383000000005],[-78.52837,35.836501],[-78.52744,35.836313999999994],[-78.526452,35.835831],[-78.526171,35.835822000000014],[-78.525244,35.83603500000001],[-78.523525,35.835869],[-78.523219,35.835477999999995],[-78.522622,35.83521999999999],[-78.522405,35.83491],[-78.52233,35.834496],[-78.52181380388848,35.8344881307454],[-78.52179391296693,35.8342844945541],[-78.522433,35.83432599999999],[-78.522678,35.83454699999999]]],[[[-78.565432,35.846537],[-78.56571,35.84645299999999],[-78.566016,35.846661999999995],[-78.566815,35.846777],[-78.56709,35.847173000000005],[-78.566765,35.84749300000001],[-78.566636,35.847439],[-78.565763,35.846973],[-78.565432,35.846537]]],[[[-78.558458,35.86555499999999],[-78.558848,35.864717000000006],[-78.559132,35.864502],[-78.559219,35.863678],[-78.559511,35.863481],[-78.55980100000001,35.862988],[-78.560097,35.86276600000001],[-78.559642,35.86234699999999],[-78.560103,35.861928],[-78.56040700000001,35.861799],[-78.560512,35.861439],[-78.56079400000002,35.861364],[-78.560875,35.86087100000001],[-78.561189,35.861051],[-78.561647,35.861082999999994],[-78.561792,35.861301],[-78.561294,35.86143400000001],[-78.561152,35.861582],[-78.561189,35.861685],[-78.561616,35.861557999999995],[-78.561698,35.861681000000004],[-78.561051,35.86220899999999],[-78.56118,35.862496],[-78.561126,35.862684],[-78.560602,35.862970999999995],[-78.560255,35.862899999999996],[-78.559939,35.863005],[-78.559658,35.863505],[-78.559281,35.863719],[-78.559243,35.864477],[-78.559013,35.864754],[-78.55889,35.865208999999986],[-78.558656,35.86534300000001],[-78.558528,35.865758],[-78.558458,35.86555499999999]]],[[[-78.554222,35.866266],[-78.555614,35.866224],[-78.556521,35.866411],[-78.557009,35.866752],[-78.557468,35.86691599999999],[-78.557847,35.86678899999998],[-78.55807,35.866603999999995],[-78.558232,35.86645],[-78.558315,35.866096],[-78.558458,35.866071999999996],[-78.55836800000002,35.866513999999995],[-78.557852,35.86691999999999],[-78.557449,35.866991],[-78.556949,35.866817999999995],[-78.556583,35.86655899999999],[-78.555636,35.86642799999999],[-78.554318,35.86655499999999],[-78.554059,35.86636300000001],[-78.554222,35.866266]]],[[[-78.600736,35.876914000000006],[-78.601132,35.87654800000001],[-78.601181,35.875935000000005],[-78.600981,35.875651],[-78.600732,35.875705],[-78.600314,35.875619999999984],[-78.599602,35.87590600000001],[-78.599328,35.87587399999999],[-78.597638,35.875277],[-78.597174,35.875336999999995],[-78.596672,35.875254000000005],[-78.596539,35.875189999999996],[-78.596501,35.87499499999999],[-78.597093,35.874767],[-78.597422,35.87496500000001],[-78.597815,35.87495799999999],[-78.597893,35.87504199999999],[-78.598259,35.875074],[-78.598344,35.875243000000005],[-78.59857600000001,35.875369],[-78.59878700000002,35.875266],[-78.59931,35.875293],[-78.599553,35.875066999999994],[-78.600234,35.874792],[-78.600408,35.87478399999999],[-78.600311,35.874876],[-78.600499,35.87503199999999],[-78.600699,35.874913],[-78.600865,35.87499],[-78.600975,35.87459299999998],[-78.600981,35.874840999999996],[-78.601271,35.875079],[-78.601246,35.875293],[-78.60135,35.87535999999999],[-78.602104,35.875646999999994],[-78.602934,35.87578599999999],[-78.60238200000002,35.875769999999996],[-78.60203400000002,35.87591700000001],[-78.602055,35.876098999999996],[-78.60178400000001,35.876552],[-78.601908,35.877058000000005],[-78.600736,35.876914000000006]]],[[[-78.59125100000001,35.877503],[-78.59185100000002,35.87695099999999],[-78.592003,35.87665599999999],[-78.592547,35.87624399999999],[-78.592783,35.87590300000001],[-78.593294,35.87559900000001],[-78.594146,35.87553200000001],[-78.594426,35.87538899999999],[-78.594501,35.875253],[-78.594676,35.87530600000001],[-78.59544,35.87489999999999],[-78.596091,35.874943],[-78.59610300000001,35.875150000000005],[-78.595981,35.875068],[-78.59543,35.875021999999994],[-78.595144,35.875443],[-78.594502,35.875868],[-78.592927,35.87623599999999],[-78.592221,35.877168999999995],[-78.591715,35.877659999999985],[-78.591499,35.877632],[-78.591321,35.877753],[-78.59118,35.87767500000001],[-78.59125100000001,35.877503]]],[[[-78.588934,35.879149999999996],[-78.589611,35.878799],[-78.589979,35.87874699999999],[-78.590351,35.878522],[-78.590957,35.87785499999999],[-78.59124900000002,35.877994],[-78.590942,35.878376],[-78.590774,35.878337],[-78.590637,35.878553],[-78.590123,35.878899999999994],[-78.589144,35.879411],[-78.588934,35.879149999999996]]],[[[-78.573827,35.879612],[-78.573881,35.879558],[-78.574233,35.879713],[-78.57436,35.879656],[-78.5748,35.87980499999999],[-78.575696,35.87937099999999],[-78.577826,35.878711],[-78.579243,35.878593],[-78.579796,35.878271],[-78.580113,35.87720199999999],[-78.58036,35.87721599999999],[-78.580796,35.876953999999984],[-78.581286,35.876947],[-78.582221,35.877354999999994],[-78.583032,35.878038999999994],[-78.583226,35.878668],[-78.583512,35.87860899999999],[-78.584162,35.87896],[-78.584397,35.879509999999996],[-78.584681,35.879586],[-78.584833,35.879804],[-78.584933,35.879586],[-78.585038,35.879781],[-78.584938,35.879888],[-78.585,35.88000900000001],[-78.584892,35.880054],[-78.584136,35.879882],[-78.583275,35.879945],[-78.581952,35.879815],[-78.58172,35.879892],[-78.580295,35.879465],[-78.57982,35.87953400000001],[-78.579144,35.879781999999985],[-78.578973,35.879692999999996],[-78.578385,35.879700000000014],[-78.577945,35.87960399999999],[-78.57716,35.879805999999995],[-78.576535,35.879678],[-78.576327,35.879795],[-78.576217,35.879988],[-78.575651,35.880281999999994],[-78.575246,35.88022899999999],[-78.573827,35.879612]]],[[[-78.585624,35.879938],[-78.586665,35.879852],[-78.586826,35.879678],[-78.587203,35.879529],[-78.587377,35.879521],[-78.587555,35.879641],[-78.587197,35.879938],[-78.586062,35.880248],[-78.585529,35.880297000000006],[-78.585361,35.88022099999998],[-78.585624,35.879938]]],[[[-78.51559,35.88015799999999],[-78.516307,35.880010000000006],[-78.517612,35.880067],[-78.518693,35.879718000000004],[-78.518911,35.88003799999999],[-78.519328,35.880114000000006],[-78.52020300000001,35.880074],[-78.520812,35.87993],[-78.521406,35.87933900000001],[-78.521778,35.879252999999984],[-78.522186,35.879298],[-78.522132,35.879464999999996],[-78.521888,35.87946399999999],[-78.52153800000002,35.87962099999999],[-78.520904,35.88024999999999],[-78.519197,35.88016900000001],[-78.518841,35.880114999999996],[-78.518447,35.879933],[-78.517517,35.880254],[-78.516792,35.88017899999999],[-78.515477,35.880438999999996],[-78.514903,35.88067899999999],[-78.514781,35.881231],[-78.514598,35.881113],[-78.514727,35.880551000000004],[-78.51559,35.88015799999999]]],[[[-78.4932985486131,35.87973425088279],[-78.493388,35.87993099999999],[-78.4934065951637,35.88008205889212],[-78.4932985486131,35.87973425088279]]],[[[-78.49341319960877,35.88010335930125],[-78.493936,35.881011],[-78.494154,35.88117],[-78.494012,35.88153899999999],[-78.49352464243239,35.88138211019719],[-78.49352570769409,35.88046621453057],[-78.49341319960877,35.88010335930125]]],[[[-78.508264,35.884022],[-78.508245,35.883676999999985],[-78.509381,35.88331099999999],[-78.510214,35.88309500000001],[-78.510939,35.88303899999999],[-78.511895,35.882767],[-78.512414,35.882837],[-78.513104,35.88250800000001],[-78.513671,35.88238199999999],[-78.513914,35.88216599999999],[-78.51442,35.88123199999999],[-78.514717,35.881412000000005],[-78.514655,35.881585999999984],[-78.513822,35.882404],[-78.513254,35.882577999999995],[-78.51278600000002,35.882976],[-78.509739,35.88332],[-78.508495,35.883769],[-78.508341,35.884181999999996],[-78.508102,35.88442499999999],[-78.508002,35.884419],[-78.508264,35.884022]]],[[[-78.551598,35.982172],[-78.551974,35.98164299999999],[-78.551993,35.981046],[-78.55227,35.980658999999996],[-78.553662,35.979991],[-78.55507600000001,35.979624],[-78.556117,35.979471999999994],[-78.557453,35.979473999999996],[-78.558985,35.98017099999999],[-78.559489,35.980137000000006],[-78.55952,35.980042000000005],[-78.559309,35.979774000000006],[-78.559305,35.979241],[-78.559435,35.97869299999999],[-78.55962500000001,35.978542999999995],[-78.560307,35.97853700000001],[-78.561452,35.97890600000001],[-78.562392,35.979044],[-78.563499,35.979073],[-78.56447500000002,35.97933099999999],[-78.565466,35.979308],[-78.56686400000001,35.978878],[-78.56715900000002,35.97889599999999],[-78.567329,35.979088999999995],[-78.5673464382704,35.98043299951712],[-78.56707565245863,35.980663850150876],[-78.56707700000001,35.97946700000001],[-78.566907,35.979135],[-78.566475,35.979184],[-78.56588,35.979463],[-78.565482,35.979547999999994],[-78.564292,35.97959099999999],[-78.560906,35.978942],[-78.560166,35.97867300000001],[-78.559668,35.978694],[-78.559467,35.97956099999999],[-78.559535,35.97984699999999],[-78.559733,35.98004000000001],[-78.559636,35.980274],[-78.559241,35.980367000000015],[-78.558905,35.980302],[-78.557404,35.979597],[-78.556238,35.979598],[-78.553992,35.98055699999999],[-78.552271,35.980863],[-78.552152,35.981080999999996],[-78.55212400000002,35.98166499999999],[-78.551954,35.982034],[-78.551437,35.982454],[-78.550604,35.982947],[-78.550473,35.983075],[-78.55046183861364,35.983260488465646],[-78.5502647415961,35.983324107775175],[-78.550202,35.983104],[-78.550395,35.982874],[-78.551598,35.982172]]]]},"properties":{"cls":1,"src":0}},{"type":"Feature","geometry":{"type":"MultiPolygon","coordinates":[[[[-78.737006,35.772972],[-78.739106,35.771792],[-78.73919,35.771647],[-78.740074,35.77220100000001],[-78.73968,35.772113000000004],[-78.739136,35.772148],[-78.738103,35.772482],[-78.737334,35.772927],[-78.737056,35.772981],[-78.737006,35.772972]]],[[[-78.739936,35.772555999999994],[-78.740153,35.772256000000006],[-78.740787,35.77273699999999],[-78.740611,35.77303500000001],[-78.740209,35.773176],[-78.738765,35.77333300000001],[-78.73811700000002,35.77349699999999],[-78.738026,35.77341699999999],[-78.737492,35.773523999999995],[-78.736574,35.77333500000002],[-78.73657,35.77323],[-78.736882,35.773025],[-78.737684,35.773164],[-78.738916,35.77297399999999],[-78.739619,35.77273199999999],[-78.739936,35.772555999999994]]],[[[-78.751186,35.778035],[-78.750713,35.777696],[-78.750477,35.777227999999994],[-78.749768,35.776872000000004],[-78.749181,35.77689],[-78.748884,35.776989],[-78.748211,35.77689199999999],[-78.747983,35.77673399999999],[-78.747712,35.777282],[-78.746971,35.776549],[-78.745736,35.775137],[-78.745435,35.774695],[-78.745081,35.774546000000015],[-78.744623,35.77406899999999],[-78.743544,35.773219],[-78.742281,35.772595],[-78.741281,35.771882],[-78.740876,35.77143],[-78.741303,35.771362999999994],[-78.74171,35.77147300000001],[-78.742008,35.771348999999994],[-78.742007,35.77116999999999],[-78.742265,35.771069],[-78.742343,35.771339999999995],[-78.742599,35.771335999999984],[-78.743123,35.77082899999999],[-78.743018,35.77056999999999],[-78.743129,35.770514999999996],[-78.743326,35.770906000000004],[-78.74332100000001,35.77107499999999],[-78.743153,35.77117599999999],[-78.743289,35.77134099999999],[-78.743897,35.771535],[-78.744519,35.772347],[-78.745176,35.772414999999995],[-78.74595,35.77282999999999],[-78.746434,35.772815999999985],[-78.746384,35.77296900000001],[-78.746644,35.77307],[-78.746822,35.77299399999999],[-78.746922,35.77306999999999],[-78.746551,35.773288999999984],[-78.746517,35.773528],[-78.746584,35.773791],[-78.746478,35.774753000000004],[-78.746722,35.775200999999996],[-78.748178,35.775615],[-78.748583,35.775603],[-78.748923,35.775766],[-78.749782,35.775969999999994],[-78.750055,35.77589399999999],[-78.750277,35.77604300000001],[-78.750445,35.775971000000006],[-78.750577,35.775943000000005],[-78.750824,35.776026],[-78.750961,35.77595000000001],[-78.751485,35.77626600000001],[-78.751431,35.77648400000001],[-78.751659,35.776713],[-78.751939,35.776769],[-78.75215700000001,35.77667400000001],[-78.752307,35.77706299999999],[-78.752583,35.777409999999996],[-78.752784,35.777485],[-78.753521,35.77743600000001],[-78.753651,35.777536],[-78.753495,35.7777],[-78.753694,35.777776],[-78.753846,35.777692],[-78.753753,35.777531999999994],[-78.754021,35.77775],[-78.753471,35.777843],[-78.753252,35.777749],[-78.752804,35.778054],[-78.752944,35.77862400000001],[-78.752342,35.778909],[-78.751832,35.779012],[-78.752082,35.77870700000001],[-78.752023,35.77847799999999],[-78.751364,35.778283],[-78.751186,35.778035]],[[-78.75141800000002,35.777853],[-78.751824,35.77818199999999],[-78.752251,35.77879899999999],[-78.752465,35.77883599999999],[-78.752529,35.778438],[-78.752418,35.777755],[-78.751421,35.776588],[-78.750813,35.776216],[-78.750672,35.775989],[-78.7503,35.776058],[-78.750056,35.77597300000001],[-78.749744,35.77599000000001],[-78.748962,35.775814],[-78.748726,35.77592],[-78.748657,35.776064999999996],[-78.748399,35.776041],[-78.747337,35.775437999999994],[-78.746749,35.77523399999999],[-78.746641,35.77516399999998],[-78.746313,35.774488],[-78.746036,35.773218],[-78.745856,35.772974],[-78.745458,35.772697],[-78.744505,35.772343],[-78.743548,35.771702],[-78.743099,35.7715],[-78.742095,35.771402],[-78.74128000000002,35.771634000000006],[-78.741197,35.771762],[-78.741264,35.77181900000001],[-78.74158700000001,35.77190099999999],[-78.742209,35.77241699999999],[-78.743381,35.772650000000006],[-78.744882,35.773238000000006],[-78.745373,35.773792],[-78.745749,35.775062],[-78.74600500000001,35.775428],[-78.746815,35.776134],[-78.747421,35.776464000000004],[-78.748597,35.77686],[-78.750579,35.7768],[-78.75127,35.77729599999999],[-78.75141800000002,35.777853]]],[[[-78.752058,35.779998],[-78.751987,35.780512999999985],[-78.752561,35.78135999999999],[-78.753037,35.78177699999999],[-78.754373,35.78264599999999],[-78.756269,35.78329999999999],[-78.757438,35.784658],[-78.757825,35.784845],[-78.75788622439165,35.78519750247091],[-78.757676,35.784857000000024],[-78.75727,35.784665999999994],[-78.756745,35.78392699999999],[-78.756126,35.783584000000005],[-78.755666,35.783496],[-78.755073,35.782967],[-78.754744,35.782923],[-78.75436000000002,35.78265699999999],[-78.753607,35.78238],[-78.75307000000001,35.781884999999996],[-78.752527,35.78164],[-78.752529,35.781469],[-78.752243,35.78155],[-78.75215500000002,35.781496000000004],[-78.751959,35.781119999999994],[-78.751862,35.780276],[-78.751658,35.779948],[-78.751765,35.779774999999994],[-78.752366,35.779512],[-78.753072,35.77933000000001],[-78.752996,35.779633999999994],[-78.753202,35.780012],[-78.753826,35.780212999999996],[-78.753744,35.78034199999999],[-78.754031,35.781146],[-78.75428,35.781499],[-78.75437000000001,35.781687999999995],[-78.754531,35.781755],[-78.75498,35.78170999999999],[-78.75541,35.781892],[-78.754984,35.78174099999999],[-78.754532,35.781759],[-78.754361,35.78168999999999],[-78.752924,35.779622999999994],[-78.752776,35.779536],[-78.752581,35.779525],[-78.752058,35.779998]]],[[[-78.756133,35.782606],[-78.757243,35.78348499999999],[-78.757509,35.78384100000001],[-78.75779100000001,35.783874000000004],[-78.757933,35.78402700000001],[-78.75794072127267,35.78453729223465],[-78.757436,35.78411799999998],[-78.757178,35.783565],[-78.755719,35.78232800000001],[-78.755428,35.78191600000001],[-78.755748,35.782085],[-78.756133,35.782606]]],[[[-78.739754,35.80015899999999],[-78.73916,35.80037699999998],[-78.73907500000001,35.800593],[-78.738932,35.800508999999984],[-78.738599,35.800599999999996],[-78.738604,35.80077899999999],[-78.738411,35.800977999999986],[-78.73834000000001,35.801237],[-78.738051,35.801505],[-78.73765,35.801594],[-78.737606,35.801782],[-78.737706,35.80192299999999],[-78.737523,35.802237999999996],[-78.737572,35.801732],[-78.737615,35.801624],[-78.737924,35.801148999999995],[-78.738581,35.800575],[-78.738956,35.800484000000004],[-78.739116,35.800385000000006],[-78.739702,35.800096999999994],[-78.739754,35.80015899999999]]],[[[-78.733382,35.807676],[-78.733567,35.80749999999999],[-78.73355,35.80739899999999],[-78.73404,35.807109],[-78.734192,35.806548],[-78.73465,35.805901000000006],[-78.734714,35.805581000000004],[-78.734626,35.804824],[-78.735087,35.80433699999999],[-78.735097,35.803968999999995],[-78.735261,35.80398399999999],[-78.735199,35.803782],[-78.735354,35.803472],[-78.735506,35.80329299999999],[-78.735763,35.803450999999995],[-78.735961,35.803109000000006],[-78.736575,35.80274699999999],[-78.736667,35.802469],[-78.737123,35.80198899999999],[-78.73769300000001,35.801115],[-78.739171,35.79973699999999],[-78.739621,35.800042999999995],[-78.738508,35.800525999999984],[-78.737796,35.801098999999994],[-78.737385,35.80166899999999],[-78.737265,35.80231299999999],[-78.737047,35.802777999999996],[-78.736822,35.802954],[-78.736054,35.803231],[-78.735806,35.80348999999999],[-78.735168,35.804072],[-78.735161,35.804411],[-78.734769,35.80484100000001],[-78.734767,35.805213],[-78.735007,35.805492],[-78.734866,35.80618400000001],[-78.734794,35.806294],[-78.734345,35.806371],[-78.73414,35.80703100000001],[-78.73329,35.808026999999996],[-78.733205,35.80786999999999],[-78.733392,35.807798999999996],[-78.733382,35.807676]]],[[[-78.737335,35.80292000000001],[-78.737376,35.803015],[-78.737191,35.80303300000001],[-78.73694,35.803521],[-78.73673300000002,35.80359999999999],[-78.736103,35.804185999999994],[-78.735851,35.804195],[-78.73575,35.804293],[-78.73556200000002,35.804226],[-78.735603,35.80444200000001],[-78.735182,35.804967],[-78.735209,35.80539499999999],[-78.735,35.805194],[-78.734978,35.805004000000004],[-78.735332,35.804534999999994],[-78.735353,35.80419200000001],[-78.736232,35.803428999999994],[-78.736725,35.80329899999999],[-78.737135,35.80300299999999],[-78.737242,35.802938000000005],[-78.737418,35.80287700000001],[-78.737335,35.80292000000001]]],[[[-78.73521200000002,35.806247000000006],[-78.73469,35.80659899999999],[-78.734321,35.807072],[-78.734448,35.806675999999996],[-78.735097,35.806296],[-78.735171,35.80607400000001],[-78.735263,35.80614099999999],[-78.73521200000002,35.806247000000006]]],[[[-78.732153,35.811924],[-78.733387,35.811777000000006],[-78.73343,35.811029],[-78.733688,35.810329],[-78.733618,35.809917999999996],[-78.733707,35.80913300000001],[-78.733535,35.80875],[-78.733407,35.807987999999995],[-78.73369700000002,35.807807000000004],[-78.733782,35.80758600000001],[-78.733922,35.807477999999996],[-78.73387500000001,35.807677999999996],[-78.733531,35.80800200000001],[-78.733805,35.809711],[-78.733718,35.810157],[-78.733819,35.810887],[-78.733723,35.81106899999999],[-78.733733,35.81171899999999],[-78.73348,35.81214200000001],[-78.733255,35.812227],[-78.733133,35.812042],[-78.732772,35.812057],[-78.732198,35.81248899999999],[-78.732961,35.81275500000001],[-78.734113,35.81287300000001],[-78.734116,35.81297599999999],[-78.733723,35.81308200000001],[-78.733522,35.81299899999999],[-78.73357200000001,35.813307],[-78.733868,35.813282],[-78.734364,35.813001],[-78.734407,35.81306399999998],[-78.735365,35.813019],[-78.735465,35.813077],[-78.73594900000002,35.812932],[-78.736058,35.81308699999999],[-78.735754,35.813342],[-78.735516,35.81325699999999],[-78.735113,35.81334699999999],[-78.73435,35.813894],[-78.733785,35.813813],[-78.733262,35.81356300000001],[-78.733253,35.813655],[-78.73246,35.813258999999995],[-78.732342,35.8133],[-78.731962,35.812224],[-78.731996,35.81203599999999],[-78.732153,35.811924]]],[[[-78.73305200000001,35.81479900000001],[-78.733319,35.814743],[-78.733448,35.814834999999995],[-78.733681,35.815725],[-78.733674,35.816596000000004],[-78.73403,35.81703799999999],[-78.733614,35.816801000000005],[-78.733453,35.81556599999999],[-78.733243,35.815116999999994],[-78.732814,35.81466700000001],[-78.73305200000001,35.81479900000001]]],[[[-78.734205,35.81609699999999],[-78.734345,35.816245],[-78.734245,35.816458999999995],[-78.734268,35.81675599999999],[-78.735117,35.81728699999999],[-78.734323,35.816908999999995],[-78.733924,35.81655000000001],[-78.733895,35.816107],[-78.734205,35.81609699999999]]],[[[-78.7324,35.846972999999984],[-78.732638,35.847151],[-78.73248100000002,35.847283],[-78.732486,35.847117],[-78.732225,35.84670899999999],[-78.732069,35.846658999999995],[-78.732225,35.846538],[-78.7324,35.846972999999984]]],[[[-78.73316325780763,35.84692455756808],[-78.733029,35.847116],[-78.732765,35.847131000000005],[-78.73316325780763,35.84692455756808]]],[[[-78.735511,35.85789],[-78.734581,35.857624],[-78.734272,35.85741199999999],[-78.733576,35.857211999999976],[-78.733363,35.8575],[-78.733133,35.85763699999999],[-78.733197,35.85777099999999],[-78.733059,35.85761999999999],[-78.733203,35.85710999999999],[-78.732941,35.857103],[-78.732523,35.85684899999999],[-78.732328,35.856875],[-78.732274,35.85672799999999],[-78.731769,35.856357],[-78.731771,35.856258999999994],[-78.732632,35.856892],[-78.73314,35.857035],[-78.733521,35.857042],[-78.73504400000002,35.85746399999999],[-78.735671,35.857686],[-78.735992,35.85790899999998],[-78.736405,35.857834000000004],[-78.73664100000002,35.857634999999995],[-78.737173,35.857738],[-78.737993,35.85773799999999],[-78.738252,35.857488000000004],[-78.738407,35.85745399999999],[-78.73885701548565,35.85751195853106],[-78.73957792296505,35.85790100405448],[-78.738844,35.85765500000001],[-78.738077,35.857805],[-78.737099,35.857824],[-78.736556,35.858162],[-78.735986,35.85831099999999],[-78.735847,35.858088],[-78.735511,35.85789]]],[[[-78.739941,35.858234],[-78.739981,35.85816199999999],[-78.7399217936978,35.85810157437038],[-78.74005426178105,35.858185107328445],[-78.739941,35.858234]]],[[[-78.757589,35.867775],[-78.757584,35.86774299999999],[-78.75759,35.867767],[-78.757589,35.867775]]],[[[-78.757589,35.86778600000001],[-78.757888,35.868185],[-78.758137,35.86821199999999],[-78.758345,35.868092999999995],[-78.758512,35.868143999999994],[-78.758362,35.86833699999999],[-78.758476,35.868379999999995],[-78.758765,35.86822600000001],[-78.75895967128346,35.868420971664825],[-78.758627,35.86829999999999],[-78.758475,35.86838600000001],[-78.75836,35.868344],[-78.758304,35.868272000000005],[-78.757896,35.86819200000001],[-78.757754,35.868134999999995],[-78.757636,35.868018],[-78.757589,35.86778600000001]]],[[[-78.756775,35.874],[-78.757271,35.87313499999999],[-78.757393,35.871863999999995],[-78.757309,35.871762999999994],[-78.756654,35.871694999999995],[-78.75665,35.871621],[-78.756765,35.871590999999995],[-78.75708,35.871050999999994],[-78.757328,35.871],[-78.757576,35.870797],[-78.7578,35.870309],[-78.757657,35.870096999999994],[-78.75800200000002,35.870019],[-78.75839100000002,35.869454],[-78.758443,35.86874099999999],[-78.758389,35.86859299999999],[-78.758193,35.868563],[-78.758265,35.86855299999999],[-78.758384,35.868584],[-78.758451,35.86863399999999],[-78.758713,35.868702],[-78.758533,35.869388],[-78.757607,35.87097399999999],[-78.757418,35.871075999999995],[-78.757118,35.87106899999999],[-78.756947,35.871403],[-78.757101,35.871596],[-78.757477,35.87170199999999],[-78.757374,35.872525],[-78.757527,35.873055],[-78.757192,35.87342199999999],[-78.756981,35.87387299999999],[-78.757294,35.874375999999984],[-78.756992,35.874675999999994],[-78.756466,35.874791],[-78.756996,35.874434],[-78.756974,35.874141],[-78.756775,35.874]]],[[[-78.757203,35.87373899999999],[-78.757647,35.87308],[-78.757495,35.872507000000006],[-78.757673,35.871749],[-78.757547,35.871566000000016],[-78.757135,35.87143199999999],[-78.757143,35.871191],[-78.757525,35.871145000000006],[-78.757779,35.870949999999986],[-78.757943,35.87052099999999],[-78.758586,35.86952099999999],[-78.758815,35.868728000000004],[-78.75913112098418,35.868796254505064],[-78.7591994934734,35.86894757642881],[-78.758947,35.868900999999994],[-78.75869600000001,35.869388999999984],[-78.758623,35.869667],[-78.758714,35.86982700000001],[-78.758582,35.86986399999999],[-78.758472,35.87013300000001],[-78.758001,35.87053900000001],[-78.757784,35.87098799999999],[-78.757207,35.87138000000001],[-78.757685,35.87163700000001],[-78.757796,35.872023999999996],[-78.757664,35.87248100000001],[-78.757814,35.872648999999996],[-78.757703,35.872747],[-78.757651,35.873157],[-78.757467,35.873532],[-78.757395,35.87403400000001],[-78.757566,35.87441599999999],[-78.75743,35.874774],[-78.757535,35.875035999999994],[-78.75741,35.87511],[-78.757214,35.874974],[-78.75649100000001,35.87487399999999],[-78.757233,35.87485000000001],[-78.757429,35.874629],[-78.757505,35.874358],[-78.757203,35.873934999999996],[-78.757203,35.87373899999999]]],[[[-78.733179,35.874703],[-78.733278,35.875002],[-78.732766,35.875964999999994],[-78.732892,35.87665899999998],[-78.732544,35.876783],[-78.732541,35.877134],[-78.732441,35.877271],[-78.732447,35.87689100000001],[-78.732691,35.876503],[-78.73263,35.876284000000005],[-78.732717,35.87591599999999],[-78.732999,35.87528399999999],[-78.732894,35.875244],[-78.733023,35.875198],[-78.733094,35.87452600000001],[-78.733271,35.874226],[-78.733179,35.874703]]],[[[-78.732733,35.877155],[-78.732586,35.87688299999999],[-78.732982,35.87678400000001],[-78.732941,35.87604700000001],[-78.733018,35.875795],[-78.733685,35.874931],[-78.733599,35.874370000000006],[-78.733692,35.874324],[-78.734495,35.874536],[-78.734349,35.874719],[-78.733905,35.874837],[-78.73358,35.875124],[-78.733051,35.87613300000001],[-78.733029,35.87677299999999],[-78.733197,35.87700999999999],[-78.732879,35.876975],[-78.732668,35.877362],[-78.732489,35.877324],[-78.732733,35.877155]]],[[[-78.732639,35.878432],[-78.732534,35.878236],[-78.732274,35.878243999999995],[-78.731967,35.878118],[-78.731895,35.878198000000005],[-78.731879,35.877904],[-78.731633,35.877745999999995],[-78.732067,35.877555999999984],[-78.731997,35.877941],[-78.732589,35.878234000000006],[-78.732977,35.878581000000004],[-78.73300900000001,35.878702999999994],[-78.732853,35.878917],[-78.732935,35.878584999999994],[-78.732758,35.878505],[-78.732547,35.878566],[-78.732639,35.878432]]],[[[-78.732679,35.878173],[-78.732422,35.87809],[-78.732153,35.877880999999995],[-78.732129,35.877584000000006],[-78.733126,35.878624],[-78.733192,35.87879099999999],[-78.732974,35.87896700000001],[-78.732907,35.87894000000001],[-78.733094,35.878651],[-78.732679,35.878173]]],[[[-78.767023,35.894128],[-78.767148,35.892537],[-78.767123,35.892416],[-78.766975,35.892461000000004],[-78.766945,35.89239099999999],[-78.766963,35.89208399999999],[-78.767498,35.890578],[-78.767397,35.889816],[-78.767216,35.88963799999999],[-78.767316,35.889374],[-78.767338,35.888421],[-78.7676043137415,35.888134729417864],[-78.76804308854067,35.88819363145784],[-78.767876,35.88933099999999],[-78.767818,35.890815999999994],[-78.768036,35.8922],[-78.767885,35.89346599999999],[-78.767897,35.894884],[-78.767602,35.89570799999999],[-78.76727,35.89598900000001],[-78.766355,35.896017],[-78.76567700000001,35.89624700000001],[-78.764619,35.896523],[-78.761411,35.898008],[-78.761136,35.897837],[-78.761604,35.89757],[-78.762844,35.89729299999999],[-78.763527,35.896635],[-78.763846,35.896691000000004],[-78.764059,35.89663699999999],[-78.764658,35.896423],[-78.764761,35.896250000000016],[-78.76497500000002,35.89635799999999],[-78.765443,35.896305999999996],[-78.765867,35.89606799999999],[-78.766362,35.89557799999999],[-78.766948,35.89531699999999],[-78.766914,35.89491400000001],[-78.767083,35.894471],[-78.767023,35.894128]]],[[[-78.79557121331538,35.89372036005392],[-78.795542,35.89374300000001],[-78.7955226932345,35.893720079703485],[-78.79557121331538,35.89372036005392]]],[[[-78.7955899240228,35.893720468159685],[-78.795722,35.893837000000005],[-78.795633,35.893841],[-78.7955899240228,35.893720468159685]]],[[[-78.789571,35.895274],[-78.789657,35.895225],[-78.78959,35.895074],[-78.789448,35.89508000000001],[-78.789437,35.894921],[-78.789324,35.894865],[-78.789355,35.89453799999999],[-78.789261,35.894372],[-78.78949,35.894171],[-78.789378,35.894084],[-78.789811,35.893939],[-78.789792,35.893848],[-78.7894,35.89388399999999],[-78.789144,35.893814],[-78.788864,35.893572],[-78.788541,35.893474],[-78.788007,35.89343100000001],[-78.787884,35.89359399999999],[-78.787852,35.89339100000001],[-78.787441,35.893343999999985],[-78.787163,35.893061999999986],[-78.786885,35.892945],[-78.786894,35.892869],[-78.786638,35.89282500000001],[-78.786454,35.892948],[-78.786241,35.89290099999998],[-78.786141,35.892623],[-78.786239,35.892679999999984],[-78.786225,35.892818000000005],[-78.786419,35.89287800000001],[-78.786683,35.89276900000001],[-78.787053,35.89285199999998],[-78.787161,35.892745000000005],[-78.787512,35.892921],[-78.787856,35.892782000000004],[-78.787869,35.892594999999986],[-78.788033,35.89289199999999],[-78.788653,35.893047],[-78.789217,35.89304700000001],[-78.789407,35.89297899999999],[-78.789457,35.89284299999999],[-78.789877,35.892899],[-78.79011850779166,35.89281249220837],[-78.79047368470877,35.89294669216788],[-78.790429,35.893267],[-78.790973,35.895135],[-78.789378,35.89555899999999],[-78.789605,35.89543400000001],[-78.789571,35.895274]]],[[[-78.7923425324924,35.89378662024584],[-78.79341849799715,35.89374362650216],[-78.79314500000001,35.893938],[-78.793203,35.894261],[-78.793097,35.894073],[-78.792518,35.89448800000001],[-78.792477,35.894740000000006],[-78.791805,35.894892999999996],[-78.792001,35.894837],[-78.792154,35.894636999999996],[-78.792368,35.894614],[-78.7923425324924,35.89378662024584]]],[[[-78.791792,35.89489600000001],[-78.791697,35.89493199999999],[-78.791653,35.894934000000006],[-78.791792,35.89489600000001]]],[[[-78.767841,35.897282999999995],[-78.767765,35.896221000000004],[-78.768546,35.89520799999999],[-78.768679,35.894757],[-78.768698,35.89373899999999],[-78.769196,35.892231],[-78.769105,35.891867],[-78.769212,35.889942],[-78.76906017650484,35.88837957308998],[-78.76969058721478,35.88854952878214],[-78.769677,35.888675000000006],[-78.769888,35.888845],[-78.769735,35.888982999999996],[-78.769889,35.889678],[-78.769674,35.890108],[-78.769373,35.890282000000006],[-78.769375,35.891204],[-78.769225,35.891669],[-78.769292,35.891766],[-78.76912,35.891849],[-78.769516,35.89231500000001],[-78.769568,35.89263299999998],[-78.769019,35.89326],[-78.768928,35.89508200000001],[-78.769125,35.89531],[-78.76892200000002,35.89532999999999],[-78.768767,35.89565799999999],[-78.768388,35.89605099999999],[-78.7684,35.896418],[-78.768124,35.89633799999999],[-78.767995,35.896458],[-78.767934,35.896686],[-78.768012,35.896863],[-78.76792900000001,35.896903],[-78.767935,35.897025],[-78.767779,35.89762],[-78.767436,35.898112999999995],[-78.767325,35.898450999999994],[-78.767581,35.898874000000006],[-78.767111,35.898858],[-78.766879,35.89939799999999],[-78.76727,35.899907000000006],[-78.767248,35.900055],[-78.766998,35.90017299999998],[-78.766914,35.900533],[-78.766716,35.900825],[-78.766005,35.900644],[-78.765728,35.901179],[-78.765596,35.901084000000004],[-78.766178,35.900337],[-78.76679300000002,35.899119],[-78.767767,35.897578],[-78.767841,35.897282999999995]]],[[[-78.788973,35.897343],[-78.789541,35.89697199999999],[-78.789891,35.896978999999995],[-78.789998,35.89667300000001],[-78.789899,35.89649399999999],[-78.790686,35.89684799999999],[-78.790548,35.897022],[-78.789995,35.89727],[-78.789609,35.89722],[-78.788678,35.897497],[-78.788044,35.898343],[-78.788022,35.89854799999999],[-78.788124,35.898703],[-78.788015,35.899203000000014],[-78.787598,35.899679000000006],[-78.7874,35.899516000000006],[-78.787386,35.899375],[-78.788424,35.897687000000005],[-78.788674,35.89733199999998],[-78.788973,35.897343]]],[[[-78.789216,35.89850100000001],[-78.788855,35.89890199999999],[-78.788491,35.899123],[-78.788369,35.89938],[-78.78804,35.899837],[-78.787706,35.899728],[-78.788141,35.899592],[-78.788338,35.899408],[-78.788524,35.898787999999996],[-78.788356,35.898393999999996],[-78.788616,35.89806399999998],[-78.788896,35.897822],[-78.78939,35.897586],[-78.7899,35.89756],[-78.79007,35.89833000000001],[-78.790061,35.898969],[-78.789978,35.89914199999999],[-78.78924100000002,35.899841],[-78.789169,35.900363],[-78.788659,35.901424],[-78.788886,35.901875000000004],[-78.789592,35.90225],[-78.789736,35.90272699999999],[-78.789502,35.90382799999999],[-78.789473,35.904758],[-78.789405,35.905083999999995],[-78.788331,35.90743],[-78.788296,35.90785499999999],[-78.788637,35.908326999999986],[-78.788886,35.908961000000005],[-78.789688,35.91022400000001],[-78.789911,35.911123999999994],[-78.79003,35.91272],[-78.790281,35.913903000000005],[-78.790568,35.91503299999999],[-78.790814,35.91543999999999],[-78.790739,35.916196],[-78.791294,35.916802999999994],[-78.791379,35.91704699999998],[-78.790439,35.917059],[-78.790831,35.917018],[-78.790836,35.91681],[-78.789896,35.91619699999999],[-78.78985,35.915993],[-78.7896,35.915820000000004],[-78.789096,35.91575300000001],[-78.788832,35.915971],[-78.788533,35.916039999999995],[-78.788178,35.915729999999996],[-78.788381,35.91543],[-78.788574,35.915387999999986],[-78.788612,35.915105],[-78.78876200000002,35.91501199999999],[-78.788828,35.914584999999995],[-78.789145,35.91444299999999],[-78.78967,35.914483000000004],[-78.789792,35.914277000000006],[-78.789723,35.91389999999999],[-78.78941900000001,35.91377299999999],[-78.789171,35.913354999999996],[-78.789215,35.913078999999996],[-78.78872,35.912744],[-78.789,35.912699999999994],[-78.789352,35.912791999999996],[-78.789729,35.913304999999994],[-78.789852,35.91375599999999],[-78.790082,35.91370799999999],[-78.789809,35.912884000000005],[-78.789211,35.912355],[-78.789239,35.912206],[-78.789619,35.911897],[-78.789343,35.911384999999996],[-78.789248,35.91139999999999],[-78.789292,35.91151800000001],[-78.789212,35.911545999999994],[-78.789143,35.911421000000004],[-78.789379,35.911231],[-78.789343,35.910852],[-78.789047,35.910821999999996],[-78.789361,35.910709],[-78.789339,35.91026500000001],[-78.788898,35.90978299999999],[-78.788958,35.90965299999999],[-78.788649,35.909083],[-78.788763,35.909016],[-78.788646,35.908395999999996],[-78.78854,35.908397],[-78.788546,35.908548],[-78.788446,35.908478],[-78.788454,35.908165],[-78.78763600000002,35.908022],[-78.788152,35.907764],[-78.78850600000001,35.90678200000001],[-78.788417,35.906459],[-78.788601,35.906313],[-78.788898,35.905774],[-78.788906,35.905455999999994],[-78.789281,35.90474300000001],[-78.789063,35.90448899999999],[-78.789047,35.90402],[-78.78884,35.90384400000001],[-78.788788,35.903572],[-78.788586,35.903514],[-78.789096,35.90317900000001],[-78.789514,35.90250400000001],[-78.78937000000002,35.902381999999996],[-78.788766,35.902733],[-78.789133,35.902300999999994],[-78.788547,35.901656999999986],[-78.78881,35.90085499999999],[-78.78845,35.900582],[-78.788196,35.900639],[-78.788172,35.900431000000005],[-78.788234,35.900348],[-78.78888,35.9006],[-78.788951,35.900559],[-78.788725,35.900363000000006],[-78.789008,35.89983000000001],[-78.789354,35.899722],[-78.789492,35.899391],[-78.789498,35.89862299999999],[-78.789354,35.898468],[-78.789216,35.89850100000001]]],[[[-78.765411,35.899972000000005],[-78.765523,35.89966900000001],[-78.765448,35.89928400000001],[-78.765798,35.898105],[-78.765685,35.897431],[-78.764706,35.897256],[-78.764688,35.897344],[-78.763757,35.89783299999999],[-78.763754,35.89767599999998],[-78.763626,35.89764499999999],[-78.763162,35.897741],[-78.762566,35.89817299999999],[-78.762065,35.898252],[-78.762038,35.898416000000005],[-78.76162,35.898162],[-78.763656,35.89738200000001],[-78.764873,35.89659799999999],[-78.766416,35.896116],[-78.766952,35.89602499999999],[-78.767258,35.89608],[-78.767725,35.897128],[-78.767682,35.897363999999996],[-78.766265,35.899679000000006],[-78.765881,35.900503],[-78.765489,35.900988999999996],[-78.76549,35.900724999999994],[-78.76538,35.900607],[-78.765531,35.900318],[-78.765411,35.899972000000005]]],[[[-78.786913,35.89999799999999],[-78.787093,35.89987199999999],[-78.78733300000002,35.899904],[-78.786913,35.89999799999999]]],[[[-78.7832,35.900696],[-78.783999,35.900582],[-78.784964,35.900713999999994],[-78.785173,35.90045800000001],[-78.78434,35.900336],[-78.784745,35.900211999999996],[-78.785913,35.899514999999994],[-78.786656,35.89970099999999],[-78.786505,35.900018],[-78.786877,35.90000499999999],[-78.786083,35.900043999999994],[-78.785375,35.90029199999999],[-78.784972,35.900721],[-78.78447500000001,35.90084],[-78.784248,35.901034],[-78.783264,35.902161],[-78.78348000000001,35.901599999999995],[-78.783386,35.901198],[-78.782918,35.90104],[-78.7832,35.900696]]],[[[-78.758244,35.898965999999994],[-78.758758,35.899175],[-78.759007,35.899126999999986],[-78.759597,35.89862699999999],[-78.760494,35.89819800000001],[-78.760845,35.898389],[-78.760179,35.898562999999996],[-78.758914,35.899370999999995],[-78.757907,35.899251],[-78.757051,35.89947999999999],[-78.756669,35.899864],[-78.755859,35.900282],[-78.75545,35.900259999999996],[-78.75508,35.900095],[-78.754859,35.89996800000001],[-78.754548,35.899581],[-78.754256,35.89944800000001],[-78.753052,35.89965599999999],[-78.752072,35.899568],[-78.751064,35.899643],[-78.748909,35.90076500000001],[-78.748162,35.901377],[-78.74774,35.901548],[-78.74756,35.902462],[-78.747148,35.90219],[-78.747195,35.902048],[-78.747602,35.90189600000001],[-78.747728,35.901553],[-78.748053,35.901351],[-78.748416,35.900856999999995],[-78.749072,35.900593],[-78.749313,35.900402],[-78.749576,35.900371],[-78.749601,35.900179999999985],[-78.750158,35.899759999999986],[-78.750898,35.89955],[-78.751188,35.89958599999999],[-78.751587,35.899239],[-78.752278,35.899308],[-78.752258,35.89939999999999],[-78.752476,35.89944899999998],[-78.753575,35.89941799999999],[-78.754049,35.899211],[-78.754457,35.899207000000004],[-78.754891,35.89992399999999],[-78.755183,35.900045999999996],[-78.755489,35.900043],[-78.75570700000002,35.90016899999999],[-78.755907,35.90009400000001],[-78.756523,35.899515],[-78.756847,35.899371],[-78.756807,35.89921300000001],[-78.756928,35.89911399999999],[-78.757379,35.89898199999998],[-78.757487,35.89913299999999],[-78.758244,35.898965999999994]]],[[[-78.73933300000002,35.906948],[-78.740965,35.90693100000001],[-78.74148,35.906753],[-78.742404,35.90612399999999],[-78.742602,35.905463999999995],[-78.742921,35.90511],[-78.74339,35.90494699999999],[-78.744417,35.904791],[-78.745813,35.904304999999994],[-78.746436,35.90427600000001],[-78.747027,35.904028999999994],[-78.747614,35.903267],[-78.747955,35.90224399999999],[-78.748236,35.90174199999999],[-78.748925,35.901262],[-78.749675,35.900919999999985],[-78.750965,35.899910999999996],[-78.75133600000001,35.899823],[-78.75323400000002,35.899911],[-78.75337,35.899873],[-78.75378,35.899817000000006],[-78.754307,35.89976600000001],[-78.754599,35.900062],[-78.755179,35.900408000000006],[-78.755696,35.90055100000001],[-78.756877,35.900105999999994],[-78.757248,35.899713],[-78.757512,35.89971400000001],[-78.758071,35.89954],[-78.75902,35.899547000000005],[-78.759938,35.899311000000004],[-78.760668,35.898809],[-78.7611,35.89856199999999],[-78.761146,35.89860699999999],[-78.759895,35.899394],[-78.758903,35.89959799999999],[-78.758611,35.899754],[-78.758604,35.899863],[-78.758358,35.899748],[-78.757482,35.899912],[-78.756486,35.900330000000004],[-78.756414,35.90043399999999],[-78.75596500000002,35.900501000000006],[-78.755901,35.900782],[-78.755764,35.900639],[-78.755533,35.90066299999999],[-78.755401,35.900534000000015],[-78.75486,35.900527999999994],[-78.754675,35.90044699999999],[-78.754326,35.900507000000005],[-78.754354,35.900124],[-78.753905,35.899860999999994],[-78.752988,35.89993299999999],[-78.752851,35.900015],[-78.75276500000001,35.89990499999999],[-78.752236,35.89991799999999],[-78.751977,35.90027],[-78.751862,35.900144999999995],[-78.75174,35.90022200000001],[-78.751518,35.899953999999994],[-78.75107600000001,35.899943],[-78.750422,35.900361999999994],[-78.75006,35.900980000000004],[-78.749799,35.90101099999999],[-78.749864,35.901077],[-78.74979,35.90115999999999],[-78.749068,35.901405999999994],[-78.7487,35.90178299999999],[-78.748516,35.90214799999999],[-78.748071,35.902390999999994],[-78.74834500000001,35.902598],[-78.748707,35.902674000000005],[-78.748612,35.9029],[-78.747967,35.903330000000004],[-78.747669,35.90399800000001],[-78.747021,35.904316],[-78.746802,35.90462],[-78.746265,35.90470499999999],[-78.746165,35.90488199999999],[-78.746228,35.905023],[-78.745736,35.904655],[-78.74518200000001,35.904765],[-78.743693,35.905443000000005],[-78.743742,35.90568799999999],[-78.743509,35.905975],[-78.743278,35.90585800000001],[-78.742933,35.905872],[-78.742568,35.90635],[-78.742286,35.90643399999999],[-78.741627,35.90697699999999],[-78.74071,35.90727199999999],[-78.740168,35.907216],[-78.739649,35.907296],[-78.739443,35.90719000000001],[-78.739209,35.90721700000001],[-78.73864300000001,35.907361],[-78.737963,35.907863],[-78.737787,35.907868],[-78.739047,35.907019],[-78.73933300000002,35.906948]]],[[[-78.765525,35.901651],[-78.76591,35.901438000000006],[-78.766126,35.901425999999994],[-78.766026,35.901653],[-78.765752,35.901832999999996],[-78.766125,35.902204000000005],[-78.766053,35.902309],[-78.765668,35.90209900000001],[-78.765348,35.90204],[-78.765182,35.90217199999999],[-78.76518,35.902321],[-78.765447,35.90245899999999],[-78.765671,35.90247199999999],[-78.765864,35.902353000000005],[-78.765934,35.902412],[-78.765731,35.902929],[-78.765464,35.903061],[-78.76567,35.903417000000005],[-78.765032,35.903648999999994],[-78.765108,35.904292],[-78.764677,35.905523],[-78.76467200000002,35.905753000000004],[-78.764785,35.90589899999999],[-78.76463300000002,35.90611100000001],[-78.764694,35.906341],[-78.764443,35.906529],[-78.764224,35.907467],[-78.763534,35.907851],[-78.764216,35.907364000000015],[-78.764172,35.906994],[-78.764425,35.906358000000004],[-78.764724,35.904709999999994],[-78.76509,35.904223999999985],[-78.76497,35.903716],[-78.765335,35.902599],[-78.76502400000001,35.902218],[-78.765018,35.90185],[-78.765277,35.901488],[-78.765525,35.901651]]],[[[-78.779537,35.90974299999999],[-78.780305,35.908911999999994],[-78.78143900000002,35.907212999999985],[-78.782762,35.906078999999984],[-78.78265900000001,35.90541799999999],[-78.783113,35.90462899999999],[-78.783286,35.90402099999999],[-78.783034,35.903386],[-78.783597,35.902469],[-78.78438,35.90153],[-78.785091,35.90100199999999],[-78.785235,35.90070099999999],[-78.785416,35.900505],[-78.786223,35.90026600000001],[-78.787421,35.900024],[-78.787444,35.899945],[-78.787501,35.900096999999995],[-78.786841,35.900310999999995],[-78.786766,35.90022600000001],[-78.786342,35.90025399999999],[-78.785959,35.900440999999994],[-78.785467,35.90051299999999],[-78.785264,35.90069599999999],[-78.78533,35.900771999999996],[-78.786028,35.90084099999999],[-78.785568,35.901323],[-78.785431,35.901328],[-78.784986,35.90165099999999],[-78.78466,35.90172700000001],[-78.783965,35.902588],[-78.783604,35.903236],[-78.783209,35.903434999999995],[-78.78335,35.90368199999999],[-78.78326500000001,35.903786000000004],[-78.783388,35.904112000000005],[-78.782953,35.905182],[-78.782718,35.90532399999999],[-78.782883,35.90599000000001],[-78.782686,35.906473999999996],[-78.78217600000002,35.906908],[-78.781909,35.907267999999995],[-78.78153100000002,35.90746000000001],[-78.78139400000002,35.90790599999999],[-78.781143,35.908243999999996],[-78.780804,35.90860399999999],[-78.78048900000002,35.908713],[-78.780377,35.90896599999999],[-78.780121,35.909113],[-78.779428,35.91001700000001],[-78.779048,35.90991199999999],[-78.779268,35.909751],[-78.779537,35.90974299999999]]],[[[-78.764011,35.905922],[-78.763907,35.90584],[-78.763927,35.905481],[-78.763559,35.90495800000001],[-78.764313,35.904526],[-78.764428,35.90378199999999],[-78.764266,35.903639999999996],[-78.764128,35.90307099999999],[-78.76455100000001,35.902521],[-78.764613,35.90222],[-78.764723,35.902044],[-78.764832,35.90202],[-78.764794,35.901863999999996],[-78.764988,35.90165500000001],[-78.764864,35.90152199999999],[-78.765154,35.901405999999994],[-78.764965,35.901738],[-78.764843,35.901847],[-78.764864,35.90224799999999],[-78.764595,35.90239599999999],[-78.764564,35.904291],[-78.764204,35.905032999999996],[-78.764126,35.905448],[-78.764193,35.90609899999999],[-78.764068,35.90657300000001],[-78.763686,35.907458999999996],[-78.76297,35.90816100000001],[-78.763102,35.90763],[-78.76338000000001,35.907337999999996],[-78.763361,35.907134],[-78.763855,35.906014000000006],[-78.764011,35.905922]]],[[[-78.746129,35.904059000000004],[-78.745551,35.904],[-78.74516,35.904257999999984],[-78.744267,35.90458999999999],[-78.743332,35.90469800000001],[-78.742636,35.904945999999995],[-78.742375,35.905272999999994],[-78.742262,35.906066],[-78.741401,35.90663099999999],[-78.74071900000001,35.906803],[-78.73975,35.906801],[-78.739308,35.906721],[-78.738547,35.907030999999996],[-78.73769300000001,35.90775599999999],[-78.737446,35.907461],[-78.738179,35.906922],[-78.739105,35.906732999999996],[-78.739326,35.90659399999999],[-78.73963800000001,35.906644],[-78.73973,35.90678299999999],[-78.739866,35.906797999999995],[-78.740022,35.906706],[-78.74045,35.906724],[-78.740751,35.90656299999999],[-78.741146,35.906547],[-78.741477,35.906431000000005],[-78.741832,35.90620299999999],[-78.74199,35.90589899999999],[-78.741949,35.905567],[-78.742181,35.905443000000005],[-78.742397,35.905105999999996],[-78.742271,35.90486],[-78.74244,35.904803],[-78.74266,35.90485900000001],[-78.743083,35.90468099999999],[-78.743944,35.904569999999985],[-78.744867,35.90425900000001],[-78.745265,35.90394799999999],[-78.745662,35.903963999999995],[-78.746024,35.903845999999994],[-78.746597,35.903492],[-78.747243,35.902472],[-78.747551,35.902492],[-78.747248,35.90316100000001],[-78.746754,35.903859],[-78.746129,35.904059000000004]]],[[[-78.791259,35.915513999999995],[-78.790791,35.91219499999998],[-78.79089,35.911508000000005],[-78.7904,35.91010599999999],[-78.78954600000002,35.908873],[-78.789184,35.90789999999999],[-78.789295,35.906752],[-78.790099,35.904846],[-78.790406,35.903402],[-78.789864,35.902067],[-78.78941700000001,35.901558],[-78.790186,35.90007],[-78.791311,35.899024],[-78.79245300000001,35.89720499999999],[-78.792669,35.895438],[-78.792757,35.89597999999999],[-78.792949,35.89607999999999],[-78.793089,35.89632499999999],[-78.793144,35.89673200000001],[-78.79301600000001,35.89713499999999],[-78.792589,35.89730200000001],[-78.79255,35.897446],[-78.792728,35.897791],[-78.793414,35.898057],[-78.79302,35.898188000000005],[-78.793253,35.898478],[-78.793263,35.898882],[-78.794326,35.899989],[-78.794545,35.900391],[-78.794838,35.900606999999994],[-78.794821,35.900762],[-78.794449,35.900882],[-78.7948,35.900955999999994],[-78.794948,35.901103000000006],[-78.795689,35.901244],[-78.795924,35.901396],[-78.79595600000002,35.901614],[-78.795857,35.901793999999995],[-78.795687,35.901754],[-78.795384,35.90152400000001],[-78.794496,35.901286999999996],[-78.794655,35.901191000000004],[-78.79461100000002,35.901098],[-78.79426900000001,35.90107600000001],[-78.794175,35.900954],[-78.793904,35.900895],[-78.794094,35.900634000000004],[-78.794031,35.90031299999999],[-78.793122,35.899439],[-78.792569,35.89917499999999],[-78.792454,35.898705],[-78.792272,35.89862699999999],[-78.792117,35.898683999999996],[-78.79171400000001,35.899227],[-78.791885,35.89967900000001],[-78.791455,35.89986699999999],[-78.79011,35.900859],[-78.790151,35.90109199999999],[-78.790343,35.901281999999995],[-78.790242,35.901471000000015],[-78.789638,35.901621],[-78.7897,35.90169300000001],[-78.789849,35.90164399999999],[-78.790135,35.901855999999995],[-78.789983,35.902113],[-78.790033,35.902185],[-78.790642,35.901862],[-78.79043,35.902106],[-78.790739,35.902739999999994],[-78.790651,35.902829000000004],[-78.79079900000002,35.90308999999999],[-78.790647,35.903240000000004],[-78.79073,35.903498],[-78.790684,35.90421400000001],[-78.790511,35.904683],[-78.79024000000001,35.904976999999995],[-78.790239,35.905271000000006],[-78.790374,35.905517],[-78.790153,35.905808],[-78.790108,35.906141999999996],[-78.790151,35.90632299999999],[-78.790578,35.90642],[-78.79033,35.906632],[-78.789996,35.906673000000005],[-78.789799,35.906896],[-78.789819,35.906991],[-78.79034,35.907206999999985],[-78.790528,35.907448],[-78.7899,35.907854],[-78.789786,35.908198999999996],[-78.789921,35.908744999999996],[-78.790135,35.908926],[-78.7902,35.909139],[-78.790706,35.90921099999999],[-78.790506,35.909599],[-78.790887,35.91037099999999],[-78.790768,35.910531999999996],[-78.79088,35.910819],[-78.790836,35.91097599999999],[-78.791048,35.911288000000006],[-78.790961,35.91135200000001],[-78.790909,35.912290999999996],[-78.791069,35.91259199999999],[-78.79097700000001,35.912939],[-78.791071,35.912995],[-78.791021,35.91309499999999],[-78.791306,35.91393600000001],[-78.791196,35.91434399999999],[-78.791333,35.914637],[-78.791293,35.915305000000004],[-78.791952,35.916125000000015],[-78.792354,35.916275999999996],[-78.793354,35.916444999999996],[-78.793417,35.91662600000001],[-78.792828,35.916674],[-78.792464,35.91656400000001],[-78.792144,35.916701999999994],[-78.79171600000001,35.916289],[-78.79175300000001,35.916055],[-78.791259,35.915513999999995]]],[[[-78.78044400000002,35.90723],[-78.780648,35.907022999999995],[-78.78128,35.90695399999999],[-78.78235400000001,35.90601400000001],[-78.782368,35.905446999999995],[-78.782532,35.905268],[-78.78248100000002,35.905011],[-78.782805,35.90444099999999],[-78.782656,35.903917],[-78.782703,35.903526],[-78.782592,35.903400999999995],[-78.782544,35.903191],[-78.782684,35.903169999999996],[-78.782763,35.90294899999999],[-78.782557,35.90292699999999],[-78.782746,35.902796],[-78.782997,35.902370999999995],[-78.783251,35.902181999999996],[-78.782613,35.903310999999995],[-78.78274100000002,35.90358799999999],[-78.782843,35.903983999999994],[-78.782868,35.90449600000001],[-78.782474,35.90545300000001],[-78.782488,35.90601499999999],[-78.781166,35.907145],[-78.77959,35.909521],[-78.779464,35.90961599999999],[-78.779138,35.909654999999994],[-78.778961,35.90984999999999],[-78.77884,35.90969299999999],[-78.779266,35.909366],[-78.779416,35.909053],[-78.7801,35.908606000000006],[-78.780883,35.907465],[-78.780827,35.90738399999999],[-78.780455,35.90736],[-78.78044400000002,35.90723]]],[[[-78.763104,35.90912],[-78.764041,35.908770999999994],[-78.763833,35.90899600000001],[-78.763596,35.90908],[-78.76316,35.909921],[-78.762578,35.910559],[-78.762451,35.910978],[-78.762329,35.911031],[-78.762554,35.910602],[-78.762413,35.91045200000001],[-78.762748,35.91002200000001],[-78.763104,35.90912]]],[[[-78.76198800000002,35.911120999999994],[-78.76185900000002,35.910954999999994],[-78.76164400000002,35.910923000000004],[-78.761566,35.91073800000001],[-78.761788,35.91075399999999],[-78.761828,35.91065999999999],[-78.76199,35.909937],[-78.761917,35.909801],[-78.762621,35.909306],[-78.762446,35.91002],[-78.76198800000002,35.911120999999994]]],[[[-78.776454,35.911493],[-78.775356,35.911663],[-78.775131,35.911776],[-78.77532,35.91165999999999],[-78.775818,35.91155700000001],[-78.776144,35.911257000000006],[-78.77615,35.91108],[-78.775941,35.910824000000005],[-78.77639,35.91105699999999],[-78.777015,35.91111600000001],[-78.777407,35.910326],[-78.777667,35.91009499999999],[-78.777506,35.910737000000005],[-78.777171,35.91108400000001],[-78.776454,35.911493]]],[[[-78.777055,35.911289],[-78.777702,35.910964],[-78.77836600000002,35.91075],[-78.777859,35.911023],[-78.777607,35.91126599999999],[-78.777046,35.911471],[-78.776638,35.911897],[-78.776391,35.911934999999986],[-78.776309,35.912074],[-78.776099,35.912158],[-78.77511,35.912001],[-78.775224,35.911930999999996],[-78.776448,35.91182599999999],[-78.777055,35.911289]]],[[[-78.774936,35.911925000000004],[-78.77471,35.911849999999994],[-78.774948,35.91188799999999],[-78.775092,35.91179999999999],[-78.774936,35.911925000000004]]],[[[-78.760372,35.91354100000001],[-78.760011,35.913778],[-78.760166,35.914091000000006],[-78.760087,35.91452300000001],[-78.759379,35.91531299999999],[-78.759392,35.91551199999999],[-78.759567,35.91563299999999],[-78.758965,35.916785999999995],[-78.758951,35.916507],[-78.758805,35.916308],[-78.758971,35.916227000000006],[-78.759345,35.91566499999999],[-78.75925700000002,35.91552],[-78.759453,35.915153999999994],[-78.75994900000002,35.914585],[-78.759848,35.91403400000001],[-78.760021,35.913734],[-78.759985,35.91363599999999],[-78.760345,35.91354100000001],[-78.76078000000001,35.913224],[-78.760933,35.913039000000005],[-78.76097,35.91266],[-78.761071,35.912599],[-78.76123,35.91204199999999],[-78.761461,35.91167900000001],[-78.761844,35.911411],[-78.761576,35.911891999999995],[-78.761226,35.912932],[-78.761046,35.91314199999999],[-78.760372,35.91354100000001]]],[[[-78.759331,35.91722299999999],[-78.759439,35.916584],[-78.759981,35.91560299999999],[-78.759777,35.915248],[-78.760462,35.91458600000001],[-78.760543,35.91410099999999],[-78.760455,35.913765999999995],[-78.761479,35.913165],[-78.76208000000001,35.911452],[-78.762258,35.911708000000004],[-78.762214,35.912034999999996],[-78.761633,35.91338600000001],[-78.761535,35.913439999999994],[-78.761514,35.913864000000004],[-78.761168,35.914159999999995],[-78.760923,35.914832],[-78.760336,35.91539800000001],[-78.760417,35.915721],[-78.759976,35.91606999999998],[-78.759833,35.917091],[-78.75967,35.917311],[-78.759511,35.91788700000001],[-78.759301,35.918292],[-78.759504,35.91844699999999],[-78.759258,35.918511],[-78.759328,35.91869599999999],[-78.759301,35.918812],[-78.759105,35.919090000000004],[-78.75887000000002,35.919317],[-78.758865,35.9196],[-78.758974,35.919912],[-78.759101,35.920002],[-78.758926,35.92019299999998],[-78.758895,35.92070999999999],[-78.75859,35.921616],[-78.758707,35.92185899999998],[-78.758432,35.921817],[-78.758265,35.921922],[-78.758266,35.922123000000006],[-78.757507,35.923305],[-78.757115,35.923773],[-78.756741,35.923990999999994],[-78.75641,35.924337],[-78.756328,35.92451500000001],[-78.756497,35.924838],[-78.755867,35.925001],[-78.755468,35.925604],[-78.75504,35.925961],[-78.755104,35.926244999999994],[-78.754848,35.926283],[-78.754812,35.926387],[-78.755002,35.92667800000001],[-78.755061,35.927068],[-78.754703,35.927164000000005],[-78.75472,35.927323],[-78.754461,35.92778200000001],[-78.754564,35.92785299999999],[-78.754225,35.927976],[-78.754026,35.928199],[-78.75399,35.928762000000006],[-78.753853,35.92878699999999],[-78.753544,35.928436999999995],[-78.753318,35.928371000000006],[-78.75259100000001,35.92914300000001],[-78.752109,35.93015199999999],[-78.751754,35.930472999999985],[-78.751092,35.93203599999999],[-78.75125,35.931359],[-78.751586,35.93064699999999],[-78.75226,35.92977599999999],[-78.752481,35.929226],[-78.753122,35.928438],[-78.754163,35.92744],[-78.754659,35.92624699999999],[-78.756954,35.923634],[-78.758302,35.92181800000001],[-78.758611,35.920511],[-78.758815,35.920309],[-78.758855,35.919877],[-78.75878800000001,35.91959399999999],[-78.75874100000001,35.919723],[-78.758489,35.919551999999996],[-78.758473,35.91943700000001],[-78.75886,35.918893],[-78.758976,35.918883],[-78.758935,35.919032],[-78.759248,35.918876000000004],[-78.759287,35.918642999999996],[-78.759157,35.91841199999999],[-78.759239,35.91842412904857],[-78.759494,35.917854],[-78.759331,35.91722299999999]],[[-78.75935966666006,35.918452333339985],[-78.759359,35.91845300000001],[-78.759393,35.918459000000006],[-78.75935966666006,35.918452333339985]],[[-78.759284,35.91843800000001],[-78.75929801701966,35.918439974470495],[-78.75928381873216,35.91843709366083],[-78.759284,35.91843800000001]]],[[[-78.772234,35.92094],[-78.772132,35.9198],[-78.771806,35.919866000000006],[-78.771493,35.919796],[-78.77135000000001,35.919948999999995],[-78.770752,35.92010799999999],[-78.77160600000002,35.919684999999994],[-78.771989,35.919321],[-78.772296,35.918759],[-78.772251,35.918327],[-78.772654,35.91775599999999],[-78.77278100000001,35.917362],[-78.77278100000001,35.91717299999999],[-78.772557,35.916845],[-78.772796,35.916581],[-78.773078,35.91580400000001],[-78.773093,35.915560000000006],[-78.772799,35.915163],[-78.773155,35.914953999999994],[-78.77299,35.914770999999995],[-78.773087,35.914463999999995],[-78.773537,35.913523000000005],[-78.773689,35.913389],[-78.773682,35.913256000000004],[-78.773433,35.913104],[-78.774097,35.91285799999999],[-78.77419,35.912456],[-78.774533,35.912352999999996],[-78.774166,35.912832],[-78.774018,35.913498],[-78.773327,35.91487],[-78.773225,35.91597699999999],[-78.773007,35.91660499999999],[-78.772972,35.917168],[-78.772464,35.918775999999994],[-78.772363,35.919239],[-78.772459,35.92082],[-78.772503,35.92096399999999],[-78.77269700000001,35.92096800000001],[-78.772539,35.92011999999998],[-78.77251900000002,35.919197999999994],[-78.772845,35.918043],[-78.773274,35.917115],[-78.773189,35.916827999999995],[-78.773413,35.915985],[-78.773426,35.91539999999999],[-78.773828,35.91422],[-78.774093,35.91378],[-78.774594,35.913271],[-78.774632,35.912884000000005],[-78.774817,35.912466],[-78.774892,35.912682],[-78.774743,35.912881999999996],[-78.774787,35.913209999999985],[-78.774584,35.91365700000001],[-78.774091,35.914041],[-78.77372900000002,35.914804],[-78.773674,35.915563],[-78.773507,35.915839],[-78.773673,35.916094],[-78.773489,35.916244000000006],[-78.773438,35.916453999999995],[-78.773454,35.91729699999999],[-78.772862,35.91843299999999],[-78.772879,35.91866799999999],[-78.773065,35.918856000000005],[-78.772706,35.91912299999999],[-78.772569,35.91944399999999],[-78.772769,35.92035299999999],[-78.772735,35.920615999999995],[-78.772952,35.92111499999999],[-78.772852,35.921153999999994],[-78.773005,35.921195],[-78.773047,35.921376],[-78.773224,35.92137999999999],[-78.773098,35.92191299999999],[-78.772855,35.922167],[-78.772772,35.92250800000001],[-78.772547,35.922779],[-78.772488,35.923843999999995],[-78.772112,35.924415],[-78.771717,35.924711],[-78.77192,35.925564],[-78.771743,35.925709999999995],[-78.771288,35.925753],[-78.771302,35.92598],[-78.771345,35.926011],[-78.771771,35.926023],[-78.771534,35.92619],[-78.771634,35.926571],[-78.771343,35.92675199999999],[-78.771426,35.926951999999986],[-78.771707,35.927171],[-78.771212,35.928112],[-78.77106975324638,35.928221058442084],[-78.77069,35.928115999999996],[-78.771059,35.927114],[-78.771308,35.92712100000001],[-78.771186,35.92654600000001],[-78.771011,35.926479],[-78.770377,35.926514999999995],[-78.77022400000001,35.92647],[-78.770383,35.926489000000004],[-78.770866,35.926241000000005],[-78.771002,35.925989],[-78.771275,35.925981],[-78.771241,35.925603],[-78.771489,35.92542],[-78.771332,35.924818],[-78.771709,35.92436099999999],[-78.77204200000001,35.924161000000005],[-78.772033,35.92404199999999],[-78.772262,35.923812000000005],[-78.772213,35.92363499999999],[-78.772389,35.923374],[-78.772404,35.92315299999999],[-78.772284,35.92258100000001],[-78.772766,35.921668000000004],[-78.772666,35.921445999999996],[-78.772492,35.921373999999986],[-78.772499,35.92121300000001],[-78.772296,35.921099],[-78.772234,35.92094]],[[-78.77282452080283,35.92114852080288],[-78.772825,35.92114899999999],[-78.772852,35.921153999999994],[-78.77282452080283,35.92114852080288]],[[-78.77245,35.92107399999999],[-78.77244975003988,35.92107362505983],[-78.772293,35.921042],[-78.77245,35.92107399999999]]],[[[-78.817004,35.92076800000001],[-78.816995,35.92070100000001],[-78.81708114606036,35.92060375281415],[-78.817004,35.92076800000001]]],[[[-78.790067,35.92471599999999],[-78.790411,35.92396000000001],[-78.790761,35.923581],[-78.790595,35.923210999999995],[-78.790788,35.922858000000005],[-78.791,35.92256400000001],[-78.791604,35.92234500000001],[-78.791652,35.922190999999984],[-78.791498,35.921852999999984],[-78.791107,35.92186100000001],[-78.791202,35.921521000000006],[-78.791074,35.921327],[-78.791353,35.921061],[-78.791288,35.920798],[-78.790901,35.92032700000001],[-78.79044,35.92015099999999],[-78.790807,35.919801],[-78.790724,35.91919099999999],[-78.790463,35.918813],[-78.789843,35.918243],[-78.790114,35.91780199999999],[-78.790096,35.917565],[-78.791316,35.91812699999999],[-78.790881,35.91906899999999],[-78.790892,35.919391],[-78.79141,35.92036399999999],[-78.79162,35.921582],[-78.791846,35.921972999999994],[-78.791702,35.92229199999999],[-78.791069,35.922948],[-78.790945,35.923595],[-78.79049800000001,35.924071000000005],[-78.790225,35.924618],[-78.790552,35.924684],[-78.79075,35.924229999999994],[-78.791175,35.923874999999995],[-78.792301,35.92206699999999],[-78.792197,35.92020600000001],[-78.792027,35.919962999999996],[-78.79139,35.919450999999995],[-78.791726,35.918587],[-78.791807,35.91763499999999],[-78.79193,35.918126],[-78.79227,35.918707],[-78.79198,35.918922],[-78.791858,35.91937600000001],[-78.791921,35.919518000000004],[-78.791825,35.91958900000001],[-78.792338,35.920306999999994],[-78.792717,35.92042299999999],[-78.792423,35.92067100000001],[-78.792469,35.92142299999999],[-78.792589,35.921606],[-78.792446,35.92170699999999],[-78.792464,35.92211900000001],[-78.793085,35.922331],[-78.794248,35.922472],[-78.795696,35.923677000000005],[-78.795623,35.923751],[-78.795399,35.923739],[-78.794876,35.92332],[-78.793536,35.922996999999995],[-78.792821,35.922943000000004],[-78.79276,35.922788],[-78.792539,35.92295399999999],[-78.79231400000002,35.922963],[-78.791809,35.923303],[-78.791524,35.923831],[-78.790945,35.924559],[-78.790947,35.92477399999999],[-78.790879,35.924761],[-78.791021,35.925070999999996],[-78.791218,35.92520100000001],[-78.791301,35.925596],[-78.791016,35.92626499999999],[-78.791209,35.926298],[-78.791025,35.92641299999999],[-78.790815,35.926854],[-78.790896,35.927406],[-78.791043,35.927524000000005],[-78.790943,35.92767799999999],[-78.791197,35.928387],[-78.791091,35.92871199999999],[-78.791242,35.929081999999994],[-78.79142,35.92923699999999],[-78.791339,35.929379],[-78.791424,35.929903999999986],[-78.79166900000001,35.930310000000006],[-78.791787,35.9308],[-78.791975,35.931081999999996],[-78.792336,35.931157999999996],[-78.792184,35.931310999999994],[-78.792501,35.93197500000001],[-78.792468,35.932301],[-78.79267168975952,35.93254243122585],[-78.79184532332654,35.93237715415821],[-78.791785,35.932286000000005],[-78.791658,35.931974999999994],[-78.791739,35.931931],[-78.791536,35.931872],[-78.79165,35.93178000000001],[-78.791425,35.931549],[-78.791406,35.931069],[-78.791073,35.930701],[-78.790711,35.929333],[-78.790563,35.929065],[-78.790323,35.92889],[-78.789863,35.929086999999996],[-78.789616,35.92939],[-78.789188,35.92964899999999],[-78.788084,35.92979799999999],[-78.787531,35.93002899999999],[-78.786821,35.92998299999999],[-78.786273,35.930136],[-78.78603300000002,35.93031499999999],[-78.78608000000001,35.93064],[-78.786032,35.930465999999996],[-78.78585,35.93042200000001],[-78.78560900000001,35.930531],[-78.785269,35.93045999999999],[-78.784596,35.93051299999999],[-78.784367,35.930611],[-78.78417734433768,35.93084504638538],[-78.78355457760411,35.93072111263893],[-78.784158,35.930342],[-78.783779,35.930043999999995],[-78.784008,35.930129],[-78.784583,35.930110000000006],[-78.784844,35.930228],[-78.785362,35.930063999999994],[-78.7856,35.930124],[-78.785861,35.929771],[-78.786287,35.929746],[-78.78669000000001,35.92954600000001],[-78.787361,35.929682],[-78.787548,35.929536],[-78.787565,35.929385],[-78.787667,35.929507000000015],[-78.787974,35.929473999999985],[-78.789157,35.929022999999994],[-78.789406,35.92882599999999],[-78.790051,35.928153],[-78.789857,35.92704100000001],[-78.789711,35.92689899999999],[-78.789994,35.92678600000001],[-78.790162,35.92610599999999],[-78.790489,35.925624],[-78.790134,35.925127999999994],[-78.78963200000001,35.925059999999995],[-78.78952,35.924991],[-78.789626,35.92488600000001],[-78.789342,35.924913],[-78.789883,35.924707000000005],[-78.790067,35.92471599999999]]],[[[-78.75808,35.921549999999996],[-78.757936,35.921647],[-78.756688,35.92356699999999],[-78.754892,35.925402999999996],[-78.753909,35.92735],[-78.752869,35.928346000000005],[-78.75220200000001,35.929335],[-78.752075,35.929644],[-78.751967,35.929866000000004],[-78.751554,35.93054500000001],[-78.75139,35.930584999999994],[-78.750975,35.932010999999996],[-78.750544,35.93243100000001],[-78.749891,35.932844],[-78.750358,35.932291],[-78.750791,35.93199],[-78.751036,35.930959],[-78.751209,35.93088199999999],[-78.751175,35.930517],[-78.751869,35.92998299999999],[-78.75201,35.929765],[-78.752205,35.92930900000001],[-78.752241,35.929262],[-78.752308,35.92890500000001],[-78.75265,35.928492999999996],[-78.752694,35.92815599999999],[-78.75305,35.927813],[-78.752987,35.927623000000004],[-78.752133,35.927205],[-78.751692,35.92712199999999],[-78.751374,35.927202],[-78.751359,35.926992],[-78.75123,35.926921],[-78.752637,35.927164000000005],[-78.753062,35.92714600000001],[-78.753637,35.927375999999995],[-78.753913,35.927199],[-78.754058,35.926371],[-78.75449700000001,35.925938],[-78.754725,35.92505099999999],[-78.75519100000001,35.924725],[-78.755686,35.924074999999995],[-78.757031,35.922816000000005],[-78.75740400000001,35.922212],[-78.757764,35.921226000000004],[-78.757834,35.921132],[-78.757983,35.921158999999996],[-78.758107,35.920944999999996],[-78.758205,35.920372000000015],[-78.758135,35.919962999999996],[-78.757997,35.919836999999994],[-78.758024,35.919371],[-78.758326,35.918958],[-78.758154,35.918684999999996],[-78.758373,35.918150999999995],[-78.758365,35.91805699999999],[-78.757973,35.91781799999999],[-78.758091,35.91759799999999],[-78.758389,35.917552],[-78.75844,35.917366],[-78.758961,35.916799],[-78.758912,35.918076],[-78.758368,35.919232000000015],[-78.758548,35.920215000000006],[-78.75845,35.92036900000001],[-78.75833,35.92074199999999],[-78.75832472566263,35.92079088054521],[-78.758406,35.920533],[-78.758545,35.92042800000001],[-78.758392,35.920974999999984],[-78.7583145257004,35.92086872022689],[-78.75808,35.921549999999996]],[[-78.754418,35.92615800000001],[-78.754413,35.926163999999986],[-78.754483,35.92608800000001],[-78.754418,35.92615800000001]],[[-78.750438,35.932238],[-78.750359,35.932340999999994],[-78.750172,35.93258600000001],[-78.750438,35.932238]],[[-78.754078,35.926621],[-78.754027,35.926772],[-78.754005,35.92683999999999],[-78.754078,35.926621]],[[-78.75409,35.926529999999985],[-78.754085,35.92656699999999],[-78.754078,35.926621],[-78.75409,35.926529999999985]],[[-78.754142,35.926455999999995],[-78.754124,35.926481],[-78.75409,35.926529999999985],[-78.754142,35.926455999999995]],[[-78.753745,35.92743399999999],[-78.75373381520983,35.92745464884441],[-78.753765,35.927398999999994],[-78.753745,35.92743399999999]]],[[[-78.779543,35.92249400000001],[-78.779042,35.922393],[-78.779546,35.922489],[-78.779543,35.92249400000001]]],[[[-78.75711,35.923025],[-78.757205,35.922917999999996],[-78.75704,35.923137999999994],[-78.75711,35.923025]]],[[[-78.755781,35.924885],[-78.75579,35.92487800000001],[-78.755772,35.924915000000006],[-78.755781,35.924885]]],[[[-78.755214,35.925459000000004],[-78.755264,35.925421],[-78.75519,35.925481999999995],[-78.755214,35.925459000000004]]],[[[-78.74852100000001,35.933832],[-78.748633,35.93378699999999],[-78.748498,35.933654],[-78.748405,35.933443999999994],[-78.747851,35.933265999999996],[-78.74852,35.933257000000005],[-78.74866,35.933187999999994],[-78.748983,35.93325200000001],[-78.74987,35.932861999999986],[-78.74895021960326,35.933337341190324],[-78.749705,35.93309799999999],[-78.74960000000002,35.933183],[-78.750647,35.932510000000015],[-78.751092,35.93203599999999],[-78.751091,35.932207],[-78.750792,35.932389],[-78.750672,35.93258700000001],[-78.750174,35.932889],[-78.749724,35.933345],[-78.749324,35.93348099999999],[-78.748927,35.93397199999999],[-78.748739,35.933919],[-78.749028,35.93347899999999],[-78.748897,35.93350999999999],[-78.74862,35.93387099999999],[-78.74852100000001,35.933832]],[[-78.748709,35.933544999999995],[-78.74870810092708,35.93354443009879],[-78.748471,35.933553],[-78.748709,35.933544999999995]]],[[[-78.724995,35.743917],[-78.724524,35.742903],[-78.72424,35.742181],[-78.723754,35.741549],[-78.723651,35.74136300000001],[-78.72356602535898,35.7403291268043],[-78.72386629148852,35.740247458221006],[-78.724045,35.740339],[-78.723723,35.740460000000006],[-78.723637,35.740676999999984],[-78.723701,35.74142499999999],[-78.72442700000002,35.742278],[-78.724378,35.74244],[-78.724535,35.742906],[-78.725081,35.74372799999999],[-78.725147,35.74413599999999],[-78.724991,35.74455999999999],[-78.725175,35.744749000000006],[-78.72492,35.744745999999985],[-78.724995,35.743917]]],[[[-78.724475,35.74474099999999],[-78.724293,35.743714000000004],[-78.724006,35.74346500000001],[-78.7235,35.742746000000004],[-78.723146,35.74157799999999],[-78.722739,35.741085],[-78.722899,35.74076900000001],[-78.72275033884284,35.74055263047089],[-78.7231096247048,35.74045390597232],[-78.723436,35.74156499999999],[-78.724644,35.743836],[-78.724711,35.74474399999999],[-78.724475,35.74474099999999]]],[[[-78.704422,35.762074],[-78.704653,35.761813],[-78.704994,35.76165700000001],[-78.705018,35.761488],[-78.7052,35.761464999999994],[-78.705401,35.76099599999999],[-78.705625,35.76093699999999],[-78.706273,35.76035899999999],[-78.706379,35.759910000000005],[-78.70668,35.759831000000005],[-78.707122,35.759472],[-78.707247,35.75947000000001],[-78.707157,35.759885000000004],[-78.706613,35.760975],[-78.706607,35.761191999999994],[-78.707274,35.761724],[-78.707755,35.761723],[-78.70798,35.761915],[-78.708358,35.76192199999999],[-78.708488,35.76182200000001],[-78.708817,35.761495000000004],[-78.708963,35.76115099999999],[-78.70907,35.76036599999999],[-78.708965,35.76011299999999],[-78.709238,35.760042],[-78.709313,35.759779],[-78.709649,35.759672],[-78.70982,35.759489],[-78.70969900000001,35.759115],[-78.709848,35.759055999999994],[-78.709923,35.75887800000001],[-78.709834,35.75860000000001],[-78.710188,35.758655],[-78.710802,35.758185],[-78.71057,35.75782600000001],[-78.711189,35.757855000000006],[-78.711505,35.75718299999999],[-78.711771,35.756881],[-78.711789,35.75528],[-78.711987,35.755389],[-78.712412,35.755089],[-78.712324,35.755682],[-78.71243000000001,35.75612300000001],[-78.712662,35.75640400000001],[-78.71246,35.75675999999999],[-78.712558,35.75685699999999],[-78.713292,35.756959],[-78.713516,35.75685099999999],[-78.71394100000002,35.756931],[-78.713711,35.756931],[-78.713131,35.75728900000001],[-78.712766,35.75728199999999],[-78.712627,35.75742999999999],[-78.712534,35.75815099999999],[-78.712754,35.758297000000006],[-78.713112,35.758334000000005],[-78.71412,35.758853],[-78.714542,35.758616],[-78.714519,35.758915],[-78.714777,35.75916000000001],[-78.71493,35.759544999999996],[-78.715347,35.759545],[-78.715213,35.759871],[-78.71526,35.76007700000001],[-78.715447,35.760178],[-78.71548,35.760398000000016],[-78.715915,35.76083199999999],[-78.716688,35.76109],[-78.717029,35.76081700000001],[-78.717301,35.759963],[-78.717437,35.759660999999994],[-78.717674,35.759469],[-78.717846,35.758886],[-78.718281,35.758674],[-78.718415,35.758745000000005],[-78.7182,35.758878],[-78.718306,35.759181],[-78.718081,35.75952099999999],[-78.717948,35.760121],[-78.718024,35.76037699999999],[-78.718328,35.760476],[-78.719036,35.761024],[-78.719273,35.76109099999999],[-78.719553,35.76090200000001],[-78.719893,35.76109699999999],[-78.720381,35.760842],[-78.720569,35.76062999999999],[-78.72068,35.760393],[-78.720568,35.76011599999999],[-78.720738,35.759834],[-78.72131300000001,35.75984699999999],[-78.720976,35.760051],[-78.721112,35.760501999999995],[-78.720988,35.761077],[-78.720735,35.761384],[-78.720997,35.76194300000001],[-78.721607,35.76235899999999],[-78.721238,35.762552],[-78.721159,35.762993],[-78.721502,35.76299999999999],[-78.721498,35.762704],[-78.721674,35.76255499999999],[-78.722272,35.76212199999999],[-78.72247400000002,35.762178999999996],[-78.722635,35.762091],[-78.72272,35.76222400000001],[-78.722518,35.762282],[-78.722549,35.762606],[-78.723185,35.76434],[-78.723177,35.76524599999999],[-78.72335000000001,35.765347],[-78.723116,35.76544100000001],[-78.722741,35.766096999999995],[-78.722738,35.76622999999999],[-78.722941,35.766436],[-78.722943,35.766674],[-78.722803,35.766985],[-78.722811,35.767347],[-78.72256800000001,35.76763699999999],[-78.722546,35.76839700000001],[-78.722848,35.768955],[-78.722514,35.768665],[-78.722367,35.768029],[-78.722756,35.766637],[-78.722593,35.766263],[-78.722623,35.76591299999999],[-78.722844,35.765609],[-78.723034,35.764881],[-78.722939,35.764469999999996],[-78.722984,35.763907999999994],[-78.722626,35.763311],[-78.722056,35.76288999999999],[-78.721824,35.762848],[-78.721699,35.76308300000001],[-78.72141,35.763127999999995],[-78.72106,35.763012],[-78.721164,35.762266],[-78.72095,35.762076],[-78.720822,35.761641],[-78.720483,35.76139999999999],[-78.720512,35.76101299999999],[-78.719855,35.76123199999999],[-78.719036,35.761143],[-78.718366,35.760563],[-78.717992,35.760481],[-78.717757,35.75978],[-78.717513,35.75988],[-78.71707,35.760815999999984],[-78.716583,35.761167],[-78.71580600000001,35.760792],[-78.713496,35.758633],[-78.713291,35.758483],[-78.712507,35.758314],[-78.712417,35.75755000000001],[-78.712964,35.757032],[-78.712413,35.756869],[-78.712528,35.756367999999995],[-78.712098,35.756009999999996],[-78.711857,35.756125],[-78.711833,35.75696],[-78.711477,35.757455],[-78.711299,35.75791000000001],[-78.710419,35.758617],[-78.710051,35.75876599999999],[-78.709831,35.759162999999994],[-78.709843,35.75959100000001],[-78.70963,35.75976899999999],[-78.709369,35.75981500000001],[-78.709347,35.760039000000006],[-78.709176,35.760236],[-78.708995,35.76143],[-78.70852600000002,35.761931],[-78.708102,35.76201],[-78.707741,35.76192899999999],[-78.707068,35.76171999999998],[-78.706588,35.76139599999999],[-78.706505,35.760945999999976],[-78.706811,35.760318000000005],[-78.706869,35.759942],[-78.70677,35.759901],[-78.706473,35.760026999999994],[-78.706408,35.760286],[-78.705336,35.761425],[-78.705067,35.76162599999999],[-78.704648,35.76185599999999],[-78.704379,35.762142999999995],[-78.704141,35.762142],[-78.703503,35.76196399999999],[-78.702975,35.761765999999994],[-78.703559,35.76197299999999],[-78.704183,35.76198899999999],[-78.704257,35.76207900000001],[-78.704422,35.762074]]],[[[-78.704928,35.76278099999999],[-78.704934,35.76295399999999],[-78.704721,35.76331099999998],[-78.704768,35.763974],[-78.705001,35.764061],[-78.705334,35.764039000000004],[-78.705632,35.76371699999999],[-78.706396,35.76348200000001],[-78.707361,35.763611],[-78.70748,35.763726999999996],[-78.707745,35.764765],[-78.707809,35.76488599999999],[-78.708021,35.76493299999999],[-78.708379,35.763709],[-78.709264,35.763203999999995],[-78.709702,35.763389],[-78.710028,35.76339000000001],[-78.709838,35.76304400000001],[-78.709944,35.762946],[-78.710646,35.762693000000006],[-78.711553,35.762071],[-78.712453,35.76210300000001],[-78.712867,35.762356],[-78.713136,35.762993],[-78.713283,35.76304799999999],[-78.713391,35.76276299999999],[-78.713817,35.762316],[-78.714326,35.76235],[-78.714748,35.76254599999999],[-78.71463300000002,35.76259400000001],[-78.714125,35.76248],[-78.713794,35.76268399999999],[-78.713405,35.763501],[-78.713182,35.763559],[-78.713346,35.763718],[-78.713061,35.76407400000001],[-78.713006,35.763909],[-78.713104,35.76379200000001],[-78.712945,35.7636],[-78.712855,35.762434999999996],[-78.712747,35.762343],[-78.711852,35.76230699999999],[-78.710179,35.76308],[-78.71029900000002,35.763366],[-78.710239,35.763709999999996],[-78.709834,35.76349100000001],[-78.709235,35.763447],[-78.709026,35.763529000000005],[-78.708523,35.763952999999994],[-78.708331,35.76443899999999],[-78.708126,35.765238],[-78.708285,35.765631],[-78.708114,35.76549],[-78.708029,35.765532],[-78.707629,35.76491399999998],[-78.707292,35.763704],[-78.706776,35.76370499999998],[-78.70661,35.763566],[-78.706342,35.763509000000006],[-78.705628,35.764109],[-78.70496,35.764249],[-78.704714,35.76419899999999],[-78.704581,35.764065],[-78.704557,35.76428800000001],[-78.704414,35.76442500000001],[-78.704312,35.764407999999996],[-78.704491,35.763576],[-78.704893,35.762935999999996],[-78.704885,35.762738],[-78.704783,35.762735000000006],[-78.704534,35.762441999999986],[-78.703841,35.762401999999994],[-78.703778,35.762183],[-78.70351,35.762062],[-78.704583,35.762432],[-78.704928,35.76278099999999]]],[[[-78.716706,35.76283999999999],[-78.717408,35.76291],[-78.71786,35.76311],[-78.718615,35.763819],[-78.71907,35.764391999999994],[-78.720127,35.76481799999999],[-78.72037,35.765001000000005],[-78.720623,35.765343],[-78.72122,35.766923],[-78.721281,35.76765699999999],[-78.721149,35.768394999999984],[-78.721198,35.768999],[-78.721536,35.769318],[-78.721734,35.76937799999999],[-78.723064,35.769332],[-78.722189,35.76959999999999],[-78.721255,35.770192],[-78.721248,35.769947999999985],[-78.720948,35.76973599999999],[-78.720711,35.76966899999999],[-78.720132,35.76975],[-78.72064,35.769303],[-78.720466,35.768585],[-78.720514,35.76802],[-78.720679,35.76755799999999],[-78.720288,35.76675600000001],[-78.720404,35.766482],[-78.720351,35.766129],[-78.719854,35.765564999999995],[-78.719414,35.765443999999995],[-78.719303,35.764882],[-78.718698,35.764168000000005],[-78.718236,35.763870000000004],[-78.717942,35.763514],[-78.717799,35.763453000000005],[-78.717597,35.763504000000005],[-78.717222,35.763718],[-78.717358,35.763313],[-78.717228,35.763207],[-78.716323,35.762929],[-78.716148,35.76292599999999],[-78.715944,35.763065],[-78.715744,35.76281699999999],[-78.715053,35.762684],[-78.71527,35.762515],[-78.715207,35.76248699999999],[-78.715361,35.762529],[-78.715717,35.762404999999994],[-78.71585300000001,35.76258399999998],[-78.716706,35.76283999999999]]],[[[-78.726869,35.77146799999999],[-78.726454,35.77130499999999],[-78.726303,35.771061],[-78.72458,35.770945],[-78.724462,35.770844999999994],[-78.724368,35.770492],[-78.724175,35.770336],[-78.72468700000002,35.770087],[-78.724299,35.76980300000001],[-78.724359,35.769710999999994],[-78.724846,35.76985799999999],[-78.724768,35.769691999999985],[-78.724941,35.76974],[-78.725102,35.769617999999994],[-78.725055,35.769454],[-78.724348,35.769474],[-78.726085,35.769118000000006],[-78.725686,35.769283],[-78.725784,35.76940100000001],[-78.726494,35.769546],[-78.726991,35.769473],[-78.727267,35.769563],[-78.727705,35.76952000000001],[-78.727888,35.769797],[-78.728227,35.76985],[-78.728588,35.76970300000001],[-78.728934,35.769163000000006],[-78.729212,35.768997],[-78.73075500000002,35.768647],[-78.731815,35.768478],[-78.732447,35.768485000000005],[-78.732781,35.768404999999994],[-78.733754,35.768596999999986],[-78.735759,35.76919899999999],[-78.736186,35.769739],[-78.736026,35.770521],[-78.736441,35.77192900000001],[-78.736807,35.772303999999984],[-78.736609,35.772401],[-78.736854,35.77270600000001],[-78.736785,35.77288999999998],[-78.73628,35.77205],[-78.73608800000001,35.77138599999999],[-78.735818,35.769468999999994],[-78.735701,35.769303],[-78.733915,35.76872000000001],[-78.732815,35.768692],[-78.732304,35.76851699999999],[-78.731725,35.768508],[-78.729337,35.76902700000001],[-78.728911,35.769262000000005],[-78.728552,35.7698],[-78.728255,35.769884],[-78.727941,35.76984499999999],[-78.727548,35.769681],[-78.72698400000002,35.769754999999996],[-78.726715,35.76965],[-78.725009,35.770005],[-78.724957,35.77008399999999],[-78.725152,35.770299],[-78.725536,35.77035600000001],[-78.727215,35.7704],[-78.728025,35.770235],[-78.7276,35.770663],[-78.727222,35.770737],[-78.727132,35.77103399999999],[-78.726881,35.771189],[-78.726836,35.771319000000005],[-78.726989,35.771632999999994],[-78.726869,35.77146799999999]]],[[[-78.728447,35.770336],[-78.729925,35.76932699999999],[-78.730654,35.769174],[-78.7338,35.769118],[-78.734773,35.76937499999999],[-78.73508,35.76958499999999],[-78.735273,35.769952999999994],[-78.73561,35.771858],[-78.73594900000002,35.772337],[-78.736491,35.772814],[-78.73612300000002,35.773039],[-78.735598,35.772064],[-78.735375,35.771934999999985],[-78.73551700000002,35.77187899999999],[-78.735374,35.771796],[-78.735328,35.771524],[-78.73518,35.771345000000004],[-78.734964,35.77022199999999],[-78.73481,35.769921],[-78.734257,35.76955999999999],[-78.733924,35.76942699999999],[-78.733464,35.769531999999984],[-78.73308900000002,35.76921699999998],[-78.732433,35.769147],[-78.732203,35.769324999999995],[-78.732344,35.769398999999986],[-78.732299,35.769557],[-78.731712,35.769502],[-78.73007,35.76972599999999],[-78.729516,35.770149],[-78.729469,35.770462],[-78.729738,35.770957999999986],[-78.729633,35.771587],[-78.729868,35.771861],[-78.72963100000001,35.771802999999984],[-78.729567,35.771527],[-78.72940800000002,35.77153],[-78.729359,35.77199599999999],[-78.729364,35.771832],[-78.729195,35.771663000000004],[-78.729499,35.77142],[-78.729601,35.771126],[-78.729543,35.771063000000005],[-78.72910700000001,35.771252999999994],[-78.729036,35.770952],[-78.72875500000002,35.770923],[-78.728417,35.77070100000001],[-78.728025,35.770235],[-78.728249,35.770388],[-78.728447,35.770336]]],[[[-78.726169,35.798436],[-78.726462,35.798088],[-78.725787,35.796969],[-78.725937,35.79693299999999],[-78.726037,35.79708500000001],[-78.726392,35.79665000000001],[-78.726574,35.79656099999999],[-78.72676,35.795792000000006],[-78.726594,35.796752],[-78.726735,35.79710899999999],[-78.726485,35.79750299999999],[-78.726254,35.797557000000005],[-78.726611,35.798144],[-78.726447,35.79843699999999],[-78.726396,35.79900699999999],[-78.726478,35.799314],[-78.72632900000002,35.799521],[-78.726135,35.799485],[-78.72633900000001,35.798654000000006],[-78.726169,35.798436]]],[[[-78.725501,35.79936399999999],[-78.725785,35.79891599999999],[-78.725719,35.79788799999999],[-78.725851,35.797749],[-78.725808,35.79731799999999],[-78.725978,35.797633999999995],[-78.725912,35.799442],[-78.725501,35.79936399999999]]],[[[-78.726253,35.79976099999999],[-78.726155,35.79994400000001],[-78.726096,35.79972500000001],[-78.726253,35.79976099999999]]],[[[-78.726028,35.80068800000001],[-78.72577600000001,35.80043200000001],[-78.725537,35.799601],[-78.725875,35.79967399999999],[-78.726028,35.80068800000001]]],[[[-78.725916,35.801745],[-78.725758,35.801838],[-78.72573,35.8015],[-78.725805,35.801304],[-78.725864,35.801361],[-78.725964,35.80128499999999],[-78.725916,35.801745]]],[[[-78.726214,35.801356999999996],[-78.72607100000002,35.801747999999996],[-78.726146,35.80178300000001],[-78.726054,35.80184100000001],[-78.726132,35.801307],[-78.726214,35.801356999999996]]],[[[-78.72513,35.80231599999999],[-78.725161,35.801731999999994],[-78.725689,35.80189899999999],[-78.725623,35.80229],[-78.72576,35.802399999999984],[-78.725919,35.801846],[-78.725601,35.803365],[-78.72581,35.804265999999984],[-78.725392,35.80385],[-78.725482,35.803377],[-78.725355,35.803156],[-78.725415,35.802800999999995],[-78.725568,35.802662999999995],[-78.72513,35.80231599999999]]],[[[-78.726037,35.80231499999999],[-78.726074,35.80287700000001],[-78.72592,35.80327599999998],[-78.72629000000002,35.803662],[-78.726189,35.80425699999999],[-78.725884,35.803328],[-78.726037,35.80231499999999]]],[[[-78.725803,35.804737999999986],[-78.72585,35.804456],[-78.725902,35.804694000000005],[-78.725803,35.804737999999986]]],[[[-78.726671,35.804860999999995],[-78.726603,35.805279999999996],[-78.726461,35.80471699999999],[-78.726671,35.804860999999995]]],[[[-78.726706,35.805647],[-78.726812,35.80594899999999],[-78.72677300000001,35.80605099999999],[-78.726713,35.80609700000001],[-78.726706,35.805647]]],[[[-78.726084,35.806929],[-78.725906,35.808128],[-78.725189,35.807478],[-78.725545,35.807291000000006],[-78.72551,35.807038000000006],[-78.725626,35.806976],[-78.725882,35.806016],[-78.725893,35.80538099999998],[-78.726135,35.80507000000001],[-78.7264,35.805738],[-78.726459,35.806214],[-78.726084,35.806929]]],[[[-78.726612,35.806651],[-78.726699,35.807337],[-78.726402,35.807562999999995],[-78.72624,35.808274000000004],[-78.726046,35.808202999999985],[-78.726085,35.808018],[-78.726612,35.806651]]],[[[-78.716202,35.80861399999999],[-78.716229,35.808752],[-78.715867,35.808482000000005],[-78.715881,35.80831599999999],[-78.715911,35.80850499999999],[-78.716202,35.80861399999999]]],[[[-78.722384,35.80887],[-78.722089,35.80908800000001],[-78.722076,35.809234000000004],[-78.721965,35.809239999999996],[-78.721894,35.80905800000001],[-78.722186,35.808882999999994],[-78.722384,35.80887]]],[[[-78.720588,35.809372],[-78.721018,35.809089],[-78.720605,35.80942199999999],[-78.720253,35.809391],[-78.720588,35.809372]]],[[[-78.716256,35.80926100000001],[-78.71689500000001,35.809142],[-78.716916,35.80903699999999],[-78.71664,35.808925999999985],[-78.716889,35.808918999999996],[-78.717159,35.80911799999999],[-78.717762,35.809155],[-78.71792700000002,35.809274],[-78.717326,35.809231000000004],[-78.717025,35.809298000000005],[-78.716996,35.809375],[-78.716249,35.80931999999999],[-78.716305,35.809473000000004],[-78.71619,35.80948899999999],[-78.716072,35.809476999999994],[-78.716223,35.80944800000001],[-78.716256,35.80926100000001]]],[[[-78.719502,35.80935100000001],[-78.719107,35.809373],[-78.71891,35.809511],[-78.718784,35.809349000000005],[-78.71805,35.809408999999995],[-78.71792700000002,35.809274],[-78.719502,35.80935100000001]]],[[[-78.733464,35.81054],[-78.733289,35.810746],[-78.733224,35.811675],[-78.732744,35.81178899999998],[-78.731943,35.81169400000001],[-78.731773,35.81180700000001],[-78.732245,35.81324099999999],[-78.732054,35.813154],[-78.731899,35.812911],[-78.731345,35.81261099999999],[-78.73135,35.812462],[-78.731222,35.812358],[-78.731374,35.812428],[-78.731675,35.812236999999996],[-78.731699,35.81167299999999],[-78.732016,35.81130400000001],[-78.732734,35.81162199999999],[-78.733037,35.811612000000004],[-78.733189,35.811484],[-78.733235,35.81059199999999],[-78.733406,35.810244],[-78.733414,35.808908],[-78.733616,35.809343],[-78.733464,35.81054]]],[[[-78.725747,35.809646],[-78.726308,35.809917999999996],[-78.726791,35.810315],[-78.727011,35.81027600000001],[-78.727588,35.810806],[-78.727662,35.811004],[-78.727468,35.811551],[-78.727557,35.811916000000004],[-78.728502,35.812081],[-78.728592,35.81230699999998],[-78.728801,35.812474],[-78.72944,35.812703000000006],[-78.73005,35.812691],[-78.730236,35.812371],[-78.730281,35.812675999999996],[-78.730445,35.812695],[-78.730705,35.81254699999999],[-78.731632,35.813129999999994],[-78.731161,35.813122],[-78.730832,35.812883],[-78.729114,35.81267799999999],[-78.728631,35.812508],[-78.728429,35.81220399999999],[-78.727459,35.811945000000016],[-78.727019,35.810881],[-78.726234,35.809909999999995],[-78.725737,35.80969199999999],[-78.725747,35.809646]]],[[[-78.731921,35.813846],[-78.731777,35.813653],[-78.731212,35.81374],[-78.730054,35.81365399999999],[-78.729035,35.81286999999998],[-78.728353,35.812664],[-78.727709,35.812264000000006],[-78.727454,35.812208999999996],[-78.727044,35.81231999999999],[-78.726614,35.81215799999999],[-78.726267,35.812214],[-78.726529,35.811904],[-78.726353,35.811302],[-78.726127,35.810952],[-78.725464,35.810354000000004],[-78.725377,35.810068],[-78.725456,35.809802],[-78.725648,35.80983599999999],[-78.726141,35.810328],[-78.727266,35.81207700000001],[-78.728088,35.812322],[-78.729186,35.812857],[-78.73027600000002,35.81300799999999],[-78.731756,35.813441],[-78.732002,35.813633],[-78.732174,35.814465999999996],[-78.732394,35.814611],[-78.732585,35.814617999999996],[-78.732361,35.81473999999999],[-78.732147,35.81470999999999],[-78.731918,35.81433400000001],[-78.731921,35.813846]]],[[[-78.732651,35.81394700000001],[-78.733433,35.81443399999999],[-78.73353,35.814558000000005],[-78.732561,35.814426999999995],[-78.732651,35.81394700000001]]],[[[-78.721862,35.83444999999999],[-78.722044,35.834773],[-78.722288,35.834796999999995],[-78.722427,35.83475299999999],[-78.722477,35.83451900000001],[-78.722573,35.83447399999999],[-78.72277,35.834577],[-78.723202,35.834613999999995],[-78.723549,35.834306],[-78.723841,35.833317999999984],[-78.724074,35.833009999999994],[-78.723521,35.834512],[-78.723232,35.834675999999995],[-78.722528,35.834557999999994],[-78.722513,35.835001999999996],[-78.722469,35.834823],[-78.722007,35.83480699999999],[-78.721877,35.834724],[-78.721862,35.83444999999999]]],[[[-78.724806,35.83357899999999],[-78.724561,35.834095],[-78.723877,35.83465],[-78.723772,35.834934],[-78.723697,35.835029],[-78.723954,35.834413999999995],[-78.724547,35.834002999999996],[-78.724757,35.83357999999999],[-78.724725,35.833439],[-78.724806,35.83357899999999]]],[[[-78.718997,35.83447400000001],[-78.718636,35.834706000000004],[-78.718487,35.834824999999995],[-78.71866400000002,35.834622],[-78.718997,35.83447400000001]]],[[[-78.722151,35.83531099999999],[-78.72189,35.835148],[-78.72187,35.835203],[-78.721843,35.83508200000001],[-78.722151,35.83531099999999]]],[[[-78.718006,35.83497899999999],[-78.717668,35.83510799999999],[-78.717566,35.835029999999996],[-78.717795,35.834838],[-78.718036,35.834911000000005],[-78.718181,35.834794],[-78.718033,35.834553],[-78.718566,35.834394],[-78.71880300000001,35.834426],[-78.718349,35.834722000000006],[-78.718387,35.835352],[-78.718622,35.835779],[-78.718955,35.836031],[-78.719182,35.836479],[-78.719643,35.836766999999995],[-78.719761,35.838079],[-78.719666,35.83769899999999],[-78.719237,35.83762899999999],[-78.719002,35.837433],[-78.718925,35.837262],[-78.719008,35.83717200000002],[-78.718575,35.83675199999999],[-78.718476,35.83613499999999],[-78.717773,35.835653],[-78.717833,35.835482],[-78.718151,35.835515],[-78.718243,35.83532300000002],[-78.718221,35.83514699999999],[-78.718006,35.83497899999999]]],[[[-78.718463,35.834849000000006],[-78.718548,35.835086],[-78.71872,35.834956],[-78.719382,35.83478499999999],[-78.718726,35.83499400000001],[-78.718511,35.83519499999999],[-78.718766,35.835719999999995],[-78.719359,35.836136999999994],[-78.719391,35.836422999999996],[-78.719751,35.836743000000006],[-78.719855,35.83717599999999],[-78.719883,35.837554],[-78.720103,35.83808],[-78.719933,35.838266999999995],[-78.719992,35.838405],[-78.719902,35.83827],[-78.719943,35.83793599999999],[-78.719728,35.836758999999994],[-78.719271,35.836412],[-78.71902,35.835948],[-78.718663,35.835647],[-78.718485,35.835237],[-78.718449,35.835027],[-78.718452,35.834861],[-78.718463,35.834849000000006]]],[[[-78.719922,35.83851],[-78.719802,35.838428],[-78.71979000000002,35.838316],[-78.719922,35.83851]]],[[[-78.71910000000001,35.839375],[-78.718633,35.840151000000006],[-78.718726,35.839678000000006],[-78.719343,35.838832000000004],[-78.719788,35.83857499999999],[-78.719948,35.838585],[-78.71910000000001,35.839375]]],[[[-78.719889,35.838865],[-78.719342,35.83934699999998],[-78.718951,35.84028],[-78.719031,35.840614999999985],[-78.719597,35.841317999999994],[-78.719181,35.8427],[-78.719255,35.84293799999999],[-78.71954,35.84309299999999],[-78.72011,35.843169],[-78.72085,35.84367399999999],[-78.721213,35.84410499999999],[-78.72131,35.844539999999995],[-78.721523,35.844846000000004],[-78.72232,35.845015],[-78.722965,35.84453800000001],[-78.723018,35.844662],[-78.723344,35.844798999999995],[-78.724055,35.844942999999994],[-78.723961,35.845090000000006],[-78.724169,35.845068],[-78.72419,35.84532699999999],[-78.72369000000002,35.845628999999995],[-78.72276,35.84558899999999],[-78.721453,35.845165],[-78.721114,35.84411099999999],[-78.720988,35.844007],[-78.719659,35.843613999999995],[-78.718894,35.843047],[-78.719134,35.842513],[-78.719225,35.841424],[-78.719178,35.84109699999999],[-78.718857,35.840625],[-78.718824,35.840284],[-78.719275,35.83934399999999],[-78.719889,35.838865]]],[[[-78.725442,35.844401000000005],[-78.725755,35.843836],[-78.726004,35.844041],[-78.72693700000002,35.843736],[-78.727274,35.843435],[-78.727558,35.842883],[-78.727555,35.84276],[-78.726698,35.84264699999999],[-78.726435,35.842082],[-78.726495,35.841893],[-78.726673,35.842245999999996],[-78.727535,35.84230999999998],[-78.728434,35.841039999999985],[-78.72809,35.84067100000001],[-78.727449,35.84031499999999],[-78.727425,35.840144],[-78.72767,35.839580000000005],[-78.728217,35.839227],[-78.728237,35.839142],[-78.727969,35.839021],[-78.727783,35.838804999999994],[-78.728044,35.83884299999998],[-78.728185,35.838499999999996],[-78.72848,35.838187999999995],[-78.728361,35.838620000000006],[-78.728511,35.83875200000001],[-78.728511,35.839002],[-78.729093,35.839527],[-78.729637,35.83979099999999],[-78.730099,35.84020499999999],[-78.730382,35.84028],[-78.730689,35.840204],[-78.731473,35.84025],[-78.730719,35.84060299999999],[-78.730525,35.84080000000001],[-78.73049900000001,35.840997],[-78.731087,35.84194899999999],[-78.731433,35.842313],[-78.732132,35.842303],[-78.731861,35.842385000000014],[-78.731678,35.84256299999999],[-78.731688,35.842796],[-78.731919,35.84279200000001],[-78.731745,35.84286099999999],[-78.73170700000001,35.843076999999994],[-78.732126,35.843386],[-78.732551,35.84487300000001],[-78.73283100000002,35.845434000000004],[-78.73318770733829,35.84582735255079],[-78.73317916643325,35.84610089216786],[-78.732651,35.84669099999999],[-78.732521,35.846408],[-78.732482,35.84507099999999],[-78.731882,35.843718],[-78.730725,35.841902],[-78.730108,35.840602],[-78.72979,35.840207],[-78.729449,35.840016],[-78.728836,35.84014199999999],[-78.728539,35.84052500000001],[-78.728694,35.84084],[-78.729366,35.84146799999999],[-78.729398,35.841784],[-78.727933,35.842419],[-78.727011,35.844011],[-78.724614,35.845216],[-78.724637,35.84499499999999],[-78.724866,35.845079],[-78.725442,35.844401000000005]]],[[[-78.718699,35.84312899999999],[-78.718366,35.842521999999995],[-78.718455,35.84231400000001],[-78.7188,35.842007],[-78.718775,35.84173799999999],[-78.718938,35.841399999999986],[-78.718725,35.84064599999999],[-78.718981,35.84108200000001],[-78.719051,35.841872],[-78.719009,35.84241299999999],[-78.718752,35.843056],[-78.719633,35.843686999999996],[-78.72102,35.84420200000001],[-78.72122900000001,35.84505699999999],[-78.720133,35.844753999999995],[-78.718654,35.844782],[-78.717261,35.843793],[-78.716664,35.843681],[-78.716214,35.84378900000001],[-78.71588,35.843985],[-78.715477,35.844837],[-78.715456,35.84521999999999],[-78.715443,35.845277],[-78.715424,35.84531999999999],[-78.71541,35.844831],[-78.715647,35.84411200000001],[-78.715768,35.843864999999994],[-78.716155,35.843676],[-78.716514,35.843617],[-78.717727,35.843797],[-78.718495,35.844181000000006],[-78.71878,35.84421499999999],[-78.719128,35.84411999999999],[-78.719354,35.84380699999999],[-78.719301,35.84364799999999],[-78.718699,35.84312899999999]]],[[[-78.693273,35.84403300000001],[-78.693299,35.843909999999994],[-78.693048,35.843782999999995],[-78.693271,35.84332200000001],[-78.693179,35.843591999999994],[-78.693387,35.843721],[-78.693488,35.844446],[-78.694485,35.84462],[-78.694835,35.84494599999999],[-78.694992,35.84497199999999],[-78.695233,35.845312],[-78.695924,35.845279],[-78.696506,35.845092],[-78.696687,35.844924999999996],[-78.696722,35.84473],[-78.69709000000002,35.84463699999999],[-78.697476,35.84440599999999],[-78.697446,35.843851],[-78.697713,35.84405],[-78.69806,35.843801],[-78.6983,35.843511],[-78.698341,35.84326299999999],[-78.69913100000001,35.842303],[-78.700314,35.841468000000006],[-78.700842,35.840718],[-78.70076,35.840447999999995],[-78.701004,35.840628],[-78.701006,35.840742],[-78.700636,35.841469000000004],[-78.702183,35.84123],[-78.703293,35.84129399999999],[-78.704627,35.841055],[-78.704769,35.840979000000004],[-78.704855,35.840655],[-78.70528,35.840964],[-78.7063,35.84077],[-78.706408,35.840526999999994],[-78.706523,35.840659],[-78.707527,35.84068299999999],[-78.707919,35.840838999999995],[-78.710168,35.842209],[-78.710468,35.841938],[-78.71039100000002,35.842615],[-78.711327,35.84387600000001],[-78.712061,35.844515],[-78.711576,35.844305],[-78.710873,35.84368799999999],[-78.710576,35.84325100000001],[-78.7103,35.842545],[-78.709998,35.842188],[-78.707987,35.84094999999999],[-78.707307,35.840700999999996],[-78.706565,35.840767],[-78.70540800000002,35.841067],[-78.704708,35.841136999999996],[-78.701339,35.841799],[-78.700125,35.841647],[-78.69972900000002,35.84189],[-78.698986,35.842619000000006],[-78.697936,35.84406899999999],[-78.697224,35.844795999999995],[-78.696604,35.84523],[-78.696052,35.84545],[-78.695447,35.845478],[-78.69309,35.844741000000006],[-78.69209,35.844536],[-78.692551,35.844515],[-78.692733,35.844119],[-78.693273,35.84403300000001]]],[[[-78.731815,35.845374],[-78.730547,35.842867],[-78.729819,35.842582],[-78.729006,35.842594],[-78.728592,35.84310899999999],[-78.72847,35.843517],[-78.728513,35.843595],[-78.728977,35.843398],[-78.729033,35.843449],[-78.728697,35.843988],[-78.72769,35.844153000000006],[-78.727263,35.84434000000001],[-78.726663,35.844834999999996],[-78.726253,35.84547799999999],[-78.726476,35.84560199999999],[-78.72686,35.846056999999995],[-78.726975,35.846488],[-78.727267,35.846678],[-78.727619,35.846743],[-78.727659,35.847094000000006],[-78.72818,35.84748600000001],[-78.728003,35.847997],[-78.72832,35.848766999999995],[-78.72833100000001,35.849694],[-78.728492,35.85011899999999],[-78.728293,35.850656],[-78.727684,35.851128],[-78.727908,35.851545],[-78.727908,35.85202999999999],[-78.728163,35.852396000000006],[-78.728196,35.852826],[-78.728427,35.852985000000004],[-78.72912,35.852948999999995],[-78.729384,35.853045],[-78.729392,35.852911999999996],[-78.729617,35.853232],[-78.730333,35.853731999999994],[-78.730919,35.853748],[-78.731584,35.853517999999994],[-78.732169,35.853587],[-78.731966,35.853885000000005],[-78.73222300000002,35.85407599999999],[-78.732427,35.85408799999999],[-78.732155,35.85446399999999],[-78.73236200000001,35.85447299999999],[-78.7325,35.85464699999999],[-78.732373,35.854760000000006],[-78.73243,35.854894],[-78.73205700000001,35.855632],[-78.731897,35.85554299999999],[-78.731857,35.855656],[-78.731942,35.85598399999999],[-78.73225,35.856401999999996],[-78.732475,35.85648],[-78.73357000000001,35.85561099999999],[-78.734025,35.855405999999995],[-78.73395,35.855712],[-78.734081,35.855912],[-78.734599,35.856221],[-78.734916,35.856632000000005],[-78.73560900000001,35.856579],[-78.735969,35.856775999999996],[-78.736072,35.85694599999999],[-78.736013,35.85716899999999],[-78.73647700000001,35.85706299999999],[-78.736758,35.85689599999999],[-78.73753,35.856987],[-78.737947,35.85682200000001],[-78.738474,35.856948],[-78.7386303254786,35.85730020834686],[-78.738137,35.85731199999999],[-78.73782200000001,35.857518999999996],[-78.737153,35.857535000000006],[-78.736448,35.857359],[-78.736231,35.857558],[-78.736016,35.857603999999995],[-78.734981,35.857194],[-78.732778,35.856668],[-78.732248,35.856407000000004],[-78.732069,35.856269000000005],[-78.731864,35.855864],[-78.731793,35.855487],[-78.731918,35.853789000000006],[-78.73175,35.853568],[-78.73080200000001,35.853826],[-78.729089,35.85413399999999],[-78.726865,35.85321799999999],[-78.726402,35.852862],[-78.726506,35.851995],[-78.726742,35.85182100000001],[-78.727024,35.851397],[-78.727,35.85068999999999],[-78.726626,35.850498],[-78.726633,35.850114],[-78.72704,35.849508],[-78.727211,35.849056],[-78.727368,35.848409],[-78.727366,35.84788399999999],[-78.727235,35.847601],[-78.726235,35.84697899999999],[-78.726114,35.84682099999999],[-78.72590500000001,35.84627100000001],[-78.725948,35.84596599999999],[-78.725186,35.845489],[-78.726096,35.84501600000001],[-78.727579,35.84399299999999],[-78.728432,35.842757],[-78.729711,35.84218400000001],[-78.730239,35.84228799999999],[-78.731241,35.843261999999996],[-78.731856,35.84452600000001],[-78.73196,35.845073],[-78.732039,35.84586500000001],[-78.731601,35.845957],[-78.731815,35.845374]]],[[[-78.689977,35.84525000000001],[-78.689371,35.845452999999985],[-78.689111,35.84566600000001],[-78.689024,35.846081000000005],[-78.689046,35.846476],[-78.689434,35.846829],[-78.689802,35.84731699999999],[-78.689632,35.848046999999994],[-78.689919,35.848572999999995],[-78.6896,35.848907999999994],[-78.689512,35.84952],[-78.68959,35.849959],[-78.690034,35.85006899999999],[-78.690014,35.85064],[-78.690594,35.851067],[-78.690833,35.85139600000001],[-78.690713,35.85147499999999],[-78.690806,35.85170699999999],[-78.690729,35.851876],[-78.69101,35.852385000000005],[-78.690902,35.85250800000001],[-78.69092,35.853063],[-78.690662,35.853279],[-78.690675,35.85341799999999],[-78.690791,35.85341799999999],[-78.690847,35.853473],[-78.690674,35.853484999999985],[-78.690339,35.85410000000001],[-78.690076,35.85398],[-78.690336,35.85338],[-78.69032,35.85258400000001],[-78.690556,35.85205299999999],[-78.690441,35.851047],[-78.68896,35.85016799999999],[-78.68864100000002,35.849774],[-78.688668,35.84959],[-78.68899,35.849208],[-78.68946,35.848301],[-78.689568,35.84736199999999],[-78.68942700000001,35.84686899999999],[-78.68812,35.846001],[-78.688611,35.845071999999995],[-78.689216,35.845205],[-78.692076,35.84510999999999],[-78.694699,35.84573900000001],[-78.696232,35.84573799999999],[-78.696866,35.84545599999999],[-78.697809,35.844645],[-78.69943400000001,35.84252299999999],[-78.700049,35.84211],[-78.700453,35.842052],[-78.70134,35.842107999999996],[-78.70711,35.84101499999999],[-78.707916,35.841199],[-78.70969700000002,35.84232000000001],[-78.710005,35.84267799999999],[-78.710586,35.843839],[-78.711339,35.844491],[-78.711404,35.84461400000001],[-78.711297,35.844649],[-78.711338,35.84452],[-78.71078000000001,35.844226],[-78.709906,35.842966000000004],[-78.709581,35.842677],[-78.708755,35.842121],[-78.708306,35.841981],[-78.707753,35.841484],[-78.707474,35.841350999999996],[-78.706844,35.841303],[-78.705933,35.84175700000001],[-78.705796,35.84177799999999],[-78.705654,35.84167899999999],[-78.704617,35.84181],[-78.704305,35.84198000000001],[-78.703918,35.84195700000001],[-78.702917,35.842093999999996],[-78.70282,35.841950999999995],[-78.702718,35.84195199999999],[-78.70235,35.842091],[-78.702031,35.842332999999996],[-78.702159,35.842795],[-78.702012,35.843136],[-78.702067,35.843271],[-78.701983,35.843302],[-78.701585,35.843004],[-78.701421,35.842507999999995],[-78.700784,35.842261],[-78.700331,35.84251299999999],[-78.699951,35.842549999999996],[-78.69936,35.843149999999994],[-78.699353,35.843621999999996],[-78.699065,35.84365900000001],[-78.699122,35.844262],[-78.698944,35.844225],[-78.698505,35.844364],[-78.697863,35.845041],[-78.696664,35.845752999999995],[-78.696701,35.846363],[-78.696277,35.84588600000001],[-78.695192,35.845781],[-78.694726,35.84590599999999],[-78.694319,35.84663300000001],[-78.694281,35.846191],[-78.694425,35.84591600000001],[-78.694203,35.84573900000001],[-78.693083,35.84557699999999],[-78.692107,35.84530800000001],[-78.691258,35.845283],[-78.690539,35.845372],[-78.689977,35.84525000000001]]],[[[-78.702391,35.84350299999999],[-78.70257,35.84342199999999],[-78.702844,35.843834],[-78.702651,35.84442000000001],[-78.702712,35.844798],[-78.702752,35.844889],[-78.703054,35.844937],[-78.703055,35.845034999999996],[-78.702616,35.844911],[-78.702525,35.843666],[-78.702391,35.84350299999999]]],[[[-78.719044,35.845469],[-78.717056,35.84404599999999],[-78.71672,35.843958],[-78.7162,35.84403300000001],[-78.716612,35.843922],[-78.717014,35.84395399999999],[-78.71843,35.844930999999995],[-78.718849,35.84512500000001],[-78.719766,35.845172000000005],[-78.720966,35.845387],[-78.722668,35.84599300000001],[-78.72369200000001,35.845969],[-78.724192,35.845875],[-78.724147,35.845992],[-78.722995,35.846163000000004],[-78.722367,35.845957000000006],[-78.721461,35.845827],[-78.72055,35.84600999999999],[-78.720356,35.84576599999999],[-78.719044,35.845469]]],[[[-78.71319,35.845106],[-78.71481100000001,35.845566000000005],[-78.715137,35.845502],[-78.715416,35.845333999999994],[-78.715081,35.84561600000001],[-78.714619,35.845555999999995],[-78.713604,35.84529499999999],[-78.71268,35.84491500000001],[-78.712547,35.844788],[-78.712689,35.844745],[-78.71319,35.845106]]],[[[-78.712372,35.84509799999999],[-78.713146,35.845361],[-78.714101,35.845626],[-78.713901,35.845637999999994],[-78.713768,35.84577],[-78.713479,35.845666],[-78.713192,35.84542199999999],[-78.712372,35.84509799999999]]],[[[-78.714814,35.845828],[-78.715177,35.84582400000001],[-78.71555,35.84558499999999],[-78.715766,35.84494],[-78.715709,35.845527],[-78.715444,35.845747],[-78.715125,35.845921],[-78.714776,35.845846],[-78.714569,35.84591999999999],[-78.714771,35.845994999999995],[-78.714657,35.846169],[-78.71450600000001,35.846216],[-78.714124,35.846047],[-78.714438,35.845862],[-78.714251,35.845690999999995],[-78.714814,35.845828]]],[[[-78.725332,35.846320999999996],[-78.725353,35.84736099999998],[-78.72520500000002,35.847683],[-78.724885,35.847901],[-78.72447,35.847951],[-78.724482,35.84770799999999],[-78.72469,35.84742099999998],[-78.724479,35.846728999999996],[-78.724569,35.845758999999994],[-78.724839,35.845614999999995],[-78.725332,35.846320999999996]]],[[[-78.724089,35.84811400000001],[-78.72396,35.848347],[-78.723548,35.848261],[-78.723291,35.848341],[-78.723158,35.848576],[-78.723259,35.848765],[-78.723204,35.849049],[-78.722995,35.848603],[-78.72303700000002,35.84836399999999],[-78.723226,35.848261],[-78.724089,35.84811400000001]]],[[[-78.723322,35.850714],[-78.72301,35.850077999999996],[-78.723059,35.849978],[-78.72281,35.849079],[-78.722859,35.848931],[-78.722771,35.848926999999996],[-78.722848,35.84826600000001],[-78.723719,35.84794000000001],[-78.724162,35.847904],[-78.724159,35.847994],[-78.723148,35.848172999999996],[-78.722877,35.848383000000005],[-78.722854,35.84858299999999],[-78.723503,35.85068999999999],[-78.723406,35.850928999999994],[-78.72312700000002,35.851189000000005],[-78.723322,35.850714]]],[[[-78.72612,35.85225899999999],[-78.72636,35.851212],[-78.726092,35.85060299999999],[-78.726242,35.85024099999998],[-78.725712,35.849827],[-78.725474,35.849312],[-78.725206,35.849032],[-78.72529700000001,35.84849],[-78.724975,35.848476999999995],[-78.724591,35.848303],[-78.724536,35.848086],[-78.724866,35.848094],[-78.72537900000002,35.847856],[-78.725526,35.847477],[-78.726067,35.847876],[-78.726208,35.84833900000002],[-78.725821,35.84854099999999],[-78.725773,35.84865599999999],[-78.725894,35.849275],[-78.725686,35.849466],[-78.725695,35.84970099999999],[-78.726004,35.85001799999999],[-78.726445,35.850034],[-78.726195,35.85053799999999],[-78.726274,35.850652999999994],[-78.726659,35.85073799999999],[-78.72679,35.850868],[-78.72672,35.85158399999999],[-78.726251,35.851897],[-78.726259,35.852357999999995],[-78.725895,35.852686999999996],[-78.72612,35.85225899999999]]],[[[-78.723644,35.851196],[-78.723288,35.851800000000004],[-78.723966,35.85202999999999],[-78.723027,35.851918999999995],[-78.722945,35.851799],[-78.72301,35.85160099999999],[-78.723539,35.85103800000001],[-78.723689,35.850699000000006],[-78.723644,35.851196]]],[[[-78.724485,35.852152],[-78.724713,35.852451],[-78.724746,35.85294],[-78.724485,35.852152]]],[[[-78.72649,35.853635],[-78.726235,35.853523],[-78.725983,35.85325599999999],[-78.727769,35.853706],[-78.728508,35.854151],[-78.727818,35.85401099999999],[-78.727528,35.85376999999999],[-78.726977,35.853608999999985],[-78.72649,35.853635]]],[[[-78.724897,35.854015],[-78.72486,35.854418],[-78.724755,35.85446100000001],[-78.724897,35.854015]]],[[[-78.73080200000001,35.854754],[-78.729992,35.85442199999999],[-78.729639,35.85469799999999],[-78.729018,35.854632],[-78.72881000000001,35.854856999999996],[-78.728819,35.85433400000001],[-78.729084,35.85441000000001],[-78.730798,35.853971],[-78.731524,35.85390700000001],[-78.731684,35.85421],[-78.731676,35.854901],[-78.731615,35.854708],[-78.731469,35.854644],[-78.730966,35.854905],[-78.730827,35.854903],[-78.73080200000001,35.854754]]],[[[-78.724442,35.85477100000001],[-78.723815,35.855219999999996],[-78.723514,35.855630999999995],[-78.72347900000001,35.85596199999999],[-78.723718,35.856111000000006],[-78.723761,35.856308000000006],[-78.72302,35.856119],[-78.72300000000001,35.855760999999994],[-78.722701,35.85550999999999],[-78.722696,35.85493799999999],[-78.723212,35.855019000000006],[-78.723664,35.854831000000004],[-78.724442,35.85477100000001]]],[[[-78.725703,35.85686200000001],[-78.7259,35.85653],[-78.72615,35.85649299999999],[-78.726519,35.856816],[-78.726732,35.85715899999999],[-78.726677,35.857715999999996],[-78.726152,35.858093],[-78.726288,35.857832],[-78.725995,35.85767799999999],[-78.725806,35.857225],[-78.72529700000001,35.85694899999999],[-78.725703,35.85686200000001]]],[[[-78.724701,35.860997],[-78.724657,35.860029999999995],[-78.724447,35.85984100000001],[-78.724333,35.85951699999999],[-78.724062,35.859426000000006],[-78.723876,35.85924399999999],[-78.72435,35.85873300000001],[-78.72455800000002,35.858696],[-78.724936,35.85839099999999],[-78.725124,35.858045],[-78.725566,35.857644],[-78.725611,35.85745599999999],[-78.725482,35.85728099999999],[-78.724599,35.856967999999995],[-78.723943,35.856907],[-78.723227,35.85668600000001],[-78.722447,35.856329],[-78.722396,35.856161],[-78.722524,35.85603700000001],[-78.72234500000002,35.855374],[-78.722421,35.85522],[-78.722328,35.855025],[-78.722376,35.85476299999999],[-78.722867,35.854541],[-78.723034,35.854085],[-78.72346,35.85440400000001],[-78.723809,35.854186],[-78.72387,35.854019],[-78.723618,35.853917],[-78.723838,35.85353],[-78.723948,35.853615000000005],[-78.724155,35.85335400000001],[-78.724066,35.85283999999999],[-78.723919,35.852655],[-78.723562,35.852399],[-78.722822,35.852256],[-78.722706,35.852096],[-78.722755,35.851998],[-78.722892,35.852118999999995],[-78.72412600000001,35.852289999999996],[-78.724731,35.85348],[-78.724607,35.854290999999996],[-78.724436,35.854537],[-78.723566,35.854615],[-78.723121,35.85480100000001],[-78.722754,35.854691],[-78.722463,35.854771],[-78.722438,35.855640999999984],[-78.722673,35.855792],[-78.72271,35.85619900000001],[-78.724125,35.85661],[-78.72489,35.85706],[-78.72552,35.857268999999995],[-78.72593,35.857896],[-78.72511900000002,35.858913],[-78.724772,35.85980500000001],[-78.724745,35.861142],[-78.72462,35.861573],[-78.724757,35.861699],[-78.725417,35.861814],[-78.725197,35.862099999999984],[-78.725176,35.862726],[-78.725049,35.862965],[-78.725139,35.86419300000001],[-78.724862,35.864609],[-78.724692,35.86517299999999],[-78.724022,35.865413],[-78.72356,35.86578899999999],[-78.723385,35.866051000000006],[-78.723215,35.86672200000002],[-78.723357,35.86741599999999],[-78.72357,35.867619],[-78.723133,35.86805999999999],[-78.723272,35.86854],[-78.723187,35.868824000000004],[-78.72308200000002,35.86808899999999],[-78.723328,35.867644999999996],[-78.723175,35.866770999999986],[-78.723225,35.86623900000001],[-78.723623,35.86560999999999],[-78.724627,35.864895],[-78.724879,35.863966],[-78.724887,35.863316],[-78.725081,35.86275799999999],[-78.725101,35.86221],[-78.724584,35.861554],[-78.724701,35.860997]]],[[[-78.725346,35.859336],[-78.725026,35.860089],[-78.725085,35.860591],[-78.724983,35.860995],[-78.725179,35.861298999999995],[-78.726059,35.861817],[-78.726456,35.86183100000001],[-78.726906,35.862258999999995],[-78.727264,35.862403],[-78.72772,35.86287],[-78.727911,35.86290199999999],[-78.72803,35.863057000000005],[-78.728974,35.863516999999995],[-78.72945700000001,35.863934],[-78.729771,35.864091],[-78.729948,35.86407299999999],[-78.730151,35.86433999999999],[-78.729503,35.864090999999995],[-78.72864,35.863456000000006],[-78.727958,35.86308499999999],[-78.727711,35.863057],[-78.727351,35.862775],[-78.726603,35.862658],[-78.726401,35.862166],[-78.72558,35.86168200000001],[-78.724942,35.861515],[-78.724978,35.860007],[-78.725346,35.859336]]],[[[-78.730614,35.86768],[-78.730268,35.867301999999995],[-78.730001,35.8672],[-78.730437,35.86718200000001],[-78.730393,35.86712899999999],[-78.73057900000002,35.86693899999999],[-78.730537,35.86684199999999],[-78.730212,35.866825999999996],[-78.730189,35.86669599999998],[-78.730386,35.866509],[-78.73078,35.86643300000001],[-78.730695,35.86576399999999],[-78.730324,35.865194],[-78.729974,35.86509399999999],[-78.729683,35.864768999999995],[-78.729134,35.864453],[-78.728963,35.864253],[-78.728678,35.864259000000004],[-78.728416,35.86400199999999],[-78.728153,35.863901000000006],[-78.727209,35.863035999999994],[-78.727002,35.86291799999999],[-78.726836,35.862901],[-78.726636,35.862807],[-78.727301,35.862931],[-78.72748,35.86311200000001],[-78.728491,35.86357900000001],[-78.729693,35.864432],[-78.730199,35.864578],[-78.730746,35.864915999999994],[-78.73114600000001,35.864956],[-78.731289,35.865078],[-78.731287,35.865611],[-78.731078,35.86642599999999],[-78.731193,35.86745],[-78.730577,35.867181],[-78.730459,35.86736],[-78.730842,35.867690999999986],[-78.730614,35.86768]]],[[[-78.731298,35.866235],[-78.731538,35.866488],[-78.73123600000001,35.86665200000001],[-78.731198,35.866366],[-78.731298,35.866235]]],[[[-78.697613,35.864732000000004],[-78.698499,35.86618800000001],[-78.69904700000001,35.866596],[-78.699048,35.866823],[-78.698408,35.866110000000006],[-78.697705,35.865067],[-78.697589,35.864725],[-78.69752,35.863424],[-78.696696,35.863165],[-78.696416,35.862747000000006],[-78.696028,35.86257200000001],[-78.695976,35.86249999999999],[-78.69574,35.862021],[-78.695743,35.861468],[-78.695421,35.860869],[-78.695536,35.859714999999994],[-78.695757,35.858808],[-78.695749,35.858067],[-78.69555,35.85789799999999],[-78.695211,35.857473],[-78.695208,35.857462999999996],[-78.695591,35.85788499999999],[-78.695876,35.858017],[-78.695851,35.858312],[-78.69640000000001,35.85853],[-78.696255,35.859046],[-78.695687,35.859495],[-78.695539,35.85980500000001],[-78.69548700000001,35.860943],[-78.695749,35.86114899999998],[-78.695918,35.861482],[-78.695772,35.86207],[-78.696053,35.862448],[-78.695971,35.862455],[-78.69601300000001,35.862517],[-78.697103,35.862949],[-78.697291,35.863187],[-78.69754,35.863227],[-78.697759,35.863099],[-78.697989,35.86310099999999],[-78.697924,35.863919],[-78.697657,35.864303],[-78.697735,35.864463],[-78.697613,35.864732000000004]]],[[[-78.722977,35.87008599999999],[-78.72338,35.868603],[-78.723217,35.86809],[-78.723693,35.86768899999999],[-78.723665,35.867527],[-78.723457,35.867394],[-78.723346,35.86651700000001],[-78.723498,35.866037000000006],[-78.72373,35.865745999999994],[-78.724292,35.86537599999999],[-78.724759,35.86525499999999],[-78.724928,35.864743999999995],[-78.725199,35.86433999999999],[-78.725266,35.863544],[-78.725102,35.86306600000001],[-78.725258,35.86277799999999],[-78.725275,35.86213999999999],[-78.725548,35.861831999999985],[-78.726142,35.862247],[-78.726347,35.862287999999985],[-78.726391,35.862553],[-78.726062,35.862313],[-78.725552,35.86241100000001],[-78.72537900000002,35.863013],[-78.725313,35.86426699999999],[-78.725072,35.864742],[-78.724923,35.86485],[-78.72477900000001,35.865282],[-78.724281,35.865479999999984],[-78.723724,35.866158],[-78.723523,35.866899999999994],[-78.723641,35.867416999999996],[-78.723808,35.867764],[-78.723973,35.867869000000006],[-78.723446,35.868524],[-78.723287,35.868969],[-78.723153,35.869755000000005],[-78.723245,35.86983],[-78.723062,35.869989000000004],[-78.723148,35.870322],[-78.72331,35.87050399999998],[-78.723142,35.870638],[-78.722896,35.870606000000016],[-78.722666,35.870947],[-78.721689,35.871223],[-78.722726,35.870501],[-78.722929,35.870174],[-78.72282400000002,35.870090000000005],[-78.722634,35.870346],[-78.721751,35.870909000000005],[-78.721523,35.87123799999999],[-78.721483,35.87091],[-78.721741,35.870703],[-78.721854,35.870324],[-78.721989,35.870573],[-78.722131,35.870582],[-78.722417,35.870402999999996],[-78.722448,35.870161],[-78.722621,35.870035],[-78.722889,35.870002],[-78.722977,35.87008599999999]]],[[[-78.699646,35.86826800000001],[-78.69926000000001,35.868869999999994],[-78.699148,35.868794],[-78.699189,35.868553],[-78.699312,35.86822399999999],[-78.699552,35.867998],[-78.699506,35.867801],[-78.698979,35.86760999999999],[-78.698614,35.867033],[-78.697632,35.866258],[-78.697748,35.86618299999999],[-78.69815,35.866434],[-78.697729,35.865635],[-78.697502,35.86543100000001],[-78.697439,35.865504],[-78.697599,35.865936],[-78.697474,35.866041],[-78.69736,35.86593899999999],[-78.697009,35.864888999999984],[-78.697186,35.86457999999999],[-78.697172,35.86436199999999],[-78.696922,35.863908],[-78.69631600000001,35.863624],[-78.695651,35.863887999999996],[-78.695031,35.864522],[-78.695195,35.864327],[-78.695242,35.86404799999999],[-78.695011,35.863177],[-78.695249,35.86310499999998],[-78.695291,35.863009999999996],[-78.694807,35.862551],[-78.694631,35.86256600000001],[-78.694522,35.862297000000005],[-78.694956,35.86210399999999],[-78.695151,35.862184],[-78.695202,35.86206],[-78.69535800000001,35.86209399999999],[-78.69531900000001,35.861825],[-78.69468,35.86153100000001],[-78.694463,35.861319000000016],[-78.694448,35.861183],[-78.694271,35.861259],[-78.694259,35.861396],[-78.694153,35.861258],[-78.694503,35.86109900000001],[-78.694558,35.860917],[-78.694438,35.860074999999995],[-78.69456,35.859967999999995],[-78.694558,35.859687],[-78.694437,35.859512],[-78.69437,35.859535],[-78.694226,35.85832299999999],[-78.694002,35.858205],[-78.693917,35.85803499999999],[-78.693905,35.857619],[-78.693688,35.857082],[-78.693354,35.856762999999994],[-78.693236,35.856785],[-78.693253,35.85692699999999],[-78.692898,35.85695199999999],[-78.69297500000002,35.85672499999999],[-78.692695,35.856767],[-78.692437,35.85669300000001],[-78.691479,35.856885],[-78.690982,35.856859],[-78.690538,35.856576999999994],[-78.690139,35.856131],[-78.689784,35.855913],[-78.689671,35.855973000000006],[-78.689667,35.85575599999999],[-78.689247,35.855115999999995],[-78.689195,35.85482799999999],[-78.689222,35.854417],[-78.689559,35.854043],[-78.689805,35.85407699999999],[-78.689706,35.85440800000001],[-78.689749,35.85466],[-78.690471,35.856477000000005],[-78.690862,35.85673],[-78.691358,35.856793999999994],[-78.692465,35.856615],[-78.693376,35.856575],[-78.693584,35.85664799999999],[-78.694238,35.857451],[-78.694818,35.858336999999985],[-78.695083,35.85904000000001],[-78.695136,35.859513],[-78.695042,35.860324000000006],[-78.69485,35.860887000000005],[-78.695176,35.86166],[-78.69532,35.861796],[-78.695369,35.86199499999999],[-78.695363,35.86235599999999],[-78.695566,35.86290399999999],[-78.695864,35.863208],[-78.696212,35.863395000000004],[-78.697153,35.86371199999999],[-78.697563,35.86524399999999],[-78.698244,35.866215],[-78.699637,35.867668],[-78.699646,35.86826800000001]]],[[[-78.73077,35.867797],[-78.731187,35.86775699999999],[-78.731248,35.868238],[-78.731648,35.868807],[-78.731809,35.86935],[-78.731993,35.86961],[-78.731643,35.869916],[-78.731544,35.86983899999999],[-78.731654,35.869581],[-78.731415,35.869323],[-78.731039,35.86898699999999],[-78.730834,35.86897900000001],[-78.73067,35.868790000000004],[-78.730517,35.868756],[-78.73077,35.867797]]],[[[-78.699828,35.86862],[-78.699899,35.867655000000006],[-78.700148,35.867785],[-78.700212,35.868224],[-78.700109,35.868631],[-78.69982100000001,35.868773999999995],[-78.69973,35.86899300000001],[-78.699998,35.86921399999999],[-78.700059,35.869336999999994],[-78.700175,35.86940699999999],[-78.700368,35.869644],[-78.699237,35.868999999999986],[-78.699828,35.86862]]],[[[-78.698068,35.86961600000001],[-78.697934,35.870273],[-78.698037,35.87037800000002],[-78.698456,35.870439999999995],[-78.69853,35.870872999999996],[-78.698197,35.87100999999999],[-78.698233,35.871160999999994],[-78.697781,35.871234],[-78.697892,35.870908],[-78.698049,35.870782000000005],[-78.697846,35.87027199999999],[-78.697837,35.869913000000004],[-78.697944,35.86968199999998],[-78.698323,35.86933100000001],[-78.698385,35.86937700000001],[-78.698068,35.86961600000001]]],[[[-78.698436,35.869428],[-78.698477,35.869654],[-78.698301,35.87013400000001],[-78.698897,35.870309],[-78.698887,35.870783],[-78.698355,35.871291],[-78.69826100000002,35.871528999999995],[-78.697088,35.871657],[-78.697142,35.871489999999994],[-78.697325,35.871401999999996],[-78.697732,35.8713],[-78.698244,35.871303],[-78.698378,35.871164],[-78.698324,35.871024],[-78.698619,35.87094299999999],[-78.69856800000001,35.870603],[-78.698752,35.870461],[-78.698741,35.87035500000002],[-78.698111,35.870309999999996],[-78.698027,35.870205],[-78.698093,35.86974999999999],[-78.698436,35.869428]]],[[[-78.721516,35.871578],[-78.722032,35.871365],[-78.72158,35.87192499999998],[-78.72139300000002,35.872614],[-78.721153,35.872838999999985],[-78.720892,35.872930999999994],[-78.721516,35.871578]]],[[[-78.720552,35.872532],[-78.720232,35.872278],[-78.720021,35.87226900000001],[-78.720538,35.871943],[-78.720929,35.87181699999999],[-78.721154,35.87168699999999],[-78.721388,35.8716],[-78.72084,35.872313999999996],[-78.720809,35.872916000000004],[-78.720552,35.87292399999999],[-78.720552,35.872532]]],[[[-78.697079,35.87203199999999],[-78.69730300000002,35.872159999999994],[-78.697269,35.872233],[-78.697098,35.872235],[-78.697079,35.87203199999999]]],[[[-78.696904,35.87223300000001],[-78.696959,35.872035],[-78.696977,35.87223399999999],[-78.696904,35.87223300000001]]],[[[-78.720893,35.873273],[-78.721339,35.873451],[-78.721481,35.873737999999996],[-78.721417,35.87390999999999],[-78.7213,35.873914000000006],[-78.721027,35.87367100000001],[-78.72078500000002,35.87369300000002],[-78.720958,35.873508999999984],[-78.720893,35.873273]]],[[[-78.719473,35.874698],[-78.719741,35.874995],[-78.719792,35.874863999999995],[-78.719934,35.874860000000005],[-78.719715,35.874078],[-78.719827,35.87366599999999],[-78.7207,35.87325500000001],[-78.720049,35.873646],[-78.719826,35.873918999999994],[-78.719788,35.874245],[-78.719968,35.874871],[-78.720125,35.875045],[-78.720032,35.875223],[-78.720073,35.87511500000001],[-78.71989,35.87489599999999],[-78.719823,35.87492],[-78.719743,35.875001],[-78.719713,35.875004999999994],[-78.719473,35.874698]]],[[[-78.718683,35.878117],[-78.718426,35.87838],[-78.718449,35.87867200000001],[-78.718637,35.878939],[-78.719057,35.879169],[-78.71856,35.879025999999996],[-78.718319,35.878512],[-78.718647,35.877925],[-78.718683,35.878117]]],[[[-78.719989,35.879084999999996],[-78.720972,35.87945899999999],[-78.721012,35.879605999999995],[-78.72126400000002,35.87971499999999],[-78.721513,35.880034],[-78.721843,35.880070999999994],[-78.722169,35.880246],[-78.72235500000001,35.880488],[-78.722224,35.88075299999999],[-78.722008,35.880183],[-78.721315,35.880045],[-78.720592,35.879591999999995],[-78.719982,35.879459],[-78.719618,35.879256000000005],[-78.719989,35.879084999999996]]],[[[-78.717929,35.878088999999996],[-78.717575,35.877714000000005],[-78.717302,35.87768499999999],[-78.717202,35.877781999999996],[-78.717181,35.87770400000001],[-78.71652,35.877715],[-78.717631,35.877611],[-78.71802,35.87777299999999],[-78.718423,35.877528],[-78.718371,35.877984999999995],[-78.718131,35.878456],[-78.71819,35.878778999999994],[-78.718411,35.87913700000001],[-78.719205,35.87943099999999],[-78.72037,35.87968699999999],[-78.720946,35.880125],[-78.721732,35.88037700000001],[-78.721965,35.881052],[-78.722298,35.881626],[-78.721676,35.882510999999994],[-78.721593,35.88230600000001],[-78.721957,35.88192400000001],[-78.722041,35.88161],[-78.722016,35.881522999999994],[-78.721659,35.881385],[-78.721458,35.880714000000005],[-78.72119,35.880624999999995],[-78.720958,35.880174000000004],[-78.720322,35.879798],[-78.720141,35.87983100000001],[-78.719946,35.880055999999996],[-78.719678,35.880016],[-78.719378,35.87965599999998],[-78.718577,35.87942],[-78.718456,35.879456999999995],[-78.718246,35.87910600000001],[-78.717762,35.878744],[-78.717929,35.878088999999996]]],[[[-78.722399,35.882020999999995],[-78.722131,35.882248],[-78.722124,35.882522],[-78.72228,35.882599999999975],[-78.722158,35.88281099999999],[-78.722182,35.883357999999994],[-78.722099,35.882999000000005],[-78.721902,35.882812],[-78.721942,35.882397],[-78.722466,35.881749],[-78.722399,35.882020999999995]]],[[[-78.721818,35.883539],[-78.721479,35.882916],[-78.721558,35.882579],[-78.721669,35.882522],[-78.721583,35.882845999999994],[-78.722045,35.88358899999999],[-78.721818,35.883539]]],[[[-78.721286,35.88658699999999],[-78.721554,35.88594499999999],[-78.721833,35.885684000000005],[-78.721848,35.885186],[-78.721722,35.88496200000001],[-78.721765,35.884649],[-78.721993,35.884385],[-78.721967,35.884559],[-78.721794,35.88468199999999],[-78.721992,35.88541],[-78.721864,35.88587299999999],[-78.721739,35.88597699999999],[-78.721766,35.886596000000004],[-78.721286,35.88658699999999]]],[[[-78.721648,35.884668000000005],[-78.721757,35.885185],[-78.721701,35.88569100000001],[-78.72134,35.88602],[-78.721199,35.88656399999999],[-78.720999,35.886539],[-78.720704,35.886328],[-78.720813,35.886359999999996],[-78.720951,35.88624500000001],[-78.721102,35.886359],[-78.721233,35.886343],[-78.72124,35.88608],[-78.721623,35.885525],[-78.721572,35.88498800000001],[-78.721648,35.884668000000005]]],[[[-78.721147,35.886993],[-78.721748,35.887115],[-78.721707,35.887449],[-78.721433,35.88805599999999],[-78.721602,35.888929],[-78.722351,35.889304],[-78.72296300000001,35.889374999999994],[-78.722931,35.889495],[-78.721532,35.889061],[-78.721248,35.888146],[-78.721101,35.887134],[-78.721147,35.886993]]],[[[-78.721013,35.888166],[-78.721546,35.88921500000001],[-78.722866,35.889587],[-78.722815,35.88967100000001],[-78.722731,35.88957099999999],[-78.721925,35.88942199999999],[-78.721433,35.88985400000001],[-78.721453,35.889609],[-78.721166,35.889512],[-78.721188,35.889419],[-78.721347,35.88938699999999],[-78.72133,35.88915999999999],[-78.72074800000001,35.887665000000005],[-78.720792,35.887187],[-78.720979,35.886971],[-78.721081,35.886978000000006],[-78.72094,35.88713400000001],[-78.720893,35.887589],[-78.721013,35.888166]]],[[[-78.709691,35.91440399999999],[-78.709279,35.914486999999994],[-78.709568,35.914189],[-78.709686,35.913804],[-78.710261,35.913461999999996],[-78.710969,35.913315999999995],[-78.711012,35.913398],[-78.7102,35.913844],[-78.709691,35.91440399999999]]],[[[-78.711297,35.913943],[-78.710895,35.91408299999999],[-78.710021,35.914336],[-78.711204,35.913765],[-78.711297,35.913943]]],[[[-78.708191,35.915958999999994],[-78.708377,35.91561500000001],[-78.708316,35.915421],[-78.708434,35.915423],[-78.708586,35.915494],[-78.7081592533375,35.91609472367044],[-78.7080044265159,35.916083111917814],[-78.708191,35.915958999999994]]],[[[-78.708687,35.91560399999999],[-78.708754,35.91593799999999],[-78.70900703278936,35.91611256083847],[-78.70840774594564,35.91610408020761],[-78.708687,35.91560399999999]]],[[[-78.694029,35.76429000000001],[-78.694308,35.76433899999999],[-78.694262,35.765092999999986],[-78.694414,35.765127],[-78.694737,35.76444599999999],[-78.695175,35.763979],[-78.69633,35.763559],[-78.69652900000001,35.76290500000001],[-78.696652,35.762909],[-78.697312,35.761495000000004],[-78.69756900000002,35.76115300000001],[-78.697985,35.76082400000001],[-78.698017,35.76063099999999],[-78.698341,35.760437],[-78.698309,35.760247],[-78.698404,35.760404],[-78.698709,35.760297],[-78.699494,35.760479],[-78.699878,35.760470999999995],[-78.699983,35.760564],[-78.70012600000001,35.76053999999999],[-78.700076,35.76069400000001],[-78.700613,35.760803],[-78.701166,35.76072200000001],[-78.701626,35.761186],[-78.701986,35.76131199999999],[-78.702068,35.761447],[-78.70283,35.76171800000001],[-78.701115,35.76113799999999],[-78.699504,35.760823],[-78.698337,35.760923999999996],[-78.697769,35.761435],[-78.697418,35.76217],[-78.696624,35.763093],[-78.696339,35.763588],[-78.695801,35.764289000000005],[-78.695095,35.764766],[-78.694629,35.76529599999999],[-78.69436,35.765254],[-78.694111,35.76508100000001],[-78.693115,35.765447],[-78.692696,35.76571099999999],[-78.692584,35.7659],[-78.692686,35.76565299999999],[-78.69279,35.765581],[-78.692844,35.765249],[-78.692662,35.76474899999999],[-78.692998,35.764738],[-78.693211,35.764519],[-78.693508,35.764405],[-78.693804,35.764416],[-78.694029,35.76429000000001]]],[[[-78.696957,35.76490899999999],[-78.698113,35.76250300000001],[-78.698992,35.761531],[-78.700401,35.761326999999994],[-78.703446,35.76204100000001],[-78.702876,35.762094],[-78.70211800000001,35.761874],[-78.701786,35.76190299999999],[-78.701594,35.76165999999999],[-78.701199,35.76161499999999],[-78.700937,35.76148299999999],[-78.699715,35.761794],[-78.699296,35.76179299999999],[-78.699593,35.762084],[-78.699415,35.76213],[-78.699086,35.76198],[-78.698517,35.7622],[-78.698476,35.76238],[-78.698177,35.762605],[-78.69842,35.763537],[-78.6983,35.763720000000006],[-78.697936,35.76379],[-78.69794,35.76387399999999],[-78.698255,35.763932],[-78.698713,35.764196],[-78.698458,35.764123000000005],[-78.69841,35.764205000000004],[-78.698102,35.763965],[-78.697838,35.764008],[-78.697771,35.76411100000001],[-78.69804000000002,35.764147000000015],[-78.69812,35.764239],[-78.698029,35.764377],[-78.697241,35.76466599999999],[-78.696539,35.76561],[-78.696274,35.765693999999996],[-78.695771,35.765523],[-78.696127,35.76557],[-78.696438,35.765488999999995],[-78.696957,35.76490899999999]]],[[[-78.695689,35.76552299999999],[-78.69527,35.765735],[-78.695094,35.76570699999999],[-78.694737,35.765823],[-78.694819,35.765885999999995],[-78.69475800000001,35.766075],[-78.69459,35.766116],[-78.694248,35.76584199999999],[-78.694573,35.76604999999999],[-78.694726,35.76581999999999],[-78.695689,35.76552299999999]]],[[[-78.694096,35.766051999999995],[-78.693634,35.766115],[-78.693358,35.766374],[-78.69327,35.766670000000005],[-78.693387,35.76665899999999],[-78.693488,35.76706399999999],[-78.693196,35.767055000000006],[-78.692853,35.76754300000001],[-78.692384,35.76770599999999],[-78.692876,35.76744],[-78.693192,35.76626099999999],[-78.694035,35.765834000000005],[-78.694248,35.76584199999999],[-78.694096,35.766051999999995]]],[[[-78.688732,35.769150999999994],[-78.689001,35.769006],[-78.689081,35.768648],[-78.68938200000001,35.76817899999999],[-78.689765,35.767871],[-78.690555,35.767335],[-78.690663,35.76764299999999],[-78.690801,35.767553],[-78.690945,35.76679800000001],[-78.691186,35.766479999999994],[-78.691515,35.766338],[-78.691541,35.766089],[-78.691855,35.765985],[-78.692547,35.765952],[-78.692216,35.76641200000001],[-78.691191,35.76733],[-78.69092,35.767784],[-78.689905,35.768308],[-78.688985,35.769051],[-78.688694,35.769175999999995],[-78.68844,35.76907200000001],[-78.687849,35.768298],[-78.687583,35.767554],[-78.687481,35.766570999999985],[-78.687142,35.76631],[-78.686442,35.766291],[-78.686188,35.766163999999996],[-78.686082,35.76580400000001],[-78.685618,35.765077],[-78.685174,35.76473],[-78.684512,35.76389199999999],[-78.684011,35.763626],[-78.683808,35.763228],[-78.68349,35.762992000000004],[-78.682621,35.762950000000004],[-78.682358,35.763191],[-78.682018,35.763248],[-78.68154100000001,35.762797],[-78.681145,35.762629000000004],[-78.680891,35.76264],[-78.680351,35.763272],[-78.679508,35.763639],[-78.678242,35.765451],[-78.678001,35.76547899999999],[-78.67733200000002,35.76489300000001],[-78.67719,35.764892],[-78.67702900000002,35.765050999999985],[-78.67720300000002,35.76483599999999],[-78.677428,35.76480600000001],[-78.677651,35.76486499999999],[-78.677792,35.765159],[-78.678095,35.765263999999995],[-78.678264,35.765133],[-78.678703,35.76437800000001],[-78.678927,35.76429100000001],[-78.679151,35.763871],[-78.679505,35.763501000000005],[-78.680272,35.763171],[-78.680682,35.76256999999999],[-78.680987,35.762373000000004],[-78.681226,35.762420000000006],[-78.681674,35.762696000000005],[-78.681847,35.763023999999994],[-78.682086,35.76317199999999],[-78.682286,35.763137],[-78.682847,35.762653],[-78.683652,35.762938],[-78.684204,35.76325999999999],[-78.684541,35.763096999999995],[-78.684716,35.76347799999999],[-78.684897,35.763529],[-78.68569,35.763031],[-78.685253,35.763611],[-78.685199,35.764413],[-78.685476,35.764774],[-78.685739,35.76471899999999],[-78.686072,35.76439200000001],[-78.68624,35.764522],[-78.686035,35.76447499999999],[-78.685902,35.764999],[-78.686347,35.765332],[-78.686614,35.76532400000001],[-78.686392,35.76545600000001],[-78.68644,35.76620599999999],[-78.687198,35.76595599999999],[-78.687421,35.76596399999999],[-78.687759,35.766228],[-78.688089,35.766684],[-78.688115,35.76703100000001],[-78.688318,35.767482],[-78.688149,35.767923],[-78.688238,35.768203],[-78.68865,35.768695999999984],[-78.688549,35.769109],[-78.688732,35.769150999999994]]],[[[-78.690065,35.769451000000004],[-78.69042200000001,35.76907799999999],[-78.690791,35.76847899999999],[-78.69109,35.768286999999994],[-78.691656,35.768157],[-78.691912,35.767962],[-78.691618,35.768237],[-78.691342,35.76839499999999],[-78.691416,35.768857],[-78.691349,35.768886],[-78.691146,35.768685],[-78.691006,35.768787999999994],[-78.691124,35.769055],[-78.691,35.769152999999996],[-78.691115,35.769306],[-78.690715,35.769661],[-78.690747,35.769916999999985],[-78.690354,35.76991699999999],[-78.690203,35.770073999999994],[-78.69034,35.770109999999995],[-78.690312,35.770377],[-78.69044,35.77073899999999],[-78.690299,35.771158],[-78.690379,35.771848],[-78.690485,35.772023999999995],[-78.69033000000002,35.77187099999999],[-78.690158,35.770875],[-78.689993,35.770787000000006],[-78.689646,35.7708],[-78.689218,35.770498],[-78.688812,35.77038600000001],[-78.688282,35.770351999999995],[-78.687229,35.77047300000001],[-78.68759900000002,35.77025299999999],[-78.687488,35.77013800000001],[-78.687107,35.770218],[-78.686857,35.770051],[-78.686322,35.769913],[-78.68591200000002,35.770160000000004],[-78.686017,35.769457],[-78.685809,35.769247],[-78.685431,35.7691],[-78.685381,35.76883999999998],[-78.685194,35.76860800000001],[-78.68477,35.76842200000001],[-78.684374,35.768418999999994],[-78.683677,35.767622],[-78.683494,35.767627999999995],[-78.683319,35.767855000000004],[-78.682498,35.767729],[-78.682297,35.767542],[-78.681716,35.767796000000004],[-78.681124,35.767788],[-78.680966,35.767925],[-78.681094,35.768104],[-78.68080000000002,35.76831399999999],[-78.680901,35.76830600000001],[-78.680951,35.768492],[-78.680338,35.769357],[-78.680287,35.77001],[-78.680082,35.770244],[-78.680048,35.770541999999985],[-78.679717,35.76977099999999],[-78.679809,35.768998999999994],[-78.679945,35.768514999999994],[-78.680076,35.768367999999995],[-78.680361,35.768335],[-78.680277,35.76821199999999],[-78.680385,35.76811799999999],[-78.680832,35.768022],[-78.680774,35.76784],[-78.680433,35.767939000000005],[-78.678238,35.76780599999999],[-78.677875,35.767595],[-78.677752,35.766821],[-78.676798,35.76662499999999],[-78.676682,35.766486],[-78.676567,35.766029],[-78.676604,35.765637000000005],[-78.676785,35.76538399999999],[-78.676614,35.765795999999995],[-78.676722,35.76635999999999],[-78.67688,35.766476999999995],[-78.677819,35.766721],[-78.678094,35.767079],[-78.678198,35.76752299999998],[-78.678565,35.767674],[-78.679271,35.767717999999995],[-78.679618,35.767573999999996],[-78.679706,35.766749999999995],[-78.680046,35.766751],[-78.68021,35.766279000000004],[-78.680471,35.76641200000001],[-78.680498,35.766845],[-78.680702,35.767141],[-78.68149400000001,35.767126],[-78.681658,35.767005],[-78.681766,35.766664999999996],[-78.681719,35.766099999999994],[-78.681924,35.766112],[-78.682275,35.766644],[-78.682868,35.766928],[-78.683619,35.766664],[-78.684615,35.766827],[-78.685123,35.767337000000005],[-78.685389,35.76792],[-78.686818,35.769575],[-78.687439,35.76993999999999],[-78.688054,35.770149],[-78.688874,35.77013399999999],[-78.690065,35.769451000000004]]],[[[-78.685882,35.78981199999999],[-78.68597,35.789799],[-78.686049,35.78984499999999],[-78.685882,35.78981199999999]]],[[[-78.686151,35.789893],[-78.686389,35.79001000000001],[-78.6864,35.79002],[-78.686151,35.789893]]],[[[-78.686094,35.790217000000005],[-78.68581,35.79009099999998],[-78.685862,35.789944],[-78.686094,35.790217000000005]]],[[[-78.68655,35.79014800000001],[-78.686732,35.790215999999994],[-78.686809,35.79007699999999],[-78.686726,35.790262999999996],[-78.686608,35.79020499999999],[-78.68655,35.79014800000001]]],[[[-78.686966,35.790319999999994],[-78.686841,35.790322],[-78.686759,35.79029799999999],[-78.68673,35.79026700000001],[-78.686966,35.790319999999994]]],[[[-78.686511,35.790254000000004],[-78.686545,35.79035799999998],[-78.686446,35.790391],[-78.686184,35.790326],[-78.686145,35.79025299999999],[-78.686279,35.790323],[-78.686511,35.790254000000004]]],[[[-78.687208,35.790319],[-78.687307,35.790437],[-78.687447,35.790558000000004],[-78.687087,35.790334],[-78.687208,35.790319]]],[[[-78.687151,35.790459999999996],[-78.687496,35.79070399999999],[-78.68756400000001,35.79084399999999],[-78.687162,35.790478],[-78.686891,35.790476],[-78.686577,35.79023900000001],[-78.686817,35.790391],[-78.687151,35.790459999999996]]],[[[-78.68786,35.79118399999999],[-78.687731,35.79091199999998],[-78.687579,35.790837999999994],[-78.687726,35.790896],[-78.68786,35.79118399999999]]],[[[-78.688177,35.791793999999996],[-78.688541,35.79200199999999],[-78.688573,35.79234999999999],[-78.688509,35.792078],[-78.688212,35.791997],[-78.688151,35.791842999999986],[-78.687933,35.791715],[-78.687841,35.791438],[-78.68790400000002,35.791292999999996],[-78.688177,35.791793999999996]]],[[[-78.687638,35.790653],[-78.688115,35.791265],[-78.688394,35.79133],[-78.68847,35.791595],[-78.688748,35.791779],[-78.688969,35.79180100000001],[-78.689066,35.792064999999994],[-78.688587,35.79214600000001],[-78.688751,35.792499],[-78.689056,35.79268600000001],[-78.689107,35.79288299999999],[-78.68928,35.792928],[-78.689414,35.793093],[-78.689263,35.792945999999986],[-78.689062,35.792903999999986],[-78.688765,35.79261],[-78.688588,35.792174],[-78.68858,35.792092999999994],[-78.688698,35.791977],[-78.688674,35.791832],[-78.688103,35.791275],[-78.687723,35.790766],[-78.687453,35.790562],[-78.687638,35.790653]]],[[[-78.688644,35.792561],[-78.688621,35.79252399999999],[-78.688576,35.792354999999986],[-78.688644,35.792561]]],[[[-78.689529,35.793118],[-78.689497,35.79316200000001],[-78.689432,35.79311],[-78.689529,35.793118]]],[[[-78.689592,35.79345899999999],[-78.689526,35.793348],[-78.689287,35.79337099999999],[-78.689326,35.7932],[-78.689669,35.793433],[-78.689866,35.79369199999999],[-78.6895,35.793518],[-78.689592,35.79345899999999]]],[[[-78.690105,35.79422199999999],[-78.690413,35.794937999999995],[-78.689889,35.79488899999999],[-78.689966,35.794826],[-78.689885,35.794794],[-78.689792,35.794214],[-78.689342,35.79362],[-78.689872,35.79377300000001],[-78.689871,35.793980999999995],[-78.690105,35.79422199999999]]],[[[-78.694962,35.806944999999985],[-78.695178,35.806779999999996],[-78.695505,35.806852],[-78.695392,35.806946],[-78.695651,35.807038999999996],[-78.695261,35.80691499999998],[-78.694962,35.806944999999985]]],[[[-78.695651,35.807038999999996],[-78.69581,35.806921],[-78.695904,35.80701],[-78.696096,35.80699299999999],[-78.695651,35.807038999999996]]],[[[-78.695862,35.807140000000004],[-78.695692,35.80711],[-78.695634,35.807143],[-78.695862,35.807140000000004]]],[[[-78.695883,35.80717],[-78.695867,35.807145],[-78.695927,35.807193999999996],[-78.696146,35.807157999999994],[-78.696155,35.807185],[-78.695954,35.807216000000004],[-78.695883,35.80717]]],[[[-78.695632,35.80714700000001],[-78.695578,35.80723100000001],[-78.695555,35.807238],[-78.695475,35.80735099999999],[-78.69553000000002,35.80724300000001],[-78.695632,35.80714700000001]]],[[[-78.694718,35.807207],[-78.694651,35.80727699999999],[-78.694439,35.80750400000001],[-78.694441,35.807488],[-78.694718,35.807207]]],[[[-78.69541,35.80753200000001],[-78.695418,35.807511999999996],[-78.695418,35.80753],[-78.69541,35.80753200000001]]],[[[-78.695399,35.80755],[-78.695368,35.807603],[-78.69533,35.8076],[-78.695399,35.80755]]],[[[-78.695286,35.807602],[-78.695298,35.807603],[-78.695285,35.807604999999995],[-78.695286,35.807602]]],[[[-78.69514500000001,35.80769299999999],[-78.695127,35.807708],[-78.695136,35.807698],[-78.69514500000001,35.80769299999999]]],[[[-78.693454,35.80851299999999],[-78.69327,35.80849],[-78.693074,35.80858899999999],[-78.693296,35.80844299999999],[-78.693454,35.80851299999999]]],[[[-78.693407,35.80857],[-78.693208,35.808586],[-78.693134,35.808648],[-78.693209,35.808583],[-78.693407,35.80857]]],[[[-78.692974,35.80887700000001],[-78.693134,35.808648],[-78.693232,35.808689],[-78.693074,35.80888300000001],[-78.692974,35.80887700000001]]],[[[-78.692909,35.80891],[-78.692918,35.808899999999994],[-78.692915,35.80890599999999],[-78.692909,35.80891]]],[[[-78.692403,35.809236],[-78.692559,35.809042000000005],[-78.692947,35.808762],[-78.693053,35.808606999999995],[-78.692936,35.808784],[-78.692853,35.808874],[-78.692526,35.809104],[-78.692418,35.80933199999999],[-78.692403,35.809236]]],[[[-78.692888,35.808927],[-78.692868,35.80903200000001],[-78.692731,35.809057],[-78.692888,35.808927]]],[[[-78.692726,35.809062],[-78.692692,35.80912899999999],[-78.69265,35.809146000000005],[-78.692726,35.809062]]],[[[-78.692639,35.80915300000001],[-78.69265,35.809146000000005],[-78.692643,35.809152],[-78.692639,35.80915300000001]]],[[[-78.692631,35.80916],[-78.692637,35.809154],[-78.692634,35.809159],[-78.692631,35.80916]]],[[[-78.692629,35.80916299999999],[-78.692619,35.809166],[-78.692631,35.80916],[-78.692629,35.80916299999999]]],[[[-78.692619,35.809166],[-78.692651,35.809419999999996],[-78.692455,35.809484999999995],[-78.692542,35.809378],[-78.692602,35.809185],[-78.692611,35.80916699999999],[-78.692619,35.809166]]],[[[-78.69232,35.809409],[-78.692363,35.809393],[-78.692306,35.80942399999999],[-78.69232,35.809409]]],[[[-78.69245100000002,35.80948800000001],[-78.692444,35.809511],[-78.692417,35.809514],[-78.69245100000002,35.80948800000001]]],[[[-78.692354,35.80952099999999],[-78.692345,35.809525],[-78.692371,35.80951900000001],[-78.692354,35.80952099999999]]],[[[-78.692045,35.809771999999995],[-78.69227,35.809448],[-78.692059,35.81010599999999],[-78.692045,35.809771999999995]]],[[[-78.692333,35.809532],[-78.69226,35.80966900000001],[-78.692178,35.81005100000001],[-78.692333,35.809532]]],[[[-78.692191,35.810105],[-78.692288,35.81019100000001],[-78.692478,35.810167],[-78.69219300000002,35.810261],[-78.692187,35.810347],[-78.692148,35.810392],[-78.692191,35.810105]]],[[[-78.69207,35.810308000000006],[-78.692003,35.810191],[-78.692061,35.81011399999999],[-78.69207,35.810308000000006]]],[[[-78.691968,35.810416000000004],[-78.691753,35.81059400000001],[-78.691727,35.810668],[-78.69167,35.810565],[-78.691968,35.810416000000004]]],[[[-78.692081,35.810463],[-78.69210900000002,35.81082800000001],[-78.691978,35.81103],[-78.691967,35.810652999999995],[-78.692034,35.810506999999994],[-78.692081,35.810463]]],[[[-78.691863,35.810908000000005],[-78.691748,35.81068],[-78.691788,35.810652999999995],[-78.691863,35.810908000000005]]],[[[-78.69169,35.811324],[-78.691747,35.81094600000001],[-78.691827,35.811022000000015],[-78.69169,35.811324]]],[[[-78.691952,35.811082],[-78.691915,35.811262],[-78.691847,35.811269],[-78.691952,35.811082]]],[[[-78.691684,35.811403],[-78.69169,35.811324],[-78.691702,35.811379],[-78.691684,35.811403]]],[[[-78.691801,35.81131],[-78.691798,35.811487],[-78.691702,35.81152],[-78.691801,35.81131]]],[[[-78.691267,35.811634999999995],[-78.691355,35.81145299999999],[-78.691654,35.811442],[-78.691317,35.811562000000016],[-78.691267,35.811634999999995]]],[[[-78.691692,35.811524],[-78.691659,35.811563],[-78.691639,35.811562],[-78.69167500000002,35.81152999999999],[-78.691692,35.811524]]],[[[-78.691629,35.81157],[-78.691636,35.811564],[-78.691636,35.81157],[-78.691629,35.81157]]],[[[-78.690561,35.812473000000004],[-78.69046,35.81242],[-78.690725,35.812335],[-78.690908,35.811863],[-78.691229,35.81174],[-78.690769,35.81302800000001],[-78.69062,35.813679],[-78.6907,35.81397],[-78.689777,35.81466],[-78.689684,35.81495099999999],[-78.689536,35.814981],[-78.68955600000001,35.814911],[-78.689323,35.81479499999998],[-78.689414,35.81447599999999],[-78.689892,35.81382799999999],[-78.690187,35.813775],[-78.690272,35.813664],[-78.690367,35.813728],[-78.690512,35.813527],[-78.690402,35.813405],[-78.690294,35.81345499999999],[-78.690155,35.813362999999995],[-78.690442,35.81280399999999],[-78.690338,35.812557],[-78.69042400000001,35.81243700000001],[-78.690561,35.812473000000004]],[[-78.690466,35.81244999999999],[-78.690466,35.81245599999999],[-78.690477,35.812453999999995],[-78.690466,35.81244999999999]]],[[[-78.690584,35.81446699999999],[-78.690949,35.81427599999999],[-78.691078,35.814103],[-78.690982,35.81366599999999],[-78.691555,35.812143000000006],[-78.691617,35.811579],[-78.691892,35.81175699999999],[-78.692124,35.811699],[-78.691987,35.81179],[-78.691818,35.81177099999999],[-78.691729,35.81189899999999],[-78.691646,35.812285],[-78.691354,35.812791],[-78.69144,35.813358],[-78.691364,35.813813],[-78.690541,35.815039],[-78.690181,35.815293999999994],[-78.689486,35.815236999999996],[-78.68947,35.815164],[-78.689914,35.81515199999998],[-78.690584,35.81446699999999]]],[[[-78.690272,35.813664],[-78.690291,35.813656],[-78.69029,35.81367],[-78.690272,35.813664]]],[[[-78.688924,35.814906],[-78.688947,35.814907999999996],[-78.68895,35.814913],[-78.688924,35.814906]]],[[[-78.68915,35.81491699999999],[-78.689198,35.81492600000001],[-78.689134,35.814919],[-78.68915,35.81491699999999]]],[[[-78.689,35.814923],[-78.689072,35.81492399999999],[-78.68895,35.814913],[-78.689,35.814923]]],[[[-78.689216,35.81492699999999],[-78.689205,35.81500100000001],[-78.689197,35.81502199999999],[-78.689216,35.81492699999999]]],[[[-78.687689,35.815401],[-78.68795300000001,35.81492899999999],[-78.687875,35.81470499999999],[-78.688868,35.81484499999999],[-78.688093,35.814895],[-78.687689,35.815401]]],[[[-78.68915,35.81515600000001],[-78.688473,35.81524699999999],[-78.687798,35.815546],[-78.688315,35.815223],[-78.68915,35.81515600000001]]],[[[-78.687636,35.81552400000001],[-78.687647,35.815611],[-78.687587,35.815649],[-78.687636,35.81552400000001]]],[[[-78.688124,35.816993999999994],[-78.688107,35.81652299999999],[-78.688028,35.816021],[-78.68820700000002,35.816751],[-78.688129,35.816801000000005],[-78.688169,35.816998],[-78.688117,35.817187000000004],[-78.688224,35.817333],[-78.688108,35.817412],[-78.687795,35.817417999999996],[-78.687781,35.817336000000005],[-78.688032,35.817233],[-78.688124,35.816993999999994]]],[[[-78.68689,35.817567000000004],[-78.68721200000002,35.817192999999996],[-78.687224,35.816936],[-78.68752,35.81675599999999],[-78.687567,35.816606],[-78.687708,35.816975],[-78.687868,35.81669399999999],[-78.687913,35.816752],[-78.687719,35.816182],[-78.687785,35.81607],[-78.687935,35.816613999999994],[-78.687937,35.816673],[-78.687884,35.81691699999999],[-78.687199,35.81730799999999],[-78.686988,35.817698],[-78.68689,35.817567000000004]]],[[[-78.687042,35.81770900000001],[-78.687031,35.817713],[-78.687024,35.81769899999999],[-78.687042,35.81770900000001]]],[[[-78.687591,35.817439],[-78.68758,35.817578],[-78.687385,35.8177],[-78.6875,35.81784699999999],[-78.687355,35.818085999999994],[-78.687436,35.81822199999999],[-78.687342,35.818071999999994],[-78.687465,35.81785799999999],[-78.68732,35.817596999999985],[-78.68745,35.817448999999996],[-78.687591,35.817439]]],[[[-78.687267,35.818304],[-78.687025,35.817966000000006],[-78.687105,35.817949],[-78.687054,35.81774299999999],[-78.687291,35.818304999999995],[-78.687271,35.818365],[-78.687103,35.818512999999996],[-78.687267,35.818304]]],[[[-78.687473,35.81826900000001],[-78.68755,35.818276000000004],[-78.687487,35.818332],[-78.687473,35.81826900000001]]],[[[-78.687142,35.81878900000001],[-78.687027,35.818892999999996],[-78.687093,35.818987],[-78.687091,35.819104],[-78.686928,35.818854],[-78.687087,35.818665],[-78.687455,35.818375],[-78.687482,35.818448000000004],[-78.687228,35.81857600000001],[-78.687185,35.818763],[-78.687075,35.818764],[-78.687142,35.81878900000001]],[[-78.68709,35.81882299999999],[-78.687013,35.818780999999994],[-78.686989,35.818798],[-78.68709,35.81882299999999]]],[[[-78.687068,35.81919099999999],[-78.686994,35.819486],[-78.68697,35.819707],[-78.686989,35.81946500000001],[-78.687068,35.81919099999999]]],[[[-78.686969,35.819713],[-78.687049,35.81983700000001],[-78.686933,35.819954],[-78.686969,35.819713]]],[[[-78.686929,35.81999200000001],[-78.686885,35.82004299999999],[-78.686923,35.819977],[-78.686929,35.81999200000001]]],[[[-78.686795,35.81857500000001],[-78.687059,35.81852399999999],[-78.686766,35.818922],[-78.68693,35.819098000000004],[-78.686759,35.819727],[-78.685801,35.821116999999994],[-78.685345,35.82149299999999],[-78.68582,35.820608],[-78.685586,35.82047699999999],[-78.685861,35.820397],[-78.6863,35.819998999999996],[-78.686226,35.819852],[-78.686275,35.819499999999984],[-78.686486,35.81907100000001],[-78.686519,35.819253999999994],[-78.686762,35.81920099999999],[-78.686678,35.818994999999994],[-78.686742,35.818857],[-78.68661,35.818982],[-78.686565,35.818968],[-78.686611,35.818796999999996],[-78.686795,35.81857500000001]],[[-78.686594,35.81892700000001],[-78.68660400000002,35.818938],[-78.686609,35.81893899999999],[-78.686594,35.81892700000001]],[[-78.686786,35.818635],[-78.68675,35.818649000000015],[-78.68677,35.818665],[-78.686786,35.818635]]],[[[-78.68688,35.820051],[-78.686878,35.82006299999999],[-78.686874,35.820063],[-78.68688,35.820051]]],[[[-78.686544,35.820686],[-78.685929,35.821396],[-78.685942,35.821466],[-78.686089,35.82137199999999],[-78.686072,35.821456999999995],[-78.686239,35.821563],[-78.68618000000001,35.821903999999996],[-78.68561,35.822874],[-78.68528,35.82319700000001],[-78.684706,35.824415],[-78.684302,35.824629],[-78.684144,35.824817],[-78.684117,35.825078],[-78.684288,35.825179000000006],[-78.68366200000001,35.826193999999994],[-78.683475,35.826086999999994],[-78.683616,35.82577799999999],[-78.683379,35.825962999999994],[-78.683576,35.825774],[-78.683863,35.825647],[-78.683989,35.82549999999999],[-78.683998,35.82491499999998],[-78.684156,35.82448500000001],[-78.684593,35.82387699999999],[-78.684673,35.82351199999998],[-78.685026,35.823161999999996],[-78.68498,35.82294399999999],[-78.685325,35.822656],[-78.685486,35.822211],[-78.685464,35.821662999999994],[-78.686069,35.82112099999999],[-78.686556,35.82037399999998],[-78.686874,35.820063],[-78.686645,35.820549],[-78.686544,35.820686]],[[-78.686503,35.820671999999995],[-78.686503,35.820666],[-78.686493,35.820669],[-78.686503,35.820671999999995]],[[-78.686485,35.820660000000004],[-78.686481,35.820659],[-78.686493,35.820669],[-78.686485,35.820660000000004]]],[[[-78.685335,35.84250199999999],[-78.685424,35.84243699999999],[-78.68552500000001,35.842563000000006],[-78.685775,35.842603],[-78.686314,35.84299299999999],[-78.686988,35.8431],[-78.68756400000001,35.84335099999999],[-78.687673,35.843315],[-78.687689,35.84349],[-78.687824,35.843563],[-78.688968,35.84381299999999],[-78.689071,35.84373099999999],[-78.689139,35.84378999999999],[-78.689436,35.843568],[-78.68953,35.84360699999999],[-78.689555,35.843844],[-78.689776,35.84396400000001],[-78.690839,35.844294],[-78.691266,35.84456],[-78.689097,35.84393],[-78.686102,35.843306],[-78.684836,35.842546],[-78.684588,35.841749],[-78.685053,35.842412],[-78.685335,35.84250199999999]]],[[[-78.688695,35.848927],[-78.688967,35.847956],[-78.688877,35.847784000000004],[-78.689043,35.847568],[-78.68899100000002,35.847371],[-78.68879,35.847209],[-78.68835,35.847139],[-78.688199,35.846945000000005],[-78.68788,35.846872],[-78.687537,35.8466],[-78.687675,35.846005],[-78.687807,35.84583],[-78.687751,35.84564699999999],[-78.687327,35.84557],[-78.68721200000002,35.84538799999999],[-78.686995,35.845442],[-78.686753,35.84512600000001],[-78.686174,35.84488699999999],[-78.68464,35.84443199999999],[-78.684491,35.844231],[-78.684147,35.84411399999999],[-78.684078,35.84399799999999],[-78.682927,35.843595],[-78.682496,35.843316],[-78.682111,35.843320999999996],[-78.682035,35.84306600000001],[-78.682369,35.84288000000001],[-78.682157,35.84277399999999],[-78.681755,35.84288300000001],[-78.681346,35.843161],[-78.681214,35.842988000000005],[-78.680832,35.84296],[-78.680548,35.842833999999996],[-78.680358,35.842426],[-78.679638,35.842203],[-78.678164,35.840551],[-78.676928,35.839617999999994],[-78.676777,35.83920899999999],[-78.67616300000002,35.838835],[-78.675653,35.838826000000005],[-78.675507,35.838949000000014],[-78.674413,35.83815499999999],[-78.674159,35.838074000000006],[-78.674827,35.837002],[-78.675057,35.836865],[-78.675401,35.83683299999999],[-78.677015,35.837166],[-78.677699,35.837410999999996],[-78.67881000000001,35.83800099999999],[-78.679057,35.83842599999999],[-78.680948,35.83953400000001],[-78.683927,35.841558],[-78.684103,35.841735],[-78.6846,35.843121999999994],[-78.684921,35.84365],[-78.685259,35.843973000000005],[-78.68558,35.844157999999986],[-78.686451,35.844352],[-78.687237,35.844675],[-78.688381,35.84499000000001],[-78.687961,35.84608300000001],[-78.689111,35.846832],[-78.68926,35.847],[-78.689314,35.84736699999999],[-78.689211,35.84823899999999],[-78.688262,35.849731999999996],[-78.688828,35.850306999999994],[-78.690265,35.85107599999999],[-78.690379,35.852115999999995],[-78.690097,35.852661],[-78.690102,35.85326799999999],[-78.689971,35.853799],[-78.689965,35.852856],[-78.689817,35.852682],[-78.68968300000002,35.851802],[-78.690028,35.851696],[-78.68968300000002,35.851761],[-78.689605,35.851542],[-78.68884,35.850815],[-78.688714,35.85047099999999],[-78.688234,35.849902],[-78.68822,35.84957399999999],[-78.688695,35.848927]]],[[[-78.690007,35.85414500000001],[-78.690352,35.854299999999995],[-78.690176,35.854349],[-78.690152,35.85490500000001],[-78.690623,35.85546000000001],[-78.690968,35.855663],[-78.691132,35.85620000000001],[-78.691402,35.856488],[-78.691651,35.856587000000005],[-78.691339,35.856582],[-78.690936,35.85641199999999],[-78.69055100000001,35.855984],[-78.690406,35.85527200000001],[-78.690135,35.85493499999999],[-78.689974,35.85461699999999],[-78.690007,35.85414500000001]]],[[[-78.693515,35.85622500000001],[-78.693793,35.856252999999995],[-78.694021,35.85645099999999],[-78.694302,35.856373000000005],[-78.694121,35.856616],[-78.694229,35.856789],[-78.693791,35.8563],[-78.693434,35.856297],[-78.693515,35.85622500000001]]],[[[-78.696972,35.871643000000006],[-78.6968,35.871542999999996],[-78.697032,35.871495],[-78.696972,35.871643000000006]]],[[[-78.666731,35.75873],[-78.668013,35.758285999999984],[-78.667923,35.758359],[-78.667962,35.758552],[-78.66817,35.75883100000001],[-78.668907,35.759328],[-78.669041,35.75960599999999],[-78.669035,35.760065999999995],[-78.669437,35.76097500000001],[-78.66943,35.76135299999999],[-78.669522,35.761425],[-78.670077,35.761011999999994],[-78.670764,35.760137],[-78.671224,35.759973],[-78.671672,35.759930999999995],[-78.672273,35.76004400000001],[-78.672803,35.760263],[-78.673611,35.75946700000001],[-78.673939,35.759473],[-78.674919,35.759701],[-78.67521100000002,35.760146999999996],[-78.675753,35.760392],[-78.676044,35.761480999999996],[-78.676229,35.76173099999998],[-78.675732,35.761786],[-78.675635,35.761008],[-78.674426,35.76074599999999],[-78.674367,35.76117000000001],[-78.673509,35.761157],[-78.673513,35.761317],[-78.673579,35.76153099999999],[-78.673881,35.761527],[-78.67400500000001,35.761736],[-78.674901,35.762156999999995],[-78.674484,35.762627],[-78.674292,35.762328],[-78.673628,35.762122],[-78.673447,35.762223999999996],[-78.67256,35.761911],[-78.670903,35.761804999999995],[-78.669308,35.76157299999999],[-78.669118,35.761404],[-78.668568,35.76041099999999],[-78.668085,35.759912],[-78.664571,35.758813999999994],[-78.664457,35.75871500000001],[-78.66468000000002,35.758621999999995],[-78.665241,35.758951],[-78.666731,35.75873]],[[-78.670411,35.76125700000001],[-78.670733,35.761345],[-78.670788,35.761489],[-78.671202,35.76158399999999],[-78.672135,35.76155299999999],[-78.672402,35.76177199999999],[-78.672938,35.761814999999984],[-78.672923,35.76109],[-78.67174300000002,35.761015999999984],[-78.67068,35.76105400000001],[-78.670533,35.761085],[-78.670411,35.76125700000001]]],[[[-78.677315,35.76225199999999],[-78.677571,35.762483999999986],[-78.677795,35.762338],[-78.677853,35.762396],[-78.677348,35.762692],[-78.677148,35.76294000000001],[-78.67631,35.762905],[-78.676027,35.76271700000001],[-78.67590500000001,35.762771],[-78.675628,35.763227],[-78.675682,35.76333600000001],[-78.676122,35.763237999999994],[-78.676935,35.763782],[-78.676802,35.764526],[-78.676922,35.764815999999996],[-78.676851,35.76498300000001],[-78.676659,35.764811],[-78.676591,35.764274],[-78.676395,35.76395099999999],[-78.675982,35.763594],[-78.675503,35.763446],[-78.675609,35.76333000000001],[-78.67551,35.763231],[-78.675578,35.762946],[-78.675501,35.76277199999999],[-78.675388,35.76268],[-78.674986,35.762693],[-78.675118,35.76247300000001],[-78.675417,35.762264],[-78.675792,35.762140999999986],[-78.677315,35.76225199999999]]],[[[-78.674956,35.764287],[-78.674875,35.76362300000001],[-78.67473200000002,35.76360699999999],[-78.674515,35.763869],[-78.674292,35.76375],[-78.674299,35.763451],[-78.67421,35.763404999999985],[-78.673851,35.76348],[-78.673617,35.763293],[-78.673165,35.76323299999999],[-78.672646,35.763121000000005],[-78.673408,35.763605],[-78.673534,35.763799999999996],[-78.673457,35.76411000000001],[-78.672744,35.764116],[-78.672274,35.763834],[-78.672143,35.76408],[-78.672053,35.763805],[-78.671816,35.763645],[-78.671783,35.76294100000001],[-78.67319,35.76323],[-78.673306,35.76317800000001],[-78.673802,35.763249],[-78.674129,35.76319199999999],[-78.67438,35.76294099999999],[-78.674349,35.763314],[-78.674524,35.763491999999985],[-78.67481600000002,35.763259],[-78.674857,35.76298899999999],[-78.674841,35.76327299999999],[-78.675241,35.76323999999999],[-78.675008,35.763394999999996],[-78.675234,35.76371499999999],[-78.675382,35.764184],[-78.675995,35.764648],[-78.6761,35.76506799999999],[-78.676294,35.76527299999999],[-78.676588,35.765291],[-78.676291,35.76565699999999],[-78.676253,35.765848999999996],[-78.676157,35.76551599999999],[-78.675904,35.765252],[-78.675392,35.76513],[-78.675199,35.764923],[-78.675225,35.76442899999999],[-78.674956,35.764287]]],[[[-78.667286,35.78011399999999],[-78.667624,35.779914999999995],[-78.66818,35.779933],[-78.66867200000002,35.780139999999996],[-78.668971,35.780551],[-78.669525,35.78081599999999],[-78.669665,35.780933999999995],[-78.668257,35.780229],[-78.668058,35.78003400000001],[-78.667625,35.779955],[-78.667286,35.78011399999999]]],[[[-78.667925,35.780361000000006],[-78.668043,35.780545],[-78.66866,35.780805],[-78.667298,35.78029],[-78.667925,35.780361000000006]]],[[[-78.67088700000001,35.7817],[-78.67123,35.781792],[-78.671355,35.781859],[-78.671559,35.78181699999999],[-78.672414,35.782141],[-78.67330300000002,35.782638],[-78.67088700000001,35.7817]]],[[[-78.669332,35.781008],[-78.670215,35.781422000000006],[-78.670702,35.781858],[-78.670973,35.781925],[-78.673117,35.78275200000001],[-78.673418,35.78300600000001],[-78.67407,35.78315599999999],[-78.676219,35.783979999999985],[-78.67603200000002,35.783988],[-78.674148,35.783275999999994],[-78.673872,35.78381100000001],[-78.673607,35.78400500000001],[-78.672702,35.783735],[-78.672653,35.783516],[-78.672376,35.783614],[-78.672523,35.78371],[-78.67247,35.783775999999996],[-78.671256,35.783389],[-78.671045,35.783184000000006],[-78.671068,35.78285399999999],[-78.670935,35.78282699999999],[-78.671269,35.782059999999994],[-78.670945,35.782454],[-78.671021,35.782146],[-78.670479,35.78235],[-78.670325,35.782278000000005],[-78.670551,35.781811999999995],[-78.670201,35.781456000000006],[-78.669332,35.781008]]],[[[-78.676817,35.783928],[-78.676974,35.784091000000004],[-78.677636,35.784388],[-78.677803,35.78451799999999],[-78.67694,35.784080999999986],[-78.676782,35.784034999999996],[-78.676634,35.78403800000001],[-78.676578,35.784017],[-78.676817,35.783928]]],[[[-78.676275,35.784009000000005],[-78.678185,35.78486499999999],[-78.676822,35.78425599999999],[-78.676178,35.784519999999986],[-78.676406,35.78425399999999],[-78.676394,35.78408700000001],[-78.676275,35.784009000000005]]],[[[-78.679688,35.785917000000005],[-78.679543,35.78582899999999],[-78.679291,35.785639999999994],[-78.679261,35.785608],[-78.679688,35.785917000000005]]],[[[-78.679787,35.78597499999999],[-78.679695,35.785920999999995],[-78.679848,35.786006],[-78.679787,35.78597499999999]]],[[[-78.67924,35.78559099999998],[-78.679082,35.785477],[-78.67921,35.78537399999999],[-78.679583,35.785597999999986],[-78.679793,35.785808],[-78.680093,35.785976999999995],[-78.680173,35.786056],[-78.680302,35.786231],[-78.680642,35.786418],[-78.680809,35.786609],[-78.680263,35.78622000000001],[-78.680132,35.786024],[-78.679803,35.78583499999999],[-78.679571,35.785602999999995],[-78.679173,35.785406],[-78.67924,35.78559099999998]]],[[[-78.679987,35.78609999999999],[-78.679966,35.78607900000001],[-78.679972,35.786082],[-78.679987,35.78609999999999]]],[[[-78.68001,35.786126],[-78.67999,35.78610400000001],[-78.680024,35.786139999999996],[-78.68001,35.786126]]],[[[-78.680168,35.78631899999999],[-78.680761,35.786718],[-78.680168,35.786343],[-78.680029,35.786147],[-78.680168,35.78631899999999]]],[[[-78.680786,35.786745],[-78.682323,35.78776100000001],[-78.682509,35.78799300000001],[-78.68279600000001,35.78804999999999],[-78.682912,35.78826799999999],[-78.683287,35.788354999999996],[-78.684008,35.78878999999999],[-78.683335,35.788416000000005],[-78.682974,35.788371],[-78.682309,35.78796299999999],[-78.680786,35.786745]]],[[[-78.680941,35.78661799999999],[-78.681139,35.786465],[-78.681094,35.78654699999999],[-78.681551,35.786951],[-78.681504,35.786996],[-78.684161,35.78860000000001],[-78.684385,35.788639],[-78.68438,35.788784],[-78.68452800000001,35.78893],[-78.685135,35.78920600000001],[-78.685459,35.789486999999994],[-78.68539600000001,35.789542],[-78.685096,35.78921799999999],[-78.68453000000001,35.788944],[-78.683474,35.788275999999996],[-78.683147,35.788154],[-78.682922,35.787921000000004],[-78.682587,35.78780799999999],[-78.680941,35.78661799999999]]],[[[-78.684978,35.78931],[-78.685374,35.78960299999999],[-78.685237,35.789663999999995],[-78.684904,35.78931399999998],[-78.684199,35.78894100000001],[-78.684182,35.788876],[-78.684978,35.78931]]],[[[-78.666969,35.79886299999999],[-78.666864,35.79925200000001],[-78.66679,35.799447],[-78.666969,35.79886299999999]]],[[[-78.666187,35.80037500000001],[-78.665534,35.800336],[-78.66536,35.800102],[-78.665401,35.800041],[-78.665441,35.80014599999999],[-78.665535,35.800110999999994],[-78.66583,35.800267],[-78.666023,35.80013299999999],[-78.666355,35.799237999999995],[-78.66646,35.798627999999994],[-78.66680900000001,35.798793999999994],[-78.666547,35.799647],[-78.666187,35.80037500000001]]],[[[-78.678153,35.80011199999999],[-78.678395,35.799964],[-78.67864,35.799585],[-78.678444,35.80009299999999],[-78.677793,35.800565999999996],[-78.678153,35.80011199999999]]],[[[-78.666788,35.799451],[-78.666802,35.799783],[-78.66663,35.800278],[-78.666401,35.80037599999999],[-78.666788,35.799451]]],[[[-78.678981,35.79997],[-78.678831,35.800180999999995],[-78.678668,35.80019299999999],[-78.677878,35.800934999999996],[-78.678697,35.800108999999985],[-78.678832,35.799653],[-78.678978,35.799707],[-78.678981,35.79997]]],[[[-78.677083,35.800902],[-78.677331,35.80075899999999],[-78.677759,35.800628],[-78.677567,35.800943],[-78.677083,35.800902]]],[[[-78.677543,35.801181],[-78.677461,35.80130400000001],[-78.67741800000002,35.80136100000001],[-78.677543,35.801181]]],[[[-78.677364,35.801456],[-78.677304,35.801506],[-78.677401,35.80138999999999],[-78.677364,35.801456]]],[[[-78.66589,35.801351],[-78.666329,35.80053600000001],[-78.666472,35.80078600000001],[-78.666033,35.801094000000006],[-78.665756,35.80173699999999],[-78.665894,35.802510000000005],[-78.665845,35.802633],[-78.66555600000001,35.802645],[-78.665626,35.802055],[-78.66589,35.801351]]],[[[-78.665655,35.801112999999994],[-78.66546200000002,35.802208],[-78.665467,35.80264499999999],[-78.66528,35.802642],[-78.665273,35.80225299999999],[-78.665459,35.801967],[-78.665385,35.801723],[-78.665153,35.801488],[-78.665323,35.801407999999995],[-78.665336,35.801182],[-78.665579,35.801035],[-78.665825,35.800638],[-78.665985,35.800576],[-78.665921,35.80053],[-78.666142,35.80053500000001],[-78.665655,35.801112999999994]]],[[[-78.676277,35.802375000000005],[-78.676409,35.80221999999999],[-78.676403,35.801996],[-78.676581,35.801892],[-78.676504,35.801832],[-78.676738,35.801645],[-78.676803,35.80125999999999],[-78.677455,35.801158],[-78.676504,35.802165],[-78.676288,35.802544000000005],[-78.676277,35.802375000000005]]],[[[-78.67720300000002,35.801634],[-78.676986,35.801912],[-78.677016,35.802327000000005],[-78.676871,35.802613],[-78.676909,35.802808],[-78.677025,35.802882],[-78.676894,35.80307599999999],[-78.676848,35.802692],[-78.676767,35.803098000000006],[-78.676571,35.803114],[-78.676365,35.802952],[-78.676938,35.801941],[-78.67720300000002,35.801634]]],[[[-78.675907,35.802823],[-78.676099,35.802709],[-78.675835,35.802937],[-78.675907,35.802823]]],[[[-78.665508,35.80277400000001],[-78.665463,35.802997999999995],[-78.665388,35.803261],[-78.665482,35.802842],[-78.665508,35.80277400000001]]],[[[-78.676291,35.80308599999999],[-78.676271,35.80320100000001],[-78.675744,35.803516],[-78.675672,35.803383],[-78.676291,35.80308599999999]]],[[[-78.675054,35.80355699999999],[-78.674967,35.803414000000004],[-78.67522,35.80336200000001],[-78.675054,35.80355699999999]]],[[[-78.675716,35.803567],[-78.67542400000002,35.803866],[-78.675273,35.804356999999996],[-78.674757,35.80448299999999],[-78.675085,35.804086999999996],[-78.675346,35.803543000000005],[-78.675622,35.80340399999999],[-78.675716,35.803567]]],[[[-78.665366,35.803357],[-78.665497,35.803856],[-78.665485,35.80429999999999],[-78.665415,35.804492999999994],[-78.665451,35.80427499999999],[-78.665332,35.80349699999999],[-78.665337,35.803447],[-78.665366,35.803357]]],[[[-78.665411,35.804533],[-78.665519,35.80516],[-78.665424,35.805245],[-78.665223,35.80524499999999],[-78.665411,35.804533]]],[[[-78.6747,35.80457099999999],[-78.67498,35.804649000000005],[-78.674728,35.80524499999999],[-78.674547,35.805626],[-78.674296,35.80577499999999],[-78.6747,35.80457099999999]]],[[[-78.665165,35.80561099999999],[-78.665184,35.80563599999999],[-78.665118,35.805562],[-78.665165,35.80561099999999]]],[[[-78.673314,35.807953999999995],[-78.673279,35.80726299999999],[-78.673515,35.807131],[-78.673595,35.80658600000001],[-78.673497,35.806376],[-78.673661,35.805671999999994],[-78.674296,35.804951],[-78.674363,35.804171],[-78.674608,35.803779],[-78.67477700000002,35.803762],[-78.674607,35.80354500000001],[-78.67488,35.803709000000005],[-78.675032,35.803616],[-78.674836,35.804067999999994],[-78.674543,35.804316],[-78.67425,35.80512599999999],[-78.673766,35.805844],[-78.673842,35.80706200000001],[-78.673496,35.80826299999999],[-78.673465,35.809124],[-78.673377,35.809113999999994],[-78.673118,35.80837199999999],[-78.673314,35.807953999999995]]],[[[-78.674095,35.807286],[-78.674061,35.807426],[-78.674088,35.807106999999995],[-78.674095,35.807286]]],[[[-78.673979,35.808196],[-78.673748,35.80837],[-78.673992,35.807670999999985],[-78.673997,35.807829000000005],[-78.673979,35.808196]]],[[[-78.673613,35.81095499999999],[-78.673803,35.809502],[-78.673623,35.808722],[-78.673703,35.808461],[-78.673822,35.808562999999985],[-78.673899,35.80927599999999],[-78.674301,35.809483],[-78.673982,35.80948200000001],[-78.674151,35.80974799999999],[-78.673987,35.80988299999999],[-78.673808,35.810538],[-78.673901,35.811028],[-78.673572,35.81140099999998],[-78.673404,35.811407999999986],[-78.673613,35.81095499999999]]],[[[-78.673173,35.811058],[-78.673337,35.81027399999999],[-78.67313700000001,35.810188000000004],[-78.673159,35.80975999999999],[-78.673239,35.809675],[-78.673417,35.80975699999999],[-78.673527,35.809579],[-78.673262,35.81104899999999],[-78.673101,35.81126299999999],[-78.672528,35.81155499999999],[-78.672453,35.812022999999996],[-78.67214,35.811688000000004],[-78.672405,35.811522],[-78.672135,35.811485],[-78.672664,35.811185],[-78.672921,35.811158],[-78.672876,35.81133399999999],[-78.673173,35.811058]]],[[[-78.672376,35.812205],[-78.672304,35.81228199999999],[-78.672257,35.81232099999999],[-78.672035,35.812456],[-78.672376,35.812205]]],[[[-78.672672,35.81214000000001],[-78.672494,35.812442],[-78.672169,35.812540000000006],[-78.671998,35.81271100000001],[-78.672105,35.812569],[-78.67224,35.812501999999995],[-78.672443,35.81244],[-78.672492,35.812403999999994],[-78.672672,35.81214000000001]]],[[[-78.670686,35.81336100000001],[-78.670959,35.812810999999996],[-78.67161600000001,35.81224099999999],[-78.671828,35.81243299999999],[-78.671999,35.812467],[-78.670686,35.81336100000001]]],[[[-78.67189,35.812812],[-78.671753,35.812913],[-78.671685,35.81295399999999],[-78.67189,35.812812]]],[[[-78.671435,35.813162],[-78.67135600000002,35.813329],[-78.671004,35.813432],[-78.671435,35.813162]]],[[[-78.669464,35.81362399999999],[-78.669854,35.813423],[-78.669729,35.81356400000001],[-78.66988200000002,35.813793999999994],[-78.670009,35.81362300000001],[-78.670246,35.81349600000001],[-78.670515,35.81340200000001],[-78.669999,35.813683],[-78.669405,35.81428699999999],[-78.669545,35.814071000000006],[-78.669417,35.813787000000005],[-78.669464,35.81362399999999]]],[[[-78.670688,35.813660999999996],[-78.670019,35.81458],[-78.669829,35.81461300000001],[-78.669938,35.814367999999995],[-78.66983500000002,35.814307],[-78.669568,35.814539],[-78.669811,35.814248000000006],[-78.669949,35.814262],[-78.670688,35.813660999999996]]],[[[-78.66953,35.814318],[-78.669351,35.814609999999995],[-78.66931700000002,35.81463600000001],[-78.669497,35.81434999999999],[-78.66953,35.814318]]],[[[-78.66927200000002,35.81466499999999],[-78.669039,35.8149],[-78.669198,35.814703],[-78.66927200000002,35.81466499999999]]],[[[-78.669157,35.814893],[-78.669019,35.815004],[-78.669383,35.814690999999996],[-78.669157,35.814893]]],[[[-78.667584,35.815045000000005],[-78.6676,35.814799],[-78.667433,35.814735000000006],[-78.667539,35.81470900000001],[-78.667681,35.81476200000001],[-78.66775,35.815011999999996],[-78.668337,35.81510299999999],[-78.66879,35.815067],[-78.668507,35.815115],[-78.66818,35.815102],[-78.667693,35.815046999999986],[-78.667426,35.815097],[-78.667584,35.815045000000005]]],[[[-78.668591,35.81516499999999],[-78.668593,35.81516899999998],[-78.668579,35.815164],[-78.668591,35.81516499999999]]],[[[-78.668666,35.81518199999999],[-78.668778,35.81515199999999],[-78.66863,35.815185],[-78.668666,35.81518199999999]]],[[[-78.668291,35.81518299999999],[-78.668167,35.815183999999995],[-78.668348,35.81517800000001],[-78.668291,35.81518299999999]]],[[[-78.667877,35.815189],[-78.667539,35.81526600000001],[-78.667415,35.815287999999995],[-78.667639,35.815215],[-78.667877,35.815189]]],[[[-78.666996,35.815519],[-78.666956,35.815522],[-78.666997,35.81550000000001],[-78.666996,35.815519]]],[[[-78.665219,35.815687999999994],[-78.665187,35.815626],[-78.665314,35.815575999999986],[-78.665219,35.815687999999994]]],[[[-78.666509,35.81571399999999],[-78.666512,35.815792],[-78.666251,35.815807],[-78.66615600000002,35.81592199999999],[-78.665951,35.815797999999994],[-78.66585100000002,35.815941],[-78.665611,35.815988],[-78.66516,35.81578],[-78.666509,35.81571399999999]]],[[[-78.683001,35.825841],[-78.68311,35.825149999999994],[-78.682998,35.825089999999996],[-78.683645,35.823537],[-78.683521,35.823255],[-78.68383600000001,35.82341299999999],[-78.68388300000001,35.823323],[-78.684423,35.823028999999984],[-78.684587,35.82283],[-78.684563,35.82258399999999],[-78.68483300000001,35.822528999999996],[-78.685221,35.822004],[-78.685227,35.821739],[-78.685275,35.82157500000001],[-78.685341,35.82149900000001],[-78.685264,35.822145],[-78.68499,35.822577],[-78.684629,35.822606],[-78.684596,35.823078],[-78.684474,35.823177],[-78.683661,35.823481],[-78.683605,35.823765],[-78.683403,35.824209],[-78.683301,35.82489900000001],[-78.683048,35.82573299999999],[-78.683001,35.825841]]],[[[-78.682986,35.826761],[-78.682853,35.826728],[-78.68317,35.82654900000001],[-78.682986,35.826761]]],[[[-78.68153,35.826954],[-78.681988,35.82665699999998],[-78.682386,35.826648],[-78.682643,35.82642200000001],[-78.68276,35.82642899999999],[-78.682553,35.826615000000004],[-78.68153,35.826954]]],[[[-78.682824,35.826772],[-78.682542,35.826965],[-78.682636,35.827158],[-78.682361,35.827389],[-78.682314,35.82757799999999],[-78.681772,35.828292999999995],[-78.681143,35.828787999999996],[-78.681916,35.82789600000001],[-78.681908,35.82747299999999],[-78.682122,35.82713699999999],[-78.682824,35.826772]]],[[[-78.680984,35.82841799999999],[-78.681352,35.827506],[-78.681379,35.827077],[-78.681477,35.827026000000004],[-78.681377,35.827969],[-78.681055,35.828286999999996],[-78.680985,35.82850899999999],[-78.680984,35.82841799999999]]],[[[-78.680835,35.828853],[-78.680874,35.82872799999999],[-78.680917,35.82868199999999],[-78.680835,35.828853]]],[[[-78.680834,35.828872],[-78.680834,35.828862],[-78.680838,35.82887800000001],[-78.680834,35.828872]]],[[[-78.680842,35.82895599999999],[-78.68084,35.828887],[-78.680858,35.828965000000004],[-78.680842,35.82895599999999]]],[[[-78.68115,35.829387],[-78.681035,35.82944],[-78.681001,35.829466],[-78.68115,35.829387]]],[[[-78.681166,35.829402],[-78.681223,35.829463],[-78.681164,35.829713],[-78.681166,35.829402]]],[[[-78.680974,35.829556],[-78.681007,35.82951],[-78.681021,35.82961399999999],[-78.680974,35.829556]]],[[[-78.675978,35.835996],[-78.676063,35.835521],[-78.675788,35.835427],[-78.675845,35.835229999999996],[-78.676089,35.834786],[-78.676369,35.834742],[-78.676488,35.834628],[-78.676971,35.83359899999999],[-78.676991,35.83335400000001],[-78.677389,35.83304300000001],[-78.677899,35.831900999999995],[-78.68012,35.830109],[-78.680489,35.829906],[-78.680605,35.83003699999999],[-78.681014,35.829723],[-78.680717,35.830097],[-78.679358,35.830788],[-78.678884,35.83113300000001],[-78.67769,35.832921],[-78.677576,35.833413],[-78.677063,35.834395],[-78.677125,35.834815],[-78.676274,35.835448],[-78.676261,35.83561600000001],[-78.676492,35.835997000000006],[-78.676367,35.836288999999994],[-78.676101,35.836526],[-78.675548,35.836408000000006],[-78.676122,35.836112],[-78.675978,35.835996]]],[[[-78.681079,35.82994299999999],[-78.680662,35.830398],[-78.680807,35.830426],[-78.680422,35.83081800000001],[-78.679942,35.83088],[-78.679809,35.831072999999996],[-78.679607,35.831089999999996],[-78.679409,35.83128800000001],[-78.679297,35.83123899999999],[-78.67924,35.83137],[-78.679219,35.831273],[-78.678897,35.831557],[-78.679015,35.83168100000001],[-78.678871,35.831740999999994],[-78.678723,35.83222399999999],[-78.678557,35.83235],[-78.678306,35.83283699999999],[-78.678139,35.833712999999996],[-78.677513,35.834346],[-78.677575,35.834866000000005],[-78.677481,35.835272],[-78.677562,35.835482],[-78.677235,35.836318],[-78.677345,35.836570999999985],[-78.677543,35.8367],[-78.678853,35.83712899999999],[-78.67885,35.837211],[-78.678673,35.837207],[-78.678638,35.837437],[-78.677164,35.836742],[-78.676293,35.836566999999995],[-78.676554,35.83638200000001],[-78.676653,35.836127999999995],[-78.676673,35.835696],[-78.676584,35.835558],[-78.67694,35.835129],[-78.677448,35.83476799999999],[-78.677438,35.834284999999994],[-78.677969,35.833746],[-78.677949,35.833111999999986],[-78.678205,35.83258],[-78.678707,35.83217299999999],[-78.678695,35.83187199999998],[-78.678874,35.831574],[-78.67919500000002,35.831223],[-78.680426,35.830475],[-78.681079,35.82994299999999]]],[[[-78.672957,35.83799499999999],[-78.671896,35.83788],[-78.671831,35.837887],[-78.671985,35.837855],[-78.672957,35.83799499999999]]],[[[-78.680337,35.838193999999994],[-78.680564,35.837880999999996],[-78.680756,35.836847999999996],[-78.681366,35.836409],[-78.681448,35.83644400000001],[-78.681439,35.83677000000001],[-78.681177,35.83768],[-78.681499,35.83791099999999],[-78.680913,35.838145999999995],[-78.680872,35.838525000000004],[-78.681213,35.838865],[-78.681276,35.83909599999999],[-78.681396,35.838994],[-78.681638,35.839154],[-78.681833,35.839397000000005],[-78.681726,35.839437999999994],[-78.682551,35.84013900000001],[-78.680454,35.838610999999986],[-78.679573,35.838159000000005],[-78.679056,35.837641],[-78.679746,35.837806000000015],[-78.680337,35.838193999999994]]],[[[-78.664873,35.837424],[-78.66494600000001,35.837166],[-78.666914,35.836772],[-78.66758,35.836785000000006],[-78.668653,35.837042999999994],[-78.669275,35.83706599999999],[-78.668795,35.83710599999999],[-78.667817,35.83700000000001],[-78.667656,35.83723200000001],[-78.667834,35.837461],[-78.667524,35.83739399999999],[-78.667412,35.837445],[-78.66781,35.83760199999999],[-78.667835,35.837875],[-78.667956,35.837982],[-78.667885,35.838067],[-78.668144,35.838412],[-78.668484,35.838682],[-78.668833,35.83876],[-78.668967,35.838966],[-78.669135,35.838964],[-78.669076,35.83877199999999],[-78.669171,35.838699],[-78.669298,35.83870099999999],[-78.669414,35.838833],[-78.669806,35.83881699999999],[-78.66983500000002,35.838637000000006],[-78.670111,35.838565],[-78.671045,35.838028],[-78.671484,35.83793699999999],[-78.670903,35.838218999999995],[-78.669852,35.839112],[-78.66905,35.839263],[-78.668508,35.83906300000001],[-78.667619,35.838212],[-78.666954,35.837762999999995],[-78.665907,35.83765100000001],[-78.663903,35.837742],[-78.662722,35.837450999999994],[-78.662646,35.83736900000001],[-78.663816,35.837302],[-78.664646,35.83763099999999],[-78.664873,35.837424]]],[[[-78.673726,35.838532],[-78.673337,35.838384999999995],[-78.672496,35.838223],[-78.673747,35.838321],[-78.673845,35.83842],[-78.673726,35.838532]]],[[[-78.666535,35.83866599999999],[-78.666059,35.838623],[-78.665908,35.83875799999999],[-78.665233,35.83865],[-78.664479,35.838728999999994],[-78.664161,35.838853],[-78.664075,35.83903600000001],[-78.664199,35.839279],[-78.664174,35.83971],[-78.663876,35.840454],[-78.663499,35.84085400000001],[-78.662977,35.84109900000001],[-78.66269600000001,35.84133899999999],[-78.662531,35.841634000000006],[-78.662506,35.842011],[-78.662182,35.84226],[-78.662156,35.84208199999999],[-78.662404,35.84181499999999],[-78.66207,35.841514999999994],[-78.662099,35.84139],[-78.66259,35.841238],[-78.663365,35.840822],[-78.663868,35.840333],[-78.664098,35.839420999999994],[-78.664052,35.83925800000001],[-78.663757,35.839162],[-78.663715,35.83904599999999],[-78.663939,35.838428],[-78.665254,35.838308],[-78.66646100000001,35.838481999999985],[-78.667659,35.83891799999999],[-78.668092,35.83914899999999],[-78.668227,35.83928499999998],[-78.668313,35.839395999999994],[-78.667881,35.839083999999986],[-78.667603,35.83899300000001],[-78.667164,35.83900800000001],[-78.666535,35.83866599999999]]],[[[-78.668476,35.839588000000006],[-78.668898,35.839627],[-78.670125,35.839308],[-78.671094,35.838543],[-78.67192,35.838261],[-78.672173,35.838232],[-78.672055,35.83827000000001],[-78.672162,35.838874000000004],[-78.67274200000001,35.83891199999999],[-78.67279,35.838989],[-78.672754,35.839287],[-78.67269,35.83904],[-78.672584,35.83901099999999],[-78.671866,35.838996999999985],[-78.670636,35.83918700000001],[-78.670378,35.83934000000001],[-78.670385,35.83962999999999],[-78.670263,35.839734],[-78.66992900000001,35.839560999999996],[-78.669619,35.839554],[-78.669499,35.839654],[-78.669202,35.83968800000001],[-78.668524,35.83969299999999],[-78.668438,35.839625],[-78.668358,35.839462],[-78.668476,35.839588000000006]]],[[[-78.668735,35.85902999999999],[-78.668361,35.85954099999998],[-78.66816,35.85977],[-78.66862700000001,35.859064999999994],[-78.668968,35.858836999999994],[-78.66980000000001,35.85884599999999],[-78.669951,35.858983],[-78.670007,35.858815],[-78.67025,35.858823],[-78.67053,35.859163],[-78.669494,35.858908],[-78.669117,35.85891999999999],[-78.668735,35.85902999999999]]],[[[-78.670656,35.85938800000001],[-78.669815,35.859555999999984],[-78.66956,35.859438],[-78.670528,35.859358],[-78.670656,35.85938800000001]]],[[[-78.669491,35.859438],[-78.669201,35.859674],[-78.668594,35.859689],[-78.668393,35.860036],[-78.667392,35.860217000000006],[-78.666584,35.860250999999984],[-78.665673,35.860558],[-78.666921,35.860101],[-78.66789000000001,35.860123],[-78.668204,35.859984],[-78.668601,35.859669999999994],[-78.668753,35.859592],[-78.669126,35.859474],[-78.669491,35.859438]]],[[[-78.663454,35.85913],[-78.663329,35.85949900000001],[-78.663421,35.85976600000001],[-78.66377300000002,35.86007299999999],[-78.66420700000002,35.860274999999994],[-78.664527,35.86059800000001],[-78.665107,35.86078500000001],[-78.66550900000001,35.860578],[-78.66541,35.86068499999998],[-78.665259,35.860775000000004],[-78.665008,35.860809],[-78.664237,35.86072300000001],[-78.663051,35.86032500000001],[-78.663188,35.860051],[-78.663037,35.859582],[-78.663454,35.85913]]],[[[-78.672064,35.85944799999999],[-78.672286,35.85922],[-78.672897,35.85949399999999],[-78.673378,35.859896],[-78.673584,35.859820000000006],[-78.673789,35.859877999999995],[-78.674023,35.860262000000006],[-78.673914,35.86048899999999],[-78.674046,35.86062999999999],[-78.673991,35.86072299999999],[-78.674174,35.86131300000001],[-78.674012,35.861352],[-78.673918,35.86097999999999],[-78.673766,35.860871999999986],[-78.673591,35.860026],[-78.673019,35.859688],[-78.672064,35.85944799999999]]],[[[-78.666265,35.86005300000001],[-78.665872,35.86019],[-78.665516,35.86057],[-78.665887,35.860167000000004],[-78.666438,35.85992199999999],[-78.667814,35.859941],[-78.666265,35.86005300000001]]],[[[-78.672959,35.85988],[-78.673458,35.860167],[-78.673654,35.860854999999994],[-78.673885,35.86109499999999],[-78.673899,35.861379],[-78.673693,35.861053999999996],[-78.673564,35.861022],[-78.673343,35.86026499999999],[-78.6727,35.86005800000001],[-78.672137,35.860065000000006],[-78.672133,35.859878999999985],[-78.671959,35.859655999999994],[-78.672959,35.85988]]],[[[-78.662322,35.86013599999999],[-78.664499,35.860882999999994],[-78.665186,35.860878],[-78.665544,35.86066399999999],[-78.665307,35.86092300000001],[-78.664477,35.86097099999999],[-78.664306,35.861111],[-78.664182,35.861665],[-78.66437500000002,35.862189],[-78.664024,35.86204200000001],[-78.663676,35.862125],[-78.663507,35.861557999999995],[-78.663553,35.8612],[-78.663094,35.86092899999999],[-78.662899,35.860929],[-78.662958,35.860656],[-78.662707,35.86044],[-78.662362,35.860414],[-78.661889,35.86087400000001],[-78.662322,35.86013599999999]]],[[[-78.64922100000001,35.754307999999995],[-78.649249,35.754298999999996],[-78.650509,35.754290999999995],[-78.64922100000001,35.754307999999995]]],[[[-78.652226,35.75495299999999],[-78.650932,35.754258],[-78.650546,35.754163],[-78.649262,35.754203999999994],[-78.649306,35.754099],[-78.649478,35.754169999999995],[-78.650696,35.754127],[-78.6519,35.754184],[-78.653086,35.75440299999998],[-78.6556,35.755464],[-78.656141,35.75581999999999],[-78.656238,35.756134],[-78.656052,35.756184999999995],[-78.655071,35.755772999999984],[-78.654509,35.755654],[-78.652809,35.755646],[-78.652226,35.75495299999999]]],[[[-78.655951,35.75695799999999],[-78.65577,35.758027999999996],[-78.656028,35.75845199999999],[-78.65611000000001,35.758863000000005],[-78.65629,35.758939],[-78.65663,35.758846],[-78.657381,35.759038],[-78.658031,35.758977],[-78.658159,35.75908299999999],[-78.657451,35.759057000000006],[-78.656711,35.75891],[-78.656277,35.758956],[-78.656132,35.75890900000001],[-78.655862,35.758478000000004],[-78.65559,35.75830500000001],[-78.655317,35.757741],[-78.655227,35.756902999999994],[-78.655015,35.756468],[-78.654605,35.756169],[-78.654129,35.755976],[-78.652884,35.755675999999994],[-78.654183,35.75570999999999],[-78.655075,35.755948],[-78.655923,35.756350999999995],[-78.656172,35.75660299999999],[-78.655951,35.75695799999999]]],[[[-78.654877,35.76037999999999],[-78.654219,35.759697],[-78.652744,35.759427],[-78.65232,35.75919199999999],[-78.652219,35.759029999999996],[-78.652282,35.758810999999994],[-78.652713,35.758627],[-78.652612,35.75842399999999],[-78.652687,35.75824899999999],[-78.65259700000001,35.756696000000005],[-78.652802,35.756336999999995],[-78.652178,35.756323],[-78.651862,35.755687999999985],[-78.652098,35.75564],[-78.65141,35.755584999999996],[-78.651205,35.755266],[-78.651139,35.754872000000006],[-78.650752,35.75434200000001],[-78.651922,35.75538099999999],[-78.652444,35.756041],[-78.652802,35.756283],[-78.652838,35.756432],[-78.652711,35.756814999999996],[-78.652741,35.75713799999999],[-78.652958,35.757754999999996],[-78.653456,35.75838199999999],[-78.654512,35.759054],[-78.65617,35.759628],[-78.657245,35.75961000000001],[-78.658215,35.759247],[-78.65853600000001,35.76039800000001],[-78.658185,35.760332],[-78.657847,35.760385],[-78.657444,35.760688],[-78.657031,35.76071499999999],[-78.656729,35.760687999999995],[-78.655982,35.76035],[-78.65515000000002,35.760267],[-78.654877,35.76037999999999]]],[[[-78.660014,35.757563],[-78.658875,35.75818900000001],[-78.658608,35.758431],[-78.65842,35.75896999999999],[-78.658321,35.758463000000006],[-78.658365,35.757333],[-78.658663,35.75685699999999],[-78.65866500000001,35.75668099999999],[-78.658902,35.75667800000001],[-78.662417,35.757553],[-78.663942,35.758283],[-78.661106,35.757629000000016],[-78.660014,35.757563]]],[[[-78.662026,35.760008],[-78.661815,35.75979399999999],[-78.66126,35.75995700000001],[-78.660608,35.759660999999994],[-78.660424,35.759713],[-78.660305,35.759932000000006],[-78.66047,35.76012899999999],[-78.660361,35.76029599999999],[-78.660453,35.76051799999999],[-78.660039,35.76044],[-78.659834,35.760037],[-78.659701,35.75998100000001],[-78.659234,35.760097],[-78.658938,35.760417000000004],[-78.658413,35.75919999999999],[-78.659048,35.759249000000004],[-78.660531,35.75904],[-78.661016,35.759139],[-78.661542,35.75944700000001],[-78.662955,35.75968899999999],[-78.664358,35.760167],[-78.665821,35.760842],[-78.667954,35.762049],[-78.668852,35.76245],[-78.66989,35.762682],[-78.671121,35.762796],[-78.671774,35.762936],[-78.670675,35.762805],[-78.670706,35.763006],[-78.671007,35.76328500000001],[-78.671017,35.763515],[-78.67088,35.763687],[-78.670371,35.76396499999999],[-78.670013,35.763786],[-78.669518,35.763222],[-78.669446,35.76291],[-78.668928,35.76286700000001],[-78.66854,35.763109],[-78.667028,35.76204200000001],[-78.666432,35.761514],[-78.665978,35.761241],[-78.665059,35.760941999999986],[-78.664696,35.760524000000004],[-78.663672,35.76043099999999],[-78.663455,35.760337],[-78.662366,35.760378],[-78.662247,35.760127],[-78.662078,35.7602],[-78.662019,35.760148],[-78.662026,35.760008]]],[[[-78.646159,35.76827],[-78.647233,35.767269],[-78.647593,35.767048],[-78.647841,35.767379999999996],[-78.647763,35.76757200000001],[-78.647672,35.767654],[-78.647483,35.767545],[-78.647306,35.76758],[-78.647245,35.767693],[-78.647372,35.767942000000005],[-78.647127,35.76759],[-78.646949,35.767544],[-78.64674,35.76774000000001],[-78.646707,35.767911000000005],[-78.647387,35.769069],[-78.647939,35.769722],[-78.647332,35.769318],[-78.647155,35.76886600000001],[-78.646992,35.768865],[-78.646816,35.768739999999994],[-78.646659,35.768406000000006],[-78.64642,35.768380999999984],[-78.646338,35.768285999999996],[-78.646107,35.768362],[-78.646159,35.76827]]],[[[-78.64771,35.768397],[-78.64787200000002,35.768826000000004],[-78.647794,35.769166],[-78.647774,35.768585],[-78.64763,35.768311000000004],[-78.64771,35.768397]]],[[[-78.648423,35.769592],[-78.648522,35.769623],[-78.648588,35.769537],[-78.648595,35.769816999999996],[-78.648805,35.76993999999999],[-78.648285,35.769704],[-78.648423,35.769592]]],[[[-78.64895,35.770115],[-78.648481,35.770024],[-78.648198,35.770500999999996],[-78.648251,35.770028],[-78.64813200000002,35.769984],[-78.648105,35.76984699999999],[-78.64895,35.770115]]],[[[-78.651663,35.77065199999999],[-78.649678,35.770304],[-78.649134,35.770146],[-78.65113,35.77048400000001],[-78.651663,35.77065199999999]]],[[[-78.649236,35.769971],[-78.650743,35.76983400000001],[-78.651805,35.769898],[-78.652061,35.77010699999999],[-78.652367,35.770594999999986],[-78.652763,35.770841999999995],[-78.652779,35.77094199999999],[-78.653157,35.77103499999999],[-78.653083,35.771111999999995],[-78.653244,35.771261],[-78.651896,35.770495000000004],[-78.650674,35.770178],[-78.649236,35.769971]]],[[[-78.653265,35.771272999999994],[-78.653369,35.771330999999996],[-78.653393,35.77140399999999],[-78.653265,35.771272999999994]]],[[[-78.653541,35.771501],[-78.653761,35.771526],[-78.653901,35.771631],[-78.653541,35.771501]]],[[[-78.654911,35.772305],[-78.655776,35.772651],[-78.656005,35.77280999999999],[-78.656197,35.77298300000002],[-78.656226,35.77351099999999],[-78.65635,35.773735],[-78.656099,35.77400300000001],[-78.656574,35.77442],[-78.656737,35.774482],[-78.656922,35.77440099999999],[-78.65704,35.774508999999995],[-78.657906,35.774409000000006],[-78.65806,35.77451099999999],[-78.658058,35.774715],[-78.656891,35.77457199999999],[-78.656288,35.774931999999986],[-78.656,35.774072999999994],[-78.656207,35.773434],[-78.656175,35.773022],[-78.655757,35.77266600000001],[-78.655284,35.772562],[-78.654911,35.772305]]],[[[-78.653152,35.771399],[-78.655543,35.772753],[-78.655919,35.77316900000001],[-78.655918,35.77347000000001],[-78.655493,35.77290599999999],[-78.655078,35.772627],[-78.654922,35.772636999999996],[-78.654928,35.773002999999996],[-78.655214,35.773086000000006],[-78.65553,35.77355300000001],[-78.655908,35.773634],[-78.655687,35.77419499999999],[-78.656001,35.775099999999995],[-78.656417,35.77507],[-78.65649700000002,35.775405],[-78.656869,35.77537800000001],[-78.657592,35.775572],[-78.657473,35.775774],[-78.657595,35.776134000000006],[-78.65658100000002,35.77618999999999],[-78.656547,35.77606999999999],[-78.656069,35.776013000000006],[-78.655859,35.775738999999994],[-78.655193,35.775366000000005],[-78.655102,35.775089],[-78.655379,35.774899],[-78.655521,35.77456699999999],[-78.655424,35.773633],[-78.654124,35.77271499999999],[-78.653973,35.77275299999999],[-78.65394200000001,35.772664],[-78.65359200000002,35.77250999999999],[-78.65354700000002,35.772379999999984],[-78.652712,35.771800999999996],[-78.652898,35.77172000000001],[-78.653152,35.771399]],[[-78.653955,35.77219900000001],[-78.653745,35.771995],[-78.653789,35.771851],[-78.653449,35.771616],[-78.653183,35.77156900000001],[-78.65303100000001,35.77168799999999],[-78.65341600000002,35.772041],[-78.653955,35.77219900000001]],[[-78.654712,35.772824],[-78.65497,35.772565],[-78.654859,35.772508],[-78.654705,35.772600999999995],[-78.654431,35.77248000000001],[-78.654702,35.772664999999996],[-78.654712,35.772824]]],[[[-78.658098,35.774891999999994],[-78.657747,35.77488099999999],[-78.657204,35.77483000000001],[-78.658098,35.774891999999994]]],[[[-78.658182,35.774757999999984],[-78.65848,35.774777],[-78.65870200000002,35.774812],[-78.658915,35.774867],[-78.659534,35.775195],[-78.660616,35.775863],[-78.661906,35.77675599999999],[-78.662411,35.776913],[-78.662554,35.77705],[-78.66281,35.777452],[-78.662431,35.776938],[-78.661765,35.776708],[-78.659528,35.775209000000004],[-78.65874700000002,35.774831],[-78.658218,35.77477],[-78.658182,35.774757999999984]]],[[[-78.662813,35.77745500000001],[-78.662995,35.77759999999999],[-78.662895,35.777802999999984],[-78.663056,35.778017000000006],[-78.662895,35.778071999999995],[-78.662931,35.778315000000006],[-78.662871,35.778089],[-78.662813,35.77745500000001]]],[[[-78.662378,35.777076],[-78.662677,35.777545],[-78.662669,35.77762400000001],[-78.66264900000002,35.77764899999999],[-78.662498,35.777393999999994],[-78.662104,35.77724299999998],[-78.662175,35.77747099999999],[-78.662535,35.777651],[-78.662563,35.778744],[-78.662943,35.77868099999999],[-78.663353,35.77892400000001],[-78.663293,35.77921299999999],[-78.66416,35.779593],[-78.664408,35.779912],[-78.665994,35.780328999999995],[-78.66621,35.780286],[-78.666385,35.780370999999995],[-78.667033,35.780288],[-78.667032,35.780675],[-78.666943,35.780677],[-78.666961,35.78052000000001],[-78.666853,35.780426],[-78.666681,35.78041999999999],[-78.66655300000001,35.780536],[-78.666284,35.780472],[-78.666125,35.780561999999996],[-78.66583,35.78054],[-78.666141,35.78049099999999],[-78.666265,35.780331999999994],[-78.665677,35.780325999999995],[-78.665543,35.780213999999994],[-78.664276,35.779931],[-78.66425,35.779817999999985],[-78.663226,35.779831],[-78.662982,35.77932299999999],[-78.663094,35.77907],[-78.662988,35.778971],[-78.663133,35.778842999999995],[-78.66269,35.77908099999999],[-78.662531,35.778941],[-78.66255700000002,35.778733],[-78.662355,35.77817],[-78.662214,35.778014],[-78.661967,35.777964999999995],[-78.661692,35.777564000000005],[-78.661874,35.777111],[-78.661461,35.776796000000004],[-78.661536,35.776685],[-78.661105,35.776374],[-78.661934,35.776963],[-78.662378,35.777076]]],[[[-78.663311,35.778446],[-78.663475,35.77854299999999],[-78.663498,35.77870899999999],[-78.663719,35.778755000000004],[-78.66364800000001,35.77888600000001],[-78.663742,35.77900199999999],[-78.66416200000002,35.77894],[-78.664519,35.779061],[-78.664968,35.77925599999999],[-78.665174,35.77927700000001],[-78.66563800000002,35.77942899999999],[-78.666064,35.77949600000001],[-78.666164,35.779540000000004],[-78.666308,35.779671],[-78.666435,35.77961699999999],[-78.66676600000001,35.779819],[-78.66708,35.780162999999995],[-78.666879,35.780135],[-78.666605,35.77979299999999],[-78.666298,35.779674],[-78.66605,35.779505],[-78.665656,35.779444],[-78.665149,35.77928099999999],[-78.664945,35.779264999999995],[-78.664252,35.77898100000001],[-78.663741,35.779023],[-78.663532,35.778779],[-78.663105,35.778529],[-78.663311,35.778446]]],[[[-78.665119,35.803505],[-78.665178,35.80433599999999],[-78.665057,35.80524299999999],[-78.664894,35.805203000000006],[-78.665087,35.804553],[-78.665059,35.80388899999999],[-78.66494600000001,35.803691],[-78.664589,35.80354199999999],[-78.66462,35.803477],[-78.665145,35.803438],[-78.665377,35.80294399999999],[-78.665322,35.802781999999986],[-78.665431,35.80277099999999],[-78.66539,35.802921000000005],[-78.665317,35.803126],[-78.665119,35.803505]]],[[[-78.665064,35.805423],[-78.665074,35.805381],[-78.66507,35.805432999999994],[-78.665064,35.805423]]],[[[-78.665118,35.805562],[-78.66508,35.80548699999999],[-78.66507,35.805432999999994],[-78.665118,35.805562]]],[[[-78.665126,35.805384],[-78.665695,35.80575999999999],[-78.66568500000001,35.80602699999999],[-78.665479,35.80664],[-78.665343,35.806851],[-78.665033,35.80695999999999],[-78.665158,35.80715699999999],[-78.66511,35.807343],[-78.665045,35.80743399999999],[-78.664299,35.807846],[-78.66508,35.807362000000005],[-78.665031,35.807168000000004],[-78.664785,35.807012],[-78.665448,35.80667399999999],[-78.665636,35.806012],[-78.665209,35.805531],[-78.665126,35.805384]]],[[[-78.665378,35.80650099999999],[-78.665274,35.806666],[-78.664676,35.807017],[-78.664951,35.807239999999986],[-78.664953,35.80731899999999],[-78.664877,35.807395],[-78.664547,35.807584],[-78.664452,35.807676],[-78.664064,35.807918],[-78.663983,35.80805699999999],[-78.663817,35.808265000000006],[-78.663731,35.80845999999999],[-78.663882,35.808701],[-78.663789,35.80869599999999],[-78.663674,35.808502000000004],[-78.663846,35.808151],[-78.66412700000001,35.80784],[-78.664874,35.80730700000001],[-78.66489,35.807199],[-78.66468800000001,35.807126999999994],[-78.664655,35.807012],[-78.665313,35.806579],[-78.665368,35.8062],[-78.665123,35.805821],[-78.665209,35.805728],[-78.665064,35.805755],[-78.665186,35.80564],[-78.66544,35.806036999999996],[-78.665378,35.80650099999999]]],[[[-78.664263,35.807869],[-78.66427,35.80786499999999],[-78.664241,35.80789300000001],[-78.664263,35.807869]]],[[[-78.664234,35.807902999999996],[-78.664248,35.808246],[-78.664042,35.80852099999999],[-78.664116,35.808745999999985],[-78.663855,35.80843399999999],[-78.664234,35.807902999999996]]],[[[-78.664176,35.808823000000004],[-78.664184,35.80891299999999],[-78.664116,35.808745999999985],[-78.664176,35.808823000000004]]],[[[-78.663882,35.808701],[-78.663968,35.808975000000004],[-78.663918,35.808917],[-78.663882,35.808701]]],[[[-78.664204,35.80899099999999],[-78.664191,35.80896499999999],[-78.664204,35.808985],[-78.664204,35.80899099999999]]],[[[-78.664341,35.80983599999999],[-78.664204,35.80899099999999],[-78.664569,35.80981799999999],[-78.664358,35.809816],[-78.664306,35.810216000000004],[-78.66412500000001,35.81033599999999],[-78.664341,35.80983599999999]]],[[[-78.663835,35.80922900000001],[-78.663883,35.809761],[-78.663688,35.81004900000001],[-78.663662,35.810303],[-78.663899,35.81039700000001],[-78.663935,35.81042699999998],[-78.663574,35.810306000000004],[-78.663276,35.810026],[-78.663573,35.80940600000001],[-78.664043,35.808980999999996],[-78.663835,35.80922900000001]]],[[[-78.663985,35.810478],[-78.664001,35.810480999999996],[-78.664006,35.810483999999995],[-78.663985,35.810478]]],[[[-78.664015,35.810489],[-78.664006,35.810483999999995],[-78.664024,35.81049099999999],[-78.664015,35.810489]]],[[[-78.664123,35.810558],[-78.664008,35.81063699999999],[-78.663953,35.810694],[-78.66403,35.81049399999999],[-78.664123,35.810558]]],[[[-78.663696,35.81073399999999],[-78.66372800000002,35.810502],[-78.663897,35.810425],[-78.663911,35.810523],[-78.663736,35.810608],[-78.663696,35.81073399999999]]],[[[-78.663923,35.810739],[-78.663927,35.810732999999985],[-78.663922,35.81074199999999],[-78.663923,35.810739]]],[[[-78.663897,35.810788],[-78.6639,35.810777],[-78.66390400000002,35.81076899999999],[-78.663897,35.810788]]],[[[-78.66052800000001,35.815548],[-78.660784,35.814947],[-78.661277,35.81483599999999],[-78.661509,35.814555],[-78.661724,35.814456],[-78.662077,35.813587000000005],[-78.662298,35.81345599999999],[-78.662353,35.81259699999999],[-78.662413,35.812356],[-78.662678,35.811983999999995],[-78.662686,35.81175899999999],[-78.662902,35.811640999999995],[-78.663048,35.81125399999999],[-78.663327,35.811055],[-78.662702,35.810903999999994],[-78.66338800000001,35.810933999999996],[-78.663684,35.81076099999999],[-78.663606,35.81091599999999],[-78.663338,35.811039],[-78.662919,35.811819],[-78.662702,35.811952999999995],[-78.662433,35.81236299999999],[-78.662303,35.81346],[-78.66213,35.813655999999995],[-78.662027,35.81407300000001],[-78.661521,35.81473699999999],[-78.661479,35.814997000000005],[-78.660861,35.815983],[-78.660487,35.81679900000001],[-78.660101,35.81734099999999],[-78.659251,35.81797],[-78.659162,35.81836799999999],[-78.658726,35.819238],[-78.658525,35.819368999999995],[-78.658394,35.81934399999999],[-78.658771,35.81913899999999],[-78.65857300000002,35.81886699999999],[-78.658764,35.81883100000001],[-78.658935,35.81858199999999],[-78.658569,35.81816299999999],[-78.658771,35.817792999999995],[-78.658733,35.817226000000005],[-78.659214,35.81745],[-78.659354,35.817296999999996],[-78.659633,35.817198],[-78.659708,35.816869000000004],[-78.660443,35.816615],[-78.66062,35.815996],[-78.66052800000001,35.815548]]],[[[-78.663869,35.81084299999999],[-78.663806,35.81101700000001],[-78.663688,35.811113],[-78.663507,35.811186],[-78.663385,35.811532],[-78.663217,35.81189199999999],[-78.662828,35.812217999999994],[-78.662806,35.81288000000001],[-78.663114,35.813206],[-78.663018,35.813333],[-78.663046,35.813646999999996],[-78.662759,35.81401],[-78.662386,35.814226],[-78.662137,35.81479900000001],[-78.661925,35.81481000000001],[-78.661854,35.815089],[-78.661901,35.815258],[-78.6621,35.815321999999995],[-78.662435,35.815159],[-78.662752,35.815603],[-78.663041,35.815740999999996],[-78.663273,35.815727],[-78.662376,35.815788],[-78.66212500000002,35.815919],[-78.66112,35.816043],[-78.661648,35.81509299999999],[-78.66179,35.814633],[-78.662635,35.813314999999996],[-78.662705,35.81240199999999],[-78.66291100000001,35.812079000000004],[-78.66317,35.811894],[-78.663505,35.81117900000001],[-78.663796,35.811013],[-78.663869,35.81084299999999]]],[[[-78.664217,35.81553099999999],[-78.664395,35.81556300000001],[-78.66398800000002,35.81555500000001],[-78.664217,35.81553099999999]]],[[[-78.663651,35.81562099999999],[-78.663844,35.815557],[-78.66398800000002,35.81555500000001],[-78.663651,35.81562099999999]]],[[[-78.664858,35.81561],[-78.664869,35.81564900000001],[-78.664507,35.815583],[-78.664858,35.81561]]],[[[-78.663493,35.815668],[-78.66356,35.815640999999985],[-78.663608,35.815633999999996],[-78.663493,35.815668]]],[[[-78.664314,35.815749],[-78.664232,35.81574599999999],[-78.66416,35.815726999999995],[-78.664314,35.815749]]],[[[-78.664875,35.815779],[-78.664747,35.815803],[-78.664472,35.815766],[-78.664875,35.815779]]],[[[-78.661309,35.816331],[-78.66368,35.815856999999994],[-78.663738,35.81595299999999],[-78.663444,35.816064],[-78.663254,35.816522],[-78.663118,35.816445],[-78.662904,35.816649],[-78.662702,35.81665],[-78.66268800000002,35.81680299999999],[-78.662107,35.816807],[-78.661612,35.817061],[-78.660909,35.81701300000001],[-78.660757,35.81712099999999],[-78.660654,35.817392],[-78.660545,35.817409],[-78.660592,35.817516999999995],[-78.66076,35.817558],[-78.659933,35.81814599999999],[-78.660053,35.818572],[-78.659781,35.819106999999995],[-78.659514,35.819283],[-78.659512,35.819394999999986],[-78.659358,35.819424],[-78.659154,35.81957799999999],[-78.658961,35.81965400000001],[-78.658937,35.81971699999999],[-78.65861800000002,35.819887],[-78.658518,35.819993],[-78.658468,35.820019],[-78.658611,35.819888],[-78.658961,35.81964399999999],[-78.659053,35.81960599999999],[-78.65909,35.81941],[-78.659836,35.818216],[-78.66074100000002,35.81690900000001],[-78.661309,35.816331]]],[[[-78.657994,35.82003999999999],[-78.657968,35.82004100000001],[-78.65794,35.820038999999994],[-78.657994,35.82003999999999]]],[[[-78.658031,35.820053],[-78.658006,35.820043],[-78.658061,35.82007399999999],[-78.658031,35.820053]]],[[[-78.658063,35.82007599999999],[-78.658466,35.82001999999999],[-78.658119,35.820123],[-78.658063,35.82007599999999]]],[[[-78.655809,35.821355],[-78.656113,35.821435],[-78.656553,35.820982],[-78.656825,35.82037799999999],[-78.656926,35.820268999999996],[-78.657241,35.820064],[-78.657558,35.81994199999999],[-78.657667,35.819793999999995],[-78.658003,35.81960900000001],[-78.658189,35.81957799999999],[-78.658294,35.81942599999999],[-78.65836000000002,35.819363],[-78.65839,35.81934699999999],[-78.658203,35.819577],[-78.657703,35.819785],[-78.657577,35.819939999999995],[-78.657506,35.819988],[-78.65688600000001,35.820328999999994],[-78.65657,35.82097899999999],[-78.656184,35.821476000000004],[-78.655841,35.821481999999996],[-78.655809,35.821355]]],[[[-78.654472,35.820931],[-78.654379,35.820949000000006],[-78.654407,35.820938],[-78.654472,35.820931]]],[[[-78.654283,35.82098499999998],[-78.654335,35.82096500000001],[-78.654271,35.820992000000004],[-78.654283,35.82098499999998]]],[[[-78.654841,35.821077],[-78.654665,35.820977000000006],[-78.654501,35.82093100000001],[-78.654841,35.821077]]],[[[-78.65389700000001,35.821177],[-78.65394200000001,35.821118999999996],[-78.653986,35.821096999999995],[-78.654228,35.821019],[-78.65389700000001,35.821177]]],[[[-78.654982,35.82091],[-78.655179,35.82105599999999],[-78.655382,35.821081],[-78.655587,35.82118],[-78.655651,35.821163],[-78.655809,35.821355],[-78.655655,35.821194],[-78.655559,35.821176],[-78.655342,35.821082],[-78.655204,35.82106499999999],[-78.655155,35.821051],[-78.654961,35.821155],[-78.655071,35.821089],[-78.654982,35.82091]]],[[[-78.657038,35.820754],[-78.657158,35.820582999999985],[-78.657552,35.820327999999996],[-78.657703,35.820179],[-78.657849,35.820073],[-78.657909,35.82005],[-78.657392,35.820663],[-78.657396,35.820812999999994],[-78.657168,35.821148],[-78.657205,35.821768],[-78.657326,35.822005],[-78.657161,35.822172],[-78.657183,35.822549],[-78.656957,35.822469000000005],[-78.657018,35.822309],[-78.656872,35.822132],[-78.656555,35.822233999999995],[-78.656763,35.821893],[-78.657038,35.820754]]],[[[-78.65389,35.821186],[-78.652909,35.821852],[-78.652937,35.822259],[-78.652658,35.822479],[-78.65282,35.822954],[-78.653222,35.823202999999985],[-78.653216,35.823459],[-78.652788,35.82300399999999],[-78.652635,35.82261],[-78.652643,35.82232400000001],[-78.652917,35.822234],[-78.652858,35.821997],[-78.652903,35.821832],[-78.652983,35.821748],[-78.653402,35.821457],[-78.65389,35.821186]]],[[[-78.653688,35.82272300000001],[-78.654159,35.822412],[-78.654709,35.822202000000004],[-78.65510500000002,35.82222],[-78.655412,35.82244999999999],[-78.655781,35.822488],[-78.655817,35.822306],[-78.656555,35.822233999999995],[-78.65647,35.822378],[-78.656129,35.822372999999985],[-78.655442,35.822624000000005],[-78.655177,35.822626],[-78.654999,35.822291],[-78.654233,35.822421],[-78.653649,35.822919999999996],[-78.653725,35.823204999999994],[-78.653859,35.82327699999999],[-78.653853,35.82349399999999],[-78.653737,35.82355200000001],[-78.653403,35.82348199999999],[-78.653487,35.82345800000001],[-78.653525,35.82295799999999],[-78.653688,35.82272300000001]]],[[[-78.653167,35.823678],[-78.652864,35.823954],[-78.652534,35.823972],[-78.65268,35.82377600000001],[-78.653167,35.823678]]],[[[-78.649438,35.82389700000001],[-78.650101,35.82410900000001],[-78.65014,35.82413799999999],[-78.649578,35.82404799999999],[-78.647699,35.823987999999986],[-78.646416,35.82265],[-78.645674,35.822251],[-78.645294,35.82223599999999],[-78.644427,35.82244299999999],[-78.642998,35.822013999999996],[-78.64139,35.821805000000005],[-78.640424,35.821484999999996],[-78.639322,35.821411999999995],[-78.638361,35.821238],[-78.637768,35.82129900000001],[-78.637432,35.82147400000001],[-78.637268,35.82304200000001],[-78.636913,35.82336299999999],[-78.636639,35.82345200000001],[-78.636386,35.823258],[-78.635316,35.821351],[-78.634516,35.820961000000004],[-78.635046,35.820586],[-78.635644,35.820522999999994],[-78.635781,35.82064799999999],[-78.635844,35.821031],[-78.635741,35.82119399999999],[-78.635323,35.821362],[-78.63604900000001,35.82223700000001],[-78.63594,35.82220000000001],[-78.635982,35.822259],[-78.636497,35.82257299999999],[-78.636622,35.822441],[-78.636745,35.822515999999986],[-78.637209,35.822329999999994],[-78.63743100000002,35.821207],[-78.637593,35.820991],[-78.637808,35.820939],[-78.637749,35.82083300000001],[-78.637846,35.820750999999994],[-78.637977,35.820664],[-78.638422,35.820704],[-78.638561,35.820848],[-78.638869,35.820744000000005],[-78.63906,35.82004100000002],[-78.639403,35.819634999999984],[-78.639256,35.8201],[-78.6393,35.820851],[-78.639753,35.82090099999999],[-78.639952,35.821051000000004],[-78.640271,35.821107],[-78.64055100000002,35.82137],[-78.641302,35.82176700000001],[-78.641631,35.821739],[-78.642101,35.821335999999995],[-78.642381,35.82125],[-78.642985,35.82127100000001],[-78.642939,35.82113100000001],[-78.643165,35.821106],[-78.643211,35.820864],[-78.643425,35.820779],[-78.643779,35.82025699999999],[-78.644187,35.820035],[-78.64438,35.81980699999999],[-78.644652,35.81980999999999],[-78.644765,35.819526999999994],[-78.644828,35.819972],[-78.644987,35.820184999999995],[-78.645139,35.820215],[-78.645278,35.81978900000001],[-78.64540300000002,35.819825],[-78.64528,35.820299],[-78.64549500000001,35.820328999999994],[-78.64587,35.820108999999995],[-78.645776,35.820330999999996],[-78.646044,35.820355000000006],[-78.645928,35.82068299999999],[-78.645782,35.820666],[-78.64597400000001,35.820808],[-78.646239,35.820781],[-78.646141,35.820942],[-78.646293,35.82116499999999],[-78.646195,35.821136],[-78.646322,35.821545999999984],[-78.647039,35.822081],[-78.647341,35.82212799999999],[-78.647387,35.822985],[-78.648125,35.82313200000001],[-78.648246,35.823374],[-78.649274,35.823693],[-78.649438,35.82389700000001]]],[[[-78.651361,35.82399800000001],[-78.651256,35.823957],[-78.651494,35.823702999999995],[-78.651874,35.823639],[-78.65246800000001,35.82397000000001],[-78.651658,35.82418700000001],[-78.650777,35.824238],[-78.650359,35.824183],[-78.650623,35.82401],[-78.650661,35.824141],[-78.650841,35.824193],[-78.65096,35.824095],[-78.651352,35.824157],[-78.651361,35.82399800000001]]],[[[-78.651937,35.824533999999986],[-78.652501,35.824256999999996],[-78.653026,35.824332],[-78.653315,35.824271],[-78.653543,35.823606],[-78.653444,35.82416099999999],[-78.65339,35.824253],[-78.653173,35.82434599999999],[-78.652567,35.824335],[-78.652067,35.824543],[-78.651279,35.82472200000001],[-78.650581,35.82450800000001],[-78.650409,35.824501000000005],[-78.650135,35.82474499999999],[-78.649931,35.82459],[-78.65017100000001,35.82433199999999],[-78.651012,35.824543],[-78.651937,35.824533999999986]]],[[[-78.64998,35.824276],[-78.648598,35.824371],[-78.648178,35.82469499999999],[-78.648548,35.82521],[-78.648936,35.82555000000001],[-78.648779,35.825474],[-78.648323,35.824993],[-78.648049,35.824444],[-78.64863,35.82432799999999],[-78.64998,35.824276]]],[[[-78.648975,35.825582],[-78.649356,35.82589900000001],[-78.649046,35.82566],[-78.648975,35.825582]]],[[[-78.649413,35.825971],[-78.650416,35.82664799999999],[-78.650881,35.82738099999999],[-78.649933,35.826785],[-78.649413,35.825971]]],[[[-78.654626,35.830647000000006],[-78.654513,35.830396999999984],[-78.65461,35.830054],[-78.654891,35.829770999999994],[-78.655135,35.829205],[-78.655161,35.828900999999995],[-78.655019,35.828671],[-78.654752,35.828525999999975],[-78.653101,35.828393],[-78.652682,35.82846599999999],[-78.651354,35.828316],[-78.651038,35.828373],[-78.650783,35.828617],[-78.650689,35.82852400000001],[-78.651023,35.828214],[-78.651055,35.828039],[-78.65032,35.82782300000001],[-78.649871,35.827391000000006],[-78.6493,35.82718199999999],[-78.64912,35.827211000000005],[-78.649226,35.826334],[-78.650008,35.827437999999994],[-78.650505,35.827838],[-78.651597,35.82803700000001],[-78.654075,35.82813499999999],[-78.654884,35.828298999999994],[-78.655223,35.828464],[-78.655345,35.828816],[-78.655256,35.829327],[-78.654652,35.830235],[-78.654753,35.831528],[-78.655777,35.832683],[-78.656943,35.833535],[-78.656723,35.83367999999999],[-78.656472,35.833704000000004],[-78.656032,35.833544999999994],[-78.655808,35.83361899999999],[-78.655809,35.83348600000001],[-78.655524,35.833388],[-78.655301,35.833453],[-78.655357,35.83316399999999],[-78.655183,35.83299100000001],[-78.654898,35.833042],[-78.654795,35.833403],[-78.654447,35.833205],[-78.653928,35.83324699999999],[-78.654225,35.833043],[-78.654253,35.83284],[-78.654403,35.832841],[-78.654741,35.83251299999999],[-78.65476300000002,35.83239199999999],[-78.654582,35.832215],[-78.654313,35.832238999999994],[-78.654379,35.83188200000001],[-78.65431,35.831773],[-78.654539,35.831285999999984],[-78.654626,35.830647000000006]]],[[[-78.652417,35.827739],[-78.653986,35.827737],[-78.655156,35.828069],[-78.655611,35.828245],[-78.656169,35.82791299999999],[-78.656218,35.827849],[-78.656106,35.827761],[-78.656586,35.82744099999999],[-78.656788,35.827524000000004],[-78.656889,35.827358],[-78.657211,35.827441999999984],[-78.656749,35.827656000000005],[-78.656616,35.827929],[-78.656172,35.828283],[-78.656071,35.828861999999994],[-78.656151,35.829248],[-78.656045,35.829453],[-78.65621,35.829764],[-78.656169,35.83027100000001],[-78.656273,35.830291],[-78.656397,35.830012],[-78.656529,35.830310999999995],[-78.65632500000001,35.83041],[-78.656366,35.830836],[-78.656185,35.830488],[-78.655901,35.83048599999999],[-78.655923,35.830687],[-78.656084,35.83082],[-78.655804,35.83084699999999],[-78.6558,35.831034],[-78.656032,35.831052],[-78.656153,35.83120099999999],[-78.656223,35.83157899999999],[-78.656507,35.832011],[-78.656853,35.832242],[-78.657098,35.832547],[-78.657649,35.83273999999999],[-78.658642,35.83376199999999],[-78.658866,35.833761],[-78.658863,35.834009],[-78.65563,35.831838999999995],[-78.655191,35.83143999999999],[-78.655106,35.830260999999986],[-78.655825,35.829077999999996],[-78.655853,35.82861599999999],[-78.655689,35.82835],[-78.654934,35.82803400000001],[-78.653872,35.827743],[-78.652888,35.827778999999985],[-78.651714,35.827706],[-78.65109,35.827496],[-78.651418,35.82744400000001],[-78.651891,35.827652],[-78.652417,35.827739]]],[[[-78.661554,35.835326],[-78.662397,35.836257999999994],[-78.662663,35.836282],[-78.663037,35.83656599999999],[-78.663011,35.83675399999999],[-78.662201,35.83677099999999],[-78.662159,35.836837],[-78.661876,35.836332],[-78.661399,35.83594099999999],[-78.660635,35.835079],[-78.65935700000001,35.834275],[-78.660848,35.834903000000004],[-78.661554,35.835326]]],[[[-78.660597,35.836166000000006],[-78.660068,35.835458],[-78.65883100000002,35.834926],[-78.658743,35.834562],[-78.660129,35.835245999999984],[-78.661325,35.836547],[-78.661356,35.836734],[-78.660597,35.836166000000006]]],[[[-78.66252200000001,35.83808299999999],[-78.663182,35.838433],[-78.663759,35.83844700000001],[-78.663597,35.839148],[-78.663681,35.839287],[-78.663945,35.839352999999996],[-78.663944,35.839605],[-78.66364800000001,35.84047799999999],[-78.66308,35.840849000000006],[-78.662025,35.84126],[-78.661804,35.841430999999986],[-78.66181,35.841607999999994],[-78.662151,35.841829],[-78.661941,35.842121],[-78.662015,35.842344000000004],[-78.661861,35.842420000000004],[-78.661555,35.842276],[-78.661392,35.841708],[-78.661823,35.84127500000001],[-78.662693,35.840855],[-78.663439,35.840321999999986],[-78.66351900000001,35.840077999999984],[-78.663394,35.838978],[-78.663318,35.838864],[-78.66305,35.838773999999994],[-78.661945,35.838681],[-78.661788,35.838902999999995],[-78.661543,35.83844100000001],[-78.661245,35.838171],[-78.660952,35.83812799999998],[-78.661132,35.838080999999995],[-78.661746,35.83732499999999],[-78.66252200000001,35.83808299999999]]],[[[-78.663014,35.85488600000001],[-78.663397,35.854683],[-78.663707,35.85435199999999],[-78.663933,35.85357700000001],[-78.663899,35.853169],[-78.664057,35.85269999999999],[-78.664047,35.852321],[-78.664233,35.852187000000015],[-78.664253,35.851378],[-78.66389,35.851176],[-78.663664,35.85088199999999],[-78.664005,35.850556999999995],[-78.664032,35.849792],[-78.663673,35.848786],[-78.663458,35.848585],[-78.663087,35.84841300000001],[-78.661388,35.848221999999986],[-78.66127,35.848131],[-78.661241,35.847789],[-78.661008,35.847577],[-78.66181,35.84652200000001],[-78.662925,35.845831],[-78.663239,35.845442999999996],[-78.663155,35.844914],[-78.663268,35.84422],[-78.66344,35.84383600000001],[-78.663067,35.84344200000001],[-78.662533,35.84333099999999],[-78.662335,35.842583],[-78.66255,35.842448],[-78.662795,35.843278],[-78.663947,35.84323299999999],[-78.664124,35.843477],[-78.664128,35.843718],[-78.664008,35.84415400000001],[-78.663703,35.84458399999998],[-78.663581,35.845175],[-78.662398,35.84698],[-78.66225400000002,35.84718099999999],[-78.661993,35.847255000000004],[-78.661486,35.84765899999999],[-78.66195900000001,35.847722],[-78.662237,35.84813299999999],[-78.662985,35.848254000000004],[-78.663272,35.848169],[-78.663597,35.847844],[-78.664014,35.84764299999999],[-78.664816,35.847641],[-78.665047,35.847884],[-78.665186,35.848252],[-78.665164,35.848492],[-78.665383,35.848897999999984],[-78.664851,35.85046899999999],[-78.664137,35.850714],[-78.66473,35.850799],[-78.664369,35.850989999999996],[-78.664444,35.851395999999994],[-78.664136,35.853236],[-78.664359,35.853415999999996],[-78.66499300000001,35.85345300000001],[-78.665217,35.853829999999995],[-78.664282,35.85361799999999],[-78.664086,35.85368499999999],[-78.663908,35.853982],[-78.663864,35.854523],[-78.663647,35.85468300000001],[-78.661927,35.855295999999996],[-78.661648,35.85532599999999],[-78.66252200000001,35.854981],[-78.663014,35.85488600000001]]],[[[-78.661856,35.84844699999999],[-78.661357,35.848437999999994],[-78.660922,35.848274],[-78.660709,35.848487999999996],[-78.660627,35.848375999999995],[-78.660607,35.84768799999999],[-78.660829,35.847323999999986],[-78.661104,35.84705300000001],[-78.661631,35.846004],[-78.66209,35.845502999999994],[-78.661985,35.84462599999999],[-78.662134,35.844521],[-78.662405,35.844505],[-78.662637,35.84425399999999],[-78.662588,35.84401400000001],[-78.66224,35.844008],[-78.661964,35.844143],[-78.661853,35.844072],[-78.661963,35.843816999999994],[-78.661768,35.843602000000004],[-78.662188,35.84334799999999],[-78.662017,35.842746],[-78.662175,35.84265],[-78.662362,35.843436999999994],[-78.662488,35.84358199999999],[-78.662787,35.843618],[-78.662943,35.843954],[-78.6628,35.844204000000005],[-78.662798,35.84546999999999],[-78.662421,35.84584600000001],[-78.661582,35.846371999999995],[-78.661098,35.847119],[-78.660769,35.84751700000001],[-78.661135,35.847823999999996],[-78.66113800000001,35.848168],[-78.66126,35.848286],[-78.662842,35.848535],[-78.663174,35.848781],[-78.66351,35.849577],[-78.663711,35.84980999999999],[-78.663856,35.850488],[-78.663553,35.850929999999984],[-78.663725,35.85123099999998],[-78.664094,35.851486],[-78.664126,35.851789000000004],[-78.664094,35.85208800000001],[-78.663937,35.85227799999999],[-78.66362,35.85428000000001],[-78.662926,35.85479800000001],[-78.66232,35.854918999999995],[-78.661621,35.855188],[-78.662722,35.85475],[-78.663419,35.854265],[-78.663422,35.853544],[-78.663794,35.852532],[-78.663751,35.85227900000001],[-78.66397,35.852072],[-78.664052,35.85162999999999],[-78.663774,35.851347000000004],[-78.663494,35.85128100000001],[-78.663502,35.850877],[-78.66373000000002,35.850432999999995],[-78.663657,35.849984000000006],[-78.663314,35.849496],[-78.663226,35.849121],[-78.662941,35.848677],[-78.661856,35.84844699999999]]],[[[-78.661026,35.855689],[-78.660791,35.855575],[-78.661031,35.855625],[-78.661241,35.855316],[-78.661284,35.855284999999995],[-78.661381,35.855244000000006],[-78.661498,35.85522499999999],[-78.661248,35.855316],[-78.661026,35.855689]]],[[[-78.661287,35.8554],[-78.66134,35.85536499999999],[-78.661382,35.85534799999999],[-78.66164,35.855328],[-78.66129,35.8554],[-78.661095,35.856058],[-78.66126700000001,35.856229],[-78.661027,35.856204999999996],[-78.661287,35.8554]]],[[[-78.660948,35.856199],[-78.660644,35.856142],[-78.6609,35.856064],[-78.661034,35.855733],[-78.660948,35.856199]]],[[[-78.6545,35.86652600000001],[-78.654523,35.866372],[-78.654879,35.866406],[-78.655809,35.86665899999999],[-78.655205,35.86652900000001],[-78.6545,35.86652600000001]]],[[[-78.652686,35.867242],[-78.652226,35.866764],[-78.651949,35.86665700000001],[-78.651711,35.86668099999999],[-78.650658,35.868072],[-78.650453,35.86851500000001],[-78.649435,35.868480000000005],[-78.648582,35.868078999999994],[-78.648641,35.86802399999999],[-78.649517,35.868216],[-78.65039,35.868045],[-78.650593,35.86790699999999],[-78.651417,35.86683299999999],[-78.651817,35.866619],[-78.652082,35.866672],[-78.65234,35.866611000000006],[-78.653153,35.86569000000001],[-78.653415,35.865526],[-78.653578,35.865524],[-78.654005,35.86576],[-78.654186,35.86653299999999],[-78.653638,35.866687000000006],[-78.653097,35.867232],[-78.652686,35.867242]]],[[[-78.653021,35.86782899999999],[-78.653812,35.867384],[-78.654099,35.866849],[-78.654276,35.86678700000001],[-78.654281,35.866945],[-78.654016,35.86732999999999],[-78.65411000000002,35.867752],[-78.653751,35.868145],[-78.653534,35.868162],[-78.653127,35.868370000000006],[-78.652499,35.868063],[-78.65214,35.86820999999998],[-78.651262,35.86817400000002],[-78.651412,35.868103000000005],[-78.65177800000001,35.867528],[-78.653021,35.86782899999999]]],[[[-78.65012,35.872466],[-78.650575,35.872132],[-78.650597,35.871931],[-78.650367,35.871739999999996],[-78.649948,35.871683],[-78.650543,35.87124399999999],[-78.650615,35.870980999999986],[-78.65052,35.870796],[-78.649746,35.87009799999999],[-78.649668,35.86990899999999],[-78.649783,35.86967700000001],[-78.650111,35.86939300000001],[-78.650226,35.86895799999999],[-78.650385,35.868801999999995],[-78.650341,35.869227],[-78.650485,35.86991],[-78.650872,35.87064900000001],[-78.651226,35.870832],[-78.650964,35.871746],[-78.650979,35.872206],[-78.651158,35.872399],[-78.650206,35.872561],[-78.649695,35.872773],[-78.649465,35.872974],[-78.64857,35.873425000000005],[-78.647846,35.874123],[-78.648038,35.873787],[-78.64845,35.87344999999999],[-78.649286,35.873012],[-78.649718,35.872553],[-78.65012,35.872466]]],[[[-78.65108,35.868630999999986],[-78.65127,35.868687999999985],[-78.651256,35.868792],[-78.651448,35.868747],[-78.651512,35.868823],[-78.651501,35.869421],[-78.651862,35.869918000000006],[-78.651849,35.870331],[-78.65198700000002,35.87054499999999],[-78.65261,35.870941],[-78.653343,35.87090599999999],[-78.653713,35.87123],[-78.653827,35.87153699999999],[-78.653627,35.87230100000001],[-78.65393400000002,35.87272899999999],[-78.653863,35.87306700000001],[-78.653994,35.873378],[-78.654217,35.873514],[-78.65467,35.87358999999999],[-78.655388,35.873443999999985],[-78.655608,35.873637],[-78.655825,35.873647999999996],[-78.655778,35.873853999999994],[-78.656072,35.87404],[-78.656091,35.874335],[-78.656384,35.874708999999996],[-78.656896,35.87477],[-78.657278,35.875119],[-78.655944,35.87477500000001],[-78.655802,35.87457399999999],[-78.655702,35.873882],[-78.655353,35.873533],[-78.655149,35.87350099999999],[-78.654597,35.87363599999999],[-78.65394,35.873487999999995],[-78.653466,35.87321599999999],[-78.653234,35.872510999999996],[-78.653454,35.87135200000001],[-78.653406,35.871101],[-78.65324,35.87099],[-78.652566,35.87102300000001],[-78.651583,35.870339],[-78.651629,35.870013],[-78.651076,35.869587],[-78.65108,35.868630999999986]]],[[[-78.649435,35.873142],[-78.650052,35.872767],[-78.651249,35.87254999999999],[-78.651329,35.872394],[-78.651074,35.87215499999999],[-78.65111,35.87168299999999],[-78.651477,35.871539],[-78.651634,35.87091399999999],[-78.651746,35.870915],[-78.652791,35.87135],[-78.652791,35.871506],[-78.652469,35.87204],[-78.652435,35.87272999999998],[-78.652656,35.873253000000005],[-78.653139,35.873548],[-78.6543,35.87384],[-78.655095,35.87388099999998],[-78.65512,35.874914],[-78.655417,35.87519699999999],[-78.656079,35.875363],[-78.656816,35.875317],[-78.657237,35.87543399999999],[-78.65647,35.875524],[-78.655291,35.87541],[-78.655165,35.875531],[-78.654844,35.87560800000001],[-78.654794,35.87580799999999],[-78.654502,35.876114],[-78.654258,35.876112],[-78.654219,35.875918999999996],[-78.654717,35.87484800000001],[-78.654729,35.87421],[-78.654259,35.873920000000005],[-78.652954,35.873782],[-78.652662,35.873476],[-78.65237,35.872717],[-78.652345,35.872362],[-78.652609,35.87144],[-78.652307,35.871188],[-78.652172,35.87118199999999],[-78.65153,35.87194399999999],[-78.651414,35.872134],[-78.651445,35.872499999999995],[-78.651335,35.872621],[-78.650705,35.872857999999994],[-78.650153,35.87293499999999],[-78.649604,35.87331],[-78.648863,35.87339499999999],[-78.647924,35.87418000000001],[-78.648655,35.87346099999999],[-78.649435,35.873142]]],[[[-78.643638,35.87689000000001],[-78.644402,35.876560999999995],[-78.644714,35.876796],[-78.645343,35.876630000000006],[-78.64544600000002,35.876801],[-78.644766,35.87690699999999],[-78.644439,35.87662199999999],[-78.644196,35.876797],[-78.64399,35.87685499999999],[-78.643703,35.87689000000001],[-78.643638,35.87689000000001]]],[[[-78.64559,35.877285],[-78.644963,35.877539],[-78.645019,35.877600999999984],[-78.644921,35.877764],[-78.644747,35.877844],[-78.644761,35.8775],[-78.64488500000002,35.877335],[-78.645282,35.877158],[-78.64559,35.877285]]],[[[-78.644154,35.87868199999999],[-78.644049,35.87855299999999],[-78.644483,35.877512],[-78.644442,35.87785],[-78.644154,35.87868199999999]]],[[[-78.643848,35.715916],[-78.644129,35.715436],[-78.644063,35.715415],[-78.644248,35.71456799999999],[-78.644037,35.714392999999994],[-78.644014,35.71421],[-78.644244,35.714032],[-78.64425,35.71379999999999],[-78.644489,35.713885],[-78.64468077477537,35.713834993564674],[-78.6448334958076,35.71391647365957],[-78.644617,35.71408999999999],[-78.64448,35.71440300000001],[-78.644052,35.71644699999999],[-78.644067,35.71635199999999],[-78.643922,35.716376],[-78.643796,35.71627199999999],[-78.643848,35.715916]]],[[[-78.64371600000001,35.717012],[-78.644207,35.71645099999999],[-78.644513,35.714985000000006],[-78.644696,35.714529],[-78.644907,35.71422599999999],[-78.64517582536861,35.71409909313767],[-78.64530084012186,35.71416578319429],[-78.645266,35.714315],[-78.645132,35.714372],[-78.644526,35.71525499999999],[-78.644405,35.715646],[-78.644474,35.715712],[-78.644382,35.71643799999999],[-78.644137,35.71674399999999],[-78.644062,35.71702],[-78.643868,35.717075],[-78.643862,35.717195000000004],[-78.643667,35.71729599999999],[-78.643686,35.717499000000004],[-78.643596,35.717588],[-78.643713,35.71770500000001],[-78.643649,35.717864],[-78.64350100000001,35.717871],[-78.643644,35.717789999999994],[-78.643646,35.717725],[-78.643588,35.717602],[-78.643589,35.717552],[-78.64371600000001,35.717012]]],[[[-78.644018,35.71650600000002],[-78.644052,35.71644699999999],[-78.644012,35.716533],[-78.644018,35.71650600000002]]],[[[-78.643569,35.71699],[-78.643467,35.717775],[-78.64334,35.717652],[-78.6434,35.717522],[-78.643317,35.717244],[-78.643443,35.716967000000004],[-78.643556,35.71692099999999],[-78.643356,35.716823],[-78.643649,35.716837999999996],[-78.643754,35.716661],[-78.643992,35.71656000000001],[-78.643569,35.71699]]],[[[-78.64242,35.71832500000001],[-78.642278,35.71868099999999],[-78.641023,35.719446],[-78.640977,35.719125000000005],[-78.640812,35.719259999999984],[-78.640868,35.71944100000001],[-78.640615,35.719299],[-78.640955,35.71887100000001],[-78.641482,35.71860199999998],[-78.641406,35.718532],[-78.6416,35.71844299999999],[-78.641574,35.718358],[-78.641838,35.718485],[-78.642162,35.718414],[-78.642358,35.718182000000006],[-78.642671,35.718174000000005],[-78.643438,35.71778899999999],[-78.64242,35.71832500000001]],[[-78.641108,35.71899100000001],[-78.640952,35.71898699999999],[-78.640904,35.719064],[-78.64098,35.71912499999999],[-78.641108,35.71899100000001]]],[[[-78.641615,35.71917100000001],[-78.642429,35.718796999999995],[-78.642528,35.718492999999995],[-78.643461,35.71788800000001],[-78.643457,35.717989],[-78.643668,35.718028000000004],[-78.643751,35.718312999999995],[-78.643633,35.71838300000001],[-78.643403,35.71802999999999],[-78.643148,35.718169],[-78.642947,35.718622999999994],[-78.642599,35.718691],[-78.642115,35.719032],[-78.642113,35.71912599999999],[-78.641921,35.719243999999996],[-78.641712,35.719247],[-78.641369,35.719595000000005],[-78.641199,35.719478],[-78.641016,35.71955],[-78.641615,35.71917100000001]]],[[[-78.636654,35.729242000000006],[-78.636061,35.729476000000005],[-78.635672,35.72883],[-78.635648,35.72817800000001],[-78.635919,35.728162],[-78.635998,35.72849299999999],[-78.636654,35.729242000000006]]],[[[-78.635317,35.728141],[-78.635344,35.72882899999999],[-78.635861,35.729524],[-78.635187,35.72954200000001],[-78.635224,35.728972],[-78.63505200000002,35.728137],[-78.635317,35.728141]]],[[[-78.636321,35.73018],[-78.63622,35.72985800000001],[-78.636617,35.729791999999996],[-78.636551,35.730188],[-78.636321,35.73018]]],[[[-78.636056,35.729887],[-78.636141,35.73005499999999],[-78.636161,35.730174],[-78.63601,35.73016799999999],[-78.635691,35.729872],[-78.636056,35.729887]]],[[[-78.636257,35.730576],[-78.636211,35.730898999999994],[-78.636116,35.731055999999995],[-78.636174,35.730927],[-78.636076,35.730598999999984],[-78.636135,35.730509999999995],[-78.636257,35.730576]]],[[[-78.636443,35.730941],[-78.636158,35.73125699999999],[-78.636387,35.730939000000006],[-78.636407,35.730516],[-78.636508,35.730518],[-78.636443,35.730941]]],[[[-78.635898,35.732107000000006],[-78.636192,35.73261699999999],[-78.636034,35.73243099999999],[-78.635816,35.732088],[-78.635979,35.73135099999999],[-78.635898,35.732107000000006]]],[[[-78.63629,35.73343699999999],[-78.636223,35.733394999999994],[-78.63629,35.733394999999994],[-78.63629,35.73343699999999]]],[[[-78.636417,35.73327900000001],[-78.63626,35.732702],[-78.637074,35.733605000000004],[-78.637107,35.73394499999999],[-78.63725900000001,35.734183],[-78.63681,35.73390400000001],[-78.636417,35.73327900000001]]],[[[-78.63609,35.73146299999999],[-78.636037,35.732171999999984],[-78.636267,35.732306],[-78.636578,35.73290500000001],[-78.63691700000001,35.732977999999996],[-78.637118,35.73284200000001],[-78.636923,35.73311],[-78.636995,35.73325599999998],[-78.63751,35.733614],[-78.637426,35.733813],[-78.637543,35.733957999999994],[-78.637492,35.734165999999995],[-78.637734,35.73431899999999],[-78.6377,35.734425],[-78.637958,35.73466499999999],[-78.637875,35.735159999999986],[-78.638008,35.735538],[-78.638224,35.735607],[-78.638175,35.735771],[-78.638571,35.73610999999999],[-78.638756,35.736218],[-78.63891100000001,35.73636099999999],[-78.638697,35.736199],[-78.638424,35.736167],[-78.637917,35.735527000000005],[-78.637741,35.73471900000001],[-78.637547,35.734618],[-78.63743100000002,35.734013],[-78.637275,35.733895999999994],[-78.63728,35.733582],[-78.637014,35.733319],[-78.636897,35.733105],[-78.636625,35.732986999999994],[-78.636357,35.732715999999996],[-78.635988,35.732163],[-78.636,35.73168999999999],[-78.63609,35.73146299999999]]],[[[-78.63726,35.734269],[-78.637507,35.73482700000001],[-78.63756,35.73508799999999],[-78.637233,35.734886],[-78.63699,35.734256],[-78.637039,35.73420099999999],[-78.63726,35.734269]]],[[[-78.639043,35.73648599999999],[-78.639062,35.736743999999995],[-78.639325,35.737016],[-78.639783,35.73729699999999],[-78.640056,35.738476999999996],[-78.639833,35.738281],[-78.639642,35.737627999999994],[-78.639048,35.73680499999999],[-78.639043,35.73648599999999]]],[[[-78.640654,35.73861599999999],[-78.640909,35.738108],[-78.641144,35.73793599999999],[-78.641363,35.738271999999995],[-78.641768,35.73841800000002],[-78.641701,35.738516],[-78.64146400000001,35.73854],[-78.641697,35.73861],[-78.64159100000002,35.738651999999995],[-78.64152,35.738915999999996],[-78.641111,35.738903],[-78.640965,35.739381],[-78.640654,35.73861599999999]]],[[[-78.640082,35.738525],[-78.640217,35.738666],[-78.64032,35.738925999999985],[-78.640082,35.738525]]],[[[-78.639794,35.741820999999995],[-78.64001,35.741209999999995],[-78.639821,35.740435000000005],[-78.639898,35.73992599999999],[-78.639827,35.739427],[-78.639561,35.738821],[-78.639174,35.73840399999999],[-78.638661,35.738115],[-78.63862,35.737950999999995],[-78.638842,35.737596],[-78.638395,35.736924999999985],[-78.637672,35.736622999999994],[-78.637408,35.736704],[-78.63725,35.736628],[-78.637286,35.736515],[-78.637746,35.736368999999996],[-78.637742,35.736096],[-78.637618,35.73602],[-78.637769,35.73598199999999],[-78.637469,35.735456],[-78.63756400000001,35.73510000000001],[-78.638009,35.736160999999996],[-78.63864,35.736616],[-78.638674,35.73698199999999],[-78.639316,35.737969],[-78.639385,35.73837300000001],[-78.63963,35.73850899999999],[-78.640276,35.739574999999995],[-78.640122,35.73986200000001],[-78.640123,35.74014899999999],[-78.640325,35.740861],[-78.640057,35.74237999999999],[-78.639381,35.74222700000001],[-78.639794,35.741820999999995]]],[[[-78.640434,35.739123000000006],[-78.640685,35.73941399999999],[-78.640798,35.739813000000005],[-78.640781,35.740716],[-78.640718,35.74108400000001],[-78.640588,35.741693],[-78.640704,35.74084499999999],[-78.640488,35.740221999999996],[-78.640445,35.739737999999996],[-78.640619,35.73956400000001],[-78.640434,35.739123000000006]]],[[[-78.64029,35.742405999999995],[-78.640428,35.741935000000005],[-78.640568,35.741758],[-78.64029,35.742405999999995]]],[[[-78.640272,35.74286600000001],[-78.640107,35.743541],[-78.639773,35.744137999999985],[-78.640069,35.74351200000002],[-78.640185,35.742844],[-78.640272,35.74286600000001]]],[[[-78.63907500000002,35.744649],[-78.638858,35.74450999999999],[-78.639159,35.744596],[-78.639232,35.74450699999999],[-78.638571,35.744236],[-78.639047,35.744167],[-78.639219,35.744002999999985],[-78.639541,35.742812],[-78.639952,35.742829],[-78.639798,35.74334100000001],[-78.639299,35.74429599999999],[-78.639359,35.74482],[-78.639073,35.745003000000004],[-78.638882,35.744994],[-78.638544,35.74523700000001],[-78.63907500000002,35.744649]]],[[[-78.639373,35.74494],[-78.639319,35.744956],[-78.639379,35.744907999999995],[-78.639373,35.74494]]],[[[-78.637622,35.748085],[-78.637899,35.747928],[-78.638441,35.74778400000001],[-78.63867,35.747565],[-78.638695,35.747317],[-78.638541,35.747136],[-78.638648,35.746843000000005],[-78.638521,35.746688000000006],[-78.638901,35.746354000000004],[-78.639009,35.746133],[-78.638712,35.745701999999994],[-78.638509,35.74589499999999],[-78.63848,35.745825999999994],[-78.638806,35.745333],[-78.639379,35.744941999999995],[-78.639488,35.745202],[-78.639256,35.745996999999996],[-78.638747,35.746704],[-78.638702,35.74754800000001],[-78.638436,35.74780799999999],[-78.63768,35.748057],[-78.637185,35.749016000000005],[-78.637622,35.748085]]],[[[-78.63815,35.752987000000005],[-78.637442,35.751242],[-78.637149,35.750930000000004],[-78.637474,35.750307],[-78.637449,35.75048200000001],[-78.6376,35.750327999999996],[-78.637885,35.750302],[-78.63778500000001,35.750182],[-78.637603,35.75017],[-78.637824,35.74984200000001],[-78.638498,35.749782999999994],[-78.638655,35.74918400000001],[-78.639332,35.74853],[-78.63921200000001,35.74821000000001],[-78.63926,35.74784699999999],[-78.639126,35.747687],[-78.639064,35.74750399999999],[-78.639087,35.746929],[-78.639516,35.74637],[-78.640133,35.74524400000001],[-78.640132,35.745025000000005],[-78.639888,35.744659000000006],[-78.640192,35.744742999999985],[-78.640007,35.744415],[-78.640824,35.74325700000001],[-78.641253,35.743343],[-78.641775,35.74321100000001],[-78.641688,35.743679],[-78.641532,35.743539],[-78.640956,35.743606],[-78.640953,35.744413],[-78.640807,35.744785],[-78.64077200000001,35.74541],[-78.640521,35.74605],[-78.640292,35.746178],[-78.64024,35.746382999999994],[-78.640312,35.746414],[-78.639714,35.746748000000004],[-78.639709,35.74690699999999],[-78.639577,35.74694000000001],[-78.639655,35.747009],[-78.639474,35.74745099999999],[-78.639069,35.747431999999996],[-78.639293,35.747858],[-78.63925100000002,35.74829299999998],[-78.639445,35.74865500000001],[-78.6392,35.74919],[-78.638708,35.74947900000001],[-78.638553,35.749861999999986],[-78.637839,35.749843999999996],[-78.638785,35.75009099999999],[-78.63846,35.75017799999999],[-78.638394,35.75044],[-78.638549,35.75100199999999],[-78.638886,35.751514],[-78.639942,35.751863],[-78.641344,35.75216999999999],[-78.64139,35.752958],[-78.641516,35.753116],[-78.641655,35.753088999999996],[-78.641603,35.753613],[-78.641974,35.753627],[-78.642076,35.753684],[-78.642071,35.753861],[-78.641837,35.754025999999996],[-78.641758,35.75434],[-78.641266,35.754413],[-78.641323,35.754138],[-78.641239,35.75404999999999],[-78.63966,35.754121999999995],[-78.638979,35.75399899999999],[-78.637936,35.753538],[-78.63815,35.752987000000005]]],[[[-78.636821,35.749981],[-78.636723,35.749847],[-78.636244,35.749900999999994],[-78.635726,35.750223],[-78.635592,35.75023199999998],[-78.635663,35.750135],[-78.63539,35.750259],[-78.635971,35.749880999999995],[-78.635936,35.749586999999984],[-78.636084,35.749444],[-78.635978,35.749753000000005],[-78.63631,35.74984499999999],[-78.636899,35.749681],[-78.63705,35.74934799999999],[-78.636214,35.752166],[-78.636821,35.749981]]],[[[-78.641737,35.754919000000015],[-78.641347,35.755913],[-78.64134,35.756161999999996],[-78.641579,35.756155],[-78.641583,35.75631800000001],[-78.641375,35.75638399999999],[-78.641174,35.75663800000001],[-78.641253,35.756795],[-78.641895,35.75661499999998],[-78.642851,35.75663500000001],[-78.643963,35.756503],[-78.644242,35.756365],[-78.644343,35.756043000000005],[-78.644171,35.75478799999999],[-78.644459,35.754296],[-78.644398,35.75409899999999],[-78.644578,35.753988],[-78.64609,35.75366399999999],[-78.647331,35.753713],[-78.64883400000001,35.754122],[-78.648835,35.754198],[-78.648025,35.75392],[-78.646799,35.75375100000001],[-78.645679,35.753825000000006],[-78.644778,35.754084],[-78.644578,35.754258],[-78.644386,35.754743999999995],[-78.644379,35.755969999999984],[-78.644293,35.75650799999999],[-78.644162,35.756614],[-78.643201,35.756785],[-78.642208,35.756652999999986],[-78.6412,35.756864],[-78.640281,35.75666199999999],[-78.639821,35.756681999999984],[-78.638326,35.756048000000014],[-78.637568,35.75593800000001],[-78.636397,35.756172],[-78.63621500000002,35.75631700000001],[-78.63606,35.756638],[-78.636603,35.756471000000005],[-78.636942,35.756537],[-78.637472,35.756814000000006],[-78.637972,35.757276],[-78.637476,35.756868],[-78.637268,35.756864],[-78.63705,35.75696799999999],[-78.637159,35.75722],[-78.637067,35.757304999999995],[-78.636958,35.757226999999986],[-78.637025,35.75703300000001],[-78.636951,35.75690199999999],[-78.63644,35.756837999999995],[-78.636276,35.75730699999998],[-78.636059,35.757482],[-78.635727,35.758499],[-78.635622,35.75867399999999],[-78.635522,35.75867499999999],[-78.635721,35.757493],[-78.636104,35.756399],[-78.636789,35.75576999999999],[-78.6373,35.755456],[-78.637985,35.755171],[-78.638989,35.755002],[-78.638886,35.75568200000001],[-78.639021,35.75566299999999],[-78.639796,35.75534799999999],[-78.639755,35.755152],[-78.639475,35.754989],[-78.640767,35.75479899999999],[-78.641068,35.754863],[-78.641173,35.754598],[-78.641493,35.754593],[-78.641654,35.754625999999995],[-78.641737,35.754919000000015]],[[-78.640286,35.756506],[-78.640636,35.75572799999999],[-78.640453,35.755708],[-78.640257,35.755782999999994],[-78.640113,35.75598500000001],[-78.639749,35.756024],[-78.639626,35.756364000000005],[-78.639959,35.75648199999999],[-78.63985700000002,35.756626000000004],[-78.639971,35.756652],[-78.640286,35.756506]]],[[[-78.634699,35.75681300000001],[-78.634663,35.756956],[-78.634593,35.757297],[-78.634509,35.756803999999995],[-78.634699,35.75681300000001]]],[[[-78.64181,35.764093],[-78.642101,35.76404200000001],[-78.642153,35.763915999999995],[-78.642123,35.76368300000001],[-78.641878,35.76368399999999],[-78.641776,35.76335499999998],[-78.642043,35.763119],[-78.642064,35.76286699999999],[-78.64189600000002,35.762735],[-78.64165,35.762735],[-78.64142700000001,35.762623],[-78.641167,35.762814],[-78.64102800000002,35.762816],[-78.640833,35.76259199999999],[-78.64064300000001,35.761872],[-78.640335,35.761702],[-78.640196,35.761306],[-78.639931,35.761162999999996],[-78.639821,35.75995600000001],[-78.639977,35.759153],[-78.639308,35.75912499999998],[-78.639039,35.758736],[-78.638788,35.757793],[-78.637972,35.757276],[-78.638834,35.757644000000006],[-78.639808,35.758672999999995],[-78.639887,35.758448],[-78.63922,35.757827000000006],[-78.639336,35.757644],[-78.639852,35.75749],[-78.640376,35.757052],[-78.64089900000002,35.75720200000001],[-78.642005,35.756842],[-78.642856,35.757013],[-78.643607,35.75695399999999],[-78.643782,35.75696500000001],[-78.644295,35.75720999999999],[-78.64487,35.757093999999995],[-78.644959,35.756911],[-78.64493200000001,35.75613699999999],[-78.64528,35.754982999999996],[-78.645653,35.75436799999999],[-78.645994,35.754132999999996],[-78.646328,35.754005],[-78.647027,35.753933999999994],[-78.648821,35.754315000000005],[-78.648444,35.75432299999999],[-78.648216,35.754225999999996],[-78.647944,35.754315],[-78.647458,35.754067000000006],[-78.646684,35.75404499999999],[-78.64600900000002,35.754386],[-78.645777,35.754618],[-78.645427,35.75531599999999],[-78.645506,35.756674999999994],[-78.645347,35.75686999999999],[-78.64453,35.757384],[-78.644909,35.757712999999995],[-78.645853,35.757751999999996],[-78.645723,35.757960999999995],[-78.644546,35.75813199999999],[-78.644177,35.75781299999999],[-78.644023,35.757152],[-78.643706,35.75696800000001],[-78.642783,35.757052],[-78.642019,35.756879000000005],[-78.641713,35.75695899999999],[-78.641606,35.757219],[-78.641474,35.757291],[-78.641249,35.75724300000001],[-78.641155,35.757399],[-78.640939,35.75726199999999],[-78.64077200000001,35.75730999999999],[-78.640424,35.758396000000005],[-78.640466,35.75859299999999],[-78.640821,35.75897700000001],[-78.640745,35.759265],[-78.641042,35.759407],[-78.641249,35.759708],[-78.641679,35.75993999999999],[-78.64194300000001,35.760378999999986],[-78.642325,35.76051900000001],[-78.642351,35.76095300000001],[-78.642642,35.761331],[-78.642943,35.762280999999994],[-78.642841,35.762571],[-78.642891,35.76265600000001],[-78.643278,35.762757],[-78.643093,35.762795999999994],[-78.64323,35.763153],[-78.643258,35.763504000000005],[-78.643258,35.76392899999999],[-78.643145,35.764358],[-78.643212,35.76482599999999],[-78.643122,35.765091000000005],[-78.642868,35.76521399999999],[-78.643117,35.764519],[-78.643246,35.763487],[-78.643062,35.76282],[-78.642795,35.762575],[-78.64289,35.76224199999999],[-78.642519,35.761291000000014],[-78.641611,35.760073],[-78.64069,35.759253],[-78.64038500000001,35.75882399999999],[-78.64022,35.758810000000004],[-78.640123,35.758909999999986],[-78.640818,35.760316],[-78.641844,35.76170100000001],[-78.642033,35.76254600000001],[-78.64226,35.762803],[-78.642606,35.763651],[-78.642655,35.76391799999999],[-78.642316,35.765308000000005],[-78.64248,35.76568300000001],[-78.642264,35.765519999999995],[-78.64207,35.764463],[-78.64181,35.764093]]],[[[-78.609381,35.76494],[-78.609552,35.764769],[-78.609334,35.764424],[-78.609137,35.764341],[-78.608818,35.764302],[-78.608542,35.76452499999999],[-78.608185,35.764481],[-78.608043,35.763917],[-78.607771,35.76365799999999],[-78.607907,35.763356999999985],[-78.607849,35.76318100000001],[-78.607696,35.763096000000004],[-78.609479,35.76395800000001],[-78.610699,35.76418799999999],[-78.611864,35.76429400000001],[-78.612473,35.764093],[-78.613345,35.76335900000001],[-78.613725,35.762945],[-78.613882,35.762388],[-78.614149,35.762267],[-78.614635,35.762358],[-78.615872,35.762911],[-78.616877,35.76271899999999],[-78.618449,35.761469999999996],[-78.618643,35.760564],[-78.618559,35.75941799999999],[-78.618713,35.758618000000006],[-78.618934,35.758475999999995],[-78.619092,35.758469000000005],[-78.619319,35.758613000000004],[-78.619764,35.759265000000006],[-78.620088,35.759402],[-78.621195,35.75922],[-78.621948,35.759432999999994],[-78.623203,35.759569],[-78.62443900000001,35.759572],[-78.626489,35.759899000000004],[-78.628115,35.759883],[-78.630941,35.759138],[-78.632981,35.75848],[-78.633657,35.757801],[-78.634284,35.75683800000001],[-78.634509,35.756803999999995],[-78.634353,35.756840000000004],[-78.634386,35.758584],[-78.634041,35.759026],[-78.633938,35.75880699999999],[-78.633775,35.75886899999999],[-78.633319,35.75877199999999],[-78.632433,35.758801999999996],[-78.631939,35.75893099999999],[-78.631634,35.75914099999999],[-78.631525,35.75965099999999],[-78.630992,35.75947099999999],[-78.630858,35.759635],[-78.630607,35.75967700000001],[-78.629348,35.759784],[-78.628882,35.759743],[-78.628655,35.759859999999996],[-78.628443,35.760267999999996],[-78.627514,35.76047400000001],[-78.626466,35.760872],[-78.626219,35.760844],[-78.626024,35.760677],[-78.625756,35.76068],[-78.625584,35.76046499999999],[-78.624509,35.760647],[-78.624407,35.760122],[-78.62434,35.760177999999996],[-78.624199,35.760091],[-78.624207,35.760506],[-78.6239,35.76075199999999],[-78.623275,35.760813],[-78.622507,35.76049],[-78.622222,35.75997199999998],[-78.621681,35.75970699999999],[-78.621278,35.759291],[-78.621125,35.759248],[-78.620706,35.75978],[-78.620503,35.759864],[-78.619662,35.759679999999996],[-78.619347,35.75870100000001],[-78.619161,35.758542000000006],[-78.618957,35.758538],[-78.618818,35.758646],[-78.61897900000001,35.759915],[-78.619143,35.76008100000001],[-78.619047,35.760526999999996],[-78.619114,35.76103299999999],[-78.619002,35.761432000000006],[-78.61907,35.76181900000001],[-78.618962,35.76207699999999],[-78.61873,35.762151],[-78.618585,35.762837],[-78.618392,35.763182],[-78.618221,35.763459],[-78.617818,35.763808000000004],[-78.61772400000001,35.76405399999999],[-78.615866,35.764616999999994],[-78.615312,35.764619],[-78.614851,35.76344499999999],[-78.614144,35.762272],[-78.613981,35.762514],[-78.614707,35.764916],[-78.614744,35.76552199999999],[-78.614655,35.765808],[-78.61421,35.765195999999996],[-78.613962,35.76461499999999],[-78.613802,35.764489],[-78.613936,35.76425499999999],[-78.613376,35.76371699999999],[-78.612988,35.76381099999998],[-78.612896,35.764123999999995],[-78.612557,35.764206],[-78.612294,35.76469399999999],[-78.611753,35.764887],[-78.611036,35.76548799999999],[-78.61096400000001,35.76628899999999],[-78.61085,35.766335999999995],[-78.610615,35.766142999999985],[-78.610253,35.76645400000001],[-78.60988300000001,35.76606800000001],[-78.609786,35.765656],[-78.609382,35.76519],[-78.609381,35.76494]]],[[[-78.643217,35.766236],[-78.643055,35.766132],[-78.642787,35.766143],[-78.642732,35.76601000000001],[-78.642946,35.766016],[-78.643217,35.766236]]],[[[-78.643051,35.76559799999999],[-78.643291,35.765693],[-78.643505,35.766012],[-78.643667,35.76606499999999],[-78.644034,35.765964000000004],[-78.64446,35.765646],[-78.64475600000002,35.76558899999999],[-78.646841,35.766499],[-78.646564,35.766861999999996],[-78.646264,35.767118],[-78.64636300000001,35.76700900000001],[-78.6464,35.76662199999999],[-78.645665,35.76609799999999],[-78.645004,35.765994],[-78.643567,35.766088],[-78.643051,35.76559799999999]]],[[[-78.64596600000002,35.76688899999999],[-78.646016,35.76701199999999],[-78.645367,35.767049],[-78.645073,35.767176],[-78.644527,35.767099],[-78.644423,35.767199],[-78.644981,35.76787800000001],[-78.645125,35.767914],[-78.645107,35.768093999999984],[-78.644856,35.767938],[-78.644836,35.767721],[-78.644592,35.767609],[-78.644206,35.76712199999999],[-78.64345800000001,35.766626],[-78.643256,35.76626699999999],[-78.643738,35.766538999999995],[-78.644397,35.766659],[-78.645501,35.766655],[-78.64596600000002,35.76688899999999]]],[[[-78.643401,35.791056],[-78.643099,35.791431],[-78.64312,35.79210900000001],[-78.642979,35.79195],[-78.642771,35.792387],[-78.64264,35.79237800000001],[-78.642834,35.791729],[-78.642504,35.791519],[-78.642581,35.791217],[-78.642897,35.791043],[-78.642902,35.790882999999994],[-78.64271900000001,35.790736],[-78.642849,35.79008000000001],[-78.643661,35.788856],[-78.643824,35.788859],[-78.643401,35.791056]]],[[[-78.643571,35.793516999999994],[-78.643546,35.79351499999999],[-78.643572,35.79351200000001],[-78.643571,35.793516999999994]]],[[[-78.640996,35.794843],[-78.64133500000001,35.794956000000006],[-78.641371,35.79523100000001],[-78.641567,35.795315],[-78.641802,35.795259],[-78.642464,35.793958],[-78.642344,35.79381499999999],[-78.642725,35.793216],[-78.642774,35.792894],[-78.642965,35.79238],[-78.643032,35.79223],[-78.643079,35.79216099999999],[-78.642718,35.793374],[-78.641967,35.79515099999999],[-78.64176700000002,35.795358],[-78.640867,35.795879],[-78.64041,35.797095],[-78.639964,35.797216000000006],[-78.639947,35.797096],[-78.640241,35.79677099999999],[-78.640493,35.795965],[-78.640723,35.795773999999994],[-78.640874,35.794888],[-78.640996,35.794843]]],[[[-78.641193,35.796118],[-78.641369,35.79590099999999],[-78.641886,35.795646999999995],[-78.642013,35.795477],[-78.642261,35.79472899999999],[-78.64258800000002,35.794143000000005],[-78.642952,35.79367999999999],[-78.64323,35.79236],[-78.643398,35.792044],[-78.643465,35.79215100000001],[-78.643362,35.792425999999985],[-78.643598,35.79287],[-78.643539,35.793079999999996],[-78.643574,35.79315699999999],[-78.643756,35.793171],[-78.643667,35.793389999999995],[-78.643424,35.793383],[-78.643546,35.79351499999999],[-78.643295,35.79376],[-78.642619,35.79415199999999],[-78.6421,35.7953],[-78.642231,35.795386],[-78.642045,35.795735],[-78.64186,35.795846],[-78.641484,35.795866000000004],[-78.641475,35.79601],[-78.64128,35.79606499999999],[-78.641246,35.796197],[-78.642218,35.796613],[-78.642292,35.79657699999999],[-78.64211,35.79648900000001],[-78.641948,35.796186000000006],[-78.642619,35.79658200000001],[-78.642938,35.796097],[-78.643126,35.79625],[-78.643392,35.79684699999999],[-78.643691,35.797005000000006],[-78.643725,35.79711400000001],[-78.64501400000002,35.797667000000004],[-78.64464,35.797727],[-78.644548,35.79782199999999],[-78.643805,35.79776],[-78.642731,35.797114],[-78.642433,35.79675499999999],[-78.642136,35.79696],[-78.641878,35.79692699999999],[-78.641602,35.797293],[-78.641066,35.79757300000001],[-78.640471,35.797698],[-78.639965,35.79818899999999],[-78.639746,35.79820999999998],[-78.639605,35.798098],[-78.640144,35.79737799999999],[-78.640744,35.79719599999999],[-78.641107,35.79653700000001],[-78.641193,35.796118]]],[[[-78.62542,35.80308300000001],[-78.626392,35.802288000000004],[-78.626473,35.802344],[-78.626037,35.802921999999995],[-78.626167,35.803008999999996],[-78.62677,35.802469],[-78.627397,35.80218899999999],[-78.627318,35.80206799999999],[-78.626869,35.802],[-78.62673600000001,35.80191099999999],[-78.626745,35.80178199999999],[-78.626984,35.80183799999999],[-78.627056,35.801702],[-78.628113,35.80183999999999],[-78.628282,35.80166],[-78.628661,35.801611],[-78.629255,35.80137199999999],[-78.629255,35.801077],[-78.62943,35.801031],[-78.629452,35.800843000000015],[-78.629778,35.800686],[-78.631012,35.80031300000001],[-78.630704,35.800637],[-78.631291,35.800537999999996],[-78.631308,35.800454],[-78.631974,35.80049000000001],[-78.632584,35.80022499999999],[-78.632657,35.80027599999999],[-78.632877,35.800042],[-78.633692,35.799802],[-78.633774,35.79964499999999],[-78.634249,35.799426000000004],[-78.634494,35.79936200000001],[-78.634905,35.79941899999999],[-78.635944,35.798942999999994],[-78.636179,35.79905099999999],[-78.636454,35.798955],[-78.636807,35.798705999999996],[-78.63695,35.798456],[-78.637823,35.797751],[-78.638694,35.79722300000001],[-78.63957,35.79735599999999],[-78.638887,35.79739999999999],[-78.638094,35.797642],[-78.637364,35.798127],[-78.636994,35.79847500000002],[-78.636782,35.798759],[-78.636598,35.79892],[-78.636242,35.799095999999984],[-78.631148,35.80086399999999],[-78.630566,35.800966],[-78.630018,35.80092299999999],[-78.629458,35.80117700000001],[-78.62854,35.802208],[-78.628463,35.802039999999984],[-78.62803600000001,35.80197999999999],[-78.627758,35.80206199999999],[-78.627749,35.80216599999999],[-78.627908,35.80221299999999],[-78.62749,35.80224100000001],[-78.627365,35.80240799999999],[-78.627488,35.802488],[-78.628487,35.802268000000005],[-78.628354,35.802409],[-78.62726,35.802690000000005],[-78.626397,35.80317699999999],[-78.62552600000001,35.80313300000001],[-78.62542,35.80308300000001]]],[[[-78.626211,35.803545],[-78.62665000000001,35.803476],[-78.62776,35.802818],[-78.628083,35.80276200000001],[-78.628618,35.802508],[-78.629206,35.80183399999999],[-78.62957,35.80189500000001],[-78.630139,35.801784],[-78.631986,35.800824],[-78.636525,35.79913],[-78.636963,35.79888999999999],[-78.637067,35.79864],[-78.63764,35.798156999999996],[-78.63756200000002,35.79841599999999],[-78.637124,35.798624],[-78.637077,35.798842],[-78.636852,35.799028],[-78.634756,35.799831000000005],[-78.633806,35.80031600000002],[-78.633871,35.800637],[-78.633492,35.800905],[-78.633584,35.80127499999999],[-78.633489,35.801281],[-78.63337,35.801024],[-78.633153,35.800903],[-78.63316,35.800573],[-78.632936,35.800649],[-78.632944,35.800751999999996],[-78.632703,35.800799],[-78.632515,35.80064599999999],[-78.631953,35.80086200000001],[-78.631918,35.801],[-78.631666,35.801202],[-78.631384,35.80130299999999],[-78.631182,35.80127499999999],[-78.631333,35.801478],[-78.631438,35.801483],[-78.63210200000002,35.80126200000001],[-78.631949,35.80145399999999],[-78.631979,35.801594],[-78.631672,35.801751],[-78.631295,35.80184799999999],[-78.631163,35.801973999999994],[-78.631037,35.801938],[-78.631084,35.802022],[-78.629473,35.802699],[-78.628883,35.802665],[-78.628332,35.80295199999999],[-78.627667,35.803038],[-78.627328,35.803478],[-78.627369,35.803591000000004],[-78.626373,35.804111],[-78.625497,35.804254],[-78.625391,35.804626000000006],[-78.625284,35.804691999999996],[-78.625108,35.804623],[-78.625066,35.80439499999999],[-78.624762,35.80435599999999],[-78.624728,35.80422500000001],[-78.625165,35.803295999999996],[-78.625382,35.80340799999999],[-78.626211,35.803545]]],[[[-78.624612,35.801207999999995],[-78.623661,35.801462],[-78.62304,35.801833],[-78.623831,35.80131600000001],[-78.624061,35.80134199999999],[-78.624427,35.801173],[-78.62478700000001,35.80121700000001],[-78.624983,35.801117000000005],[-78.62499,35.800969999999985],[-78.62517400000002,35.80106099999998],[-78.625124,35.801258],[-78.624833,35.80134],[-78.624612,35.801207999999995]]],[[[-78.62408700000002,35.801442],[-78.62373,35.801551],[-78.62318200000001,35.80189599999999],[-78.62367,35.801573000000005],[-78.623892,35.801486999999995],[-78.624043,35.801446],[-78.62408700000002,35.801442]]],[[[-78.625147,35.801643],[-78.625637,35.80175300000001],[-78.62566,35.801812999999996],[-78.625417,35.80193700000001],[-78.625147,35.801643]]],[[[-78.622928,35.80188799999999],[-78.622989,35.80186200000001],[-78.623037,35.801835000000004],[-78.622995,35.80186199999999],[-78.622928,35.80188799999999]]],[[[-78.625466,35.80206299999999],[-78.626081,35.801875],[-78.626204,35.801975000000006],[-78.625277,35.802980999999996],[-78.625201,35.80288699999999],[-78.625257,35.802602000000014],[-78.62548100000001,35.80226100000001],[-78.625466,35.80206299999999]]],[[[-78.624753,35.801453999999985],[-78.625208,35.801964],[-78.625214,35.802234999999996],[-78.62499800000002,35.802585],[-78.624903,35.803096000000004],[-78.625125,35.803275],[-78.62499800000002,35.80328],[-78.624789,35.803532999999995],[-78.624858,35.803378],[-78.624715,35.803334],[-78.624629,35.803180000000005],[-78.624653,35.802870999999996],[-78.624807,35.802697],[-78.624733,35.802497],[-78.624931,35.80228100000001],[-78.624795,35.802289],[-78.625133,35.80200099999998],[-78.625009,35.80203999999999],[-78.624732,35.801892],[-78.624668,35.801725],[-78.624849,35.80166799999999],[-78.624616,35.801353],[-78.624202,35.80145100000001],[-78.62408700000002,35.801442],[-78.624588,35.801329999999986],[-78.624753,35.801453999999985]]],[[[-78.62049800000001,35.802772999999995],[-78.618964,35.803304999999995],[-78.617483,35.80473499999999],[-78.617187,35.804809],[-78.616627,35.80514600000001],[-78.617148,35.80479499999999],[-78.618007,35.80389300000001],[-78.619545,35.802818],[-78.619979,35.80281900000001],[-78.620067,35.802586],[-78.621446,35.801848],[-78.621525,35.80169500000001],[-78.622028,35.801452],[-78.62229,35.801432000000005],[-78.622566,35.802093000000006],[-78.622027,35.801995],[-78.62049800000001,35.802772999999995]]],[[[-78.618069,35.80531700000001],[-78.6196,35.80407799999999],[-78.619984,35.803917999999996],[-78.62042,35.80341700000001],[-78.620813,35.80329299999999],[-78.621243,35.802975999999994],[-78.62239,35.802426],[-78.622607,35.802268999999995],[-78.623009,35.802028],[-78.622061,35.802648000000005],[-78.622035,35.802786],[-78.621648,35.80301399999999],[-78.621467,35.803262],[-78.62117,35.80338999999999],[-78.621041,35.803732],[-78.620562,35.803829],[-78.619883,35.804372],[-78.619837,35.80462299999999],[-78.620126,35.805025],[-78.619762,35.80513899999999],[-78.620001,35.805445],[-78.620029,35.80580100000001],[-78.619246,35.806086],[-78.618583,35.805807],[-78.618468,35.805912],[-78.618073,35.805506],[-78.617336,35.805917],[-78.616773,35.805573],[-78.616718,35.805457000000004],[-78.618069,35.80531700000001]]],[[[-78.616128,35.805449],[-78.616349,35.80530600000001],[-78.61659,35.805171],[-78.616128,35.805449]]],[[[-78.616089,35.805471000000004],[-78.616004,35.805527999999995],[-78.615801,35.805638],[-78.615816,35.805623],[-78.616089,35.805471000000004]]],[[[-78.611713,35.811711],[-78.61213500000001,35.81150399999999],[-78.612405,35.811638],[-78.613107,35.812421],[-78.613214,35.81271799999999],[-78.61334100000002,35.812683],[-78.613327,35.812773],[-78.613494,35.812793],[-78.613533,35.812945],[-78.613804,35.812892],[-78.613988,35.81309199999999],[-78.613831,35.813223],[-78.613568,35.813233999999994],[-78.613671,35.813435999999996],[-78.613939,35.813353],[-78.614046,35.813204000000006],[-78.61433800000002,35.813322],[-78.614673,35.813292000000004],[-78.614821,35.813032],[-78.615489,35.81304099999999],[-78.615374,35.813127],[-78.615493,35.81319299999999],[-78.615317,35.813243],[-78.615163,35.813183999999985],[-78.61516900000001,35.813371999999994],[-78.614779,35.81356999999999],[-78.614752,35.813720999999994],[-78.614551,35.813618],[-78.614684,35.81381999999999],[-78.614795,35.813756],[-78.614873,35.813893],[-78.615755,35.81369799999999],[-78.61623,35.813189],[-78.616016,35.813227000000005],[-78.615999,35.813024999999996],[-78.616621,35.812935],[-78.616637,35.812727],[-78.61689300000002,35.81285599999999],[-78.617402,35.81272400000001],[-78.617598,35.81252799999999],[-78.617605,35.81230399999999],[-78.617749,35.812203],[-78.617742,35.812371999999996],[-78.617943,35.81271000000001],[-78.617687,35.81283899999999],[-78.617983,35.812938],[-78.618422,35.812229],[-78.618699,35.81207100000001],[-78.619674,35.812436],[-78.620022,35.812689000000006],[-78.61992,35.81290099999999],[-78.61971600000001,35.812602],[-78.618989,35.81235699999999],[-78.618956,35.81253699999999],[-78.619142,35.812687000000004],[-78.6187,35.81271099999999],[-78.61856,35.812984],[-78.618725,35.813153],[-78.61784,35.812977999999994],[-78.617043,35.81298699999999],[-78.616522,35.813134],[-78.616086,35.813357],[-78.615543,35.814061],[-78.61541,35.814099],[-78.613448,35.813413999999995],[-78.613035,35.81338899999999],[-78.611802,35.81361600000001],[-78.611471,35.81358],[-78.611317,35.813368],[-78.61126500000002,35.812957],[-78.611713,35.811711]]],[[[-78.618787,35.813180999999986],[-78.619052,35.813255],[-78.618736,35.813161],[-78.618787,35.813180999999986]]],[[[-78.619158,35.813281],[-78.619612,35.81328400000001],[-78.619812,35.813131],[-78.619777,35.81333300000001],[-78.619991,35.813438],[-78.619158,35.813281]]],[[[-78.620118,35.81343600000001],[-78.620116,35.813427999999995],[-78.620136,35.813421000000005],[-78.620118,35.81343600000001]]],[[[-78.620156,35.813409],[-78.620442,35.812909000000005],[-78.62125,35.81315899999999],[-78.621523,35.813022999999994],[-78.622242,35.813143000000004],[-78.622416,35.813017],[-78.622367,35.812495000000006],[-78.622761,35.811962],[-78.622678,35.81178400000001],[-78.622791,35.811724000000005],[-78.622539,35.81170299999999],[-78.622261,35.812089],[-78.62204,35.811786],[-78.622236,35.81150399999999],[-78.622229,35.811623],[-78.622281,35.811558000000005],[-78.622191,35.81144199999999],[-78.623195,35.811223000000005],[-78.623609,35.811334],[-78.624064,35.811294999999994],[-78.624125,35.811418],[-78.624369,35.811304],[-78.62521,35.811491999999994],[-78.625465,35.81176899999999],[-78.626155,35.811998],[-78.626075,35.812167],[-78.626272,35.81226300000001],[-78.626408,35.812788999999995],[-78.626549,35.812845],[-78.626611,35.81263199999999],[-78.626721,35.812927],[-78.627246,35.81319099999999],[-78.62757,35.813517999999995],[-78.628659,35.81392499999999],[-78.629025,35.814178],[-78.628913,35.814265],[-78.628025,35.81393299999999],[-78.627814,35.814079],[-78.627583,35.81393899999999],[-78.626926,35.814088000000005],[-78.627157,35.814213],[-78.627064,35.814493999999996],[-78.62748,35.814591],[-78.627636,35.814420999999996],[-78.627754,35.814477],[-78.627706,35.814674000000004],[-78.627503,35.814817],[-78.62754,35.815178],[-78.627386,35.815285],[-78.62785800000002,35.815630000000006],[-78.62776,35.815875999999996],[-78.627946,35.816009],[-78.627959,35.8159],[-78.628113,35.815896],[-78.628695,35.81624999999999],[-78.629067,35.815638],[-78.629612,35.815447],[-78.630064,35.815115],[-78.630149,35.81496599999999],[-78.630085,35.81474099999999],[-78.630375,35.81458599999999],[-78.630416,35.814187999999994],[-78.630493,35.81471799999999],[-78.630853,35.814783000000006],[-78.63073,35.814962],[-78.631029,35.815045000000005],[-78.631118,35.81524000000001],[-78.631445,35.81527699999999],[-78.63176000000001,35.815503],[-78.63193,35.815301],[-78.632126,35.815285],[-78.63225,35.815603999999986],[-78.63348600000002,35.817018],[-78.633812,35.817127],[-78.634062,35.817039],[-78.634502,35.817226999999995],[-78.634844,35.817629],[-78.635058,35.817719],[-78.635738,35.81743699999999],[-78.635814,35.817297999999994],[-78.636336,35.817038],[-78.636317,35.81652299999998],[-78.636466,35.816781],[-78.636411,35.81707],[-78.636007,35.81733299999999],[-78.635864,35.817568],[-78.635893,35.817695],[-78.635633,35.817927],[-78.634978,35.818061],[-78.634795,35.81821300000001],[-78.634429,35.81802],[-78.634008,35.81805],[-78.633413,35.81863799999999],[-78.633439,35.818695],[-78.633645,35.81843],[-78.633698,35.81866300000001],[-78.633435,35.819364],[-78.633624,35.819936999999996],[-78.634473,35.820658],[-78.634343,35.82080199999999],[-78.633646,35.820066999999995],[-78.632362,35.818295000000006],[-78.627735,35.815933],[-78.62677100000002,35.815177],[-78.624938,35.814875],[-78.623276,35.814231000000014],[-78.62097100000001,35.813621999999995],[-78.62036100000002,35.81334700000001],[-78.620156,35.813409]],[[-78.623309,35.813418999999996],[-78.623429,35.813051999999985],[-78.62331100000002,35.812931999999996],[-78.622917,35.812868],[-78.622769,35.81295699999999],[-78.622661,35.813263],[-78.622811,35.813368],[-78.623309,35.813418999999996]],[[-78.623568,35.81313200000001],[-78.623126,35.814040999999996],[-78.623902,35.81445599999999],[-78.624442,35.81453],[-78.624531,35.81398800000001],[-78.624256,35.81367999999999],[-78.624343,35.81339799999999],[-78.624214,35.81313399999999],[-78.623929,35.81309],[-78.623822,35.813178],[-78.623568,35.81313200000001]]],[[[-78.621967,35.817401],[-78.622113,35.817322],[-78.622037,35.817164],[-78.621899,35.817365],[-78.62127200000002,35.81716599999999],[-78.621423,35.816866999999995],[-78.621279,35.81671800000001],[-78.621489,35.816615],[-78.621504,35.816402999999994],[-78.621773,35.816024],[-78.622475,35.81624000000001],[-78.622363,35.816132],[-78.622497,35.816111],[-78.62234,35.815979999999996],[-78.621181,35.81556400000001],[-78.62117,35.815455],[-78.621428,35.815186],[-78.621454,35.814952],[-78.620437,35.814628],[-78.619971,35.814349],[-78.619796,35.814396],[-78.619748,35.814108000000004],[-78.619815,35.814341],[-78.619924,35.814341],[-78.620037,35.81435499999999],[-78.621967,35.81511999999999],[-78.623677,35.816018],[-78.624059,35.81626399999999],[-78.624728,35.817166],[-78.624937,35.81731800000001],[-78.625429,35.81738699999998],[-78.626072,35.817323],[-78.625923,35.817452],[-78.625813,35.817387999999994],[-78.625619,35.817748999999985],[-78.62577,35.818034],[-78.626282,35.81819999999999],[-78.626326,35.81811999999999],[-78.62646,35.818146999999996],[-78.62649,35.81827200000001],[-78.626658,35.81832699999999],[-78.626837,35.818298999999996],[-78.627048,35.81802999999999],[-78.62725000000002,35.817303],[-78.627134,35.817184999999995],[-78.6268,35.817212999999995],[-78.626414,35.817868999999995],[-78.626447,35.817525999999994],[-78.626161,35.817409],[-78.626153,35.817311000000004],[-78.626795,35.817189000000006],[-78.627129,35.817176999999994],[-78.628148,35.817607],[-78.628944,35.818253],[-78.628951,35.820184],[-78.62941800000002,35.820891],[-78.629638,35.822218],[-78.629445,35.822959999999995],[-78.629055,35.823933000000004],[-78.62839,35.82457099999999],[-78.62824500000002,35.825428],[-78.629607,35.827169999999995],[-78.629666,35.827512999999996],[-78.630244,35.827981],[-78.630335,35.82809799999999],[-78.630349,35.828189],[-78.630055,35.828762000000005],[-78.629956,35.828830999999994],[-78.62959,35.82898399999999],[-78.629375,35.82911800000001],[-78.629018,35.82949500000001],[-78.62890200000001,35.829786],[-78.628912,35.830183],[-78.628616,35.829395999999996],[-78.628629,35.828759],[-78.628861,35.828576999999996],[-78.629873,35.828262],[-78.629797,35.8281],[-78.629471,35.828123999999995],[-78.629022,35.82791999999999],[-78.629216,35.827608],[-78.629276,35.826852],[-78.628756,35.826347999999996],[-78.62865,35.82631000000001],[-78.628447,35.826405],[-78.628577,35.826268999999996],[-78.628025,35.825672],[-78.627867,35.825071],[-78.628074,35.82475699999999],[-78.627936,35.82453699999999],[-78.628357,35.824392],[-78.628638,35.82391199999999],[-78.628815,35.823833999999984],[-78.629112,35.823085],[-78.629417,35.822991],[-78.629405,35.821761],[-78.629141,35.82147599999999],[-78.628952,35.821656],[-78.62876300000002,35.82149799999999],[-78.628438,35.82141899999999],[-78.62824,35.82156299999999],[-78.628143,35.82139000000001],[-78.628196,35.821149999999996],[-78.627691,35.82084600000001],[-78.627717,35.82069099999999],[-78.627467,35.820398],[-78.62747100000001,35.82025199999999],[-78.62729900000001,35.8202],[-78.626903,35.820299],[-78.62660300000002,35.82016499999999],[-78.626378,35.820246],[-78.626469,35.81997199999999],[-78.62629800000002,35.81988599999999],[-78.626579,35.81980300000001],[-78.628008,35.820285000000005],[-78.628419,35.82028799999999],[-78.628667,35.820147],[-78.62872600000001,35.819961000000006],[-78.628637,35.81937],[-78.628719,35.819108],[-78.627438,35.818577000000005],[-78.627125,35.818927],[-78.62712100000002,35.818733],[-78.62687,35.818598999999985],[-78.625146,35.818037],[-78.625024,35.81809700000001],[-78.624771,35.81865200000001],[-78.624995,35.818785],[-78.625024,35.81899599999999],[-78.624798,35.818989],[-78.62456800000001,35.81926300000001],[-78.624533,35.819036000000004],[-78.6244,35.818995],[-78.624219,35.819075],[-78.624479,35.818321000000005],[-78.624419,35.81820799999999],[-78.624334,35.81824399999999],[-78.624156,35.81809899999999],[-78.624301,35.817653],[-78.624192,35.81776099999999],[-78.624011,35.817682999999995],[-78.623721,35.817733000000004],[-78.623212,35.817547],[-78.623449,35.81743999999999],[-78.623945,35.817569999999996],[-78.624332,35.817055999999994],[-78.62430600000002,35.816848],[-78.624478,35.81686799999999],[-78.624136,35.816744],[-78.624124,35.816815999999996],[-78.623857,35.816867],[-78.623081,35.816643],[-78.622651,35.816261999999995],[-78.622409,35.81632100000001],[-78.622251,35.816644],[-78.62292400000001,35.816933],[-78.622977,35.81747099999999],[-78.622884,35.81754099999999],[-78.622745,35.817474],[-78.622521,35.81753899999999],[-78.622587,35.817274000000005],[-78.62248,35.817260999999995],[-78.622305,35.817418999999994],[-78.622276,35.81735],[-78.622098,35.817455],[-78.621967,35.817401]],[[-78.629178,35.829019],[-78.629385,35.829105999999996],[-78.629684,35.828903000000004],[-78.629969,35.828816999999994],[-78.630177,35.828501],[-78.629936,35.828363],[-78.629145,35.828917],[-78.629178,35.829019]],[[-78.630076,35.828198],[-78.630269,35.828337000000005],[-78.630289,35.82808399999999],[-78.630076,35.828198]]],[[[-78.630337,35.819478999999994],[-78.629557,35.819433999999994],[-78.629513,35.819506999999994],[-78.62967600000002,35.820377],[-78.629633,35.82088599999999],[-78.629773,35.82119699999999],[-78.629705,35.82133300000001],[-78.629801,35.82157600000001],[-78.630283,35.821983],[-78.630311,35.822249000000006],[-78.630106,35.82259599999999],[-78.630215,35.823024999999994],[-78.630366,35.822981],[-78.630451,35.823078],[-78.63041,35.82325000000001],[-78.630564,35.823286],[-78.6306,35.82319099999999],[-78.631026,35.82339400000001],[-78.630745,35.823677],[-78.63081000000001,35.82380899999999],[-78.630608,35.823934999999985],[-78.63041,35.823874],[-78.63036800000002,35.82376299999999],[-78.629652,35.823844999999984],[-78.629532,35.82420200000001],[-78.629268,35.824404],[-78.629325,35.824463],[-78.629488,35.82436299999999],[-78.629564,35.824415],[-78.6295,35.824935999999994],[-78.629445,35.825122],[-78.629152,35.82538300000001],[-78.629089,35.825735],[-78.629651,35.826507],[-78.629751,35.826440999999996],[-78.629783,35.826055999999994],[-78.630021,35.82591],[-78.630278,35.825898],[-78.630339,35.826043999999996],[-78.630221,35.826146],[-78.630244,35.826747],[-78.630428,35.827044],[-78.630649,35.82713299999999],[-78.63037,35.827343],[-78.630548,35.82773300000001],[-78.630558,35.828033999999995],[-78.630329,35.82869699999999],[-78.630186,35.828932],[-78.629375,35.829336999999995],[-78.629099,35.829806999999995],[-78.62902900000002,35.830251],[-78.629085,35.829842000000006],[-78.629106,35.82977400000001],[-78.629374,35.82931700000001],[-78.630136,35.82893700000001],[-78.630259,35.828790999999995],[-78.630495,35.82797200000001],[-78.630441,35.827653999999995],[-78.62883,35.82578899999999],[-78.628702,35.825514],[-78.628822,35.824735],[-78.62941800000002,35.823811],[-78.629919,35.822486],[-78.629591,35.82095],[-78.62911,35.82018399999999],[-78.629091,35.818375],[-78.630945,35.81958499999999],[-78.63258300000001,35.820157],[-78.63382,35.82127199999999],[-78.632155,35.820319000000005],[-78.631709,35.820109],[-78.631403,35.820074000000005],[-78.630337,35.819478999999994]]],[[[-78.646721,35.827117],[-78.646653,35.82682599999999],[-78.646866,35.82655],[-78.646759,35.82654800000001],[-78.646658,35.826384999999995],[-78.64679500000001,35.82575299999999],[-78.646632,35.825458],[-78.645998,35.82487900000001],[-78.644443,35.82444300000001],[-78.644201,35.824251999999994],[-78.643945,35.824203],[-78.64375900000002,35.823766],[-78.643112,35.823224],[-78.642261,35.822721999999985],[-78.641859,35.82301799999999],[-78.64207200000001,35.823094],[-78.64227,35.823316],[-78.642098,35.823548],[-78.641723,35.82343899999999],[-78.641455,35.82314399999999],[-78.641267,35.823162],[-78.641137,35.82351199999999],[-78.63986100000001,35.82399900000001],[-78.639263,35.82417100000001],[-78.639184,35.824127],[-78.639159,35.82421899999999],[-78.638527,35.82431299999999],[-78.638003,35.82453799999999],[-78.637816,35.824835],[-78.637409,35.824952],[-78.636751,35.82474200000001],[-78.636385,35.824835],[-78.636232,35.825003],[-78.635709,35.824903],[-78.635777,35.824564],[-78.635382,35.824171],[-78.635392,35.823820000000005],[-78.634825,35.822708000000006],[-78.63466700000001,35.822131],[-78.634359,35.821709],[-78.634044,35.82147200000001],[-78.634563,35.821859],[-78.634699,35.82205499999999],[-78.63562,35.82414299999999],[-78.635823,35.824419999999996],[-78.636232,35.824698999999995],[-78.63656,35.82470599999999],[-78.637354,35.82450800000001],[-78.63811,35.824098000000006],[-78.638499,35.823382],[-78.638598,35.82287],[-78.638479,35.822401],[-78.63864,35.822266000000006],[-78.63985700000002,35.822548],[-78.641693,35.82247699999999],[-78.642145,35.822647],[-78.642499,35.822827],[-78.644083,35.823698],[-78.644899,35.823961],[-78.645714,35.824059999999996],[-78.647796,35.825860999999996],[-78.649017,35.82620099999999],[-78.64892,35.826678],[-78.64872,35.826727],[-78.64765,35.826283],[-78.647147,35.826271000000006],[-78.646991,35.826417000000006],[-78.646986,35.826662],[-78.646711,35.826792],[-78.646721,35.827117]]],[[[-78.637769,35.825068],[-78.637903,35.825353],[-78.637855,35.82567000000001],[-78.637715,35.82613899999999],[-78.637495,35.82640099999999],[-78.637672,35.82614500000001],[-78.637592,35.825998],[-78.637757,35.825531000000005],[-78.637413,35.82513999999999],[-78.637474,35.82504699999999],[-78.637769,35.825068]]],[[[-78.628914,35.830266],[-78.628914,35.830262999999995],[-78.628918,35.830272],[-78.628914,35.830266]]],[[[-78.628945,35.830318000000005],[-78.628943,35.830314],[-78.628948,35.830319],[-78.628945,35.830318000000005]]],[[[-78.628958,35.830423],[-78.628948,35.830319],[-78.628993,35.83035000000002],[-78.628997,35.830369999999995],[-78.628958,35.830423]]],[[[-78.629032,35.83028999999999],[-78.629109,35.830428],[-78.629023,35.830508],[-78.629032,35.83028999999999]]],[[[-78.628371,35.83324999999999],[-78.628761,35.83375099999999],[-78.629179,35.833860999999985],[-78.628482,35.833895],[-78.627926,35.833602000000006],[-78.628229,35.833439],[-78.628371,35.83324999999999]]],[[[-78.624651,35.835119],[-78.62442,35.835214],[-78.6242,35.835258],[-78.624595,35.835007999999995],[-78.624651,35.835119]]],[[[-78.626281,35.835872],[-78.627063,35.837291],[-78.626569,35.83818800000002],[-78.626112,35.838545],[-78.626225,35.83864500000001],[-78.626251,35.838982],[-78.626154,35.839224],[-78.626009,35.839291],[-78.626021,35.83955],[-78.625557,35.84055600000001],[-78.62565500000001,35.84060999999999],[-78.62562,35.841718],[-78.625492,35.840391000000004],[-78.625542,35.839931],[-78.625752,35.83958700000001],[-78.625656,35.839034000000005],[-78.625709,35.83891199999999],[-78.626017,35.83873799999999],[-78.626424,35.837289000000006],[-78.626399,35.83643899999999],[-78.626246,35.83586900000001],[-78.626326,35.835808],[-78.626281,35.835872]]],[[[-78.625502,35.841716],[-78.625243,35.84131500000001],[-78.625245,35.84094699999999],[-78.625071,35.840737],[-78.62490800000002,35.840251999999985],[-78.625069,35.84005799999999],[-78.625059,35.839735],[-78.625252,35.839498],[-78.625238,35.839271],[-78.625341,35.839124999999996],[-78.625252,35.83888799999998],[-78.625454,35.838712],[-78.625635,35.838339999999995],[-78.625584,35.838247],[-78.625812,35.837979999999995],[-78.626,35.836937000000006],[-78.625897,35.836563],[-78.625152,35.836031],[-78.625191,35.835838999999986],[-78.625867,35.836023],[-78.626151,35.836594],[-78.625882,35.838532],[-78.625465,35.838930000000005],[-78.625487,35.83955199999999],[-78.6253,35.84011],[-78.625502,35.841716]]],[[[-78.62562,35.841718],[-78.62562,35.841741],[-78.625617,35.84174300000001],[-78.62562,35.841718]]],[[[-78.625566,35.841745],[-78.6255,35.841741999999996],[-78.625502,35.841716],[-78.625566,35.841745]]],[[[-78.625628,35.841885000000005],[-78.625612,35.842191],[-78.625719,35.842428000000005],[-78.626377,35.84232],[-78.627003,35.84247200000001],[-78.627187,35.842606],[-78.627446,35.84255],[-78.627698,35.842725],[-78.628363,35.842659],[-78.628675,35.84279],[-78.628746,35.84302999999999],[-78.629629,35.843153999999984],[-78.629861,35.84326800000001],[-78.630285,35.843549],[-78.63049700000002,35.84351600000001],[-78.630556,35.843517000000006],[-78.630603,35.843551],[-78.630613,35.84357399999999],[-78.630615,35.843613999999995],[-78.630545,35.843520999999996],[-78.630278,35.843549999999986],[-78.629579,35.84315699999999],[-78.628226,35.842983],[-78.627774,35.84275100000001],[-78.626999,35.842814],[-78.626352,35.842649999999985],[-78.626288,35.842371],[-78.625567,35.842468],[-78.625509,35.842341],[-78.625628,35.841885000000005]]],[[[-78.63049700000002,35.84360399999999],[-78.63049,35.843655999999996],[-78.630301,35.84364],[-78.63049700000002,35.84360399999999]]],[[[-78.630616,35.843626],[-78.631124,35.844182],[-78.631257,35.843863],[-78.631415,35.844206000000014],[-78.631585,35.84427399999999],[-78.631772,35.844472999999994],[-78.632049,35.84459799999999],[-78.632074,35.844711999999994],[-78.631745,35.844484],[-78.631552,35.84427],[-78.631074,35.844183],[-78.63062,35.84371699999999],[-78.630612,35.843697],[-78.630616,35.843626]]],[[[-78.630586,35.843878],[-78.632015,35.84486],[-78.632155,35.845017999999996],[-78.632169,35.845021999999986],[-78.632239,35.845023],[-78.63228,35.84502899999998],[-78.63232,35.845041],[-78.632332,35.84505],[-78.632337,35.84505800000001],[-78.632107,35.84503099999999],[-78.631975,35.844961],[-78.631596,35.84468],[-78.631674,35.84462899999999],[-78.6314,35.844482],[-78.63115200000001,35.844518],[-78.630645,35.844811],[-78.631089,35.84447900000001],[-78.631078,35.844278],[-78.630596,35.84399099999999],[-78.630426,35.843713],[-78.630528,35.843644],[-78.630586,35.843878]]],[[[-78.632142,35.84475999999999],[-78.632273,35.844879999999996],[-78.632338,35.844941999999996],[-78.632142,35.84475999999999]]],[[[-78.632635,35.84551899999999],[-78.633409,35.84608600000001],[-78.633337,35.846068],[-78.633177,35.845974],[-78.632943,35.84577300000001],[-78.632434,35.845528],[-78.632315,35.845111],[-78.632635,35.84551899999999]]],[[[-78.632736,35.84514899999999],[-78.633068,35.84526000000001],[-78.633502,35.845635],[-78.63361,35.845916],[-78.633804,35.84583599999999],[-78.634027,35.846187],[-78.63427000000001,35.846314],[-78.634423,35.846442],[-78.633544,35.845985999999996],[-78.633323,35.845711],[-78.6328,35.845466],[-78.632413,35.845043000000004],[-78.632542,35.845043000000004],[-78.632603,35.845186],[-78.632736,35.84514899999999]]],[[[-78.633524,35.846113],[-78.633455,35.846098999999995],[-78.633443,35.846092999999996],[-78.633524,35.846113]]],[[[-78.634366,35.846543000000004],[-78.633757,35.846263],[-78.633519,35.846313],[-78.633495,35.846153],[-78.633562,35.84612700000001],[-78.634366,35.846543000000004]]],[[[-78.625367,35.842454],[-78.625593,35.842619],[-78.626213,35.84254799999999],[-78.626202,35.843465],[-78.626373,35.84444899999999],[-78.626063,35.845947],[-78.625215,35.84698],[-78.624318,35.848356],[-78.623964,35.849301],[-78.623773,35.84968799999999],[-78.6233,35.85041],[-78.623097,35.851462],[-78.623738,35.852398999999984],[-78.624699,35.85327800000001],[-78.624836,35.853711],[-78.62515,35.853991],[-78.625324,35.854729999999996],[-78.625676,35.85517],[-78.6261,35.85596300000001],[-78.626037,35.85599199999999],[-78.625852,35.85578199999999],[-78.625602,35.855760999999994],[-78.625745,35.85550200000001],[-78.625717,35.85533499999999],[-78.62545,35.854955999999994],[-78.625245,35.85482699999999],[-78.62512700000002,35.854155999999996],[-78.62474200000001,35.853683999999994],[-78.624664,35.85331],[-78.624401,35.853096],[-78.624063,35.853137],[-78.62394,35.852737000000005],[-78.623447,35.852852999999996],[-78.62371,35.852625],[-78.623702,35.852503999999996],[-78.622999,35.851579],[-78.622604,35.851415],[-78.623005,35.85130900000001],[-78.622767,35.85105699999999],[-78.622393,35.85100400000001],[-78.622322,35.850856],[-78.623186,35.84967499999999],[-78.622801,35.849457],[-78.623498,35.84968],[-78.623723,35.84951099999999],[-78.623819,35.849317],[-78.623666,35.849118],[-78.624015,35.849111],[-78.624062,35.848465],[-78.624259,35.847991999999984],[-78.624177,35.847833],[-78.624592,35.84784899999999],[-78.62504500000001,35.84719699999999],[-78.625097,35.84687799999999],[-78.62495,35.846751999999995],[-78.625291,35.846621999999996],[-78.626007,35.845699],[-78.625994,35.844971],[-78.626213,35.844801],[-78.626325,35.844546],[-78.626333,35.84432999999999],[-78.62611,35.84380799999999],[-78.62617300000001,35.84345600000001],[-78.626041,35.843203],[-78.625842,35.843183],[-78.62552600000001,35.84295199999999],[-78.625146,35.842313],[-78.625024,35.84228699999999],[-78.624954,35.84211799999999],[-78.625119,35.841883],[-78.625509,35.841883],[-78.625339,35.842242000000006],[-78.625367,35.842454]]],[[[-78.630301,35.84364],[-78.629695,35.843367],[-78.628215,35.843087999999995],[-78.627734,35.842886],[-78.627479,35.842955999999994],[-78.627359,35.842876999999994],[-78.627017,35.842926000000006],[-78.626712,35.842833],[-78.626526,35.84291],[-78.626376,35.84311000000001],[-78.626461,35.843474],[-78.626775,35.843658000000005],[-78.626803,35.843864999999994],[-78.626678,35.844086],[-78.626898,35.84418600000001],[-78.626934,35.844335],[-78.626773,35.844578999999996],[-78.626635,35.844623999999996],[-78.626649,35.84477300000002],[-78.626459,35.845037999999995],[-78.626249,35.846137999999996],[-78.625816,35.846696],[-78.626026,35.846903999999995],[-78.625805,35.846948999999995],[-78.624646,35.848388],[-78.624374,35.849003],[-78.624188,35.849122],[-78.624518,35.849232],[-78.624515,35.84965],[-78.624369,35.849796],[-78.623946,35.849961],[-78.623853,35.850511],[-78.623401,35.85136399999999],[-78.623196,35.851374],[-78.623592,35.85156899999999],[-78.623803,35.85188],[-78.623836,35.85225799999999],[-78.624259,35.85244800000001],[-78.624335,35.85264299999999],[-78.624601,35.852844],[-78.624969,35.852986],[-78.62532,35.85294299999999],[-78.62619,35.853258],[-78.626912,35.85316899999999],[-78.627792,35.853896],[-78.62846800000001,35.853831],[-78.628745,35.853950000000005],[-78.62881800000001,35.854121],[-78.628391,35.854111],[-78.627938,35.85428999999999],[-78.627185,35.854069],[-78.626081,35.854095],[-78.62599700000001,35.854312],[-78.626354,35.854893],[-78.626417,35.855816],[-78.626201,35.85483500000001],[-78.625833,35.854302000000004],[-78.625938,35.85394699999999],[-78.626188,35.853881],[-78.626495,35.85397699999999],[-78.626791,35.85388300000001],[-78.626965,35.853987999999994],[-78.627325,35.853795],[-78.627516,35.853867],[-78.627441,35.85372900000001],[-78.62677,35.85334999999999],[-78.626196,35.853337999999994],[-78.62545,35.853055999999995],[-78.624925,35.853035000000006],[-78.624473,35.85278900000001],[-78.623798,35.852261],[-78.623192,35.851375],[-78.623392,35.851200000000006],[-78.624451,35.848414000000005],[-78.626169,35.846077],[-78.62651,35.84459599999999],[-78.62635,35.842833999999996],[-78.62673200000002,35.842819999999996],[-78.627029,35.842921000000004],[-78.627211,35.84283700000001],[-78.627708,35.842828],[-78.628184,35.843048],[-78.628541,35.84306200000001],[-78.628725,35.84318199999999],[-78.629667,35.843343000000004],[-78.630301,35.84364]]],[[[-78.63423300000001,35.874918],[-78.634684,35.874725],[-78.634697,35.874590000000005],[-78.634991,35.87468799999999],[-78.635803,35.874505],[-78.637315,35.87464599999999],[-78.637815,35.874831],[-78.638323,35.87479400000001],[-78.638969,35.874974],[-78.638033,35.874943],[-78.637208,35.874742999999995],[-78.635799,35.874777],[-78.634785,35.874919],[-78.634418,35.875195],[-78.63423300000001,35.874918]]],[[[-78.637133,35.874854000000006],[-78.63742,35.87489000000001],[-78.638057,35.875131],[-78.638855,35.875539],[-78.638626,35.87553499999999],[-78.638545,35.875629],[-78.638272,35.875583],[-78.637401,35.87489200000001],[-78.636875,35.87511200000001],[-78.63663,35.87499100000001],[-78.636329,35.87498099999999],[-78.635405,35.87505900000001],[-78.635279,35.87518299999999],[-78.63483300000001,35.875202],[-78.634671,35.87535400000001],[-78.634494,35.87533899999999],[-78.634459,35.87525799999998],[-78.63479,35.875084],[-78.637133,35.874854000000006]]],[[[-78.642484,35.880505],[-78.642272,35.881285],[-78.642311,35.881443000000004],[-78.642621,35.88172599999999],[-78.642572,35.88177199999999],[-78.642143,35.88158],[-78.642275,35.880855000000004],[-78.642484,35.880505]]],[[[-78.640942,35.884024],[-78.640905,35.883764],[-78.640786,35.883668],[-78.640999,35.88348499999999],[-78.64101,35.88322599999999],[-78.640778,35.88304599999999],[-78.640904,35.882965],[-78.640976,35.882644000000006],[-78.64169,35.882036],[-78.641618,35.88260799999998],[-78.641249,35.883392],[-78.641323,35.884158],[-78.64125,35.88449599999999],[-78.641162,35.884618999999994],[-78.64003500000001,35.885318],[-78.639937,35.885256],[-78.640697,35.88487299999999],[-78.64089900000002,35.884679],[-78.640811,35.88442700000001],[-78.640942,35.884024]]],[[[-78.616846,35.884072],[-78.61692,35.883876],[-78.61753,35.88362],[-78.617637,35.883635999999996],[-78.61773,35.883937],[-78.618152,35.883827],[-78.61884600000002,35.884081],[-78.618257,35.883936999999996],[-78.617698,35.88400800000001],[-78.617571,35.88394],[-78.617539,35.883669],[-78.617011,35.88388999999999],[-78.616846,35.884072]]],[[[-78.617096,35.884106],[-78.617871,35.884181999999996],[-78.61828300000002,35.884118999999984],[-78.618419,35.884157],[-78.61861,35.884243],[-78.618856,35.884232],[-78.618864,35.884339000000004],[-78.618617,35.88435299999999],[-78.618278,35.884129],[-78.617918,35.88421999999999],[-78.61727,35.884134],[-78.616954,35.884222],[-78.617096,35.884106]]],[[[-78.641454,35.884579],[-78.64094800000001,35.88514399999998],[-78.640777,35.88556],[-78.640696,35.885589999999986],[-78.640459,35.88539299999999],[-78.640268,35.88546399999999],[-78.640102,35.885359],[-78.641454,35.884579]]],[[[-78.60667026948502,35.72057698603055],[-78.60672014436675,35.720534835251996],[-78.606687,35.720578],[-78.60667026948502,35.72057698603055]]],[[[-78.60586,35.721047999999996],[-78.6058641924871,35.72104593411098],[-78.605855,35.721064999999996],[-78.60586,35.721047999999996]]],[[[-78.605394,35.721230999999996],[-78.605339,35.72137799999999],[-78.605337,35.721265],[-78.60550636067333,35.720932821975744],[-78.60573797744172,35.72100212181477],[-78.605394,35.721230999999996]]],[[[-78.60593390342552,35.72107113520432],[-78.605709,35.72161500000001],[-78.605608,35.721609],[-78.605728,35.721706000000005],[-78.605705,35.721892000000004],[-78.605459,35.721326],[-78.60593390342552,35.72107113520432]]],[[[-78.60506,35.723258],[-78.60516000000001,35.72289299999999],[-78.605019,35.722267],[-78.605319,35.721978],[-78.605415,35.72173],[-78.605324,35.72168099999999],[-78.60537300000001,35.721481999999995],[-78.605573,35.721887],[-78.605263,35.72254100000001],[-78.605153,35.72321000000001],[-78.60511,35.72324799999999],[-78.60494,35.723308],[-78.60465,35.723314],[-78.60506,35.723258]]],[[[-78.605287,35.72331799999999],[-78.605431,35.722583],[-78.605701,35.722126],[-78.605708,35.721932],[-78.605727,35.72239299999999],[-78.605499,35.722702],[-78.605524,35.72301199999999],[-78.605873,35.72328900000001],[-78.605617,35.723172],[-78.605443,35.72334699999999],[-78.60528,35.723386],[-78.604992,35.72339499999999],[-78.605287,35.72331799999999]]],[[[-78.616616,35.72352899999999],[-78.616279,35.723476000000005],[-78.616546,35.723288],[-78.616616,35.72352899999999]]],[[[-78.614657,35.724224],[-78.614669,35.72408],[-78.614958,35.723768],[-78.615387,35.723512],[-78.615545,35.72320700000001],[-78.615681,35.72316],[-78.615623,35.72309400000001],[-78.615749,35.72305799999999],[-78.615699,35.723011],[-78.615868,35.722820999999996],[-78.615771,35.722728],[-78.615839,35.722640999999996],[-78.615983,35.72260099999999],[-78.615995,35.722692],[-78.616052,35.722634],[-78.616455,35.72314200000001],[-78.615698,35.72326000000001],[-78.615191,35.72382],[-78.614657,35.724224]]],[[[-78.604028,35.72358799999999],[-78.603604,35.724045000000004],[-78.60367,35.723575],[-78.604047,35.723256],[-78.604,35.723152000000006],[-78.604096,35.72304100000001],[-78.60413,35.72316000000001],[-78.604646,35.723313999999995],[-78.60443,35.72334399999999],[-78.604028,35.72358799999999]]],[[[-78.603994,35.723736],[-78.604478,35.72341699999999],[-78.604949,35.723398],[-78.604553,35.723536],[-78.60403,35.723906],[-78.603947,35.724077],[-78.603863,35.724019000000006],[-78.60371,35.72408],[-78.603921,35.723943999999996],[-78.603994,35.723736]]],[[[-78.616056,35.723555000000005],[-78.615231,35.724282],[-78.614825,35.724452],[-78.614731,35.724627999999996],[-78.614822,35.72473],[-78.614368,35.724842],[-78.61431,35.72516099999999],[-78.614065,35.725193999999995],[-78.613661,35.725493],[-78.613492,35.725767000000005],[-78.613088,35.725911],[-78.613956,35.725218],[-78.615815,35.723399],[-78.615929,35.723501],[-78.616031,35.723456],[-78.616056,35.723555000000005]]],[[[-78.603062,35.724472],[-78.603066,35.724833],[-78.602956,35.724274],[-78.60287,35.724276],[-78.603078,35.724252],[-78.603063,35.724044],[-78.603231,35.724135999999994],[-78.603349,35.72404900000001],[-78.603604,35.724045000000004],[-78.60320500000002,35.724174000000005],[-78.603062,35.724472]]],[[[-78.603628,35.724121000000004],[-78.603201,35.724515],[-78.6033,35.72479299999999],[-78.603144,35.72474700000001],[-78.60332,35.724959999999996],[-78.603403,35.725302],[-78.602982,35.725597],[-78.603078,35.725647],[-78.602973,35.725812],[-78.602977,35.72545199999999],[-78.603264,35.72521999999999],[-78.603139,35.724743999999994],[-78.603186,35.724392],[-78.603325,35.724216000000006],[-78.603628,35.724121000000004]]],[[[-78.598129,35.722233],[-78.598311,35.722246],[-78.597987,35.722383],[-78.598106,35.722706],[-78.597871,35.72314599999999],[-78.597952,35.723257999999994],[-78.59779200000001,35.72349599999999],[-78.597844,35.72363399999999],[-78.597662,35.723667999999996],[-78.597754,35.723707],[-78.59761600000002,35.72377099999999],[-78.59779000000002,35.723969],[-78.59773,35.724045000000004],[-78.597846,35.724041],[-78.597776,35.72411600000001],[-78.597877,35.72433399999999],[-78.597646,35.72458699999999],[-78.597685,35.724852],[-78.59796400000002,35.72496],[-78.598041,35.725173],[-78.597945,35.725295],[-78.597992,35.7254],[-78.597877,35.72543],[-78.59765,35.725793],[-78.597701,35.72636699999998],[-78.59753000000002,35.72690500000001],[-78.597701,35.7271],[-78.598066,35.727067],[-78.59963,35.727643],[-78.600068,35.72766800000001],[-78.599039,35.727650999999994],[-78.597427,35.72721899999999],[-78.596641,35.726889],[-78.596785,35.726449],[-78.596728,35.725841],[-78.597338,35.72529],[-78.59759,35.7247],[-78.597646,35.72416400000001],[-78.597478,35.72354099999999],[-78.597894,35.72278099999999],[-78.597873,35.72218500000001],[-78.598107,35.72216000000001],[-78.598129,35.722233]]],[[[-78.602774,35.725466999999995],[-78.602877,35.72567],[-78.602763,35.725652],[-78.60268900000001,35.72537700000001],[-78.602946,35.72529],[-78.602838,35.72519299999999],[-78.603116,35.725214],[-78.602774,35.725466999999995]]],[[[-78.614134,35.724711],[-78.613161,35.72557299999999],[-78.612281,35.72618699999999],[-78.611749,35.726906],[-78.610607,35.727196],[-78.610169,35.72744999999999],[-78.610105,35.727397],[-78.610587,35.726909],[-78.61093,35.726954],[-78.61098,35.72687500000001],[-78.61176,35.726745],[-78.612349,35.72603900000001],[-78.612661,35.725790999999994],[-78.612745,35.725587999999995],[-78.612972,35.725403],[-78.613184,35.72537100000001],[-78.613692,35.724873],[-78.613883,35.72482800000001],[-78.613974,35.724678000000004],[-78.613855,35.724652000000006],[-78.614051,35.724395],[-78.614359,35.724198],[-78.614501,35.724195],[-78.61422,35.724433000000005],[-78.614134,35.724711]]],[[[-78.602888,35.725725],[-78.602679,35.72591],[-78.602758,35.72575199999999],[-78.602888,35.725725]]],[[[-78.602482,35.72629499999999],[-78.602625,35.72606400000001],[-78.602668,35.725987999999994],[-78.60262,35.726106],[-78.602482,35.72629499999999]]],[[[-78.602809,35.726099999999995],[-78.60290000000002,35.726272999999985],[-78.602752,35.72620700000001],[-78.602676,35.72627399999999],[-78.602809,35.726099999999995]]],[[[-78.60054,35.72771900000001],[-78.601227,35.727111],[-78.601582,35.72707],[-78.602397,35.726438999999985],[-78.602054,35.726952],[-78.602129,35.72716700000001],[-78.60176,35.727101],[-78.601274,35.727196],[-78.600702,35.727717],[-78.60054,35.72771900000001]]],[[[-78.609633,35.728064999999994],[-78.60987,35.72754100000001],[-78.610133,35.727481000000004],[-78.609633,35.728064999999994]]],[[[-78.601117,35.727698999999994],[-78.601164,35.727847000000004],[-78.600968,35.728009],[-78.600419,35.72802900000001],[-78.600374,35.72793600000001],[-78.600842,35.72794700000001],[-78.601117,35.727698999999994]]],[[[-78.602613,35.726435],[-78.60278,35.726791000000006],[-78.603066,35.72684600000001],[-78.602739,35.727164],[-78.602849,35.72762],[-78.603091,35.727907],[-78.603693,35.727977],[-78.604204,35.72817900000001],[-78.604213,35.728457],[-78.604433,35.72872100000001],[-78.604778,35.728883999999994],[-78.604713,35.729],[-78.604931,35.729172],[-78.605109,35.729150999999995],[-78.605034,35.72928099999999],[-78.605238,35.729395],[-78.605236,35.729517],[-78.605419,35.729547000000004],[-78.605218,35.729535],[-78.603734,35.728216999999994],[-78.603113,35.727935],[-78.602855,35.72777599999999],[-78.602538,35.72738],[-78.60226,35.727214],[-78.602225,35.727068],[-78.602473,35.726552],[-78.602613,35.726435]]],[[[-78.612616,35.726222],[-78.612134,35.726998],[-78.612028,35.72696899999999],[-78.61177,35.727199],[-78.611642,35.727175],[-78.611549,35.727284999999995],[-78.611304,35.72728299999999],[-78.611072,35.72740199999999],[-78.610248,35.72797899999999],[-78.610195,35.728623999999996],[-78.609796,35.728731],[-78.609515,35.728989999999996],[-78.610112,35.729261],[-78.610218,35.729206],[-78.610632,35.729721],[-78.61053000000001,35.729751],[-78.61002,35.729498],[-78.609896,35.729526],[-78.609005,35.73],[-78.608694,35.730003999999994],[-78.608817,35.730095],[-78.608592,35.73013900000001],[-78.608709,35.730232],[-78.608645,35.730263],[-78.608544,35.73016100000001],[-78.60841,35.730242],[-78.608107,35.730241],[-78.607342,35.73098399999999],[-78.608038,35.73019399999999],[-78.608661,35.729963999999995],[-78.609238,35.72948699999999],[-78.609983,35.728106999999994],[-78.610404,35.727621],[-78.610666,35.727456000000004],[-78.611881,35.727039999999995],[-78.612407,35.726355],[-78.612709,35.726116999999995],[-78.61276,35.726186999999996],[-78.612616,35.726222]]],[[[-78.609048,35.729312],[-78.609023,35.729088],[-78.609122,35.72896700000001],[-78.608944,35.728592000000006],[-78.609245,35.728648],[-78.6096,35.72815],[-78.609048,35.729312]]],[[[-78.601828,35.72733499999999],[-78.602342,35.72752499999999],[-78.602587,35.72788799999999],[-78.603482,35.728408],[-78.605634,35.730309],[-78.605792,35.73093299999999],[-78.606132,35.73135499999999],[-78.606431,35.731483],[-78.606318,35.73151500000001],[-78.606165,35.731385],[-78.606005,35.73148599999999],[-78.606079,35.731496],[-78.606082,35.731707],[-78.606264,35.731623],[-78.606329,35.731762],[-78.606211,35.73193],[-78.606216,35.73238899999999],[-78.606091,35.732488],[-78.605873,35.732010999999986],[-78.605078,35.731494],[-78.605253,35.731213],[-78.605539,35.73101299999998],[-78.605475,35.73067000000001],[-78.605605,35.730438],[-78.605511,35.730529999999995],[-78.605458,35.730474999999984],[-78.605484,35.730382000000006],[-78.605624,35.730383],[-78.605505,35.73034200000001],[-78.605537,35.730267],[-78.605342,35.73024999999999],[-78.605377,35.730458],[-78.604992,35.730351],[-78.604826,35.73008699999999],[-78.60501,35.72992599999999],[-78.604938,35.72975900000001],[-78.604703,35.729879],[-78.604499,35.72978899999999],[-78.604492,35.729511],[-78.604593,35.729434],[-78.604281,35.72922299999999],[-78.604114,35.729265999999996],[-78.604001,35.729189999999996],[-78.603337,35.72835499999999],[-78.603149,35.72835400000001],[-78.603282,35.72841699999999],[-78.603125,35.728467],[-78.602914,35.72823499999999],[-78.6025,35.728005],[-78.602383,35.72761599999998],[-78.602071,35.72757699999998],[-78.601745,35.727397],[-78.601394,35.727445],[-78.601265,35.72769799999999],[-78.601126,35.72764699999999],[-78.601492,35.727366999999994],[-78.601828,35.72733499999999]]],[[[-78.608537,35.729762],[-78.607796,35.729992],[-78.607515,35.730267000000005],[-78.606969,35.731215999999996],[-78.606896,35.731277],[-78.607158,35.730715],[-78.60711,35.730394999999994],[-78.607204,35.730227000000006],[-78.607906,35.72985],[-78.608157,35.72984600000001],[-78.608557,35.729682999999994],[-78.608608,35.729521],[-78.609043,35.729319],[-78.608537,35.729762]]],[[[-78.606285,35.730213],[-78.606401,35.731275],[-78.60632300000002,35.731142999999996],[-78.606258,35.73036599999999],[-78.606081,35.73005599999998],[-78.606285,35.730213]]],[[[-78.607299,35.73140599999999],[-78.606889,35.73138699999999],[-78.606782,35.731435],[-78.606696,35.731457],[-78.606898,35.731381],[-78.607213,35.731325000000005],[-78.607342,35.73098399999999],[-78.607583,35.731303],[-78.607299,35.73140599999999]]],[[[-78.606433,35.731484],[-78.606696,35.731457],[-78.606485,35.731536],[-78.606433,35.731484]]],[[[-78.601281,35.736577999999994],[-78.601468,35.736600999999986],[-78.601505,35.73697299999999],[-78.601627,35.73701899999999],[-78.601513,35.737011],[-78.601384,35.736679],[-78.60095500000001,35.73683100000001],[-78.600055,35.73673],[-78.600912,35.736795999999984],[-78.601281,35.736577999999994]]],[[[-78.602085,35.737072],[-78.602222,35.737117],[-78.602233,35.737126],[-78.602085,35.737072]]],[[[-78.598428,35.737395],[-78.5989,35.737346],[-78.599089,35.73722999999999],[-78.599294,35.737286],[-78.599614,35.73722599999999],[-78.59966,35.737198],[-78.599527,35.736957000000004],[-78.599556,35.736863],[-78.599809,35.737304],[-78.599003,35.737347],[-78.598397,35.737526],[-78.597978,35.73783800000001],[-78.597445,35.737854999999996],[-78.597154,35.738025],[-78.596835,35.738026000000005],[-78.59697,35.73789699999999],[-78.597728,35.73781600000001],[-78.598074,35.73769599999999],[-78.598428,35.737395]]],[[[-78.604625,35.73766599999999],[-78.605601,35.737703999999994],[-78.60555,35.737881],[-78.605097,35.737911],[-78.60464,35.737680000000005],[-78.604442,35.737941],[-78.60431,35.73796200000001],[-78.60396,35.737798999999995],[-78.603219,35.737785],[-78.603023,35.737519000000006],[-78.603369,35.737522],[-78.603406,35.737716999999996],[-78.604143,35.73768700000001],[-78.604281,35.737805],[-78.604625,35.73766599999999]]],[[[-78.60141,35.737909],[-78.601547,35.737599],[-78.601928,35.737634],[-78.602577,35.737537],[-78.602962,35.737621],[-78.603198,35.73786799999999],[-78.603951,35.737877999999995],[-78.604281,35.738031],[-78.604465,35.73799999999999],[-78.604631,35.737808],[-78.60507,35.737965999999986],[-78.60554700000002,35.73792499999999],[-78.605367,35.738227],[-78.605466,35.73834999999999],[-78.604948,35.738006],[-78.604255,35.73812999999999],[-78.603596,35.737904],[-78.603158,35.737911],[-78.602805,35.737662],[-78.602344,35.73761199999999],[-78.601689,35.737665],[-78.601425,35.738146],[-78.601315,35.738144],[-78.600856,35.737593999999994],[-78.601134,35.73763199999999],[-78.60141,35.737909]]],[[[-78.596545,35.738194],[-78.597083,35.738211],[-78.597372,35.738043],[-78.59788400000001,35.737999],[-78.59911,35.737575000000014],[-78.59993,35.737379000000004],[-78.600192,35.73744200000001],[-78.600059,35.73745300000001],[-78.599781,35.73770799999999],[-78.599386,35.73780899999999],[-78.599269,35.73799999999999],[-78.599066,35.737875],[-78.598666,35.737852000000004],[-78.598377,35.73792699999999],[-78.59832,35.738020999999996],[-78.597769,35.738105],[-78.59735600000002,35.73836599999999],[-78.59705300000002,35.73839100000001],[-78.59645,35.73825899999999],[-78.596303,35.738345],[-78.596081,35.738369999999996],[-78.596545,35.738194]]],[[[-78.604876,35.76223100000001],[-78.604471,35.76076],[-78.604297,35.760732999999995],[-78.604107,35.761086],[-78.60437400000002,35.761968],[-78.604246,35.762158],[-78.604131,35.761609],[-78.603566,35.76039899999999],[-78.603092,35.759942],[-78.602724,35.75976899999999],[-78.60183,35.759373],[-78.601041,35.75925600000001],[-78.599984,35.759529],[-78.599862,35.75976],[-78.599334,35.75992599999999],[-78.598632,35.759224],[-78.598318,35.757751],[-78.59740100000002,35.756933000000004],[-78.596508,35.756536],[-78.595508,35.756383],[-78.593934,35.75650099999999],[-78.593321,35.75660400000001],[-78.591972,35.757137],[-78.59263500000002,35.756745],[-78.593101,35.75662100000001],[-78.59431,35.755926],[-78.594811,35.755461],[-78.595005,35.755743],[-78.595521,35.755643],[-78.595905,35.756236],[-78.596273,35.75638],[-78.596651,35.75613399999999],[-78.596689,35.755892],[-78.597259,35.755865],[-78.596788,35.755696],[-78.596786,35.75558600000001],[-78.597384,35.755638],[-78.598573,35.75600799999999],[-78.598454,35.756066999999994],[-78.598063,35.75602099999999],[-78.597327,35.75584499999999],[-78.597325,35.755921],[-78.598335,35.756275],[-78.598147,35.757059],[-78.598461,35.757841],[-78.598866,35.75810899999999],[-78.598764,35.758362999999996],[-78.598931,35.75904099999999],[-78.598919,35.759487],[-78.599112,35.75965200000001],[-78.599389,35.75976899999999],[-78.599858,35.75974000000001],[-78.60021,35.75886499999999],[-78.600259,35.75894699999999],[-78.600574,35.758376999999996],[-78.60112,35.758351000000005],[-78.601152,35.75798999999999],[-78.60129,35.75804],[-78.601358,35.75826199999999],[-78.601785,35.75856400000001],[-78.602141,35.758605],[-78.602419,35.758882],[-78.602858,35.759039],[-78.603139,35.75895799999999],[-78.603338,35.759009],[-78.603724,35.75932],[-78.604253,35.760527],[-78.604347,35.76048599999999],[-78.604749,35.75922500000001],[-78.604695,35.758494999999996],[-78.60484,35.758286999999996],[-78.605125,35.75823199999999],[-78.605236,35.75760199999999],[-78.606111,35.75786800000001],[-78.606396,35.757803],[-78.606551,35.757991000000004],[-78.606498,35.75806000000001],[-78.605916,35.758005],[-78.605343,35.758078],[-78.6052,35.758665],[-78.605025,35.7588],[-78.605232,35.758797],[-78.605148,35.759074000000005],[-78.605066,35.758882],[-78.604964,35.75888],[-78.604957,35.759099],[-78.605128,35.759191],[-78.605134,35.759462],[-78.604856,35.76015099999999],[-78.6049,35.760407],[-78.605169,35.76082300000001],[-78.605519,35.760891],[-78.605931,35.760752],[-78.606764,35.76069],[-78.607704,35.761166],[-78.608689,35.761407999999996],[-78.609128,35.761461999999995],[-78.609896,35.761288],[-78.610303,35.76128799999999],[-78.610816,35.761372],[-78.610853,35.761564],[-78.61100900000001,35.761567],[-78.611316,35.76140199999999],[-78.611952,35.762282],[-78.612596,35.762292],[-78.613882,35.762059],[-78.614091,35.761896],[-78.614101,35.761591999999986],[-78.61417200000001,35.761665999999984],[-78.614093,35.761238],[-78.614679,35.76081399999999],[-78.615233,35.76072800000001],[-78.615497,35.76041800000001],[-78.615984,35.760218],[-78.616686,35.76012],[-78.616555,35.75988],[-78.615374,35.759987],[-78.615386,35.759727999999996],[-78.615244,35.759501],[-78.615268,35.758542999999996],[-78.615563,35.75849399999999],[-78.616215,35.758587999999996],[-78.616855,35.75897400000001],[-78.617467,35.75881300000001],[-78.617911,35.757759],[-78.617726,35.75742199999999],[-78.618068,35.757377],[-78.618249,35.756975],[-78.618989,35.756595999999995],[-78.620441,35.75550799999999],[-78.621373,35.754967],[-78.621565,35.754818],[-78.621599,35.754648],[-78.621718,35.754635],[-78.621683,35.754492],[-78.621769,35.75445599999999],[-78.62192900000001,35.75455499999999],[-78.622262,35.75440299999999],[-78.622815,35.75468],[-78.62298,35.754951000000005],[-78.622984,35.75520100000001],[-78.622716,35.755621],[-78.623071,35.756105000000005],[-78.623609,35.75628599999999],[-78.623725,35.75686199999999],[-78.624002,35.756817],[-78.62418,35.75707299999999],[-78.625548,35.756556],[-78.626407,35.756640999999995],[-78.626795,35.756598],[-78.627457,35.756342],[-78.627498,35.75591399999999],[-78.62812,35.75566700000001],[-78.628472,35.75499200000001],[-78.628495,35.754231999999995],[-78.628378,35.753926],[-78.62911300000002,35.755137999999995],[-78.629546,35.755385],[-78.630017,35.755495],[-78.630121,35.75566200000001],[-78.630623,35.755764],[-78.6312,35.755719],[-78.63123400000002,35.755778],[-78.631271,35.755537],[-78.631503,35.75546099999999],[-78.631737,35.755555],[-78.632319,35.756420000000006],[-78.632639,35.75648699999999],[-78.633856,35.756308],[-78.634054,35.756115],[-78.634197,35.756215999999995],[-78.634296,35.756555],[-78.63446,35.75655799999999],[-78.634363,35.75583499999999],[-78.634475,35.75520999999999],[-78.634698,35.75556799999999],[-78.634711,35.756518],[-78.634517,35.75651400000001],[-78.634425,35.75661199999999],[-78.632951,35.75657100000001],[-78.632263,35.756657000000004],[-78.631566,35.756917],[-78.631039,35.756986999999995],[-78.629795,35.75705899999999],[-78.628003,35.75699999999999],[-78.625816,35.75720699999999],[-78.624857,35.757199],[-78.624272,35.757143000000006],[-78.623731,35.756890999999996],[-78.62310000000001,35.756952999999996],[-78.622312,35.756776],[-78.620338,35.75668399999999],[-78.619712,35.75670299999999],[-78.619266,35.75681699999999],[-78.618492,35.75716499999999],[-78.618059,35.757793],[-78.61768,35.758846999999996],[-78.61768,35.759996],[-78.61748,35.760061],[-78.615408,35.761591999999986],[-78.613131,35.76231400000002],[-78.61293,35.76255399999999],[-78.611834,35.762449],[-78.609763,35.761781],[-78.608133,35.76148700000001],[-78.606992,35.761099],[-78.605992,35.760946],[-78.605679,35.760964],[-78.605491,35.761094],[-78.604941,35.76235899999998],[-78.6048,35.762473],[-78.604586,35.762564999999995],[-78.604346,35.76233],[-78.604486,35.762251],[-78.604471,35.762443],[-78.604584,35.76256],[-78.604783,35.762473],[-78.604876,35.76223100000001]]],[[[-78.595673,35.791720999999995],[-78.596303,35.792781999999995],[-78.596488,35.79361],[-78.596373,35.793973],[-78.596401,35.794685],[-78.596593,35.795012],[-78.596744,35.79503400000001],[-78.597121,35.794664999999995],[-78.597529,35.794058],[-78.597552,35.793828],[-78.597761,35.794681],[-78.597723,35.79505],[-78.598831,35.794834],[-78.598931,35.79494599999999],[-78.599178,35.794925],[-78.599273,35.79519],[-78.599554,35.79520399999999],[-78.599447,35.79549399999999],[-78.599601,35.795643999999996],[-78.599713,35.79615999999999],[-78.599834,35.796248],[-78.599708,35.796361999999995],[-78.599772,35.79666600000001],[-78.599568,35.797829],[-78.600105,35.7994],[-78.60024,35.799646],[-78.600541,35.799864],[-78.600459,35.79989599999999],[-78.600457,35.800256],[-78.600545,35.800277],[-78.600409,35.800496],[-78.600548,35.800682],[-78.600808,35.80078900000001],[-78.600605,35.80094299999999],[-78.600631,35.80118399999999],[-78.600836,35.801765],[-78.601003,35.801959999999994],[-78.601221,35.801958],[-78.601584,35.80178900000001],[-78.601733,35.80148200000001],[-78.601844,35.801641],[-78.602334,35.801494],[-78.60234700000001,35.80113300000001],[-78.602528,35.801265],[-78.602453,35.801094000000006],[-78.602614,35.801056],[-78.60260500000001,35.800916],[-78.602712,35.80095399999999],[-78.602649,35.800835000000006],[-78.602937,35.80056199999999],[-78.603159,35.80057199999999],[-78.603241,35.800418],[-78.603388,35.800683],[-78.603098,35.80084199999999],[-78.603058,35.800979],[-78.603215,35.801074],[-78.603431,35.800853],[-78.603359,35.801179000000005],[-78.603613,35.801134999999995],[-78.603603,35.800956000000006],[-78.603747,35.800847],[-78.603812,35.800948],[-78.604305,35.801147],[-78.605004,35.801312999999986],[-78.605513,35.801843999999996],[-78.605697,35.80175299999999],[-78.605711,35.801871999999996],[-78.60602,35.802155000000006],[-78.605894,35.802956],[-78.606309,35.80347599999999],[-78.606754,35.80348500000001],[-78.607674,35.803156],[-78.6074,35.803464999999996],[-78.605772,35.803793999999996],[-78.60511,35.804021],[-78.604647,35.80402],[-78.604362,35.80390299999999],[-78.603988,35.803247999999996],[-78.603644,35.802906],[-78.602869,35.802549],[-78.601241,35.802279999999996],[-78.600457,35.80185199999999],[-78.599063,35.799660999999986],[-78.598509,35.797245],[-78.596977,35.796226],[-78.59588,35.795168],[-78.595812,35.794306],[-78.596174,35.79291799999999],[-78.595986,35.79239299999999],[-78.595496,35.791689],[-78.595673,35.791720999999995]]],[[[-78.608819,35.801384000000006],[-78.609054,35.800907],[-78.609306,35.80064200000001],[-78.609827,35.800476999999994],[-78.610165,35.80020199999999],[-78.610213,35.80004499999999],[-78.610862,35.79982900000001],[-78.610441,35.80001099999998],[-78.60981,35.800534],[-78.609453,35.80063499999999],[-78.609371,35.80082199999999],[-78.609018,35.801067999999994],[-78.608887,35.801421000000005],[-78.60904,35.801595],[-78.609028,35.802223999999995],[-78.608987,35.802339999999994],[-78.608819,35.80240500000001],[-78.608903,35.801987],[-78.608819,35.801384000000006]]],[[[-78.607995,35.802829],[-78.60805,35.80236],[-78.607946,35.802252],[-78.608416,35.801891],[-78.608547,35.801404],[-78.608879,35.80083299999999],[-78.609303,35.80048],[-78.609733,35.80040599999999],[-78.610053,35.799993],[-78.610428,35.799869],[-78.610757,35.79983],[-78.610725,35.79952999999999],[-78.611144,35.799038],[-78.611301,35.79902599999999],[-78.611152,35.79905399999999],[-78.61093,35.799348],[-78.610776,35.79959199999999],[-78.610765,35.799833],[-78.610121,35.80001500000001],[-78.609783,35.80041200000001],[-78.609293,35.800530999999985],[-78.608995,35.80082499999999],[-78.608702,35.801396999999994],[-78.608649,35.802082999999996],[-78.608428,35.802546],[-78.608483,35.803259000000004],[-78.608371,35.803214999999994],[-78.608279,35.802897],[-78.607995,35.802829]]],[[[-78.607803,35.80349499999999],[-78.607871,35.80352],[-78.607765,35.80350800000001],[-78.607803,35.80349499999999]]],[[[-78.608354,35.80352299999999],[-78.608419,35.803487999999994],[-78.608342,35.803564],[-78.608354,35.80352299999999]]],[[[-78.607906,35.80368399999999],[-78.607964,35.803734999999996],[-78.607892,35.80364099999999],[-78.607906,35.80368399999999]]],[[[-78.608875,35.80261300000001],[-78.609045,35.803126000000006],[-78.609569,35.803163999999995],[-78.609964,35.80327200000001],[-78.610052,35.80338],[-78.610631,35.803451],[-78.610808,35.803568],[-78.610975,35.80385499999999],[-78.61065,35.803668],[-78.610278,35.803773],[-78.610336,35.803834],[-78.610237,35.80382900000001],[-78.610219,35.803914],[-78.610712,35.804342999999996],[-78.611449,35.80517699999999],[-78.611581,35.80553599999998],[-78.611968,35.805997],[-78.61164,35.805666],[-78.610658,35.80436],[-78.610258,35.804024],[-78.609864,35.803977],[-78.60923,35.804094000000006],[-78.608685,35.803844],[-78.608582,35.80319399999999],[-78.608898,35.803],[-78.608948,35.802841999999984],[-78.608785,35.802672],[-78.60879,35.802593],[-78.608875,35.80261300000001]]],[[[-78.600949,35.80676699999999],[-78.600176,35.805856],[-78.600078,35.805867],[-78.600161,35.806084999999996],[-78.599861,35.805875],[-78.599741,35.805657999999994],[-78.599677,35.80531899999999],[-78.60004000000002,35.805685],[-78.599793,35.805285],[-78.599991,35.80512600000001],[-78.600008,35.804962],[-78.599865,35.804798000000005],[-78.599586,35.805003000000006],[-78.599239,35.804483999999995],[-78.599103,35.804171000000004],[-78.599176,35.804072999999995],[-78.599087,35.804092],[-78.599038,35.80398499999999],[-78.599156,35.80349699999999],[-78.599272,35.803533],[-78.599408,35.803828],[-78.601839,35.80565699999999],[-78.602867,35.80630500000001],[-78.602341,35.806234],[-78.601943,35.80635300000001],[-78.601902,35.806471],[-78.601499,35.806624],[-78.601074,35.80663200000001],[-78.600949,35.80676699999999]]],[[[-78.603556,35.80690299999999],[-78.603227,35.806685],[-78.6032,35.806506],[-78.603778,35.806645],[-78.60427,35.80658000000001],[-78.606679,35.80534600000001],[-78.60686,35.804990000000004],[-78.607787,35.804097000000006],[-78.608182,35.80422299999999],[-78.608268,35.804573999999995],[-78.608142,35.804267],[-78.607806,35.80414],[-78.607527,35.80502499999999],[-78.606977,35.80563699999999],[-78.606076,35.80618199999999],[-78.604548,35.806917],[-78.60389,35.80739299999999],[-78.603759,35.807041999999996],[-78.603533,35.806994],[-78.603556,35.80690299999999]]],[[[-78.612574,35.806521],[-78.613093,35.80698300000001],[-78.613275,35.806975],[-78.613742,35.80664],[-78.613989,35.806591],[-78.614038,35.806416],[-78.613921,35.80620700000001],[-78.614473,35.80590799999999],[-78.614538,35.805741999999995],[-78.615305,35.80574500000001],[-78.615339,35.805816],[-78.614818,35.80579399999999],[-78.614233,35.806084000000006],[-78.613991,35.806591999999995],[-78.613215,35.807086999999996],[-78.613024,35.80709],[-78.612361,35.806475999999996],[-78.612574,35.806521]]],[[[-78.612347,35.806466],[-78.612358,35.806476],[-78.612325,35.806464999999996],[-78.612347,35.806466]]],[[[-78.613638,35.807386],[-78.613327,35.807956999999995],[-78.6131,35.807881],[-78.612689,35.808156999999994],[-78.61247500000002,35.808043],[-78.611962,35.80827899999999],[-78.611983,35.808473],[-78.612253,35.808662],[-78.612109,35.80882],[-78.612546,35.80881699999999],[-78.612407,35.808913000000004],[-78.612399,35.80904400000001],[-78.612585,35.809179],[-78.6118,35.809374],[-78.611638,35.80986500000001],[-78.611116,35.810085],[-78.611121,35.810214],[-78.611326,35.81027699999999],[-78.61144300000001,35.81042699999999],[-78.61126700000001,35.81026000000001],[-78.611108,35.810239],[-78.611082,35.810131999999996],[-78.611199,35.809658999999996],[-78.610977,35.808879999999995],[-78.609665,35.80763999999999],[-78.609158,35.805862],[-78.608995,35.804296],[-78.609891,35.804191],[-78.610504,35.804524],[-78.611468,35.80583699999999],[-78.612532,35.807579999999994],[-78.613151,35.807655],[-78.613472,35.807549999999985],[-78.613638,35.807386]]],[[[-78.607903,35.810498],[-78.606766,35.810097],[-78.60408,35.808657000000004],[-78.604033,35.80861000000001],[-78.604479,35.80880100000001],[-78.60462,35.80840400000001],[-78.604037,35.807781999999996],[-78.604772,35.80715],[-78.60744,35.80573399999999],[-78.608089,35.80466200000001],[-78.608252,35.80462],[-78.608193,35.80497200000001],[-78.607513,35.80608900000001],[-78.607381,35.80648099999999],[-78.607883,35.808779],[-78.608259,35.80944100000001],[-78.608627,35.809781],[-78.610578,35.81029699999999],[-78.608996,35.81058699999999],[-78.608545,35.810553000000006],[-78.608608,35.81029199999998],[-78.608306,35.810496],[-78.607903,35.810498]]],[[[-78.606058,35.809781],[-78.604521,35.809527],[-78.604216,35.809609],[-78.603853,35.809580999999994],[-78.604474,35.809464999999996],[-78.604257,35.809459999999994],[-78.60454,35.80910500000001],[-78.603949,35.808685999999994],[-78.606058,35.809781]]],[[[-78.61160700000002,35.810604],[-78.611659,35.810663000000005],[-78.611481,35.810471],[-78.61160700000002,35.810604]]],[[[-78.61177,35.810779000000004],[-78.611812,35.81113999999999],[-78.611747,35.811325],[-78.61177,35.810779000000004]]],[[[-78.616116,35.816722],[-78.616051,35.81653399999999],[-78.615156,35.815926],[-78.614945,35.815502],[-78.61356,35.815104],[-78.613442,35.81523199999999],[-78.612433,35.815368],[-78.612312,35.81529599999999],[-78.611059,35.815327],[-78.60970700000001,35.815094],[-78.608687,35.815423],[-78.608339,35.81599699999999],[-78.608247,35.81553499999999],[-78.607997,35.81544199999999],[-78.607809,35.81548999999999],[-78.607847,35.815361],[-78.608112,35.81516],[-78.60829,35.815218],[-78.60873,35.81513599999999],[-78.608966,35.814882],[-78.609633,35.814654],[-78.609872,35.81443199999998],[-78.611004,35.812149],[-78.610905,35.812103],[-78.61035400000002,35.81223499999999],[-78.611115,35.81179199999999],[-78.611301,35.811364],[-78.611237,35.811088999999996],[-78.610641,35.811024],[-78.610172,35.81119],[-78.609857,35.81093599999999],[-78.609733,35.81098499999999],[-78.609685,35.81089500000001],[-78.609442,35.810908],[-78.609387,35.810825],[-78.609089,35.81091599999999],[-78.608805,35.810782],[-78.609823,35.81066200000001],[-78.61061,35.810433],[-78.610589,35.810294],[-78.61070200000002,35.81054999999999],[-78.611308,35.811094000000004],[-78.611326,35.811396],[-78.610948,35.812483],[-78.609964,35.814384999999994],[-78.610182,35.81472600000001],[-78.610665,35.814899],[-78.61396,35.814943],[-78.61607,35.815438999999984],[-78.616427,35.815119],[-78.616878,35.814245],[-78.617249,35.814010999999994],[-78.617623,35.81389200000001],[-78.618171,35.814091],[-78.618732,35.813984000000005],[-78.619272,35.814143],[-78.619345,35.81409300000001],[-78.619238,35.81424100000001],[-78.618905,35.814085],[-78.618611,35.814085999999996],[-78.61793500000002,35.814287],[-78.617357,35.815228],[-78.617285,35.815156],[-78.617142,35.815256999999995],[-78.617121,35.815135999999995],[-78.616898,35.81556599999999],[-78.617029,35.815470000000005],[-78.616998,35.815723],[-78.616813,35.815988],[-78.616729,35.815893],[-78.616341,35.816618999999996],[-78.616116,35.816722]]],[[[-78.596247,35.825809],[-78.596661,35.826548],[-78.597095,35.827496],[-78.59818700000001,35.830448000000004],[-78.598618,35.830926],[-78.598594,35.830972],[-78.598324,35.83103800000001],[-78.598301,35.83343399999998],[-78.59817,35.833952],[-78.59817900000002,35.834627000000005],[-78.597771,35.83516900000001],[-78.597917,35.834841999999995],[-78.598175,35.83462399999999],[-78.597954,35.834153999999984],[-78.598085,35.83381],[-78.598023,35.83362499999999],[-78.59815,35.832863999999994],[-78.597743,35.83248300000001],[-78.597447,35.83169899999999],[-78.597673,35.83145499999999],[-78.597681,35.830983],[-78.598595,35.830932999999995],[-78.59766300000001,35.830842],[-78.597699,35.829894],[-78.597441,35.829365],[-78.59756,35.828876000000015],[-78.597284,35.82827799999999],[-78.59679500000001,35.827898999999995],[-78.596919,35.827566],[-78.596747,35.827349],[-78.596805,35.827166999999996],[-78.59668,35.827034999999995],[-78.596659,35.826613],[-78.596043,35.82586700000001],[-78.595707,35.825687],[-78.59556,35.82518],[-78.595139,35.82469600000001],[-78.595115,35.82455199999999],[-78.594811,35.82447899999999],[-78.594703,35.82429499999999],[-78.594757,35.823885999999995],[-78.595077,35.823522],[-78.594891,35.823462],[-78.594886,35.823344000000006],[-78.594429,35.82292699999999],[-78.594101,35.823052],[-78.593854,35.82298399999999],[-78.594599,35.821895999999995],[-78.595566,35.823584],[-78.596247,35.825809]]],[[[-78.594525,35.82000699999999],[-78.594971,35.820013],[-78.594925,35.819711],[-78.5951,35.819711],[-78.59534,35.819758],[-78.595588,35.819936999999996],[-78.595603,35.820334],[-78.596258,35.820286],[-78.596134,35.820709],[-78.596334,35.821358],[-78.596536,35.82159699999999],[-78.596489,35.82218300000001],[-78.596938,35.822749],[-78.597054,35.823221],[-78.597316,35.82333799999999],[-78.597612,35.82370100000001],[-78.597519,35.824120999999984],[-78.59761600000002,35.82440999999999],[-78.597529,35.82452500000001],[-78.597904,35.82558099999999],[-78.598172,35.825973999999995],[-78.598489,35.826019],[-78.598538,35.82613],[-78.598431,35.826897],[-78.598516,35.827189],[-78.59828,35.827346999999996],[-78.598288,35.82743000000001],[-78.598615,35.827372999999994],[-78.599279,35.827556],[-78.599649,35.827687],[-78.599823,35.82778499999999],[-78.59904500000002,35.82754099999999],[-78.598806,35.82770200000001],[-78.598732,35.827914],[-78.598812,35.82833899999999],[-78.599146,35.82849199999999],[-78.599202,35.82861199999999],[-78.599112,35.829153],[-78.599146,35.829985],[-78.599467,35.830312000000006],[-78.59935000000002,35.830704],[-78.598953,35.830663],[-78.598748,35.830783999999994],[-78.598724,35.83095099999999],[-78.599182,35.830976],[-78.599597,35.831148999999996],[-78.599603,35.831423],[-78.599238,35.831907],[-78.599326,35.832059],[-78.599118,35.833234],[-78.598954,35.833394],[-78.598806,35.83388500000001],[-78.598625,35.83401800000001],[-78.598356,35.835056],[-78.599004,35.835355000000014],[-78.598989,35.83548199999999],[-78.598791,35.83539600000001],[-78.598726,35.835522],[-78.599109,35.83582799999999],[-78.59902,35.836144],[-78.598294,35.83630699999999],[-78.598153,35.836758],[-78.598208,35.837003],[-78.59804,35.837028999999994],[-78.598127,35.83685800000001],[-78.598108,35.83679000000001],[-78.59786,35.837219],[-78.597766,35.83771300000001],[-78.597887,35.838193999999994],[-78.598066,35.838358],[-78.59792,35.83851],[-78.598051,35.839008],[-78.59794,35.839352000000005],[-78.597991,35.83988699999999],[-78.598391,35.83994199999999],[-78.598428,35.840814],[-78.598549,35.840951],[-78.598929,35.841021],[-78.598626,35.84164500000001],[-78.598669,35.84191199999999],[-78.59916,35.842819],[-78.59937,35.84299199999999],[-78.599596,35.84303400000001],[-78.599431,35.843802999999994],[-78.599594,35.844618000000004],[-78.600219,35.845102000000004],[-78.600412,35.845891],[-78.600204,35.846065],[-78.600367,35.846627],[-78.59995,35.84855300000001],[-78.600181,35.84878799999999],[-78.599877,35.84906200000002],[-78.59975,35.849467],[-78.59978400000001,35.84994199999999],[-78.599888,35.850019],[-78.599793,35.850411],[-78.600226,35.851192],[-78.600123,35.851353],[-78.600135,35.851209999999995],[-78.59970000000001,35.85052099999999],[-78.5996,35.84982399999999],[-78.599639,35.849423],[-78.599881,35.84884699999999],[-78.600178,35.846483],[-78.599882,35.845386999999995],[-78.599304,35.84443099999999],[-78.599096,35.843404],[-78.598234,35.84143799999999],[-78.597945,35.839722],[-78.597732,35.837627],[-78.597957,35.836801],[-78.598099,35.835058],[-78.598393,35.83462200000001],[-78.598762,35.83322499999999],[-78.598868,35.83104399999999],[-78.598702,35.830961999999985],[-78.59873,35.830282999999994],[-78.59849,35.829213],[-78.597764,35.82735799999999],[-78.597622,35.826189],[-78.59737,35.82515899999999],[-78.596846,35.823648],[-78.595812,35.82135899999999],[-78.59541300000001,35.820799],[-78.594525,35.82000699999999]]],[[[-78.596463,35.84142099999999],[-78.597132,35.840501],[-78.59705,35.83930999999999],[-78.597186,35.839038],[-78.597383,35.83894900000001],[-78.597425,35.838777],[-78.59740100000002,35.838366],[-78.597174,35.838156999999995],[-78.59727400000001,35.838021],[-78.597203,35.837635],[-78.597322,35.837402999999995],[-78.597339,35.83689199999999],[-78.597535,35.836313999999994],[-78.597357,35.835602],[-78.597739,35.835345],[-78.597681,35.836896999999986],[-78.59744000000002,35.837653],[-78.597519,35.838803],[-78.597208,35.840321999999986],[-78.597303,35.841108999999996],[-78.5966,35.84146100000001],[-78.596457,35.84200100000001],[-78.596303,35.84179199999999],[-78.596463,35.84142099999999]]],[[[-78.596812,35.84211899999999],[-78.596531,35.84206900000001],[-78.596743,35.841602],[-78.597367,35.841266],[-78.599759,35.845646],[-78.599945,35.846952],[-78.599649,35.848547],[-78.599182,35.84963599999999],[-78.599418,35.850526],[-78.600072,35.85139499999999],[-78.600023,35.851442],[-78.599721,35.85126100000001],[-78.599597,35.850875],[-78.599297,35.85086299999999],[-78.598937,35.850621999999994],[-78.59871,35.85022299999998],[-78.598687,35.84986399999999],[-78.598869,35.84923899999999],[-78.59909200000001,35.848904000000005],[-78.599041,35.848691],[-78.599369,35.848443],[-78.599555,35.84847100000001],[-78.599409,35.84799000000001],[-78.599541,35.84776300000001],[-78.599312,35.847776],[-78.599707,35.84742800000001],[-78.59965300000002,35.847239],[-78.599502,35.847217],[-78.599681,35.84700900000001],[-78.599433,35.846898],[-78.59955,35.846696],[-78.599418,35.84618999999999],[-78.599494,35.84548899999999],[-78.599105,35.845047],[-78.599074,35.844668],[-78.598618,35.844212999999996],[-78.59840200000001,35.843424],[-78.597779,35.842641],[-78.59762,35.842033],[-78.597497,35.842060000000004],[-78.597306,35.841715],[-78.59705300000002,35.84221999999998],[-78.59693,35.842267],[-78.596812,35.84211899999999]]],[[[-78.595003,35.84351399999999],[-78.595248,35.843326],[-78.595257,35.84320899999999],[-78.595068,35.84312299999999],[-78.594876,35.84315200000001],[-78.594806,35.843056],[-78.594431,35.843038],[-78.59428,35.84286699999999],[-78.594493,35.842943000000005],[-78.594985,35.842845],[-78.595548,35.842598],[-78.59575100000002,35.84226499999999],[-78.596065,35.84234099999999],[-78.595838,35.842067],[-78.595921,35.841926],[-78.595818,35.84184],[-78.595939,35.841842],[-78.596317,35.842176],[-78.59623200000001,35.842245],[-78.5961,35.842172],[-78.596098,35.84239900000001],[-78.59579800000002,35.842395999999994],[-78.595208,35.8429],[-78.5953,35.843323999999996],[-78.595225,35.843850999999994],[-78.595159,35.843936],[-78.59516,35.843681],[-78.595003,35.84351399999999]]],[[[-78.596693,35.842579],[-78.596615,35.84264900000001],[-78.596306,35.842463],[-78.596479,35.842777999999996],[-78.596106,35.84357099999999],[-78.595722,35.84408],[-78.59557,35.844184],[-78.596117,35.843456],[-78.596423,35.842849],[-78.596434,35.842735000000005],[-78.596224,35.84249500000001],[-78.596286,35.842442],[-78.596412,35.84242599999999],[-78.596425,35.84228000000001],[-78.596693,35.842579]]],[[[-78.595288,35.84438499999999],[-78.595139,35.84466],[-78.595065,35.844730999999996],[-78.595168,35.844485],[-78.595272,35.84438],[-78.595417,35.84426599999999],[-78.595554,35.844195000000006],[-78.595288,35.84438499999999]]],[[[-78.594897,35.844832000000004],[-78.594943,35.84480899999999],[-78.594957,35.844804999999994],[-78.594897,35.844832000000004]]],[[[-78.594554,35.84629],[-78.594794,35.846101000000004],[-78.594752,35.845742],[-78.595034,35.84512799999999],[-78.594962,35.84497299999999],[-78.595052,35.844988],[-78.59515,35.845148],[-78.594798,35.845726],[-78.59488,35.846036],[-78.594794,35.84622499999999],[-78.594861,35.846363],[-78.594732,35.84648],[-78.594792,35.846604],[-78.594381,35.847094000000006],[-78.594644,35.846508],[-78.594554,35.84629]]],[[[-78.594694,35.84841699999999],[-78.59472,35.84832699999999],[-78.59474,35.848313],[-78.594694,35.84841699999999]]],[[[-78.594656,35.848669999999984],[-78.594629,35.848971],[-78.594661,35.84856800000001],[-78.594656,35.848669999999984]]],[[[-78.594619,35.85004199999999],[-78.594636,35.850058000000004],[-78.594636,35.850079],[-78.594619,35.85004199999999]]],[[[-78.594607,35.85120900000001],[-78.59459000000001,35.851275],[-78.594598,35.85117],[-78.594607,35.85120900000001]]],[[[-78.600324,35.851581999999986],[-78.600326,35.851591],[-78.600309,35.851594999999996],[-78.600324,35.851581999999986]]],[[[-78.60026300000001,35.851599],[-78.600249,35.851575],[-78.60027,35.851605],[-78.60026300000001,35.851599]]],[[[-78.60030800000001,35.85159099999999],[-78.600285,35.851605000000006],[-78.60027,35.851605],[-78.60030800000001,35.85159099999999]]],[[[-78.600536,35.851646],[-78.600639,35.85210800000001],[-78.601172,35.853088],[-78.600328,35.851594000000006],[-78.600536,35.851646]]],[[[-78.601078,35.85311999999998],[-78.600982,35.853062],[-78.600516,35.852364],[-78.600172,35.85236700000001],[-78.600151,35.852484999999994],[-78.599858,35.852393],[-78.599863,35.85218100000001],[-78.600135,35.851949999999995],[-78.600067,35.85176200000001],[-78.600196,35.851617],[-78.601078,35.85311999999998]]],[[[-78.603189,35.853095],[-78.603581,35.852798],[-78.603614,35.852986],[-78.603499,35.85322999999999],[-78.603189,35.853095]]],[[[-78.601378,35.853428],[-78.601286,35.853370999999996],[-78.601262,35.853331],[-78.601185,35.853109],[-78.601378,35.853428]]],[[[-78.601448,35.85354600000001],[-78.60121100000002,35.85348],[-78.601103,35.85313899999999],[-78.601236,35.85343499999999],[-78.601448,35.85354600000001]]],[[[-78.601428,35.853441],[-78.601508,35.853493],[-78.601378,35.853428],[-78.601428,35.853441]]],[[[-78.60577,35.853921],[-78.606472,35.854174],[-78.606419,35.854309],[-78.606531,35.854746000000006],[-78.606655,35.85498599999999],[-78.606972,35.855181],[-78.607225,35.85559],[-78.607625,35.85643399999999],[-78.607642,35.856704],[-78.60789,35.856714],[-78.607963,35.856821999999994],[-78.608347,35.856811],[-78.608418,35.857122999999994],[-78.608312,35.85722899999999],[-78.608994,35.857699000000004],[-78.609072,35.85813],[-78.609264,35.858414],[-78.609602,35.858552999999986],[-78.610068,35.858556],[-78.61065900000001,35.85871699999999],[-78.610856,35.859032],[-78.611611,35.859205],[-78.611688,35.859375],[-78.611872,35.85943],[-78.612141,35.859705999999996],[-78.612657,35.859784999999995],[-78.61315,35.859722],[-78.613151,35.85996899999999],[-78.61267,35.86000200000001],[-78.61239100000002,35.860265],[-78.61226200000002,35.861016],[-78.611848,35.861464000000005],[-78.611713,35.861866],[-78.611813,35.86194100000001],[-78.611945,35.862458999999994],[-78.611817,35.86224099999999],[-78.611703,35.86183],[-78.611956,35.86110099999999],[-78.611867,35.859736000000005],[-78.611509,35.859356],[-78.610783,35.85901],[-78.610262,35.858624999999996],[-78.609296,35.85853000000001],[-78.609061,35.858439],[-78.608835,35.857766000000005],[-78.607444,35.85683800000001],[-78.606234,35.854504999999996],[-78.60577,35.853921]]],[[[-78.605974,35.85523899999999],[-78.606693,35.856538],[-78.607345,35.856886],[-78.60766,35.857392],[-78.60857300000002,35.858035],[-78.608912,35.85855399999999],[-78.60985,35.858809],[-78.610689,35.859162],[-78.611287,35.859689],[-78.611595,35.86026899999999],[-78.611784,35.86129999999999],[-78.61157200000001,35.861957000000004],[-78.611596,35.861592],[-78.611753,35.861273999999995],[-78.611593,35.86119099999999],[-78.611483,35.860366],[-78.611078,35.85971899999999],[-78.61078600000002,35.859483999999995],[-78.610177,35.85938099999999],[-78.610104,35.858989],[-78.609916,35.859004],[-78.6099,35.85892699999999],[-78.609624,35.85887900000001],[-78.609624,35.858789],[-78.609371,35.858963],[-78.608759,35.858678],[-78.608128,35.858786],[-78.607981,35.858631],[-78.60741000000002,35.85840700000001],[-78.607124,35.858191999999995],[-78.607119,35.85740899999999],[-78.607342,35.85695599999999],[-78.60678,35.856961000000005],[-78.606568,35.857415],[-78.606218,35.856876],[-78.606328,35.856797],[-78.606291,35.856590999999995],[-78.606001,35.85628499999999],[-78.60609,35.855992],[-78.605929,35.85588599999999],[-78.605985,35.855844999999995],[-78.605359,35.855006],[-78.604946,35.85487599999999],[-78.605703,35.85502],[-78.605974,35.85523899999999]]],[[[-78.611648,35.862601],[-78.611191,35.862368999999994],[-78.61157200000001,35.861957000000004],[-78.611517,35.862212],[-78.611648,35.862601]]],[[[-78.611946,35.862461],[-78.611956,35.86245699999999],[-78.611968,35.862480999999995],[-78.611946,35.862461]]],[[[-78.596387,35.874886999999994],[-78.596688,35.874818000000005],[-78.596848,35.874818],[-78.596489,35.87503000000001],[-78.596387,35.874886999999994]]],[[[-78.59662,35.87528199999999],[-78.596539,35.875189999999996],[-78.596706,35.875260999999995],[-78.59662,35.87528199999999]]],[[[-78.59481,35.875713],[-78.595531,35.87506599999999],[-78.595715,35.875113],[-78.595933,35.875289],[-78.595897,35.875423999999995],[-78.59475600000002,35.87609799999999],[-78.594632,35.876553],[-78.594316,35.87639300000001],[-78.59355000000001,35.87639],[-78.593253,35.87614700000001],[-78.594502,35.875868],[-78.59481,35.875713]]],[[[-78.599602,35.87590600000001],[-78.599709,35.876106],[-78.599652,35.876203000000004],[-78.599325,35.87631499999999],[-78.598976,35.87625],[-78.598261,35.875553000000004],[-78.599602,35.87590600000001]]],[[[-78.610738,35.882423],[-78.610894,35.882851],[-78.610883,35.882888],[-78.610738,35.882423]]],[[[-78.610298,35.882716],[-78.610247,35.88268899999999],[-78.610229,35.882657],[-78.610298,35.882716]]],[[[-78.610371,35.883148],[-78.610298,35.882716],[-78.61044400000002,35.88288000000001],[-78.610394,35.88309],[-78.610693,35.88315799999998],[-78.610371,35.883148]]],[[[-78.610922,35.883041],[-78.611293,35.882998],[-78.611426,35.883179],[-78.611877,35.88328],[-78.611095,35.883245],[-78.610902,35.883069],[-78.610883,35.882888],[-78.610971,35.882928],[-78.610922,35.883041]]],[[[-78.612248,35.884153999999995],[-78.613476,35.882716],[-78.612198,35.884272],[-78.612248,35.884153999999995]]],[[[-78.611002,35.883584],[-78.610904,35.88381699999999],[-78.610802,35.883784],[-78.610587,35.883416],[-78.610603,35.883304],[-78.610754,35.88322699999999],[-78.610693,35.88315799999998],[-78.610949,35.883432000000006],[-78.611002,35.883584]]],[[[-78.611951,35.883661999999994],[-78.61226400000001,35.883781000000006],[-78.612301,35.883731],[-78.612329,35.88360399999999],[-78.612365,35.883537],[-78.612601,35.88327600000001],[-78.612272,35.883224000000006],[-78.612042,35.883281],[-78.61196,35.883289],[-78.611877,35.88328],[-78.612344,35.883208],[-78.612608,35.883249],[-78.61260400000002,35.883323],[-78.612335,35.88360399999999],[-78.612305,35.883769],[-78.612259,35.883810999999994],[-78.61199,35.883742],[-78.611479,35.883841000000004],[-78.611951,35.883661999999994]]],[[[-78.597419,35.720093],[-78.597438,35.720279999999995],[-78.597646,35.720432999999986],[-78.597724,35.72064099999999],[-78.597662,35.72080199999999],[-78.597781,35.720967],[-78.597602,35.72086900000001],[-78.597606,35.72072099999999],[-78.597519,35.720721999999995],[-78.59721900903739,35.72005177072364],[-78.597419,35.720093]]],[[[-78.597181,35.721202],[-78.597174,35.720921],[-78.596723,35.720389000000004],[-78.59671878605518,35.72002564851933],[-78.597174,35.720812],[-78.597298,35.72121799999999],[-78.597181,35.721202]]],[[[-78.597829,35.721112999999995],[-78.597762,35.721403],[-78.597645,35.721452000000006],[-78.597597,35.72108599999999],[-78.597716,35.72119000000001],[-78.5977,35.721110999999986],[-78.597829,35.721112999999995]]],[[[-78.597412,35.721802999999994],[-78.597346,35.721877000000006],[-78.59727600000001,35.72175599999999],[-78.59733,35.72164200000001],[-78.597143,35.721441],[-78.597303,35.721243],[-78.597483,35.72191],[-78.597412,35.721802999999994]]],[[[-78.597775,35.72162899999999],[-78.59773,35.72173500000001],[-78.597804,35.72195],[-78.597686,35.721636999999994],[-78.597662,35.72153300000001],[-78.597775,35.72162899999999]]],[[[-78.597484,35.722986999999996],[-78.597232,35.723279000000005],[-78.597211,35.72345999999999],[-78.597174,35.723592999999994],[-78.597266,35.723926],[-78.59718,35.723944],[-78.597117,35.72364699999999],[-78.597195,35.723188],[-78.597384,35.72301300000001],[-78.597608,35.72242399999999],[-78.597462,35.72228199999999],[-78.597494,35.72202],[-78.597418,35.721952],[-78.597508,35.721981],[-78.597604,35.722323],[-78.597622,35.722517999999994],[-78.597484,35.722986999999996]]],[[[-78.597191,35.724873],[-78.597134,35.72416],[-78.597273,35.723957],[-78.597191,35.724873]]],[[[-78.596429,35.72648399999999],[-78.596227,35.726820999999994],[-78.595865,35.726901],[-78.596017,35.72680900000001],[-78.59615000000001,35.726467],[-78.596093,35.72628699999999],[-78.59632400000001,35.72578599999999],[-78.596375,35.725771],[-78.596322,35.725962],[-78.596429,35.72648399999999]]],[[[-78.590529,35.730191],[-78.590677,35.72998100000001],[-78.590622,35.72975999999999],[-78.591012,35.729215],[-78.591236,35.729092],[-78.591688,35.729073],[-78.592376,35.729226999999995],[-78.59266,35.729164],[-78.59255,35.72882799999999],[-78.59237900000001,35.72866299999998],[-78.592358,35.728499000000006],[-78.592549,35.728432999999995],[-78.592233,35.72832499999999],[-78.592207,35.728148],[-78.592326,35.728177],[-78.59237900000001,35.728025],[-78.592218,35.728049999999996],[-78.592103,35.727922],[-78.592166,35.727878000000004],[-78.593003,35.72809199999999],[-78.594057,35.72805499999999],[-78.594216,35.72757099999999],[-78.59449800000002,35.72749400000001],[-78.594562,35.72760399999999],[-78.594418,35.72766299999999],[-78.594629,35.727697],[-78.594699,35.727614],[-78.594629,35.727581],[-78.595038,35.727151000000006],[-78.595264,35.72701],[-78.595563,35.726971],[-78.595218,35.72714400000001],[-78.594614,35.72771500000001],[-78.593572,35.728377],[-78.59258800000002,35.729263],[-78.590705,35.73019500000001],[-78.590012,35.730338],[-78.589849,35.73031399999999],[-78.590529,35.730191]]],[[[-78.592416,35.73038799999999],[-78.594022,35.72858500000001],[-78.594847,35.728006],[-78.59597200000002,35.727560999999994],[-78.596532,35.72752599999999],[-78.597637,35.727617999999985],[-78.599159,35.727939000000006],[-78.600202,35.72790100000001],[-78.599768,35.72808800000001],[-78.598734,35.727876],[-78.598602,35.727914],[-78.59797,35.72770800000001],[-78.597696,35.727774000000004],[-78.597653,35.727682],[-78.597365,35.72761299999999],[-78.597169,35.727695000000004],[-78.597121,35.72788],[-78.597158,35.72842099999999],[-78.596572,35.728531000000004],[-78.596565,35.72845000000001],[-78.59654,35.728532999999985],[-78.596143,35.72826999999999],[-78.595792,35.728322],[-78.595782,35.72824299999999],[-78.595616,35.72815500000001],[-78.595695,35.728064],[-78.595975,35.728093],[-78.595645,35.727783],[-78.595755,35.727749],[-78.595732,35.727673],[-78.595569,35.72782600000001],[-78.59545600000001,35.727814],[-78.595388,35.728122],[-78.595618,35.728261999999994],[-78.595732,35.728243],[-78.595188,35.72842200000001],[-78.594826,35.72864799999999],[-78.594742,35.728832],[-78.594797,35.728955000000006],[-78.593925,35.72896999999999],[-78.593764,35.729135],[-78.593559,35.72916800000001],[-78.593205,35.72950900000001],[-78.59315,35.729622000000006],[-78.593349,35.729733],[-78.593314,35.729808],[-78.593201,35.729875],[-78.593204,35.72979399999999],[-78.593039,35.729794999999996],[-78.593175,35.729895],[-78.592909,35.729955],[-78.592747,35.73021099999999],[-78.592763,35.73089],[-78.59259,35.73096],[-78.592744,35.731137000000004],[-78.592465,35.731699000000006],[-78.592324,35.731674],[-78.59217,35.73142],[-78.591866,35.73140300000001],[-78.590921,35.731729],[-78.590569,35.732156999999994],[-78.590406,35.73221699999999],[-78.591381,35.731255],[-78.592416,35.73038799999999]]],[[[-78.594174,35.737568],[-78.594405,35.737256],[-78.594965,35.737376],[-78.595452,35.737882000000006],[-78.596227,35.738075],[-78.595989,35.738201],[-78.595713,35.738064],[-78.593782,35.73761999999999],[-78.592867,35.737698],[-78.593475,35.73758],[-78.59401,35.737624999999994],[-78.594174,35.737568]]],[[[-78.591559,35.737860000000005],[-78.591118,35.737916],[-78.591295,35.737629999999996],[-78.591362,35.737770999999995],[-78.591559,35.737860000000005]]],[[[-78.592847,35.737705],[-78.592576,35.737950000000005],[-78.592498,35.737985],[-78.59244,35.737995],[-78.59242,35.73799100000001],[-78.592847,35.737705]]],[[[-78.59479,35.738532],[-78.59424000000001,35.738642],[-78.593879,35.738556],[-78.593791,35.73838],[-78.593194,35.738324999999996],[-78.592808,35.738489],[-78.59266,35.73871499999999],[-78.592458,35.738683999999985],[-78.592687,35.73858599999999],[-78.593004,35.738166],[-78.593398,35.737875],[-78.59358500000002,35.73796599999999],[-78.593915,35.73794899999999],[-78.59417,35.738089],[-78.594685,35.738109],[-78.596069,35.738371999999984],[-78.595756,35.73836],[-78.59563,35.738437000000005],[-78.595634,35.739032],[-78.595421,35.738795999999994],[-78.59524,35.73879900000001],[-78.59479,35.738532]]],[[[-78.601481,35.762111999999995],[-78.60103700000002,35.762192999999996],[-78.60108,35.761897999999995],[-78.600942,35.76178],[-78.60074,35.761855],[-78.600696,35.76213600000001],[-78.600599,35.762054],[-78.600634,35.761889],[-78.600114,35.761566000000016],[-78.600047,35.761338],[-78.599568,35.76146999999999],[-78.599434,35.761172],[-78.599239,35.761167999999984],[-78.598652,35.761302],[-78.598004,35.762073],[-78.59705300000002,35.7623],[-78.596557,35.762071999999996],[-78.596399,35.76159499999999],[-78.596128,35.761192],[-78.595314,35.76081799999999],[-78.594845,35.76049899999999],[-78.59462,35.759928],[-78.59376,35.75974999999999],[-78.59303200000001,35.75933599999999],[-78.592505,35.759443],[-78.592394,35.759626],[-78.59129800000001,35.759937],[-78.590591,35.76039099999999],[-78.590432,35.76058600000001],[-78.59019,35.760617999999994],[-78.590148,35.760755999999986],[-78.589421,35.761226],[-78.588275,35.760556999999984],[-78.587762,35.76058199999999],[-78.587591,35.760720000000006],[-78.587592,35.760991999999995],[-78.588238,35.761961],[-78.588623,35.762314999999994],[-78.588365,35.762178],[-78.588293,35.762205],[-78.588354,35.762322999999995],[-78.587837,35.762177],[-78.58763,35.76205099999999],[-78.587544,35.761872],[-78.587125,35.761762],[-78.586686,35.76195],[-78.585966,35.76202],[-78.585808,35.761934999999994],[-78.585723,35.761683],[-78.585506,35.761590999999996],[-78.58437,35.76186400000001],[-78.584006,35.761428],[-78.58349,35.761213000000005],[-78.58328300000001,35.760836],[-78.583168,35.76010000000001],[-78.582981,35.760318],[-78.582843,35.76018],[-78.582297,35.75893200000001],[-78.581744,35.75847799999999],[-78.581454,35.758047000000005],[-78.581644,35.757844],[-78.581214,35.757504000000004],[-78.581658,35.757853],[-78.581665,35.758202000000004],[-78.581796,35.758374999999994],[-78.582791,35.75939499999999],[-78.583288,35.759713],[-78.58388100000002,35.76086500000001],[-78.584388,35.76127499999999],[-78.585133,35.761542],[-78.585756,35.76152999999999],[-78.58624,35.76136],[-78.587676,35.76028399999999],[-78.589316,35.760483],[-78.589896,35.760405999999996],[-78.592673,35.75885799999999],[-78.59345,35.75882300000001],[-78.593861,35.75897100000001],[-78.594301,35.75898300000001],[-78.596331,35.758453],[-78.596817,35.75857200000001],[-78.596962,35.758776999999995],[-78.597266,35.760023999999994],[-78.597733,35.760760999999995],[-78.598346,35.7611],[-78.598767,35.76112299999999],[-78.600315,35.76079299999999],[-78.601695,35.761990999999995],[-78.60193,35.76226299999999],[-78.60199,35.76255700000001],[-78.602436,35.763038],[-78.602961,35.763211],[-78.603453,35.76322699999999],[-78.60465,35.763001],[-78.605856,35.763157],[-78.607509,35.763054],[-78.607556,35.76306499999999],[-78.607415,35.76336899999999],[-78.606772,35.763415],[-78.60644,35.763554000000006],[-78.605755,35.763561],[-78.605566,35.76352299999999],[-78.605459,35.763389000000004],[-78.605141,35.763355999999995],[-78.604844,35.763058],[-78.604667,35.763008000000006],[-78.604414,35.76320399999999],[-78.604221,35.764077],[-78.603973,35.764315],[-78.603386,35.764606],[-78.603024,35.76464599999999],[-78.602895,35.765055],[-78.602776,35.764889999999994],[-78.602458,35.764861],[-78.602045,35.764182],[-78.601778,35.764001],[-78.601505,35.76334899999999],[-78.60124,35.76329199999999],[-78.6009,35.763372999999994],[-78.601854,35.762349],[-78.601481,35.762111999999995]]],[[[-78.586791,35.790744],[-78.587077,35.79018099999999],[-78.587904,35.790276],[-78.587951,35.790185],[-78.58858,35.79010399999999],[-78.588783,35.78993800000001],[-78.589207,35.78917800000001],[-78.589655,35.788744999999984],[-78.589764,35.78849699999999],[-78.589994,35.78839299999999],[-78.590962,35.78729700000001],[-78.591051,35.786895],[-78.591195,35.786867],[-78.591267,35.78670799999999],[-78.591476,35.785826],[-78.591672,35.78573299999999],[-78.59146200000002,35.78535899999999],[-78.591736,35.785575],[-78.59209,35.786713],[-78.592909,35.78663199999999],[-78.593234,35.786354999999986],[-78.593597,35.785808999999986],[-78.593968,35.785851],[-78.594278,35.786044],[-78.594289,35.78629300000001],[-78.59375900000002,35.786607],[-78.59371400000002,35.786874999999995],[-78.593359,35.786907],[-78.592797,35.78719399999999],[-78.592586,35.78775999999999],[-78.592067,35.78794500000001],[-78.59168,35.788659],[-78.59176,35.78877],[-78.59202500000002,35.788657],[-78.592151,35.78942700000001],[-78.592395,35.789561],[-78.592608,35.789481],[-78.592791,35.788954999999994],[-78.592578,35.788349],[-78.592808,35.78791799999999],[-78.593042,35.78768199999999],[-78.593397,35.787803000000004],[-78.593866,35.787081],[-78.593944,35.787058],[-78.594098,35.78723000000001],[-78.594316,35.787188],[-78.594887,35.787933],[-78.594972,35.788335],[-78.594889,35.789266999999995],[-78.594983,35.789396],[-78.594117,35.79068799999999],[-78.59406400000002,35.791290999999994],[-78.59499,35.791253000000005],[-78.595027,35.791471],[-78.593703,35.791384],[-78.592173,35.789848],[-78.59121,35.789294999999996],[-78.59032,35.789087],[-78.589604,35.78914199999999],[-78.5891,35.789455],[-78.588923,35.789829],[-78.58874300000001,35.790794000000005],[-78.587769,35.790711],[-78.587121,35.79049200000001],[-78.586793,35.79078499999999],[-78.586686,35.790782],[-78.586791,35.790744]]],[[[-78.595239,35.7915],[-78.595377,35.79153],[-78.595441,35.791623999999985],[-78.595305,35.791516],[-78.595073,35.79151800000001],[-78.595056,35.7915],[-78.595239,35.7915]]],[[[-78.596213,35.80200299999999],[-78.59426,35.799643],[-78.59411,35.799260999999994],[-78.593422,35.798431],[-78.593379,35.79848799999999],[-78.593217,35.7984],[-78.593225,35.798627],[-78.59228,35.798132],[-78.591805,35.79815299999999],[-78.591571,35.798295],[-78.591302,35.798202],[-78.590681,35.799173999999994],[-78.590982,35.79971700000001],[-78.591591,35.80008900000001],[-78.591829,35.8004],[-78.591562,35.800363000000004],[-78.590665,35.79977],[-78.590661,35.79890400000001],[-78.590706,35.79872299999999],[-78.591354,35.797714],[-78.591744,35.797515],[-78.592889,35.79717099999999],[-78.59414,35.798365],[-78.596365,35.80079099999998],[-78.598131,35.80291199999999],[-78.59898,35.803477999999984],[-78.598745,35.803526],[-78.597984,35.803205999999996],[-78.598119,35.803374999999996],[-78.596921,35.80263600000001],[-78.596213,35.80200299999999]]],[[[-78.592879,35.80742200000001],[-78.591863,35.806783],[-78.591502,35.80637699999999],[-78.591662,35.805607],[-78.591599,35.804628],[-78.59231,35.802741999999995],[-78.592354,35.802119],[-78.592174,35.801765],[-78.590821,35.80046300000001],[-78.592864,35.802354],[-78.592739,35.802727],[-78.592251,35.803331],[-78.592143,35.803955],[-78.591984,35.80420599999999],[-78.59219,35.805208],[-78.592443,35.80529299999998],[-78.59272700000001,35.805684],[-78.59257,35.80599600000001],[-78.592191,35.80615099999999],[-78.592345,35.806414999999994],[-78.592161,35.806549999999994],[-78.592309,35.806844],[-78.592908,35.806855000000006],[-78.593085,35.80716400000001],[-78.593428,35.809768],[-78.593382,35.809977],[-78.593146,35.810022],[-78.592949,35.81048299999999],[-78.592937,35.81057500000001],[-78.593172,35.81071099999999],[-78.59312,35.81089699999999],[-78.592891,35.811032],[-78.592898,35.811437],[-78.592754,35.81181000000001],[-78.592351,35.811835999999985],[-78.593115,35.80980399999999],[-78.592879,35.80742200000001]]],[[[-78.592731,35.81232],[-78.592804,35.812411],[-78.593029,35.812313],[-78.593515,35.812494],[-78.59376,35.812811],[-78.593656,35.81362899999999],[-78.59344,35.81422499999999],[-78.59325,35.814486],[-78.593411,35.81470899999999],[-78.593423,35.815015],[-78.593282,35.815994],[-78.593388,35.81611100000001],[-78.593323,35.816241999999995],[-78.593453,35.816337000000004],[-78.593363,35.816562],[-78.59367,35.816989],[-78.593608,35.81731100000001],[-78.593747,35.817814],[-78.594259,35.818831],[-78.59423,35.819028],[-78.594071,35.818926],[-78.593836,35.81902999999999],[-78.593823,35.819376999999996],[-78.594097,35.819689],[-78.594562,35.81955799999999],[-78.594636,35.819728],[-78.594491,35.819858999999994],[-78.594374,35.81975800000001],[-78.594021,35.819712],[-78.593805,35.81947499999999],[-78.593716,35.81797699999999],[-78.593448,35.817244],[-78.593052,35.816618000000005],[-78.59319800000002,35.81469099999999],[-78.593244,35.814458],[-78.593471,35.81407500000001],[-78.59363200000001,35.813410000000005],[-78.593519,35.81302900000001],[-78.592728,35.81239399999999],[-78.592448,35.812048],[-78.59281100000001,35.812107],[-78.592731,35.81232]]],[[[-78.593918,35.82175],[-78.593798,35.82161599999999],[-78.593,35.821296999999994],[-78.592751,35.821019],[-78.592794,35.82075900000001],[-78.592654,35.820667],[-78.592918,35.81998599999999],[-78.593562,35.819708],[-78.593333,35.8195],[-78.592803,35.819697],[-78.592654,35.819446000000006],[-78.592548,35.818889],[-78.592394,35.818689],[-78.592131,35.81858700000001],[-78.591393,35.81876700000001],[-78.590828,35.819254],[-78.590106,35.819178],[-78.590797,35.81913],[-78.591205,35.818704],[-78.591187,35.818596],[-78.591443,35.81857899999999],[-78.591707,35.818408],[-78.591942,35.818017],[-78.592137,35.817274],[-78.591775,35.816599999999994],[-78.592175,35.816433],[-78.592057,35.816031999999986],[-78.592299,35.815727],[-78.592064,35.81518],[-78.591693,35.815097],[-78.591455,35.81482999999999],[-78.591531,35.814702000000004],[-78.592172,35.814357],[-78.592175,35.814124],[-78.591552,35.81380399999999],[-78.590981,35.812841],[-78.591024,35.81228599999999],[-78.591411,35.81195800000001],[-78.592116,35.811997999999996],[-78.59220300000001,35.812561],[-78.592741,35.813833],[-78.59281100000001,35.81418500000001],[-78.592585,35.814821],[-78.592412,35.816384000000006],[-78.592606,35.817772],[-78.592916,35.81872899999999],[-78.593627,35.819688],[-78.593558,35.820319999999995],[-78.594223,35.821268999999994],[-78.593834,35.822423],[-78.593564,35.822864],[-78.593559,35.822914999999995],[-78.593512,35.823025],[-78.593448,35.82312400000001],[-78.59353,35.822846000000006],[-78.593306,35.82296999999999],[-78.592699,35.822932],[-78.592775,35.82282800000001],[-78.593298,35.82275599999999],[-78.593693,35.822585999999994],[-78.593918,35.82175]]],[[[-78.592627,35.82307999999998],[-78.592723,35.82330999999999],[-78.59272,35.82333800000001],[-78.592709,35.823345],[-78.59262,35.823166],[-78.592613,35.823117],[-78.592627,35.82307999999998]]],[[[-78.592637,35.823382],[-78.592646,35.823361999999996],[-78.592639,35.823379],[-78.592666,35.82339400000001],[-78.592666,35.823405],[-78.592637,35.823382]]],[[[-78.592658,35.82350799999999],[-78.592654,35.823502999999995],[-78.592667,35.82340899999999],[-78.592658,35.82350799999999]]],[[[-78.592631,35.823564],[-78.592606,35.823613],[-78.592629,35.823536999999995],[-78.592631,35.823564]]],[[[-78.592603,35.823615],[-78.592587,35.823626000000004],[-78.592583,35.823626999999995],[-78.592603,35.823615]]],[[[-78.592452,35.82364700000001],[-78.592467,35.823639],[-78.592442,35.823661999999985],[-78.592452,35.82364700000001]]],[[[-78.592401,35.823671000000004],[-78.59235,35.823735],[-78.592343,35.823764],[-78.592286,35.823845],[-78.592236,35.824045000000005],[-78.592212,35.82407800000001],[-78.592227,35.82412000000001],[-78.592171,35.824338],[-78.59217,35.824517],[-78.592151,35.82457099999999],[-78.592166,35.824341],[-78.592223,35.824119],[-78.592207,35.82407800000001],[-78.592282,35.823845],[-78.592346,35.82373499999999],[-78.592383,35.82368099999999],[-78.592391,35.823674000000004],[-78.592401,35.823671000000004]]],[[[-78.592184,35.82457200000001],[-78.592158,35.825012],[-78.592109,35.82527000000001],[-78.592127,35.82554700000001],[-78.592095,35.825933],[-78.592104,35.825273],[-78.592184,35.82457200000001]]],[[[-78.591841,35.82698],[-78.591804,35.826817],[-78.59181,35.826769],[-78.592061,35.826042999999984],[-78.592093,35.825988],[-78.592056,35.82594600000001],[-78.592059,35.825937],[-78.592067,35.82593500000001],[-78.592097,35.825988],[-78.59181400000001,35.826768],[-78.591809,35.82682399999999],[-78.591847,35.826941],[-78.591841,35.82698]]],[[[-78.592396,35.826954],[-78.592273,35.82713799999999],[-78.591991,35.82716700000001],[-78.592161,35.827025000000006],[-78.592396,35.826954]]],[[[-78.591807,35.827414],[-78.591626,35.827656],[-78.591972,35.827191],[-78.591807,35.827414]]],[[[-78.591618,35.827667],[-78.591624,35.827659000000004],[-78.591592,35.827716],[-78.591618,35.827667]]],[[[-78.590665,35.828911],[-78.590721,35.829045999999984],[-78.590554,35.829347999999996],[-78.590752,35.82942599999999],[-78.590696,35.829266],[-78.590852,35.829210999999994],[-78.590784,35.829060000000005],[-78.590897,35.829027],[-78.59094600000002,35.828813],[-78.590788,35.82872999999999],[-78.590969,35.828706000000004],[-78.591004,35.82861799999999],[-78.590823,35.828427999999995],[-78.591068,35.828346],[-78.590629,35.828248999999985],[-78.590649,35.827974000000005],[-78.590784,35.82802600000001],[-78.590843,35.827946999999995],[-78.590818,35.82786699999999],[-78.590684,35.82791799999998],[-78.590699,35.82781],[-78.590892,35.82756700000001],[-78.590654,35.82735799999999],[-78.590938,35.827514],[-78.591139,35.827328],[-78.591498,35.827270000000006],[-78.590911,35.827712000000005],[-78.59107700000001,35.828331000000006],[-78.590896,35.829163],[-78.590508,35.830087999999996],[-78.590053,35.830745],[-78.590055,35.831722000000006],[-78.589999,35.831873],[-78.589958,35.831941],[-78.589937,35.831965000000004],[-78.59005,35.83155700000001],[-78.589801,35.831227000000005],[-78.589807,35.83111400000001],[-78.58995300000001,35.831070999999994],[-78.589845,35.831035],[-78.589894,35.830608999999995],[-78.590139,35.830129],[-78.590145,35.829922999999994],[-78.590325,35.829869],[-78.590111,35.82966199999999],[-78.590665,35.828911]]],[[[-78.59159,35.82772000000001],[-78.591591,35.828361999999984],[-78.591319,35.828858000000004],[-78.591374,35.82899299999999],[-78.591194,35.82943199999999],[-78.590865,35.829829],[-78.590749,35.83035100000001],[-78.590821,35.83050200000001],[-78.590585,35.830473],[-78.590375,35.830611],[-78.590363,35.83121499999999],[-78.590192,35.831557999999994],[-78.59032,35.83071699999999],[-78.59037,35.830602],[-78.590717,35.830297],[-78.590878,35.829735],[-78.59121,35.82920599999999],[-78.591287,35.82883099999999],[-78.591475,35.82839599999999],[-78.591558,35.82775299999999],[-78.59159,35.82772000000001]]],[[[-78.590206,35.83171299999999],[-78.590171,35.831761],[-78.590152,35.83178699999999],[-78.590206,35.83171299999999]]],[[[-78.590148,35.831794],[-78.59015,35.831791],[-78.59014,35.831813],[-78.590148,35.831794]]],[[[-78.589926,35.831983],[-78.589932,35.831969],[-78.589937,35.831965000000004],[-78.589926,35.831983]]],[[[-78.589891,35.83201],[-78.589887,35.832103],[-78.58986700000001,35.832147],[-78.58986,35.83219900000002],[-78.589852,35.832212],[-78.589891,35.83201]]],[[[-78.589971,35.83223900000001],[-78.590073,35.832397],[-78.589999,35.832488999999995],[-78.589971,35.83223900000001]]],[[[-78.58995100000001,35.83255299999999],[-78.589912,35.83272500000001],[-78.589827,35.832803],[-78.589941,35.83256399999999],[-78.58995100000001,35.83255299999999]]],[[[-78.587561,35.83321800000001],[-78.588481,35.8332],[-78.588596,35.832992],[-78.588932,35.832776],[-78.589328,35.83217199999999],[-78.589843,35.83221399999999],[-78.589506,35.832294000000005],[-78.588975,35.832730999999995],[-78.588702,35.83317900000001],[-78.588553,35.83388299999999],[-78.588638,35.83402],[-78.588644,35.83412099999999],[-78.588713,35.834270999999994],[-78.588756,35.83450599999999],[-78.588521,35.833805],[-78.588535,35.833709],[-78.58849,35.833668],[-78.588559,35.833269],[-78.587561,35.83321800000001]]],[[[-78.589823,35.832874999999994],[-78.589855,35.833312],[-78.589734,35.833603],[-78.589137,35.83434299999999],[-78.58911,35.834548999999996],[-78.589364,35.834824000000005],[-78.589207,35.834989],[-78.589303,35.83502599999999],[-78.588997,35.835193],[-78.589134,35.834340999999995],[-78.589685,35.833401999999985],[-78.589823,35.832874999999994]]],[[[-78.588768,35.83456199999999],[-78.588756,35.83450599999999],[-78.588774,35.834572],[-78.588768,35.83456199999999]]],[[[-78.588781,35.834641999999995],[-78.588774,35.83461900000001],[-78.58877800000002,35.834602],[-78.588781,35.834641999999995]]],[[[-78.588855,35.83476700000001],[-78.588754,35.834731999999995],[-78.588781,35.834641999999995],[-78.588855,35.83476700000001]]],[[[-78.588864,35.834849999999996],[-78.58883,35.834826],[-78.588865,35.834807999999995],[-78.588864,35.834849999999996]]],[[[-78.588864,35.834852999999995],[-78.588866,35.834889],[-78.588843,35.834878],[-78.588864,35.834852999999995]]],[[[-78.588879,35.83491],[-78.588879,35.834918],[-78.588875,35.834906],[-78.588879,35.83491]]],[[[-78.588878,35.83494000000001],[-78.588879,35.83493300000001],[-78.588877,35.834946],[-78.588878,35.83494000000001]]],[[[-78.588882,35.83512499999999],[-78.588859,35.835030999999994],[-78.588877,35.834949],[-78.588867,35.83501499999999],[-78.588885,35.83511699999999],[-78.588882,35.83512499999999]]],[[[-78.588853,35.835249000000005],[-78.58882,35.83515200000001],[-78.58888,35.835128],[-78.588853,35.835249000000005]]],[[[-78.588997,35.835193],[-78.588942,35.835331999999994],[-78.588967,35.835359000000004],[-78.58895,35.83542800000001],[-78.588891,35.83549699999999],[-78.588949,35.83541],[-78.588939,35.83533],[-78.588997,35.835193]]],[[[-78.588891,35.83549699999999],[-78.589014,35.83564299999998],[-78.58896,35.835719],[-78.588559,35.835893],[-78.588585,35.835903],[-78.588628,35.83588400000001],[-78.58877,35.835874999999994],[-78.588902,35.835881],[-78.588588,35.836020000000005],[-78.58847,35.836172],[-78.588328,35.836138999999996],[-78.588103,35.836693],[-78.588037,35.836523],[-78.588195,35.836279999999995],[-78.588891,35.83549699999999]]],[[[-78.588195,35.83741200000001],[-78.588173,35.83739899999999],[-78.588198,35.83741100000001],[-78.588195,35.83741200000001]]],[[[-78.58824,35.837417],[-78.588294,35.83746099999999],[-78.588282,35.83745799999999],[-78.58824,35.837417]]],[[[-78.595065,35.84404099999999],[-78.594239,35.84555100000001],[-78.594423,35.84607900000001],[-78.594286,35.847041000000004],[-78.594137,35.84578],[-78.59466,35.84453800000001],[-78.594849,35.844274],[-78.595065,35.84404099999999]]],[[[-78.594098,35.84744799999999],[-78.593664,35.847612999999996],[-78.594149,35.847097999999995],[-78.594098,35.84744799999999]]],[[[-78.594277,35.84714100000001],[-78.594364,35.847478],[-78.594784,35.847523],[-78.594743,35.847692],[-78.59371,35.847736999999995],[-78.594173,35.84756900000001],[-78.594277,35.84714100000001]]],[[[-78.593709,35.847784999999995],[-78.594228,35.84793500000001],[-78.594644,35.848067],[-78.593833,35.8481],[-78.593709,35.847784999999995]]],[[[-78.59223,35.847972999999996],[-78.592559,35.847816],[-78.593553,35.84778200000002],[-78.593492,35.84811],[-78.593232,35.848124],[-78.59308,35.848301],[-78.592649,35.84801399999999],[-78.59223,35.847972999999996]]],[[[-78.594257,35.848155],[-78.594328,35.84814900000001],[-78.594361,35.848151],[-78.594257,35.848155]]],[[[-78.59343,35.848405],[-78.593469,35.84836299999999],[-78.593378,35.848445],[-78.59343,35.848405]]],[[[-78.593378,35.848445],[-78.593453,35.84888300000001],[-78.593399,35.849367],[-78.593439,35.84885799999999],[-78.593342,35.848593],[-78.593346,35.848479],[-78.593378,35.848445]]],[[[-78.594625,35.84899800000001],[-78.594599,35.84913199999999],[-78.594612,35.84903099999999],[-78.594625,35.84899800000001]]],[[[-78.594577,35.849244999999996],[-78.594588,35.849202],[-78.594596,35.84925900000001],[-78.594577,35.849244999999996]]],[[[-78.594633,35.84940300000001],[-78.594605,35.849777],[-78.594547,35.849912],[-78.594633,35.84940300000001]]],[[[-78.593396,35.849638],[-78.593397,35.84965999999999],[-78.593395,35.849672999999996],[-78.593396,35.849638]]],[[[-78.593397,35.849728999999996],[-78.593395,35.849672999999996],[-78.593405,35.84976900000001],[-78.593397,35.849728999999996]]],[[[-78.594559,35.849998],[-78.59454,35.849996],[-78.594541,35.84998099999999],[-78.594559,35.849998]]],[[[-78.59342,35.849841],[-78.593498,35.85001],[-78.59361,35.85012999999999],[-78.593624,35.850161],[-78.593454,35.84997500000001],[-78.59342,35.849841]]],[[[-78.594507,35.850164],[-78.594603,35.850112],[-78.594476,35.85020600000001],[-78.594507,35.850164]]],[[[-78.594447,35.850260999999996],[-78.594448,35.85039],[-78.594453,35.85023199999999],[-78.594447,35.850260999999996]]],[[[-78.593497,35.85041499999999],[-78.593628,35.850195],[-78.593564,35.85035500000001],[-78.593497,35.85041499999999]]],[[[-78.59316100000001,35.85088],[-78.593174,35.850794],[-78.593261,35.85068999999999],[-78.593237,35.85075299999998],[-78.59316100000001,35.85088]]],[[[-78.594546,35.851032],[-78.59455,35.851017999999996],[-78.594557,35.85104],[-78.594546,35.851032]]],[[[-78.593188,35.85107],[-78.593166,35.85101300000001],[-78.593162,35.85097499999999],[-78.593188,35.85107]]],[[[-78.593215,35.851133],[-78.593188,35.85107],[-78.593221,35.85114899999999],[-78.593215,35.851133]]],[[[-78.593242,35.851196999999985],[-78.593231,35.851169000000006],[-78.59325,35.851215],[-78.593242,35.851196999999985]]],[[[-78.593265,35.85125399999999],[-78.59328,35.85124999999999],[-78.593287,35.851332],[-78.593265,35.85125399999999]]],[[[-78.593497,35.85142100000001],[-78.59331,35.851367999999994],[-78.593462,35.85140199999999],[-78.593497,35.85142100000001]]],[[[-78.593544,35.85148199999999],[-78.593512,35.85142599999999],[-78.593557,35.851541999999995],[-78.593544,35.85148199999999]]],[[[-78.59433200000001,35.851952],[-78.594241,35.852271],[-78.594343,35.85173799999999],[-78.59433200000001,35.851952]]],[[[-78.593972,35.85426],[-78.593905,35.85393599999999],[-78.59413,35.853683],[-78.594121,35.853391],[-78.593676,35.85279199999999],[-78.593584,35.852481],[-78.593255,35.852295],[-78.593362,35.852303000000006],[-78.593312,35.85224300000001],[-78.593427,35.852183],[-78.593221,35.851913999999994],[-78.593552,35.851584],[-78.593626,35.851857],[-78.59406600000001,35.852506999999996],[-78.594216,35.853171],[-78.594311,35.853927999999996],[-78.594244,35.854266],[-78.593972,35.85426]]],[[[-78.594472,35.853692999999986],[-78.594241,35.85231099999999],[-78.594531,35.85268],[-78.594638,35.85338399999999],[-78.594485,35.85429699999999],[-78.594338,35.85427800000001],[-78.594472,35.853692999999986]]],[[[-78.593427,35.87554600000001],[-78.593562,35.87518399999999],[-78.593613,35.87532199999998],[-78.593847,35.875461],[-78.593742,35.875559],[-78.593427,35.87554600000001]]],[[[-78.59118,35.87767500000001],[-78.591117,35.87760099999999],[-78.591211,35.877522],[-78.59118,35.87767500000001]]],[[[-78.591493,35.877653],[-78.591516,35.877841000000004],[-78.591321,35.877753],[-78.591493,35.877653]]],[[[-78.586826,35.879678],[-78.587069,35.879276],[-78.587377,35.879521],[-78.586826,35.879678]]],[[[-78.587555,35.879641],[-78.587571,35.87978000000001],[-78.587294,35.879884],[-78.587555,35.879641]]],[[[-78.581025,35.95242700000001],[-78.581067,35.95203000000001],[-78.580866,35.951768],[-78.580337,35.951497],[-78.580571,35.95085100000001],[-78.580427,35.95057800000001],[-78.58023,35.950497],[-78.579869,35.95050100000001],[-78.579596,35.950827],[-78.579088,35.950776],[-78.578924,35.950852],[-78.578624,35.951252000000004],[-78.578448,35.951366],[-78.578278,35.951342],[-78.578412,35.95075099999999],[-78.57831,35.950426],[-78.578099,35.95023700000001],[-78.578206,35.94957999999999],[-78.578407,35.94954499999999],[-78.57866,35.949764],[-78.57912100000001,35.949486],[-78.57942,35.949411],[-78.579574,35.948941],[-78.579853,35.948776],[-78.579927,35.94860899999999],[-78.579886,35.948334],[-78.5806,35.947672],[-78.58096,35.94696600000001],[-78.581716,35.94592],[-78.581749,35.945762],[-78.581517,35.945130999999996],[-78.581683,35.944987999999995],[-78.582141,35.94497],[-78.582429,35.944413],[-78.582555,35.943734],[-78.58272000000001,35.94346699999999],[-78.582611,35.94290699999999],[-78.583296,35.940436999999996],[-78.583694,35.940115],[-78.583863,35.939758],[-78.584026,35.939677],[-78.584327,35.93925399999999],[-78.584476,35.93880899999999],[-78.584557,35.938708999999996],[-78.584613,35.938750999999996],[-78.584872,35.93924499999999],[-78.584927,35.939786000000005],[-78.58526,35.940015],[-78.585518,35.940003],[-78.586496,35.93945],[-78.58707,35.938622],[-78.587502,35.937727],[-78.58749,35.93715400000001],[-78.587611,35.936882999999995],[-78.587858,35.936681],[-78.587921,35.936313999999996],[-78.588193,35.936220999999996],[-78.588643,35.935866000000004],[-78.588958,35.935879],[-78.58934100000002,35.93568],[-78.589576,35.93537399999999],[-78.590372,35.934846],[-78.590391,35.934681],[-78.590588,35.93455800000001],[-78.591188,35.933758],[-78.591557,35.933594],[-78.591613,35.932877],[-78.591516,35.932675],[-78.591649,35.932582999999994],[-78.592102,35.933545],[-78.591992,35.93394399999998],[-78.591785,35.934175],[-78.59194100000002,35.934296],[-78.591925,35.93440300000001],[-78.591813,35.934421],[-78.5917491299093,35.93466012588095],[-78.58881586682293,35.936594648904965],[-78.58837817338869,35.93798392850379],[-78.58883812429555,35.940318526318976],[-78.58896593593099,35.94155625397519],[-78.58882,35.941535],[-78.58858,35.94175899999999],[-78.58837,35.942476],[-78.588512,35.942908],[-78.58822,35.94330600000001],[-78.58821700000001,35.94360100000001],[-78.588358,35.94389199999999],[-78.5886391437065,35.944081885495365],[-78.58822313757429,35.94520438728486],[-78.587964,35.945323],[-78.58805798243606,35.94555904900706],[-78.58787849671592,35.9459050326088],[-78.5875065044752,35.946581548713866],[-78.58722200000001,35.94635199999999],[-78.587108,35.94641500000001],[-78.58684,35.946822],[-78.586861,35.947043],[-78.586125,35.947967],[-78.58598,35.94791300000001],[-78.585787,35.94758499999998],[-78.58538,35.94726299999999],[-78.585051,35.947168999999995],[-78.584896,35.947213999999995],[-78.584735,35.947368000000004],[-78.584656,35.947712],[-78.584389,35.947948999999994],[-78.583949,35.948112],[-78.58398,35.948430000000016],[-78.583493,35.948592000000005],[-78.583,35.949045000000005],[-78.582985,35.949253],[-78.583183,35.94951499999999],[-78.58336,35.950044],[-78.583738,35.95015000000001],[-78.584016,35.950435000000006],[-78.583988,35.950275999999995],[-78.584253,35.949980000000004],[-78.584242,35.94983100000001],[-78.584361,35.94996899999999],[-78.584526,35.949978],[-78.585455,35.949262999999995],[-78.58599319634132,35.949122339306506],[-78.58502087564912,35.95020197286377],[-78.5838283403304,35.95118718016316],[-78.58253319795159,35.952000446984364],[-78.58117518675498,35.952627675328515],[-78.581025,35.95242700000001]]],[[[-78.588141,35.729157],[-78.588934,35.72948899999999],[-78.58964600000002,35.730193],[-78.587371,35.729745],[-78.58778500000001,35.72951599999999],[-78.588141,35.729157]]],[[[-78.588946,35.731936000000005],[-78.589889,35.732051000000006],[-78.590406,35.73221699999999],[-78.590336,35.732351],[-78.590036,35.732132],[-78.589804,35.73207800000001],[-78.589663,35.73274700000001],[-78.589547,35.73273199999999],[-78.58934300000001,35.73233699999999],[-78.589056,35.732196],[-78.58883,35.73222],[-78.58852000000002,35.731728],[-78.588252,35.731643999999996],[-78.588014,35.731750000000005],[-78.588138,35.731643999999996],[-78.5883,35.731626],[-78.588452,35.73166599999999],[-78.588946,35.731936000000005]]],[[[-78.59073500000001,35.73788799999999],[-78.590996,35.737931],[-78.590294,35.73803],[-78.590289,35.738012999999995],[-78.59073500000001,35.73788799999999]]],[[[-78.590554,35.73865700000002],[-78.590459,35.738446999999994],[-78.590619,35.738657999999994],[-78.590554,35.73865700000002]]],[[[-78.590501,35.756218000000004],[-78.591356,35.756774],[-78.591553,35.75718799999999],[-78.591872,35.757167],[-78.590543,35.757538999999994],[-78.589266,35.75806799999999],[-78.588486,35.75880499999999],[-78.588446,35.758827999999994],[-78.588715,35.758015],[-78.588957,35.757772999999986],[-78.588962,35.757592],[-78.588805,35.757664],[-78.588724,35.757404],[-78.588955,35.75691499999999],[-78.589297,35.756825000000006],[-78.589608,35.756469],[-78.590143,35.756306],[-78.590145,35.756167],[-78.590244,35.756249000000004],[-78.590501,35.756218000000004]]],[[[-78.586662,35.790781],[-78.586365,35.790752],[-78.586183,35.79070299999999],[-78.586333,35.790738000000005],[-78.586662,35.790781]]],[[[-78.588146,35.83593200000001],[-78.588087,35.83611799999999],[-78.587967,35.83633999999999],[-78.587878,35.83646],[-78.587968,35.83672899999999],[-78.587837,35.83683299999999],[-78.587586,35.83677600000001],[-78.588084,35.83611700000001],[-78.58791,35.836111],[-78.58811,35.83591899999999],[-78.588075,35.83580899999999],[-78.588853,35.835249000000005],[-78.588146,35.83593200000001]]],[[[-78.587999,35.836686],[-78.587995,35.83668],[-78.588002,35.836687000000005],[-78.587999,35.836686]]],[[[-78.58800400000001,35.83669],[-78.588002,35.836687000000005],[-78.588008,35.83669],[-78.58800400000001,35.83669]]],[[[-78.588013,35.83669499999999],[-78.588008,35.83669],[-78.588018,35.836696],[-78.588013,35.83669499999999]]],[[[-78.588018,35.836696],[-78.588064,35.836756],[-78.588067,35.836774],[-78.588018,35.836696]]],[[[-78.588036,35.836783999999994],[-78.58804100000002,35.836780999999995],[-78.58804100000002,35.836783999999994],[-78.588036,35.836783999999994]]],[[[-78.587037,35.83692599999999],[-78.587049,35.836918999999995],[-78.587028,35.83693300000001],[-78.587037,35.83692599999999]]],[[[-78.586994,35.836947],[-78.586998,35.836946000000005],[-78.586988,35.83695399999999],[-78.586994,35.836947]]],[[[-78.586975,35.836966],[-78.586965,35.836974],[-78.586981,35.836959],[-78.586975,35.836966]]],[[[-78.586934,35.836993],[-78.586965,35.836974],[-78.586929,35.836998000000015],[-78.586934,35.836993]]],[[[-78.586897,35.837027],[-78.586855,35.837061999999996],[-78.586919,35.837004],[-78.586897,35.837027]]],[[[-78.58685,35.83706599999999],[-78.586853,35.837064000000005],[-78.586847,35.83706900000001],[-78.58685,35.83706599999999]]],[[[-78.586825,35.83709300000001],[-78.586844,35.837071],[-78.586847,35.83706900000001],[-78.586825,35.83709300000001]]],[[[-78.586811,35.837107999999986],[-78.586811,35.837103],[-78.586816,35.83709899999999],[-78.586811,35.837107999999986]]],[[[-78.586397,35.837262],[-78.586397,35.837258999999996],[-78.5864,35.837258],[-78.586397,35.837262]]],[[[-78.586394,35.837264000000005],[-78.586389,35.83726999999999],[-78.586387,35.837270999999994],[-78.586394,35.837264000000005]]],[[[-78.586372,35.837277],[-78.586376,35.83727499999999],[-78.58637,35.83728],[-78.586372,35.837277]]],[[[-78.586353,35.837286000000006],[-78.5863,35.83735399999999],[-78.586336,35.83730099999999],[-78.58635,35.83728599999999],[-78.586353,35.837286000000006]]],[[[-78.588093,35.837398],[-78.588089,35.837395999999984],[-78.588096,35.837397],[-78.588093,35.837398]]],[[[-78.588105,35.837399000000005],[-78.5881,35.83739799999999],[-78.588109,35.837397999999986],[-78.588105,35.837399000000005]]],[[[-78.588123,35.83740099999999],[-78.588121,35.837402999999995],[-78.588109,35.837397999999986],[-78.588123,35.83740099999999]]],[[[-78.5863,35.83735399999999],[-78.586259,35.837432],[-78.586291,35.837364],[-78.5863,35.83735399999999]]],[[[-78.586259,35.837432],[-78.586194,35.83756799999999],[-78.586174,35.837597],[-78.586251,35.837438],[-78.586259,35.837432]]],[[[-78.586151,35.837621999999996],[-78.586144,35.837628],[-78.586156,35.83761499999999],[-78.586151,35.837621999999996]]],[[[-78.586144,35.837628],[-78.586125,35.837684],[-78.586122,35.83768700000001],[-78.586115,35.837668],[-78.586129,35.837642],[-78.586144,35.837628]]],[[[-78.58609600000001,35.837722],[-78.58611,35.837695999999994],[-78.586117,35.83769099999999],[-78.58609600000001,35.837722]]],[[[-78.586074,35.837742],[-78.58607,35.837746],[-78.586079,35.837734999999995],[-78.586074,35.837742]]],[[[-78.586031,35.83782299999999],[-78.586039,35.837793999999995],[-78.586045,35.83778999999999],[-78.586031,35.83782299999999]]],[[[-78.587495,35.83784499999999],[-78.587491,35.83784300000001],[-78.587498,35.83784399999998],[-78.587495,35.83784499999999]]],[[[-78.586016,35.837835000000005],[-78.586013,35.83783600000001],[-78.58602,35.837829],[-78.586016,35.837835000000005]]],[[[-78.585986,35.83788],[-78.585992,35.837869000000005],[-78.585994,35.83786799999999],[-78.585986,35.83788]]],[[[-78.585984,35.837887],[-78.585983,35.837882],[-78.585986,35.83788],[-78.585984,35.837887]]],[[[-78.58598,35.837891000000006],[-78.585948,35.837959000000005],[-78.58596700000001,35.837909999999994],[-78.58598,35.837891000000006]]],[[[-78.585931,35.837982],[-78.585932,35.837986],[-78.585926,35.83799299999999],[-78.585931,35.837982]]],[[[-78.5859,35.838008999999985],[-78.585896,35.83802],[-78.585892,35.838022999999986],[-78.5859,35.838008999999985]]],[[[-78.587221,35.838060999999996],[-78.587219,35.838058],[-78.587224,35.838060999999996],[-78.587221,35.838060999999996]]],[[[-78.585878,35.838043],[-78.585884,35.838032],[-78.585876,35.83805499999999],[-78.585878,35.838043]]],[[[-78.585872,35.83806799999999],[-78.585874,35.838061],[-78.58587500000002,35.838064],[-78.585872,35.83806799999999]]],[[[-78.585872,35.83807000000001],[-78.585872,35.83806799999999],[-78.585874,35.838074999999996],[-78.585872,35.83807000000001]]],[[[-78.585864,35.838102],[-78.585862,35.838116],[-78.585859,35.83812399999999],[-78.585864,35.838102]]],[[[-78.585853,35.83813299999999],[-78.585856,35.83813000000001],[-78.585851,35.838137],[-78.585853,35.83813299999999]]],[[[-78.585828,35.83817100000001],[-78.585844,35.83814400000001],[-78.585846,35.838142],[-78.585828,35.83817100000001]]],[[[-78.58583800000001,35.838235000000005],[-78.585912,35.838342],[-78.585931,35.83839099999998],[-78.58584,35.83826],[-78.58583600000001,35.838242999999984],[-78.58583800000001,35.838235000000005]]],[[[-78.585938,35.838399999999986],[-78.585938,35.83839799999999],[-78.585941,35.83840499999999],[-78.585938,35.838399999999986]]],[[[-78.585945,35.838425],[-78.585941,35.83840499999999],[-78.585954,35.838439],[-78.585945,35.838425]]],[[[-78.585961,35.838446],[-78.585969,35.83845699999999],[-78.585957,35.83844299999999],[-78.585961,35.838446]]],[[[-78.585978,35.838466],[-78.585982,35.838472999999986],[-78.585974,35.838464],[-78.585978,35.838466]]],[[[-78.585999,35.83849399999999],[-78.586002,35.83849399999999],[-78.585995,35.838498],[-78.585999,35.83849399999999]]],[[[-78.58696000000002,35.83852199999999],[-78.586956,35.83852099999999],[-78.58696400000001,35.83852199999998],[-78.58696000000002,35.83852199999999]]],[[[-78.585982,35.838511],[-78.585982,35.838507],[-78.585985,35.838511999999994],[-78.585982,35.838511]]],[[[-78.58599,35.838518],[-78.585987,35.83851400000001],[-78.585995,35.83852000000001],[-78.58599,35.838518]]],[[[-78.586016,35.838527],[-78.586011,35.838522999999995],[-78.58602,35.83852699999999],[-78.586016,35.838527]]],[[[-78.586029,35.838536],[-78.586024,35.838528],[-78.586025,35.838547999999996],[-78.586029,35.838536]]],[[[-78.586025,35.838547999999996],[-78.58601,35.83861699999999],[-78.585993,35.838634],[-78.586025,35.838547999999996]]],[[[-78.58599,35.838637],[-78.585979,35.83865200000001],[-78.585976,35.838653],[-78.58599,35.838637]]],[[[-78.585972,35.838672],[-78.58596700000001,35.838682],[-78.585976,35.838653],[-78.585972,35.838672]]],[[[-78.58596,35.838708],[-78.585957,35.83870799999999],[-78.585961,35.838705999999995],[-78.58596,35.838708]]],[[[-78.585921,35.838713],[-78.585916,35.838717999999986],[-78.585913,35.83871899999999],[-78.585921,35.838713]]],[[[-78.585909,35.83872300000001],[-78.585871,35.838792],[-78.585859,35.83880200000001],[-78.585903,35.83872699999999],[-78.585909,35.83872300000001]]],[[[-78.585844,35.838815],[-78.58585,35.838807],[-78.585854,35.838805],[-78.585844,35.838815]]],[[[-78.585833,35.838843999999995],[-78.585835,35.838823999999995],[-78.585844,35.838815],[-78.585833,35.838843999999995]]],[[[-78.585807,35.838878],[-78.585804,35.838878],[-78.585818,35.838863],[-78.585807,35.838878]]],[[[-78.585781,35.838919],[-78.585779,35.838933],[-78.585772,35.838941000000005],[-78.585781,35.838919]]],[[[-78.585758,35.83897499999999],[-78.585765,35.838950000000004],[-78.58577,35.838944],[-78.585758,35.83897499999999]]],[[[-78.585725,35.839006999999995],[-78.585734,35.838987],[-78.585738,35.838986000000006],[-78.585731,35.839003],[-78.585725,35.839006999999995]]],[[[-78.585697,35.839040000000004],[-78.585713,35.839015],[-78.585718,35.83901199999999],[-78.585712,35.839029],[-78.585697,35.839040000000004]]],[[[-78.585503,35.839084],[-78.585527,35.839152000000006],[-78.58553,35.839165],[-78.585489,35.839125],[-78.585484,35.839111],[-78.585484,35.83909699999999],[-78.585503,35.839084]]],[[[-78.585518,35.839295],[-78.58551,35.83918],[-78.585523,35.83916800000001],[-78.585532,35.83923399999999],[-78.585518,35.839295]]],[[[-78.585421,35.839261],[-78.585415,35.839264],[-78.585426,35.839256],[-78.585421,35.839261]]],[[[-78.585388,35.83926799999999],[-78.5854,35.83926399999999],[-78.585379,35.839274],[-78.585388,35.83926799999999]]],[[[-78.585376,35.839275],[-78.585426,35.839343],[-78.58544100000002,35.839399],[-78.585467,35.839419],[-78.585437,35.839399],[-78.585419,35.839338999999995],[-78.585363,35.839287999999996],[-78.585376,35.839275]]],[[[-78.586298,35.83939899999999],[-78.586294,35.83939699999999],[-78.586304,35.839398],[-78.586298,35.83939899999999]]],[[[-78.585484,35.839421],[-78.585484,35.839495],[-78.585491,35.839577],[-78.5855,35.839588000000006],[-78.585487,35.83957800000001],[-78.585469,35.83946799999999],[-78.585484,35.839421]]],[[[-78.58628,35.839684999999996],[-78.586285,35.839682999999994],[-78.586287,35.839689],[-78.58628,35.839684999999996]]],[[[-78.585547,35.839626],[-78.585565,35.839661000000014],[-78.585568,35.839687000000005],[-78.585561,35.839907],[-78.585534,35.84000999999999],[-78.585703,35.840725],[-78.58570900000001,35.840904],[-78.585646,35.84112199999999],[-78.585692,35.840807999999996],[-78.585513,35.84059400000001],[-78.585587,35.840526],[-78.585505,35.84044599999999],[-78.585547,35.839626]]],[[[-78.586074,35.840031999999994],[-78.586124,35.840527],[-78.585997,35.840529],[-78.585851,35.84086799999999],[-78.586074,35.840031999999994]]],[[[-78.585798,35.841086000000004],[-78.585812,35.841079],[-78.585796,35.8411],[-78.585798,35.841086000000004]]],[[[-78.585627,35.84113000000001],[-78.585623,35.84114600000001],[-78.58562,35.841146],[-78.58561500000002,35.841144],[-78.585627,35.84113000000001]]],[[[-78.585623,35.84114600000001],[-78.585626,35.841315],[-78.58562,35.841321],[-78.585623,35.84114600000001]]],[[[-78.584647,35.84260999999999],[-78.584722,35.842473],[-78.584928,35.842293999999995],[-78.584784,35.84219900000001],[-78.5849,35.842131],[-78.58511,35.8415],[-78.585285,35.841281],[-78.585386,35.84137799999999],[-78.58562,35.841321],[-78.585348,35.841912],[-78.584647,35.84260999999999]]],[[[-78.585553,35.841789000000006],[-78.585514,35.842130999999995],[-78.58514400000001,35.84233],[-78.585008,35.842635],[-78.584941,35.84255599999999],[-78.584889,35.842658],[-78.58469,35.842691999999985],[-78.585457,35.841995999999995],[-78.585553,35.841789000000006]]],[[[-78.584623,35.842796],[-78.584761,35.842982],[-78.584634,35.843064000000005],[-78.584687,35.843311],[-78.585062,35.843469999999996],[-78.585133,35.84371300000001],[-78.584387,35.84343399999999],[-78.584623,35.842796]]],[[[-78.585252,35.844446000000005],[-78.585337,35.844467],[-78.585272,35.844539000000005],[-78.585252,35.844446000000005]]],[[[-78.585166,35.844742],[-78.585235,35.844754],[-78.585199,35.844788],[-78.585166,35.844742]]],[[[-78.585166,35.844742],[-78.585046,35.844837],[-78.584979,35.844788],[-78.585143,35.84470900000001],[-78.585142,35.844733000000005],[-78.585166,35.844742]]],[[[-78.584709,35.845832],[-78.584718,35.84583200000001],[-78.584704,35.845833999999996],[-78.584709,35.845832]]],[[[-78.585624,35.879938],[-78.585826,35.879859],[-78.586102,35.87992100000001],[-78.585624,35.879938]]],[[[-78.583538,35.715914000000005],[-78.583508,35.71598500000001],[-78.583537,35.715889],[-78.583538,35.715914000000005]]],[[[-78.583537,35.715889],[-78.58349,35.715676],[-78.583441,35.716706],[-78.58308,35.716824],[-78.582991,35.716974],[-78.582793,35.717071000000004],[-78.582577,35.71748299999999],[-78.582418,35.717667],[-78.582726,35.71702100000001],[-78.582956,35.716977],[-78.583024,35.716826999999995],[-78.583364,35.716658],[-78.583414,35.716541],[-78.583352,35.715993000000005],[-78.58291991409236,35.71543704205677],[-78.583276,35.71544],[-78.583469,35.71559100000001],[-78.583534,35.715725000000006],[-78.583537,35.715889]]],[[[-78.583566,35.716497000000004],[-78.583529,35.716941],[-78.583378,35.717042000000006],[-78.583427,35.717141999999996],[-78.583333,35.717177],[-78.58323800000001,35.717336],[-78.582594,35.717874999999985],[-78.582762,35.717715999999996],[-78.582916,35.71714599999999],[-78.583503,35.71669599999999],[-78.583557,35.716513],[-78.583486,35.716399],[-78.583503,35.71604799999999],[-78.583566,35.716497000000004]]],[[[-78.582319,35.71841799999999],[-78.581307,35.719111000000005],[-78.581046,35.71918699999999],[-78.580899,35.720079],[-78.580739,35.720183999999996],[-78.580597,35.720146],[-78.58027,35.720717],[-78.580057,35.720733],[-78.580279,35.720676],[-78.580321,35.720376],[-78.580553,35.720138],[-78.580872,35.72008],[-78.58075,35.719589],[-78.580997,35.719192],[-78.58143,35.718722],[-78.582006,35.71841],[-78.582464,35.71793],[-78.582594,35.717874999999985],[-78.582413,35.717991],[-78.582445,35.718168],[-78.582319,35.71841799999999]]],[[[-78.580172,35.720343],[-78.580617,35.719883],[-78.580568,35.719691],[-78.580598,35.71949200000001],[-78.580789,35.719088000000006],[-78.580787,35.718838000000005],[-78.581011,35.71878399999999],[-78.581054,35.718627],[-78.581239,35.718565999999996],[-78.581366,35.718555999999985],[-78.581077,35.71862399999999],[-78.581035,35.71879399999999],[-78.580884,35.718858000000004],[-78.580825,35.71905900000001],[-78.580617,35.719473],[-78.580746,35.71998599999999],[-78.580491,35.720028000000006],[-78.580229,35.720289],[-78.580169,35.720577000000006],[-78.579744,35.720622999999996],[-78.579553,35.72041599999999],[-78.579534,35.72036899999999],[-78.57976800000002,35.720565],[-78.580072,35.720552000000005],[-78.580172,35.720343]]],[[[-78.571101,35.724518],[-78.57127,35.724583999999986],[-78.571691,35.724478],[-78.572317,35.724594],[-78.572625,35.72443],[-78.572611,35.724004],[-78.573019,35.723275],[-78.573199,35.723019],[-78.573457,35.722973],[-78.573496,35.72275299999999],[-78.573998,35.722468],[-78.574173,35.721940999999994],[-78.574408,35.72174900000001],[-78.574431,35.72158100000001],[-78.574561,35.72145499999999],[-78.574533,35.720642999999995],[-78.574651,35.72117399999999],[-78.574898,35.721181],[-78.57530300000002,35.720822],[-78.57544,35.720587],[-78.575326,35.72035499999999],[-78.575393,35.72035700000001],[-78.575577,35.720431],[-78.57554,35.72079299999999],[-78.575991,35.721153999999984],[-78.576247,35.721208],[-78.576621,35.721147],[-78.576616,35.720925],[-78.576791,35.721062999999994],[-78.57725800000001,35.720845000000004],[-78.577579,35.721025],[-78.578135,35.72076700000001],[-78.578192,35.720643],[-78.57843100000001,35.720613],[-78.578534,35.720462],[-78.578688,35.720409],[-78.57844,35.720621],[-78.578231,35.720651],[-78.578147,35.720783999999995],[-78.578082,35.720828999999995],[-78.577553,35.721045],[-78.576619,35.72120099999999],[-78.576103,35.721452000000006],[-78.575334,35.7214],[-78.575055,35.72128],[-78.574805,35.721311],[-78.574478,35.72156699999998],[-78.574436,35.72176199999999],[-78.57419,35.721970999999996],[-78.574053,35.722589],[-78.57346,35.723175],[-78.573209,35.723758999999994],[-78.572894,35.724085],[-78.572653,35.72452899999999],[-78.572301,35.72465999999999],[-78.571741,35.72461599999999],[-78.571557,35.724678],[-78.571355,35.724915],[-78.56982175670618,35.72522270825175],[-78.570079,35.724762],[-78.570201,35.724813],[-78.570517,35.724745999999996],[-78.571101,35.724518]]],[[[-78.580053,35.721059],[-78.580526,35.72113],[-78.580324,35.721187],[-78.580573,35.72133399999999],[-78.580628,35.721502],[-78.579868,35.721078],[-78.57919,35.721084999999995],[-78.578458,35.720876000000004],[-78.577945,35.72121899999999],[-78.577504,35.721365999999996],[-78.576815,35.721422],[-78.576701,35.721749],[-78.576565,35.721672999999996],[-78.576162,35.721709],[-78.575534,35.721821],[-78.575318,35.72206000000001],[-78.575083,35.722018999999996],[-78.57503,35.722211],[-78.574319,35.723003],[-78.573795,35.723365],[-78.57406,35.72384099999999],[-78.574041,35.72398],[-78.573333,35.72442900000001],[-78.573449,35.72494600000001],[-78.573651,35.72525499999998],[-78.572943,35.72490899999999],[-78.572199,35.725168],[-78.571892,35.72542099999998],[-78.571565,35.72547500000001],[-78.571428,35.725358],[-78.571291,35.72563],[-78.5711,35.725742999999994],[-78.57087,35.72583499999999],[-78.570761,35.725767],[-78.570585,35.725804],[-78.570464,35.725898],[-78.570411,35.726232],[-78.569692,35.726164],[-78.56936708123574,35.72635566094373],[-78.56959601046962,35.72573854892342],[-78.569885,35.725709],[-78.57018,35.725554],[-78.570529,35.725564999999996],[-78.571182,35.725232999999996],[-78.571539,35.725195],[-78.571775,35.72489099999999],[-78.572533,35.724898],[-78.572916,35.724709000000004],[-78.573212,35.72418400000001],[-78.573727,35.72387499999999],[-78.573752,35.723376],[-78.57387400000002,35.72311700000001],[-78.574215,35.72294799999998],[-78.574249,35.72275299999999],[-78.574368,35.722677],[-78.574506,35.721925],[-78.574897,35.721577999999994],[-78.575191,35.72156999999999],[-78.575594,35.721699],[-78.576107,35.72166],[-78.576731,35.721405],[-78.578094,35.721009],[-78.578717,35.720492],[-78.57905,35.720428],[-78.579382,35.720494],[-78.579567,35.720772],[-78.580055,35.720734],[-78.580053,35.721059]]],[[[-78.5691920806704,35.726845095813424],[-78.56920235745022,35.726816354298286],[-78.56920000000001,35.726839],[-78.5691920806704,35.726845095813424]]],[[[-78.587231,35.729689],[-78.587334,35.729754],[-78.587214,35.72978199999999],[-78.587231,35.729689]]],[[[-78.56889300000002,35.728297],[-78.569143,35.728649],[-78.569423,35.72860899999999],[-78.56951,35.72873299999999],[-78.569795,35.72874900000001],[-78.569524,35.72930999999999],[-78.568923,35.729898],[-78.56908,35.73051099999999],[-78.569191,35.730556],[-78.569518,35.73118999999999],[-78.569732,35.732078],[-78.570027,35.732673999999996],[-78.570013,35.73323499999999],[-78.570438,35.73366999999999],[-78.570075,35.73415099999999],[-78.570032,35.734385],[-78.570335,35.734803],[-78.570423,35.735399],[-78.570521,35.735220000000005],[-78.570578,35.735316999999995],[-78.570665,35.735248],[-78.570973,35.73542499999999],[-78.570975,35.73552300000001],[-78.570754,35.73562199999999],[-78.57092,35.73592299999999],[-78.571053,35.735987],[-78.571092,35.736137],[-78.57154000000001,35.736279999999994],[-78.571611,35.736443],[-78.571776,35.736528],[-78.571692,35.73676400000001],[-78.571116,35.737246000000006],[-78.571248,35.737738],[-78.57075600000002,35.73841999999999],[-78.571001,35.738821],[-78.571146,35.73880599999999],[-78.571343,35.738603],[-78.571428,35.73866399999999],[-78.571258,35.739029],[-78.571462,35.73895999999999],[-78.571547,35.73931399999999],[-78.572032,35.73908999999999],[-78.572855,35.73903899999999],[-78.573589,35.738755],[-78.573807,35.737997],[-78.574773,35.737435999999995],[-78.575094,35.737401999999996],[-78.575923,35.73763300000001],[-78.576831,35.737676],[-78.577102,35.73748199999999],[-78.577103,35.73711899999999],[-78.577355,35.737515],[-78.577683,35.737504],[-78.577947,35.73726400000001],[-78.579312,35.736653],[-78.579344,35.73642600000001],[-78.579935,35.736163999999995],[-78.58028,35.736143],[-78.580882,35.73631600000001],[-78.581559,35.736183999999994],[-78.582319,35.73581099999999],[-78.583027,35.735856],[-78.583206,35.73578200000001],[-78.583243,35.735029],[-78.582846,35.733929999999994],[-78.582882,35.733561999999985],[-78.583095,35.733456999999994],[-78.58318900000002,35.73300299999998],[-78.583693,35.73255699999999],[-78.583776,35.732212],[-78.584023,35.731947],[-78.584561,35.731699],[-78.584927,35.73165],[-78.584881,35.731501],[-78.585736,35.731128999999996],[-78.585763,35.730893],[-78.586038,35.73064],[-78.586291,35.730865999999985],[-78.586492,35.73127100000001],[-78.585622,35.731408],[-78.584809,35.731821000000004],[-78.584452,35.732116000000005],[-78.584266,35.73246899999999],[-78.583924,35.73277499999999],[-78.583554,35.733457],[-78.583499,35.734842],[-78.583612,35.735179],[-78.583573,35.735443],[-78.58335,35.735889],[-78.582924,35.73607599999999],[-78.582549,35.73639999999999],[-78.581449,35.736624],[-78.581024,35.737182],[-78.579873,35.737351999999994],[-78.579108,35.737354],[-78.57816300000002,35.73788],[-78.57687100000001,35.737934],[-78.576477,35.738087],[-78.575509,35.738253],[-78.574654,35.73815100000001],[-78.57443,35.73826799999999],[-78.574074,35.73867],[-78.573914,35.73904799999999],[-78.573504,35.739254],[-78.572902,35.73925799999999],[-78.572211,35.739461],[-78.571775,35.739703],[-78.570791,35.739689000000006],[-78.57055,35.738927999999994],[-78.570771,35.738296],[-78.570721,35.737687999999984],[-78.57080500000001,35.737231],[-78.570335,35.73625700000001],[-78.569692,35.73265199999999],[-78.568857,35.729907],[-78.56849513528573,35.72812248335761],[-78.56901896537163,35.727200111487214],[-78.569028,35.72778099999999],[-78.568865,35.72799400000001],[-78.56889300000002,35.728297]]],[[[-78.583793,35.737288],[-78.58453,35.73756600000001],[-78.58533,35.737609],[-78.585606,35.737975999999996],[-78.58655,35.738504000000006],[-78.586938,35.738573],[-78.587511,35.738389],[-78.589403,35.738220999999996],[-78.589308,35.738099],[-78.586811,35.737968],[-78.585889,35.737422],[-78.585563,35.73690799999999],[-78.58505,35.736581],[-78.58477,35.736305],[-78.584342,35.736387],[-78.583988,35.736097],[-78.584372,35.73551400000001],[-78.58461800000002,35.73394100000001],[-78.584859,35.733427],[-78.585478,35.732434999999995],[-78.586615,35.731484],[-78.586764,35.731942999999994],[-78.586694,35.732082999999996],[-78.586465,35.732372999999995],[-78.586121,35.732448],[-78.585935,35.732783000000005],[-78.585549,35.73316299999999],[-78.585475,35.73379899999999],[-78.585558,35.733925],[-78.585065,35.734205],[-78.585012,35.734799999999986],[-78.584777,35.73511500000001],[-78.584823,35.735389],[-78.584755,35.735524000000005],[-78.58447,35.73568399999999],[-78.584259,35.736083],[-78.584363,35.73625399999999],[-78.584488,35.736274],[-78.584992,35.736138],[-78.585006,35.73645599999998],[-78.585412,35.736717999999996],[-78.586046,35.736623],[-78.585947,35.737043],[-78.586524,35.737497000000005],[-78.587084,35.737776],[-78.587697,35.73775499999999],[-78.588383,35.737981000000005],[-78.588901,35.737907],[-78.589434,35.737966],[-78.589674,35.738659],[-78.589643,35.738820999999994],[-78.58905,35.738899],[-78.588237,35.738568],[-78.587672,35.738772],[-78.587326,35.73864900000001],[-78.586492,35.738779],[-78.586495,35.738690999999996],[-78.58627000000001,35.738596],[-78.585392,35.738568],[-78.585246,35.738417],[-78.58509700000002,35.73793700000001],[-78.584497,35.73792199999998],[-78.584167,35.737639],[-78.58366,35.73753],[-78.58353,35.737348999999995],[-78.583132,35.737261],[-78.582777,35.73701],[-78.583664,35.737097],[-78.583793,35.737288]]],[[[-78.568039,35.741694],[-78.567877,35.741494999999986],[-78.567834,35.741158999999996],[-78.56802,35.740913],[-78.568497,35.740840000000006],[-78.568568,35.74048799999999],[-78.568218,35.73994],[-78.568648,35.73963700000001],[-78.568859,35.739665],[-78.568915,35.739548],[-78.568628,35.739267999999996],[-78.568791,35.739123],[-78.56854,35.738725],[-78.568183,35.738396],[-78.568093,35.738129],[-78.56827,35.737877],[-78.568742,35.737695],[-78.56902,35.737432],[-78.569581,35.737361],[-78.569634,35.737211],[-78.569366,35.73684999999999],[-78.56912,35.736777],[-78.569032,35.735631],[-78.568642,35.73466799999999],[-78.568384,35.73455499999999],[-78.568738,35.734376999999995],[-78.568694,35.73337299999999],[-78.568462,35.73317999999999],[-78.568313,35.733203],[-78.568117,35.73341200000001],[-78.56802,35.733371],[-78.56821,35.732909],[-78.568026,35.73265],[-78.567955,35.73223800000001],[-78.567774,35.73205299999999],[-78.567742,35.731641],[-78.567913,35.731137],[-78.567413,35.730222999999995],[-78.567228,35.730205999999995],[-78.567226,35.730108],[-78.56746,35.729921],[-78.567484,35.729605],[-78.567425,35.729485999999994],[-78.566502,35.729003],[-78.566125,35.72866599999999],[-78.565837,35.728995],[-78.565866,35.72863400000001],[-78.565309,35.728281],[-78.565749,35.72831300000001],[-78.566582,35.72865399999999],[-78.566947,35.72860599999999],[-78.56698552145757,35.728436766335214],[-78.56759765582774,35.728926087318975],[-78.568716,35.732867999999996],[-78.569384,35.736517],[-78.569701,35.737229000000006],[-78.56927,35.737916999999996],[-78.569404,35.738626],[-78.569062,35.73900900000001],[-78.569115,35.73962099999999],[-78.568401,35.74146100000001],[-78.568737,35.744364],[-78.568371,35.744365],[-78.567811,35.743942],[-78.568275,35.743705999999996],[-78.568589,35.74334999999999],[-78.568494,35.74282999999999],[-78.56799000000001,35.742049],[-78.568039,35.741694]]],[[[-78.577793,35.73883599999999],[-78.578837,35.738783999999995],[-78.579301,35.73858299999999],[-78.579431,35.7384],[-78.579955,35.73805],[-78.581274,35.737984],[-78.581865,35.73728],[-78.582505,35.73702399999999],[-78.582777,35.73701],[-78.582428,35.73724599999999],[-78.58259,35.737604],[-78.582455,35.737545],[-78.582202,35.737756000000005],[-78.58201,35.738428],[-78.58175,35.738508],[-78.581397,35.73887499999999],[-78.581254,35.738872],[-78.581237,35.738694],[-78.58098400000002,35.73833299999999],[-78.580663,35.73813499999999],[-78.579481,35.73846399999999],[-78.579126,35.738882],[-78.578635,35.738991],[-78.578393,35.739301999999995],[-78.578018,35.73904399999999],[-78.577681,35.739026999999986],[-78.57715,35.73879300000001],[-78.577313,35.738738999999995],[-78.577793,35.73883599999999]]],[[[-78.575933,35.739279],[-78.575409,35.73934800000001],[-78.575009,35.73957],[-78.575232,35.739999999999995],[-78.57517400000002,35.740069000000005],[-78.574607,35.739948999999996],[-78.573087,35.740577],[-78.572585,35.740539],[-78.572107,35.740918],[-78.572151,35.741133000000005],[-78.571357,35.740871000000006],[-78.571334,35.74110399999999],[-78.571886,35.74134599999999],[-78.571967,35.741569],[-78.571458,35.741462],[-78.571141,35.741851000000004],[-78.570923,35.742408000000005],[-78.570383,35.742993999999996],[-78.570774,35.743369000000015],[-78.571107,35.744086],[-78.571401,35.74442700000001],[-78.57147,35.744288],[-78.571728,35.744188],[-78.571987,35.74421],[-78.572075,35.744313999999996],[-78.571653,35.74446600000001],[-78.571602,35.744592],[-78.57143,35.744592999999995],[-78.571438,35.744967],[-78.571726,35.74560499999999],[-78.571595,35.74607399999999],[-78.57149700000001,35.745722],[-78.570751,35.745342],[-78.570239,35.74520499999999],[-78.570533,35.744511],[-78.570085,35.74325699999999],[-78.570359,35.74277699999999],[-78.57017,35.74206900000001],[-78.57034,35.741091],[-78.570884,35.740495],[-78.571994,35.740678],[-78.572404,35.740471],[-78.572704,35.740441],[-78.573292,35.740193999999995],[-78.573737,35.740165],[-78.57457600000001,35.739836],[-78.574648,35.73956299999999],[-78.574962,35.73942000000001],[-78.575144,35.739205],[-78.575744,35.739234],[-78.576951,35.738861],[-78.576877,35.738994999999996],[-78.576315,35.73908899999999],[-78.57601,35.739276999999994],[-78.575981,35.73940399999999],[-78.575933,35.739279]]],[[[-78.5684,35.744690999999996],[-78.568179,35.745082000000004],[-78.568002,35.745149],[-78.568029,35.74488900000001],[-78.568349,35.744505],[-78.568628,35.744468999999995],[-78.568737,35.744364],[-78.568683,35.744507999999996],[-78.5684,35.744690999999996]]],[[[-78.565181,35.746613],[-78.565567,35.745146999999996],[-78.566191,35.74531400000001],[-78.566996,35.744845],[-78.567449,35.744854],[-78.56794,35.74517299999999],[-78.567547,35.74540900000001],[-78.566747,35.745643],[-78.565181,35.746613]]],[[[-78.57357900000001,35.74658000000001],[-78.573443,35.746978999999996],[-78.57272,35.746435999999996],[-78.572142,35.74614799999999],[-78.57162400000001,35.746139],[-78.571597,35.746078],[-78.572197,35.745865],[-78.572884,35.74619],[-78.573383,35.74613699999999],[-78.57357900000001,35.74658000000001]]],[[[-78.565144,35.746628],[-78.564293,35.746707],[-78.564195,35.74668299999998],[-78.564382,35.74668],[-78.564661,35.746340999999994],[-78.564816,35.74629900000001],[-78.564887,35.74663199999999],[-78.565144,35.746628]]],[[[-78.56986,35.748319],[-78.569486,35.747689],[-78.569142,35.747849],[-78.567586,35.748038],[-78.567381,35.748163000000005],[-78.567304,35.748066],[-78.566928,35.74796799999999],[-78.566587,35.748037999999994],[-78.565981,35.74872499999999],[-78.565508,35.749007],[-78.564868,35.749071],[-78.564867,35.748882],[-78.564709,35.749014999999986],[-78.564671,35.748868],[-78.564926,35.747805],[-78.564583,35.74781],[-78.564392,35.748804],[-78.564003,35.748854],[-78.563945,35.749044],[-78.56365600000001,35.749042],[-78.563559,35.749123],[-78.56321,35.74994],[-78.562752,35.750187],[-78.562092,35.750218],[-78.561477,35.750361],[-78.560755,35.75035099999999],[-78.560031,35.74998399999998],[-78.559766,35.75005699999999],[-78.55962,35.74997599999999],[-78.559131,35.749273],[-78.558017,35.749522],[-78.557458,35.74996999999999],[-78.557563,35.750013],[-78.557517,35.750122],[-78.557173,35.75045],[-78.556832,35.7505],[-78.555864,35.75018399999999],[-78.555491,35.750692],[-78.555389,35.751346999999996],[-78.555284,35.75148699999999],[-78.555186,35.750752],[-78.555047,35.75041699999999],[-78.554916,35.750329],[-78.554268,35.750467],[-78.553589,35.750746000000014],[-78.553538,35.750875999999984],[-78.553872,35.75137199999999],[-78.55318,35.75198499999999],[-78.551789,35.752024999999996],[-78.551187,35.751381],[-78.551895,35.75154899999999],[-78.552548,35.75148],[-78.552932,35.751301999999995],[-78.553573,35.750567000000004],[-78.554426,35.75027500000001],[-78.555572,35.750103],[-78.556766,35.750215999999995],[-78.55715200000002,35.750101],[-78.55813,35.74934600000001],[-78.558783,35.74907400000001],[-78.559123,35.749106999999995],[-78.560672,35.749821000000004],[-78.561217,35.749823],[-78.561753,35.749624],[-78.56281,35.748984],[-78.563674,35.748250000000006],[-78.563851,35.74795700000001],[-78.564517,35.747552],[-78.565096,35.747702],[-78.565771,35.747714],[-78.567089,35.747411],[-78.567882,35.746841],[-78.568205,35.74672499999999],[-78.56906700000002,35.74683100000001],[-78.571494,35.747519999999994],[-78.571903,35.74775600000001],[-78.571788,35.748371999999996],[-78.572039,35.749053],[-78.571746,35.74961699999999],[-78.571832,35.750046],[-78.573175,35.751639000000004],[-78.574127,35.752399999999994],[-78.57417,35.752723],[-78.574458,35.753149],[-78.576753,35.75556999999999],[-78.577068,35.756394],[-78.576716,35.755592],[-78.576496,35.755376],[-78.576157,35.755267999999994],[-78.57555,35.75531999999999],[-78.575298,35.755105],[-78.574863,35.754946999999994],[-78.573974,35.755003],[-78.57417,35.754951000000005],[-78.574334,35.75452899999999],[-78.57452,35.7535],[-78.573034,35.752252999999996],[-78.573012,35.751627],[-78.5722,35.751156999999985],[-78.57170600000002,35.751082],[-78.571797,35.75072900000001],[-78.571667,35.750486],[-78.571681,35.75002400000001],[-78.57149300000002,35.749417],[-78.571189,35.74925100000001],[-78.571088,35.74899400000001],[-78.570568,35.74846699999999],[-78.56986,35.748319]]],[[[-78.574686,35.747761999999994],[-78.574549,35.74823399999999],[-78.57461300000001,35.74853499999999],[-78.574343,35.74891999999999],[-78.574445,35.749083000000006],[-78.574937,35.74937699999999],[-78.574749,35.749874999999996],[-78.574706,35.750347999999995],[-78.574781,35.750467],[-78.575446,35.750594],[-78.575768,35.750919],[-78.575861,35.75114899999999],[-78.575503,35.752494],[-78.575234,35.752759000000005],[-78.575199,35.752986],[-78.576159,35.753213],[-78.576549,35.753207],[-78.576883,35.75302400000001],[-78.577061,35.752842999999984],[-78.577052,35.75240099999999],[-78.576594,35.751900000000006],[-78.576661,35.75179499999999],[-78.577333,35.75158999999999],[-78.577687,35.751691],[-78.577924,35.752111],[-78.578665,35.752168],[-78.578975,35.752318],[-78.578791,35.75260600000001],[-78.578939,35.753052],[-78.578535,35.753514],[-78.578497,35.753799999999984],[-78.578793,35.754569],[-78.578725,35.754675],[-78.578425,35.754854],[-78.577943,35.754622],[-78.577313,35.75463700000001],[-78.57778,35.755333],[-78.577611,35.755658999999994],[-78.577867,35.755779999999994],[-78.578024,35.756134],[-78.57768,35.75647099999999],[-78.577599,35.755666],[-78.57729,35.754669],[-78.57747300000001,35.754078],[-78.577475,35.753685000000004],[-78.577369,35.75347],[-78.577219,35.75329599999999],[-78.577003,35.753225],[-78.576143,35.75324200000001],[-78.575186,35.753018999999995],[-78.575035,35.75277400000001],[-78.575067,35.75244],[-78.575405,35.75173399999999],[-78.574758,35.751093999999995],[-78.574104,35.75083000000001],[-78.573462,35.749275000000004],[-78.573445,35.748656999999994],[-78.573633,35.747899],[-78.573627,35.747484],[-78.573462,35.746995999999996],[-78.574356,35.74699199999999],[-78.574489,35.74710499999999],[-78.574556,35.74758599999999],[-78.574686,35.747761999999994]]],[[[-78.577592,35.756575],[-78.576722,35.757359],[-78.576589,35.75735699999999],[-78.576501,35.757133],[-78.576621,35.756851],[-78.577012,35.756577],[-78.577068,35.756394],[-78.57700000000001,35.75668499999998],[-78.57707,35.75691700000001],[-78.57747300000001,35.756571],[-78.577592,35.756575]]],[[[-78.57908,35.75635499999999],[-78.57948,35.755922],[-78.580852,35.755120999999995],[-78.581118,35.75511699999999],[-78.581162,35.75533099999999],[-78.581681,35.755723999999994],[-78.581865,35.75577600000001],[-78.582315,35.755702],[-78.582526,35.756696999999996],[-78.582773,35.757471],[-78.583056,35.757839],[-78.583057,35.758036],[-78.584571,35.75886799999999],[-78.585573,35.760043],[-78.58654,35.759944999999995],[-78.587147,35.75965999999999],[-78.587976,35.75885],[-78.58839300000001,35.75885799999999],[-78.587884,35.759054],[-78.587205,35.759689],[-78.586211,35.760158000000004],[-78.585377,35.76014799999999],[-78.585036,35.759832],[-78.584513,35.759071999999996],[-78.584192,35.75894000000001],[-78.58384,35.758533],[-78.582764,35.75791399999999],[-78.58185,35.756493],[-78.580938,35.756211999999984],[-78.580122,35.75619499999999],[-78.578988,35.756498],[-78.578189,35.75690099999999],[-78.578084,35.756827],[-78.578605,35.75646799999999],[-78.57908,35.75635499999999]]],[[[-78.577895,35.759011],[-78.577799,35.758847],[-78.577024,35.758275],[-78.577018,35.757972],[-78.577985,35.75693],[-78.578018,35.75735399999999],[-78.578175,35.75763299999999],[-78.578648,35.757785],[-78.579773,35.757531],[-78.5803,35.757497],[-78.580819,35.75727700000001],[-78.580933,35.757342],[-78.580687,35.75755899999999],[-78.578643,35.758098],[-78.578829,35.758257],[-78.579062,35.75887000000001],[-78.578655,35.759057],[-78.578524,35.759533],[-78.57823,35.759533000000005],[-78.578196,35.75970100000001],[-78.577908,35.759958],[-78.577992,35.759845],[-78.577758,35.75977400000001],[-78.578026,35.759617],[-78.578109,35.75929699999999],[-78.578333,35.759178000000006],[-78.578336,35.75906700000001],[-78.577895,35.759011]]],[[[-78.533831,35.754676],[-78.533851,35.75498699999999],[-78.535299,35.75594900000001],[-78.536046,35.756797],[-78.53622300000002,35.757442],[-78.536182,35.757647],[-78.536302,35.75768599999999],[-78.536219,35.75784999999999],[-78.536284,35.75852499999999],[-78.536146,35.75854300000001],[-78.536051,35.758758],[-78.536202,35.759208],[-78.537956,35.760088],[-78.539342,35.760515],[-78.539725,35.760269],[-78.539671,35.760226],[-78.539966,35.759867],[-78.539956,35.759442],[-78.540074,35.759221],[-78.540157,35.759199999999986],[-78.540336,35.759745],[-78.540633,35.759581000000004],[-78.540665,35.759746],[-78.540861,35.759895],[-78.541387,35.75979799999999],[-78.541281,35.75999899999999],[-78.540936,35.760185],[-78.54097,35.76026900000001],[-78.540649,35.76058799999999],[-78.540532,35.760602999999996],[-78.540302,35.76102099999999],[-78.540307,35.76126599999999],[-78.540468,35.761543999999994],[-78.541159,35.76172499999999],[-78.54163,35.762065],[-78.542012,35.762539000000004],[-78.542247,35.763023999999994],[-78.542273,35.763588999999996],[-78.541849,35.764134],[-78.54051200000002,35.764554],[-78.540447,35.764905000000006],[-78.540647,35.765704],[-78.541175,35.766323],[-78.541536,35.766096],[-78.541911,35.766164],[-78.542012,35.765988],[-78.542846,35.76574699999998],[-78.543091,35.76547299999999],[-78.543106,35.76603899999999],[-78.54335,35.76632000000001],[-78.543326,35.76641],[-78.542942,35.76629499999999],[-78.542714,35.76649599999999],[-78.542493,35.766462999999995],[-78.542439,35.767123],[-78.542844,35.767261999999995],[-78.542852,35.767526000000004],[-78.543134,35.76791299999999],[-78.544432,35.768624],[-78.54502,35.76879199999999],[-78.545281,35.76902999999999],[-78.5456,35.76961],[-78.545607,35.770146],[-78.545466,35.77033],[-78.545931,35.771032],[-78.546188,35.771125999999995],[-78.546328,35.771296],[-78.546735,35.770903],[-78.547568,35.770632],[-78.548001,35.770299999999985],[-78.548066,35.77010299999999],[-78.548586,35.769952],[-78.549079,35.769664000000006],[-78.54945,35.769618],[-78.550374,35.769248999999995],[-78.550866,35.769175],[-78.550913,35.76892600000001],[-78.550971,35.76937],[-78.550899,35.769507],[-78.551155,35.769701000000005],[-78.551453,35.76968],[-78.551529,35.769504],[-78.551525,35.76965499999999],[-78.551385,35.769752000000004],[-78.551042,35.769755],[-78.550894,35.76961],[-78.550555,35.769707],[-78.550069,35.770267],[-78.54978,35.77027400000001],[-78.549187,35.770548999999995],[-78.548915,35.770906],[-78.548255,35.771162000000004],[-78.548634,35.771370999999995],[-78.548652,35.771526],[-78.548154,35.771707000000006],[-78.547675,35.772159],[-78.5481,35.772993],[-78.548439,35.773359],[-78.548536,35.773664999999994],[-78.549065,35.774094],[-78.549206,35.774362],[-78.549133,35.77453400000001],[-78.549791,35.774773999999994],[-78.550247,35.77471699999999],[-78.551382,35.775048999999996],[-78.551657,35.77524299999999],[-78.551849,35.775217999999995],[-78.551609,35.77561399999999],[-78.551811,35.776181],[-78.551456,35.77709699999999],[-78.551585,35.777302999999996],[-78.552064,35.777097],[-78.552123,35.777196999999994],[-78.551936,35.777231],[-78.552338,35.777450999999985],[-78.552602,35.777502],[-78.552898,35.777427],[-78.553184,35.777010999999995],[-78.553962,35.776532],[-78.553849,35.776468],[-78.553868,35.776236],[-78.554083,35.776118],[-78.55438,35.77656199999999],[-78.554812,35.776832],[-78.55558,35.776976999999995],[-78.556038,35.777196999999994],[-78.55684700000002,35.777242],[-78.557144,35.777137],[-78.557053,35.776927],[-78.557412,35.777023],[-78.558071,35.777421],[-78.558392,35.777734],[-78.55829,35.777747],[-78.558459,35.777876],[-78.558482,35.778155000000005],[-78.558744,35.778295],[-78.55884100000002,35.778655],[-78.559139,35.778803],[-78.559047,35.779094],[-78.560107,35.78033500000001],[-78.560571,35.780704],[-78.560889,35.78082],[-78.560935,35.78090499999999],[-78.560752,35.78101300000001],[-78.560748,35.78111899999999],[-78.561051,35.781541],[-78.561258,35.78164599999999],[-78.561374,35.782087],[-78.561691,35.78254799999999],[-78.561942,35.782571],[-78.562193,35.782881],[-78.562425,35.783009],[-78.562709,35.782981],[-78.563532,35.78317700000001],[-78.564642,35.783236999999986],[-78.564964,35.783107],[-78.56513000000001,35.78269800000001],[-78.565443,35.782916],[-78.566001,35.78290200000001],[-78.568606,35.78240799999999],[-78.569279,35.782028],[-78.569674,35.781351],[-78.570722,35.781878],[-78.571011,35.781828000000004],[-78.57165,35.781969000000004],[-78.571849,35.781893000000004],[-78.572008,35.78164499999999],[-78.572431,35.781699],[-78.572763,35.78221299999999],[-78.573368,35.782281999999995],[-78.573986,35.782174],[-78.574139,35.781742],[-78.575293,35.78096299999999],[-78.575411,35.78101],[-78.575462,35.780871],[-78.576176,35.780912],[-78.57618,35.780682999999996],[-78.576085,35.780710000000006],[-78.575881,35.78038],[-78.576075,35.779574000000004],[-78.576016,35.778959],[-78.575529,35.777996],[-78.575598,35.77730100000001],[-78.575374,35.77686],[-78.57553,35.77689],[-78.575567,35.776828],[-78.575625,35.776988],[-78.575752,35.77697599999999],[-78.575662,35.776847],[-78.57563,35.776091],[-78.575796,35.776495],[-78.575751,35.776824],[-78.575859,35.77694400000001],[-78.575918,35.77678],[-78.575984,35.776849],[-78.576081,35.777259],[-78.576435,35.777837],[-78.576672,35.77789199999999],[-78.577228,35.77775200000001],[-78.577832,35.77797900000001],[-78.578539,35.77795299999999],[-78.578572,35.77806],[-78.578834,35.778033],[-78.57857,35.778135000000006],[-78.578158,35.778068000000005],[-78.577347,35.778591000000006],[-78.577333,35.778853000000005],[-78.577635,35.778948],[-78.57721300000001,35.77950999999999],[-78.577638,35.779888],[-78.577633,35.780014],[-78.577397,35.78008599999999],[-78.577544,35.780598000000005],[-78.578236,35.781028],[-78.578916,35.781076],[-78.578738,35.78128699999999],[-78.5795,35.78161999999999],[-78.579576,35.78171799999999],[-78.580439,35.781871],[-78.580858,35.782034999999986],[-78.580226,35.781971999999996],[-78.579772,35.782096],[-78.579332,35.78365399999999],[-78.579012,35.783896999999996],[-78.579235,35.78409899999999],[-78.579407,35.784064],[-78.579339,35.784290999999996],[-78.578807,35.78425199999999],[-78.578627,35.784338],[-78.578566,35.784769],[-78.578741,35.78491700000001],[-78.578525,35.784991000000005],[-78.578486,35.785644999999995],[-78.578526,35.785831],[-78.578874,35.785871],[-78.578912,35.785973000000006],[-78.57868,35.786039],[-78.578523,35.786372],[-78.57881800000001,35.786972999999996],[-78.578888,35.787617999999995],[-78.57924,35.787828],[-78.579359,35.78806800000001],[-78.579013,35.788701],[-78.579081,35.78908299999999],[-78.579332,35.789123000000004],[-78.579319,35.789018999999996],[-78.579521,35.789014],[-78.579715,35.78944],[-78.579719,35.78963099999999],[-78.579606,35.789612],[-78.580213,35.789944999999996],[-78.580566,35.789931],[-78.580811,35.78975],[-78.581873,35.789685999999996],[-78.582397,35.789303000000004],[-78.582887,35.78914999999999],[-78.583856,35.789563],[-78.584567,35.78999099999999],[-78.5848,35.789954999999985],[-78.585629,35.790094],[-78.586319,35.789877000000004],[-78.586469,35.789963],[-78.586125,35.790679],[-78.585979,35.79034399999998],[-78.584077,35.79014],[-78.582776,35.78956699999999],[-78.582391,35.789597],[-78.580886,35.790161000000005],[-78.580278,35.790234999999996],[-78.579485,35.790127000000005],[-78.578881,35.789699],[-78.578657,35.786873],[-78.57852,35.786417000000014],[-78.578347,35.785655],[-78.57830200000001,35.784021],[-78.578442,35.78373299999999],[-78.579284,35.783219],[-78.57948,35.78297799999999],[-78.579668,35.781956],[-78.579604,35.781775999999994],[-78.579412,35.781634000000004],[-78.577992,35.78129299999999],[-78.576353,35.781067],[-78.575776,35.781262],[-78.573902,35.782239],[-78.57306,35.782360999999995],[-78.571631,35.782417],[-78.569219,35.782276],[-78.565113,35.783275999999994],[-78.563205,35.783371],[-78.56236,35.78309],[-78.561942,35.782679],[-78.561679,35.78257],[-78.561333,35.782111999999984],[-78.560701,35.781558],[-78.559097,35.779652999999996],[-78.557078,35.777641],[-78.553773,35.77687499999998],[-78.553222,35.777048],[-78.553025,35.77756600000001],[-78.552532,35.777975],[-78.551382,35.777361],[-78.550657,35.77644999999999],[-78.549882,35.775019999999984],[-78.54918200000002,35.77457799999999],[-78.547719,35.773403],[-78.547496,35.772669],[-78.547242,35.77235799999999],[-78.54709800000002,35.77155900000001],[-78.546795,35.771439],[-78.545727,35.771311],[-78.545183,35.771010999999994],[-78.543635,35.769037],[-78.543131,35.76801400000001],[-78.542214,35.766878999999996],[-78.541664,35.766448],[-78.540498,35.766211],[-78.540188,35.766028],[-78.54008800000001,35.76308699999999],[-78.539856,35.762069999999994],[-78.539604,35.761505],[-78.539316,35.76106799999999],[-78.538682,35.76047899999998],[-78.537852,35.76012299999999],[-78.535584,35.75937699999999],[-78.534392,35.75820999999999],[-78.53342,35.756287],[-78.532863,35.754578],[-78.533648,35.75454],[-78.533831,35.754676]]],[[[-78.55021,35.78121600000001],[-78.549547,35.780641],[-78.55013400000001,35.77897699999999],[-78.550454,35.778952999999994],[-78.550765,35.778707000000004],[-78.551873,35.779084999999995],[-78.551974,35.779053000000005],[-78.550966,35.778661],[-78.551075,35.778220999999995],[-78.550904,35.77799000000002],[-78.550275,35.777841],[-78.550141,35.777734999999986],[-78.550234,35.777114],[-78.55098,35.77766900000001],[-78.552785,35.77868300000001],[-78.552349,35.77874899999999],[-78.55232,35.77904399999999],[-78.552034,35.77907299999999],[-78.552158,35.779286],[-78.551742,35.7795],[-78.551404,35.779991],[-78.551259,35.780021],[-78.550997,35.780341],[-78.550908,35.78064299999999],[-78.55021,35.78121600000001]]],[[[-78.550547,35.777293],[-78.549656,35.776164],[-78.54968,35.775827],[-78.549565,35.775655],[-78.549844,35.77605700000001],[-78.550051,35.776555],[-78.550483,35.777115],[-78.552435,35.778366],[-78.552915,35.778281],[-78.553627,35.777719000000005],[-78.554087,35.77757],[-78.554775,35.77754699999999],[-78.556557,35.77776300000001],[-78.557625,35.77868900000001],[-78.559361,35.78060599999999],[-78.561428,35.783303],[-78.561121,35.783083999999995],[-78.560821,35.782627999999995],[-78.560122,35.781923],[-78.559827,35.781951],[-78.559194,35.781404],[-78.559149,35.781452],[-78.559722,35.782043],[-78.559286,35.78184900000001],[-78.559065,35.782229],[-78.558855,35.782197000000004],[-78.558724,35.78254],[-78.55854,35.782548],[-78.558351,35.782877000000006],[-78.558167,35.782915],[-78.558137,35.782615],[-78.558315,35.782148],[-78.558685,35.782102],[-78.558359,35.78194500000001],[-78.558485,35.78184799999999],[-78.558649,35.781878999999996],[-78.558646,35.781395999999994],[-78.558461,35.780892],[-78.558964,35.781299],[-78.559044,35.781255],[-78.558438,35.780675],[-78.557821,35.779457],[-78.557619,35.77927900000001],[-78.557356,35.778518999999996],[-78.556864,35.77817],[-78.556195,35.778123],[-78.555888,35.778205],[-78.555579,35.778059],[-78.555268,35.778662],[-78.554956,35.778833],[-78.554756,35.77871],[-78.554786,35.778016],[-78.554083,35.777924],[-78.553795,35.77808099999999],[-78.554157,35.778336],[-78.554183,35.778457],[-78.554002,35.778824],[-78.553826,35.77882399999999],[-78.553148,35.778504999999996],[-78.55285,35.778577999999996],[-78.55265000000001,35.77850000000001],[-78.550547,35.777293]]],[[[-78.566166,35.785823],[-78.565858,35.785577],[-78.566074,35.78526900000001],[-78.566011,35.784826],[-78.565744,35.784454999999994],[-78.565503,35.784153],[-78.564849,35.78406099999999],[-78.566832,35.783910999999996],[-78.56715,35.78402299999999],[-78.566972,35.784073],[-78.566823,35.784355],[-78.56692,35.785531],[-78.566672,35.78590400000001],[-78.566758,35.786063999999996],[-78.565993,35.785836999999994],[-78.566166,35.785823]]],[[[-78.57754,35.791351],[-78.577249,35.791344],[-78.577134,35.791441],[-78.576819,35.791487999999994],[-78.576636,35.79170799999999],[-78.57628,35.79182699999999],[-78.576344,35.791918],[-78.57621600000002,35.791962],[-78.57583,35.791627999999996],[-78.57546,35.791662],[-78.575252,35.79178499999999],[-78.574498,35.791656999999994],[-78.574564,35.79149699999999],[-78.574413,35.791489999999996],[-78.574376,35.791704999999986],[-78.574317,35.791491],[-78.57396800000001,35.79159999999999],[-78.574189,35.791429999999984],[-78.574882,35.791401],[-78.57522100000001,35.791196],[-78.575456,35.791237],[-78.576073,35.79114400000001],[-78.576208,35.79079099999999],[-78.576029,35.79049299999999],[-78.576132,35.79039199999999],[-78.576497,35.79056599999999],[-78.57754,35.791351]]],[[[-78.588529,35.79841700000001],[-78.589286,35.79867900000001],[-78.589659,35.798494],[-78.58994900000002,35.798179],[-78.589947,35.798016],[-78.589682,35.79760100000001],[-78.589336,35.797363999999995],[-78.589169,35.797426],[-78.589087,35.797253999999995],[-78.588676,35.797231],[-78.588494,35.797532],[-78.588109,35.797734],[-78.58849,35.79738400000001],[-78.588541,35.79703200000001],[-78.588802,35.79675100000001],[-78.588913,35.796438],[-78.588724,35.796374],[-78.588258,35.79591],[-78.58838,35.795843999999995],[-78.588313,35.79556199999999],[-78.587889,35.794986],[-78.58899900000002,35.79442900000001],[-78.58889,35.79411],[-78.588593,35.793696999999995],[-78.587756,35.793946000000005],[-78.587389,35.793917999999984],[-78.587075,35.79374599999999],[-78.588008,35.793406000000004],[-78.588164,35.793196],[-78.588617,35.793108],[-78.588708,35.79298000000001],[-78.587606,35.792173],[-78.587809,35.792024999999995],[-78.588335,35.792260999999996],[-78.587845,35.791936],[-78.58795900000001,35.791853],[-78.587991,35.79156399999999],[-78.587598,35.79144800000001],[-78.586853,35.791504],[-78.585397,35.791276],[-78.584669,35.79127299999998],[-78.584435,35.791183999999994],[-78.583921,35.79133],[-78.582252,35.791374],[-78.583095,35.791446],[-78.583021,35.791484],[-78.58169,35.79147999999999],[-78.581428,35.791574],[-78.58073,35.791369],[-78.581201,35.79134199999999],[-78.579654,35.79115999999999],[-78.579262,35.791156],[-78.578946,35.791435],[-78.578758,35.791355],[-78.577044,35.790057],[-78.577331,35.789637000000006],[-78.577867,35.790153],[-78.577444,35.78950800000001],[-78.57764900000001,35.789116],[-78.577684,35.78782499999999],[-78.57747300000001,35.787757],[-78.577152,35.78726799999999],[-78.577022,35.787282999999995],[-78.576708,35.787062],[-78.576673,35.786915],[-78.576746,35.786901],[-78.576581,35.786522999999995],[-78.576668,35.786645],[-78.576712,35.786519999999996],[-78.577035,35.78649000000001],[-78.5773,35.786332],[-78.577672,35.785877000000006],[-78.577696,35.78557999999999],[-78.577607,35.785287999999994],[-78.577242,35.78504000000001],[-78.576994,35.78496900000001],[-78.576786,35.785263],[-78.576614,35.785131],[-78.57604000000002,35.784485],[-78.576072,35.784280999999986],[-78.57628,35.784183999999996],[-78.57613400000001,35.78407500000001],[-78.575813,35.784062999999996],[-78.5751,35.78350399999999],[-78.574663,35.78348],[-78.574277,35.78329299999999],[-78.574361,35.78319999999999],[-78.574292,35.783139000000006],[-78.573552,35.782802999999994],[-78.572991,35.78284299999999],[-78.573159,35.782925],[-78.572954,35.782995],[-78.57270300000002,35.782936],[-78.570497,35.783339],[-78.571698,35.78325999999999],[-78.571613,35.78365399999999],[-78.571272,35.783802],[-78.570987,35.784255999999985],[-78.570612,35.784448],[-78.57062,35.78437],[-78.570445,35.784419],[-78.570403,35.783719999999995],[-78.570115,35.783615000000005],[-78.568017,35.783744000000006],[-78.570452,35.783366],[-78.57036,35.783348],[-78.568728,35.783573],[-78.56876200000002,35.783402],[-78.56888,35.783467999999985],[-78.568996,35.783373],[-78.568761,35.78330499999999],[-78.568583,35.783384999999996],[-78.56858800000002,35.78356999999999],[-78.56847,35.78362000000001],[-78.566072,35.78395299999999],[-78.563673,35.78397300000001],[-78.562486,35.78379300000001],[-78.561782,35.783544],[-78.561501,35.783353],[-78.56208,35.78357299999999],[-78.562994,35.783758],[-78.564674,35.783879],[-78.565854,35.783758000000006],[-78.569252,35.78283199999999],[-78.570337,35.78312799999999],[-78.572036,35.78298599999999],[-78.572471,35.782823],[-78.57359,35.782725],[-78.574208,35.78245999999999],[-78.576891,35.782851],[-78.577132,35.78304],[-78.577242,35.784375],[-78.578032,35.78574199999999],[-78.57796,35.786944000000005],[-78.578178,35.787749999999996],[-78.578007,35.78830399999999],[-78.578074,35.789010999999995],[-78.577874,35.789281],[-78.578141,35.79020400000001],[-78.578522,35.79055699999999],[-78.579022,35.79073999999999],[-78.581181,35.79094],[-78.58406,35.79093000000001],[-78.585749,35.79123900000001],[-78.587569,35.79142499999999],[-78.58803,35.791543000000004],[-78.588378,35.79177099999999],[-78.588615,35.79181900000001],[-78.589069,35.791761],[-78.59009,35.791411],[-78.590566,35.791494],[-78.590911,35.791685],[-78.591177,35.792102],[-78.591872,35.794127],[-78.591663,35.79456],[-78.590952,35.794836],[-78.590814,35.795057],[-78.590822,35.796155],[-78.590224,35.798438999999995],[-78.590348,35.799132],[-78.59062,35.79952299999999],[-78.590619,35.80115299999999],[-78.591191,35.802261],[-78.591266,35.803715],[-78.59093,35.80468699999999],[-78.590839,35.806238],[-78.591902,35.808314],[-78.592147,35.80900799999999],[-78.592213,35.809763],[-78.59184,35.811063999999995],[-78.592113,35.811843],[-78.591501,35.811712],[-78.59165,35.811484],[-78.591698,35.810186],[-78.59194,35.809854],[-78.591828,35.808924000000005],[-78.591423,35.8081],[-78.590968,35.807606],[-78.59073,35.80752400000001],[-78.590988,35.807157],[-78.591002,35.806922],[-78.590571,35.80678600000001],[-78.590441,35.806635],[-78.590494,35.80618199999999],[-78.59038500000001,35.805676],[-78.590742,35.805305999999995],[-78.590482,35.804453],[-78.590632,35.80412],[-78.590434,35.804],[-78.59038300000002,35.80382699999999],[-78.590473,35.803685],[-78.590445,35.80332299999999],[-78.59064300000001,35.803174],[-78.590388,35.80295799999999],[-78.590456,35.80272],[-78.590313,35.802518],[-78.590661,35.802259],[-78.590696,35.802139],[-78.590525,35.80181900000001],[-78.590187,35.80169699999999],[-78.590279,35.800897],[-78.590015,35.80037800000001],[-78.589991,35.80002399999999],[-78.58914,35.79952500000001],[-78.588644,35.799414],[-78.588301,35.798736],[-78.58848,35.798459],[-78.588119,35.798280000000005],[-78.587424,35.79859799999999],[-78.586167,35.79867100000001],[-78.58548,35.79853],[-78.585667,35.798347],[-78.586201,35.798225],[-78.586967,35.79789799999999],[-78.58778300000002,35.798399],[-78.588057,35.798116],[-78.588153,35.79811800000001],[-78.588529,35.79841700000001]]],[[[-78.539334,35.836911],[-78.540323,35.83780699999999],[-78.540847,35.838119999999996],[-78.541659,35.83829],[-78.542336,35.83820000000001],[-78.542531,35.83825999999999],[-78.542848,35.838665],[-78.542853,35.83882500000001],[-78.543121,35.83872999999999],[-78.543283,35.839031],[-78.543228,35.839105],[-78.543606,35.839440999999994],[-78.544076,35.839580999999995],[-78.544267,35.83947900000001],[-78.54425,35.839667],[-78.54437700000001,35.839364],[-78.544605,35.839572999999994],[-78.544953,35.839535],[-78.545244,35.839800000000004],[-78.545777,35.839850000000006],[-78.546116,35.840099],[-78.546336,35.840115999999995],[-78.546606,35.840486],[-78.546931,35.840630000000004],[-78.547284,35.840544],[-78.54726,35.840375],[-78.547445,35.84009700000001],[-78.547372,35.84001099999999],[-78.547722,35.83991199999999],[-78.548914,35.840084],[-78.549105,35.840226],[-78.549605,35.840327],[-78.549724,35.840554],[-78.550004,35.840751],[-78.550298,35.840763],[-78.55106,35.841184000000005],[-78.551908,35.84135599999998],[-78.552706,35.842091999999994],[-78.553677,35.842788],[-78.553924,35.84268200000001],[-78.553957,35.842032],[-78.554088,35.841791],[-78.554966,35.84153299999999],[-78.555515,35.84165],[-78.556067,35.841437],[-78.556667,35.841925],[-78.556661,35.842138999999996],[-78.556963,35.84263399999998],[-78.557082,35.842686],[-78.557435,35.842567],[-78.558047,35.842883],[-78.558794,35.843017],[-78.559429,35.84298799999999],[-78.559929,35.84283400000001],[-78.560615,35.84297300000001],[-78.561305,35.842813],[-78.561562,35.84252999999999],[-78.561646,35.841985],[-78.561756,35.841924000000006],[-78.561912,35.8421],[-78.561816,35.842915],[-78.562295,35.843228],[-78.562441,35.843533],[-78.562811,35.843517],[-78.563897,35.842878],[-78.564758,35.843171],[-78.565039,35.843675000000005],[-78.565244,35.843775999999984],[-78.565157,35.844091],[-78.565216,35.84479599999999],[-78.56537,35.844904],[-78.565596,35.84585200000001],[-78.56556400000001,35.845903],[-78.565617,35.84604199999999],[-78.565614,35.846115999999995],[-78.56569,35.846087],[-78.565792,35.84608600000001],[-78.565703,35.846196],[-78.565614,35.84611999999999],[-78.565074,35.845397000000006],[-78.565156,35.84507899999999],[-78.564883,35.844646000000004],[-78.564724,35.843553],[-78.564607,35.843284],[-78.564398,35.84317699999998],[-78.563958,35.843091999999984],[-78.562402,35.843683],[-78.561882,35.843247],[-78.56144,35.843014],[-78.560382,35.843152999999994],[-78.55992800000001,35.842999],[-78.558751,35.84304599999999],[-78.5567,35.84268000000001],[-78.55541800000002,35.842167999999994],[-78.55451,35.842229],[-78.554284,35.842343],[-78.553788,35.84284899999999],[-78.553329,35.84285099999999],[-78.553043,35.842684999999996],[-78.55248,35.842014],[-78.55197,35.84163199999999],[-78.551646,35.841547999999996],[-78.55081,35.841572],[-78.549522,35.84141399999999],[-78.54866600000001,35.840891000000006],[-78.547284,35.840856],[-78.546648,35.840603],[-78.546184,35.840202999999995],[-78.543442,35.839476],[-78.543064,35.839280999999986],[-78.542478,35.838754999999985],[-78.541209,35.838393],[-78.540593,35.838314],[-78.539813,35.83790200000001],[-78.539627,35.837689],[-78.539334,35.836911]]],[[[-78.540246,35.838629999999995],[-78.54039300000001,35.83875199999999],[-78.541267,35.839051],[-78.542108,35.839234],[-78.543358,35.84000000000001],[-78.544333,35.840323],[-78.54497,35.840265],[-78.545649,35.84033199999999],[-78.546793,35.841113],[-78.547194,35.84129399999999],[-78.548259,35.841368],[-78.548774,35.841823999999995],[-78.549301,35.842020000000005],[-78.551063,35.842254],[-78.551867,35.842203999999995],[-78.552176,35.842407],[-78.552522,35.842979],[-78.553253,35.843361],[-78.553923,35.84334199999999],[-78.554698,35.84289199999999],[-78.555625,35.84285800000001],[-78.556459,35.843093],[-78.559324,35.843469999999996],[-78.560508,35.84373599999999],[-78.561745,35.843586000000016],[-78.56226200000002,35.843919],[-78.563802,35.843735],[-78.564192,35.84398699999999],[-78.564207,35.844421999999994],[-78.56455,35.845314],[-78.565332,35.846389],[-78.56460600000001,35.84622899999999],[-78.564209,35.84568000000001],[-78.564002,35.84563099999999],[-78.564242,35.845459999999996],[-78.56413500000001,35.84489799999999],[-78.563904,35.84475],[-78.563936,35.844583],[-78.563561,35.84443800000001],[-78.563283,35.84447399999999],[-78.562729,35.844374],[-78.562337,35.844477],[-78.562318,35.844334],[-78.561624,35.844024999999995],[-78.561517,35.844091],[-78.560631,35.844033],[-78.560395,35.844116],[-78.55976,35.84412999999999],[-78.559548,35.84393299999999],[-78.559423,35.843968999999994],[-78.558709,35.843701],[-78.55744,35.843438],[-78.556909,35.84369699999999],[-78.556494,35.843268999999985],[-78.556184,35.84311999999999],[-78.55490200000001,35.84292],[-78.554432,35.84306600000001],[-78.554508,35.843242],[-78.554237,35.84371099999999],[-78.553201,35.843816],[-78.552395,35.84332199999999],[-78.55198,35.843492999999995],[-78.551813,35.842828999999995],[-78.551288,35.842799],[-78.55104,35.84290699999999],[-78.550238,35.84257899999999],[-78.549817,35.84261699999999],[-78.549605,35.842552],[-78.548141,35.841454000000006],[-78.547538,35.841457],[-78.547103,35.841300999999994],[-78.547005,35.841425],[-78.546964,35.841302999999996],[-78.54683,35.84150399999999],[-78.546746,35.84142099999999],[-78.546587,35.841497000000004],[-78.546378,35.84145899999999],[-78.546162,35.84091999999999],[-78.54602,35.840869000000005],[-78.544804,35.840986],[-78.544133,35.841282],[-78.544062,35.84106500000001],[-78.543888,35.84103900000001],[-78.543421,35.841403],[-78.54263,35.840067],[-78.542413,35.840011000000004],[-78.54246700000002,35.83986699999999],[-78.542118,35.83957100000001],[-78.541499,35.83954099999999],[-78.541111,35.839408],[-78.540897,35.839466],[-78.540137,35.83911],[-78.539707,35.838766],[-78.539462,35.838863],[-78.538945,35.838786999999996],[-78.537899,35.838356],[-78.537564,35.83803],[-78.537964,35.83750899999999],[-78.538169,35.83784000000001],[-78.538488,35.83804],[-78.540246,35.838629999999995]]],[[[-78.584496,35.842724],[-78.584615,35.84266399999999],[-78.584505,35.842721000000004],[-78.584496,35.842724]]],[[[-78.584492,35.84272500000001],[-78.58447,35.842774],[-78.584458,35.84277699999999],[-78.584474,35.84273699999999],[-78.584492,35.84272500000001]]],[[[-78.584418,35.84282799999999],[-78.584147,35.843447],[-78.584208,35.84398699999999],[-78.584129,35.84371500000001],[-78.584169,35.84311699999999],[-78.584418,35.84282799999999]]],[[[-78.584213,35.843993],[-78.584208,35.84398699999999],[-78.584217,35.84399299999999],[-78.584213,35.843993]]],[[[-78.58423100000002,35.84400399999999],[-78.584228,35.84399700000001],[-78.584245,35.84401],[-78.58423100000002,35.84400399999999]]],[[[-78.584266,35.84401],[-78.584279,35.844021],[-78.584259,35.844008],[-78.584266,35.84401]]],[[[-78.584279,35.844021],[-78.584329,35.844436],[-78.584322,35.844457999999996],[-78.584311,35.844463999999995],[-78.584279,35.844021]]],[[[-78.584282,35.844469],[-78.584277,35.84456000000001],[-78.584262,35.84464299999999],[-78.584238,35.844712],[-78.584272,35.84456699999999],[-78.584271,35.84449099999999],[-78.584274,35.844477],[-78.584282,35.844469]]],[[[-78.584253,35.84492],[-78.584184,35.84489599999999],[-78.584238,35.844712],[-78.584253,35.84492]]],[[[-78.583517,35.845209999999994],[-78.583513,35.845206],[-78.583519,35.845206999999995],[-78.583517,35.845209999999994]]],[[[-78.584643,35.845364000000004],[-78.584594,35.84519199999998],[-78.584646,35.845367],[-78.584643,35.845364000000004]]],[[[-78.583157,35.84518],[-78.583124,35.84528399999999],[-78.583173,35.845559],[-78.583157,35.84518]]],[[[-78.584557,35.845837],[-78.58466700000001,35.845834999999994],[-78.584552,35.845839],[-78.584557,35.845837]]],[[[-78.584513,35.84584100000001],[-78.584468,35.845845000000004],[-78.584464,35.845844],[-78.584513,35.84584100000001]]],[[[-78.58446,35.845845000000004],[-78.584417,35.845845],[-78.5844,35.84584600000001],[-78.584422,35.845842999999995],[-78.58446,35.845845000000004]]],[[[-78.565919,35.846565],[-78.566859,35.84629],[-78.56823,35.846464],[-78.567735,35.84681299999999],[-78.567689,35.84706700000001],[-78.567167,35.84709699999999],[-78.56709,35.847173000000005],[-78.566914,35.84683],[-78.56646,35.846676],[-78.565964,35.84664099999999],[-78.565919,35.846565]]],[[[-78.566698,35.847665],[-78.565864,35.847588],[-78.565249,35.84696099999999],[-78.56426200000001,35.847516000000006],[-78.564223,35.847419],[-78.564739,35.846931],[-78.565432,35.846537],[-78.565944,35.847107999999984],[-78.566232,35.847172],[-78.566765,35.84749300000001],[-78.566698,35.847665]]],[[[-78.560462,35.862913],[-78.559865,35.86309299999999],[-78.559843,35.863199],[-78.559716,35.86336899999999],[-78.559717,35.863702],[-78.55957800000002,35.86368],[-78.559305,35.863865999999994],[-78.559294,35.86403599999999],[-78.559259,35.863752],[-78.559658,35.863505],[-78.559749,35.86324900000002],[-78.559863,35.86305300000001],[-78.560201,35.862911],[-78.560462,35.862913]]],[[[-78.55980100000001,35.862988],[-78.559511,35.863481],[-78.559219,35.863678],[-78.559132,35.864502],[-78.558816,35.86476100000001],[-78.558435,35.865548],[-78.558332,35.865413999999994],[-78.558362,35.86518199999999],[-78.558565,35.86476799999999],[-78.559128,35.864228999999995],[-78.559064,35.863934],[-78.559192,35.863568],[-78.559993,35.86277600000001],[-78.560077,35.862784],[-78.55980100000001,35.862988]]],[[[-78.559242,35.864478999999996],[-78.558983,35.864921],[-78.558808,35.865554],[-78.558576,35.86566299999999],[-78.558656,35.86534300000001],[-78.55889,35.865208999999986],[-78.559013,35.864754],[-78.559242,35.864478999999996]]],[[[-78.55507800000001,35.86628],[-78.555615,35.866201],[-78.55587,35.866289],[-78.555563,35.866223],[-78.555353,35.866276],[-78.555255,35.866286],[-78.55507800000001,35.86628]]],[[[-78.554703,35.866285999999995],[-78.554924,35.86624799999999],[-78.555009,35.866282999999996],[-78.554703,35.866285999999995]]],[[[-78.555953,35.866292],[-78.556055,35.86632699999999],[-78.555915,35.86630399999999],[-78.555953,35.866292]]],[[[-78.555915,35.86630399999999],[-78.555901,35.866302],[-78.555904,35.8663],[-78.555915,35.86630399999999]]],[[[-78.556223,35.86636099999999],[-78.556597,35.866343],[-78.557075,35.866736],[-78.557519,35.866809999999994],[-78.558089,35.86643099999999],[-78.558212,35.86619000000001],[-78.558333,35.86607],[-78.558395,35.866051],[-78.558489,35.866071],[-78.558711,35.866282000000005],[-78.558086,35.866758],[-78.558391,35.86646],[-78.558458,35.866071999999996],[-78.558334,35.866074999999995],[-78.558173,35.866515],[-78.557847,35.86678899999998],[-78.557468,35.86691599999999],[-78.557009,35.866752],[-78.556581,35.866431],[-78.556223,35.86636099999999]]],[[[-78.553937,35.86625099999999],[-78.554203,35.865992999999996],[-78.554168,35.866281],[-78.554059,35.86636300000001],[-78.554318,35.86655499999999],[-78.554365,35.866502999999994],[-78.555821,35.866434000000005],[-78.556706,35.866583],[-78.556949,35.866817999999995],[-78.557493,35.866979],[-78.557008,35.867127],[-78.556305,35.86712199999999],[-78.55603,35.867047],[-78.555916,35.866662],[-78.555863,35.86672900000001],[-78.555803,35.86662299999999],[-78.555316,35.86659099999999],[-78.555108,35.866755],[-78.55485,35.866525],[-78.554697,35.866639],[-78.554929,35.866721],[-78.554664,35.86673100000001],[-78.554508,35.86669],[-78.554508,35.866514],[-78.554328,35.866567],[-78.554139,35.866469999999985],[-78.553937,35.86625099999999]]],[[[-78.553273,35.86770400000001],[-78.553255,35.867458],[-78.553448,35.867009999999986],[-78.553679,35.86703],[-78.553991,35.86712899999999],[-78.553895,35.86731000000001],[-78.554113,35.867626],[-78.554042,35.86786599999999],[-78.553859,35.867907],[-78.553706,35.868152],[-78.553451,35.868302],[-78.553884,35.86780099999999],[-78.553811,35.86730200000001],[-78.55393,35.867126999999996],[-78.553674,35.86705299999999],[-78.553309,35.867744],[-78.553149,35.867876],[-78.553273,35.86770400000001]]],[[[-78.553672,35.868759],[-78.553901,35.869033],[-78.553929,35.86923999999999],[-78.55364700000001,35.869085],[-78.553852,35.86933499999999],[-78.553522,35.869781999999994],[-78.553457,35.868728000000004],[-78.553672,35.868759]]],[[[-78.552487,35.86954299999999],[-78.552748,35.869323000000016],[-78.552646,35.869752],[-78.552487,35.86954299999999]]],[[[-78.552929,35.870908],[-78.55299,35.871464],[-78.552749,35.871531],[-78.552647,35.871655],[-78.552637,35.87197999999999],[-78.552873,35.87206799999999],[-78.552842,35.87230499999999],[-78.552535,35.87261899999999],[-78.552671,35.872822000000006],[-78.552624,35.873416999999996],[-78.552731,35.87356299999999],[-78.552715,35.873778],[-78.552982,35.873717],[-78.552785,35.87387499999999],[-78.553382,35.874509],[-78.553643,35.87464500000001],[-78.55427,35.874691],[-78.554783,35.874979999999994],[-78.555145,35.875009999999996],[-78.556743,35.87419599999999],[-78.55693900000001,35.874297],[-78.557264,35.87427699999999],[-78.557514,35.874215],[-78.557649,35.874064],[-78.558534,35.873991],[-78.55927300000002,35.873656],[-78.559665,35.87386300000001],[-78.560782,35.87371799999999],[-78.561006,35.87379299999999],[-78.561207,35.87428799999999],[-78.561702,35.874194],[-78.561705,35.874305],[-78.562587,35.87412899999999],[-78.562859,35.873996],[-78.562913,35.874178999999984],[-78.563442,35.874476],[-78.563677,35.875279],[-78.56386,35.875202],[-78.564255,35.875333],[-78.564967,35.875279],[-78.56606,35.874669999999995],[-78.566322,35.87485499999998],[-78.566327,35.875227999999986],[-78.566876,35.875449],[-78.567592,35.875506],[-78.568016,35.875229],[-78.568133,35.875789],[-78.568564,35.875669],[-78.568547,35.875122000000005],[-78.568657,35.874993999999994],[-78.568918,35.875037999999996],[-78.569057,35.874778000000006],[-78.56924300000001,35.874661999999994],[-78.569308,35.874712],[-78.569281,35.874646999999996],[-78.569035,35.874502],[-78.569571,35.874715],[-78.569458,35.874769000000015],[-78.56959,35.874888],[-78.569649,35.874746],[-78.570458,35.875074000000005],[-78.570999,35.87587700000001],[-78.571029,35.876105],[-78.570886,35.876201],[-78.571311,35.87652500000001],[-78.571402,35.87683],[-78.571848,35.877165000000005],[-78.571987,35.877391],[-78.572239,35.877476],[-78.572575,35.87745400000001],[-78.572729,35.87733399999999],[-78.572709,35.877023],[-78.572817,35.877308000000006],[-78.572816,35.877921],[-78.572622,35.877595],[-78.571925,35.87742899999999],[-78.570976,35.87702],[-78.570268,35.87646399999999],[-78.569903,35.875780999999996],[-78.569502,35.875592],[-78.569084,35.875538999999996],[-78.568095,35.876011999999996],[-78.567091,35.876084],[-78.565897,35.875634],[-78.563601,35.87562199999999],[-78.562012,35.874898],[-78.559811,35.874417],[-78.558525,35.874655000000004],[-78.557589,35.87468799999999],[-78.557026,35.875317],[-78.556555,35.87559100000001],[-78.555131,35.875672],[-78.553699,35.875587],[-78.553003,35.87622699999999],[-78.553181,35.87514199999998],[-78.552962,35.874413000000004],[-78.552455,35.87382100000001],[-78.552151,35.87313199999999],[-78.552203,35.87253499999999],[-78.552591,35.871841],[-78.552686,35.871289],[-78.552929,35.870908]]],[[[-78.547402,35.87870699999999],[-78.546649,35.878548],[-78.546642,35.878308],[-78.546336,35.87783500000001],[-78.546487,35.877863000000005],[-78.546452,35.87775599999999],[-78.546594,35.877765],[-78.547184,35.87820899999999],[-78.547194,35.87810999999999],[-78.547399,35.878066999999994],[-78.548309,35.878130999999996],[-78.548376,35.87787799999999],[-78.548515,35.877796],[-78.548793,35.877792],[-78.549457,35.878096000000006],[-78.550104,35.877692],[-78.550487,35.877661999999994],[-78.550643,35.877502],[-78.550831,35.877525999999996],[-78.550879,35.87717000000001],[-78.551169,35.877053],[-78.551322,35.876748],[-78.55147900000001,35.87672899999999],[-78.55202,35.876376],[-78.55213400000001,35.87579000000001],[-78.552319,35.87564900000001],[-78.552466,35.875732],[-78.552492,35.875533],[-78.552676,35.87545600000001],[-78.55262,35.875206999999996],[-78.552407,35.87516699999999],[-78.552228,35.87488499999999],[-78.552229,35.874693],[-78.551916,35.874058],[-78.551991,35.873737999999996],[-78.55173900000001,35.873362],[-78.551614,35.873315999999996],[-78.551601,35.87303099999999],[-78.551798,35.872436],[-78.552249,35.871748000000004],[-78.552103,35.871599],[-78.551615,35.871501999999985],[-78.551607,35.871416],[-78.551969,35.871098],[-78.551992,35.87091699999999],[-78.551851,35.870647000000005],[-78.55147900000001,35.870509],[-78.55197,35.87058899999999],[-78.55217,35.870469],[-78.552011,35.87129800000001],[-78.552283,35.871774],[-78.551891,35.872735999999996],[-78.55182100000002,35.873175],[-78.552916,35.875196999999986],[-78.552822,35.87571100000001],[-78.552573,35.87624300000002],[-78.551667,35.876979],[-78.550965,35.877758],[-78.550024,35.878388],[-78.549728,35.878476],[-78.54848,35.878457999999995],[-78.547519,35.879192],[-78.547547,35.87891700000001],[-78.547402,35.87870699999999]]],[[[-78.583275,35.879945],[-78.584136,35.879882],[-78.584892,35.880054],[-78.584408,35.880275999999995],[-78.584195,35.880172999999985],[-78.583557,35.880149],[-78.583345,35.879971999999995],[-78.58193800000001,35.879847],[-78.583275,35.879945]]],[[[-78.572511,35.877887],[-78.571401,35.877976],[-78.570886,35.87760399999999],[-78.57022,35.87766799999999],[-78.570311,35.877468],[-78.570165,35.877345],[-78.569869,35.877356999999996],[-78.569251,35.87698300000002],[-78.56907100000001,35.87625499999999],[-78.568784,35.876528],[-78.568165,35.876782999999996],[-78.567523,35.87689],[-78.566955,35.876836999999995],[-78.565807,35.876377],[-78.56500100000001,35.876335999999995],[-78.564531,35.87643599999999],[-78.563621,35.87642899999999],[-78.562514,35.876091],[-78.562079,35.87623099999999],[-78.56176,35.876179999999984],[-78.561279,35.875487],[-78.560742,35.875284],[-78.560165,35.875192],[-78.5594,35.87552099999999],[-78.559181,35.87534299999999],[-78.558871,35.875247],[-78.558743,35.875288000000005],[-78.557884,35.87586399999999],[-78.557264,35.87605899999999],[-78.557164,35.876282],[-78.556675,35.876316],[-78.556427,35.876441],[-78.556313,35.87668400000001],[-78.556153,35.87663800000001],[-78.55605,35.87673499999999],[-78.555966,35.87700999999999],[-78.555825,35.876963999999994],[-78.55581300000001,35.87711999999999],[-78.55576600000002,35.876952],[-78.55567,35.87701199999999],[-78.555514,35.876897],[-78.555295,35.877032],[-78.555019,35.876611],[-78.554276,35.876691],[-78.554025,35.876816000000005],[-78.55395200000001,35.877016],[-78.55413,35.877271],[-78.55390300000002,35.877522],[-78.553679,35.87804599999999],[-78.553462,35.878133999999996],[-78.553278,35.878094],[-78.553015,35.87825200000001],[-78.552815,35.878551],[-78.552609,35.878599999999985],[-78.552436,35.879109],[-78.552143,35.87929],[-78.55213400000001,35.879509999999996],[-78.552312,35.87956599999999],[-78.552925,35.879246],[-78.553277,35.879236999999996],[-78.553456,35.879593],[-78.553705,35.879805999999995],[-78.554041,35.87994],[-78.554465,35.879921],[-78.554741,35.880186],[-78.5554,35.880506],[-78.555687,35.880611],[-78.556053,35.880548000000005],[-78.556494,35.88076399999999],[-78.557222,35.88130799999999],[-78.558259,35.881514],[-78.558671,35.881686],[-78.55914,35.882084],[-78.559142,35.88233999999999],[-78.559276,35.88224799999998],[-78.559201,35.882342],[-78.559706,35.882478],[-78.5602,35.883539999999996],[-78.560344,35.883662],[-78.560261,35.88376100000001],[-78.56049,35.883681],[-78.560698,35.88388299999999],[-78.56059,35.884176],[-78.560384,35.884026999999996],[-78.560571,35.884408],[-78.560463,35.88510399999999],[-78.560557,35.885935999999994],[-78.560993,35.886486],[-78.560955,35.887116999999996],[-78.560965,35.88650399999999],[-78.560519,35.88592499999998],[-78.56048,35.885551],[-78.560212,35.88505200000001],[-78.560267,35.884474000000004],[-78.559844,35.883347],[-78.559561,35.882892999999996],[-78.55859,35.88220399999999],[-78.555978,35.88088200000001],[-78.55364500000002,35.879963999999994],[-78.552181,35.879805],[-78.550757,35.878709],[-78.551349,35.878677],[-78.552016,35.87830700000001],[-78.552983,35.877562000000005],[-78.553698,35.87664],[-78.554639,35.87651999999999],[-78.55596,35.876121999999995],[-78.557138,35.87603000000001],[-78.558229,35.875364000000005],[-78.559749,35.874948],[-78.561216,35.87509199999999],[-78.562067,35.875687000000006],[-78.563928,35.87615400000001],[-78.565428,35.876166999999995],[-78.565925,35.876033],[-78.566824,35.876598],[-78.567675,35.876618999999984],[-78.568557,35.876127],[-78.56897,35.875959999999985],[-78.569292,35.875943],[-78.569951,35.876962999999996],[-78.570725,35.87722399999999],[-78.571268,35.87760399999999],[-78.571807,35.877716],[-78.572383,35.877708],[-78.572511,35.877887]]],[[[-78.55931800000002,35.88621899999999],[-78.55934,35.886066],[-78.559082,35.886046],[-78.559108,35.88579299999999],[-78.55871000000002,35.885161],[-78.559016,35.88431800000001],[-78.558889,35.884061],[-78.558442,35.883742],[-78.558374,35.883517000000005],[-78.557965,35.883331000000005],[-78.55806500000001,35.88318],[-78.55797,35.883048],[-78.557677,35.882916],[-78.556862,35.882749],[-78.556672,35.882803999999986],[-78.556624,35.883131],[-78.556398,35.883137000000005],[-78.556137,35.883008999999994],[-78.556243,35.88286899999999],[-78.55620400000001,35.88228200000001],[-78.555568,35.881958000000004],[-78.555302,35.881587],[-78.554971,35.88139499999999],[-78.554469,35.881519],[-78.554353,35.881705],[-78.554453,35.88193400000001],[-78.554308,35.882011],[-78.553791,35.881845],[-78.553568,35.88150199999999],[-78.553414,35.88144499999999],[-78.55336,35.88116599999999],[-78.553263,35.881119999999996],[-78.552818,35.880987999999995],[-78.552406,35.881266],[-78.552122,35.881277000000004],[-78.552155,35.880939999999995],[-78.552078,35.88084099999999],[-78.55083,35.880247999999995],[-78.55071,35.87974499999999],[-78.550589,35.879836],[-78.550575,35.880025],[-78.550375,35.88013599999999],[-78.549896,35.879996000000006],[-78.549378,35.880106999999995],[-78.549228,35.880391999999986],[-78.548757,35.880711000000005],[-78.547967,35.880081000000004],[-78.548442,35.879746],[-78.548962,35.879541],[-78.549861,35.879521],[-78.550376,35.879091],[-78.551124,35.879453],[-78.551629,35.88008099999999],[-78.552362,35.880478999999994],[-78.554124,35.88101900000001],[-78.55555700000001,35.881325],[-78.557042,35.882294],[-78.558294,35.882943],[-78.558926,35.88362599999999],[-78.559425,35.88436299999999],[-78.559511,35.885295000000006],[-78.560319,35.886356],[-78.560426,35.887351],[-78.55996500000002,35.88740399999999],[-78.560017,35.887145000000004],[-78.55992600000002,35.886843999999996],[-78.55931800000002,35.88621899999999]]],[[[-78.55513,35.90866100000001],[-78.556008,35.90770799999999],[-78.556255,35.90764599999999],[-78.555901,35.907938],[-78.555922,35.908256],[-78.555799,35.90844],[-78.556162,35.908548],[-78.555961,35.90879700000001],[-78.556039,35.90896500000001],[-78.556548,35.90917699999999],[-78.556697,35.909341000000005],[-78.55513,35.90866100000001]]],[[[-78.557576,35.90958199999999],[-78.557176,35.909622],[-78.556855,35.90941500000001],[-78.557472,35.909568],[-78.55755,35.90951299999999],[-78.557576,35.90958199999999]]],[[[-78.554528,35.909368],[-78.556381,35.910131],[-78.557295,35.910357999999995],[-78.556657,35.911985],[-78.556407,35.911982],[-78.556276,35.911688],[-78.556303,35.9114],[-78.556148,35.911373],[-78.556289,35.911318],[-78.555964,35.911238],[-78.555623,35.911016999999994],[-78.555972,35.910073000000004],[-78.555892,35.909952],[-78.554786,35.909731],[-78.55441,35.910554000000005],[-78.554427,35.910909999999994],[-78.554116,35.910919],[-78.55381,35.911296000000014],[-78.553906,35.911114],[-78.553791,35.91097299999999],[-78.553886,35.91094900000001],[-78.553842,35.91083600000001],[-78.553513,35.910704999999986],[-78.554528,35.909368]]],[[[-78.539954,35.90945499999999],[-78.542527,35.908364],[-78.543796,35.90798700000001],[-78.545017,35.908095],[-78.54794,35.908647],[-78.549882,35.908808],[-78.553118,35.90885200000001],[-78.554054,35.909126],[-78.552957,35.910318999999994],[-78.552763,35.910416999999995],[-78.55273400000002,35.910582],[-78.552606,35.910516],[-78.552395,35.910692],[-78.55221,35.910648],[-78.552018,35.910762999999996],[-78.55186,35.910751999999995],[-78.551902,35.91087799999999],[-78.551742,35.91092499999999],[-78.55160800000002,35.91086],[-78.551615,35.910937000000004],[-78.551451,35.91097599999999],[-78.551239,35.910826],[-78.551131,35.910948],[-78.55099,35.910883],[-78.55026,35.911018999999996],[-78.54996,35.91096499999999],[-78.54987600000001,35.911034],[-78.549685,35.910881],[-78.549428,35.910912],[-78.549115,35.910736],[-78.548804,35.91080800000001],[-78.548637,35.91106599999999],[-78.548353,35.911127],[-78.548168,35.911076],[-78.548016,35.911239],[-78.54784,35.911257],[-78.547792,35.91138599999999],[-78.547516,35.911422],[-78.54707,35.911336999999996],[-78.546729,35.91104099999999],[-78.546464,35.910955],[-78.546432,35.911038000000005],[-78.546089,35.910967],[-78.54577,35.91113399999999],[-78.545433,35.91105100000001],[-78.545229,35.911100999999995],[-78.544906,35.910915],[-78.544867,35.910568999999995],[-78.544308,35.910430999999996],[-78.544146,35.910569],[-78.544013,35.910462],[-78.54375,35.91069799999999],[-78.543615,35.911813],[-78.543683,35.91186499999999],[-78.5436,35.91196000000001],[-78.543367,35.911998999999994],[-78.543039,35.911875],[-78.542912,35.911279999999984],[-78.542676,35.91108899999998],[-78.542415,35.911022],[-78.542311,35.911171],[-78.542132,35.911105000000006],[-78.541883,35.911219],[-78.54168,35.911444],[-78.542182,35.91239],[-78.541741,35.91235799999998],[-78.541146,35.91202400000001],[-78.54073,35.912096000000005],[-78.540598,35.91250899999999],[-78.540896,35.912898],[-78.54061,35.913146999999995],[-78.540105,35.91329300000001],[-78.54011,35.91342],[-78.539967,35.913398],[-78.539968,35.91356600000001],[-78.539557,35.91380000000001],[-78.539496,35.91416699999999],[-78.539369,35.914291],[-78.538957,35.914056],[-78.538564,35.914174],[-78.537835,35.914122000000006],[-78.537176,35.913558999999985],[-78.537011,35.913596],[-78.537066,35.913811],[-78.536892,35.914095999999994],[-78.535395,35.914456],[-78.535,35.91492900000001],[-78.535004,35.91502499999999],[-78.53514,35.915081],[-78.536406,35.914639],[-78.53669,35.914694],[-78.537205,35.91507099999999],[-78.537307,35.915442],[-78.537254,35.915643],[-78.53681473436379,35.91614976204901],[-78.53503607580797,35.915552003888145],[-78.534936,35.915186],[-78.534971,35.914817000000006],[-78.536147,35.913254],[-78.537792,35.91166599999999],[-78.539076,35.910598],[-78.539954,35.90945499999999]]],[[[-78.556532,35.918806000000004],[-78.556768,35.91737800000001],[-78.556675,35.91691],[-78.556948,35.91668000000001],[-78.556865,35.916479],[-78.556948,35.916159],[-78.557464,35.915625],[-78.55753,35.91534999999998],[-78.557817,35.915139],[-78.557943,35.91525],[-78.558188,35.915177],[-78.558374,35.914916],[-78.558386,35.914692],[-78.558197,35.914328],[-78.558378,35.914244],[-78.558417,35.91403400000001],[-78.55806300000002,35.912471],[-78.557884,35.912316],[-78.55738,35.912564],[-78.55719700000002,35.9123],[-78.557196,35.91208799999999],[-78.55778,35.910517],[-78.558379,35.911314000000004],[-78.558992,35.912812],[-78.558934,35.91424299999999],[-78.558649,35.91551499999999],[-78.557865,35.917177],[-78.555179,35.92150999999999],[-78.55469,35.922732999999994],[-78.554343,35.9246],[-78.553982,35.925655],[-78.554022,35.925509999999996],[-78.553818,35.925256],[-78.553781,35.924804],[-78.553976,35.92407400000001],[-78.553673,35.924084],[-78.553474,35.924245],[-78.553017,35.92437700000001],[-78.552723,35.924256],[-78.552444,35.92442799999999],[-78.55234700000001,35.924329],[-78.552401,35.92426499999999],[-78.552206,35.92418599999999],[-78.552437,35.924209000000005],[-78.552449,35.924097999999994],[-78.553592,35.923523999999986],[-78.55367,35.923371],[-78.553569,35.92299],[-78.553867,35.922463],[-78.554378,35.92210899999999],[-78.554489,35.92181800000001],[-78.55412,35.921505999999994],[-78.554207,35.921279],[-78.554682,35.921532],[-78.554933,35.921513000000004],[-78.555079,35.921161],[-78.555447,35.920846],[-78.55559,35.920304],[-78.555807,35.920238],[-78.556005,35.919995],[-78.556043,35.91984699999999],[-78.555859,35.919728],[-78.555748,35.919397],[-78.556023,35.919546],[-78.556184,35.919528],[-78.556324,35.919388],[-78.556532,35.918806000000004]]],[[[-78.558643,35.90957800000001],[-78.559194,35.90964999999999],[-78.559724,35.909288],[-78.56066700000001,35.90928499999999],[-78.560678,35.909171],[-78.561805,35.90881400000001],[-78.562222,35.908426],[-78.562491,35.907895999999994],[-78.562912,35.908049],[-78.563892,35.907958],[-78.564364,35.908055999999995],[-78.564698,35.908474000000005],[-78.565526,35.908571],[-78.565712,35.908714],[-78.565584,35.908723],[-78.565653,35.90883000000001],[-78.565849,35.90885300000001],[-78.565848,35.90871599999999],[-78.565928,35.908786000000006],[-78.565989,35.908713999999996],[-78.566486,35.90875499999999],[-78.567012,35.909233],[-78.567139,35.90942499999999],[-78.567038,35.90949499999999],[-78.567226,35.90959399999999],[-78.567272,35.911229],[-78.567612,35.91123899999999],[-78.567588,35.911378],[-78.567781,35.911349],[-78.567999,35.91189199999999],[-78.567977,35.91213900000002],[-78.568382,35.912256],[-78.568768,35.91205999999999],[-78.56884,35.912306],[-78.569012,35.912259],[-78.569168,35.91265700000001],[-78.569011,35.91264900000001],[-78.569107,35.912803],[-78.568911,35.912797],[-78.569388,35.913171999999996],[-78.569231,35.913153],[-78.56902200000002,35.91294200000001],[-78.568928,35.91299],[-78.568946,35.91323399999999],[-78.569144,35.91340700000001],[-78.569111,35.913500000000006],[-78.568806,35.91350900000001],[-78.5686,35.91334400000001],[-78.568531,35.913405],[-78.56815400000002,35.913291],[-78.568038,35.912921999999995],[-78.567819,35.913011000000004],[-78.567446,35.91284499999999],[-78.567153,35.91284099999999],[-78.566957,35.912943],[-78.566458,35.91372799999999],[-78.566161,35.913771],[-78.56579,35.913548],[-78.565703,35.913574999999994],[-78.56521200000002,35.913868],[-78.563381,35.914613],[-78.562954,35.914681],[-78.562914,35.914830999999985],[-78.562343,35.915278],[-78.562162,35.91552899999999],[-78.56208,35.916033],[-78.561809,35.916502],[-78.561631,35.916554],[-78.56175,35.916995],[-78.561613,35.917249],[-78.561677,35.917296],[-78.561577,35.917832],[-78.56138,35.918095],[-78.561453,35.918545],[-78.561213,35.918822999999996],[-78.560966,35.91954399999999],[-78.561068,35.919647],[-78.561374,35.919615],[-78.561797,35.919814999999986],[-78.56179300000001,35.919945],[-78.561754,35.919878999999995],[-78.561633,35.91993000000001],[-78.561814,35.920025],[-78.561658,35.919972999999985],[-78.561141,35.920174],[-78.560344,35.920154999999994],[-78.560268,35.920396999999994],[-78.559937,35.920429],[-78.560051,35.918077],[-78.559852,35.918406],[-78.559593,35.918519999999994],[-78.559409,35.91881599999999],[-78.559389,35.91897699999999],[-78.559644,35.919076000000004],[-78.559349,35.919342],[-78.559224,35.919264],[-78.559089,35.919352],[-78.559043,35.919504],[-78.559193,35.919664000000004],[-78.55921,35.919899],[-78.55901,35.91992399999999],[-78.558894,35.920167],[-78.559077,35.92031699999999],[-78.558994,35.920413],[-78.558852,35.92024599999999],[-78.558586,35.92026599999999],[-78.557253,35.92245100000001],[-78.55718,35.92263499999999],[-78.557309,35.92284599999999],[-78.55741000000002,35.923761],[-78.557077,35.92361],[-78.55699,35.92325],[-78.556897,35.923208],[-78.556564,35.92355500000001],[-78.55609,35.924335000000006],[-78.555788,35.925133999999986],[-78.55585000000002,35.925337000000006],[-78.555456,35.925993],[-78.554965,35.92755199999999],[-78.554887,35.927942],[-78.555025,35.92844600000001],[-78.555217,35.92870299999998],[-78.556058,35.929076],[-78.556275,35.92907399999999],[-78.556497,35.92894299999999],[-78.556177,35.928731],[-78.556375,35.92868],[-78.557564,35.928835],[-78.558281,35.929215],[-78.55853600000002,35.929548],[-78.55844,35.929624999999994],[-78.557831,35.929608999999985],[-78.557871,35.929706],[-78.55864,35.93037],[-78.558761,35.930417999999996],[-78.559054,35.93026400000001],[-78.559142,35.930588],[-78.558919,35.930768],[-78.559366,35.931246],[-78.559649,35.931248999999994],[-78.56027800000001,35.931511],[-78.560664,35.93124900000001],[-78.560993,35.931521],[-78.561129,35.931977],[-78.561292,35.932056],[-78.562608,35.932462],[-78.563105,35.932577],[-78.563275,35.932520000000004],[-78.563693,35.932841999999994],[-78.563809,35.932794],[-78.56531,35.93327599999999],[-78.565697,35.933494],[-78.566529,35.933609999999994],[-78.566798,35.933554999999984],[-78.567063,35.932976000000004],[-78.567362,35.932843],[-78.567336,35.933244],[-78.567151,35.933567],[-78.567309,35.933732000000006],[-78.56595,35.93374500000001],[-78.564581,35.933645000000006],[-78.56294,35.933234],[-78.561407,35.932634],[-78.559679,35.931752],[-78.556949,35.93004700000001],[-78.555365,35.928941],[-78.55479,35.92837200000001],[-78.554675,35.928073999999995],[-78.554635,35.92727699999998],[-78.55472600000002,35.92677799999999],[-78.555363,35.92537599999999],[-78.556566,35.921979],[-78.559916,35.916447000000005],[-78.560288,35.915159],[-78.560388,35.912987],[-78.560248,35.911891999999995],[-78.55987,35.91116],[-78.559183,35.910399],[-78.558568,35.909941999999994],[-78.5579,35.909712],[-78.558643,35.90957800000001]]],[[[-78.553266,35.926647999999986],[-78.553737,35.926022],[-78.55341,35.92663000000001],[-78.553362,35.92696399999999],[-78.553245,35.926854],[-78.553266,35.926647999999986]]],[[[-78.553204,35.93044799999999],[-78.55347100000002,35.930023],[-78.553341,35.929834],[-78.553392,35.929729],[-78.553266,35.929371999999994],[-78.5533,35.928343],[-78.553195,35.927637999999995],[-78.553343,35.927096],[-78.553356,35.928569],[-78.553456,35.92894999999999],[-78.554173,35.92963500000001],[-78.556197,35.93106000000001],[-78.554169,35.932696],[-78.553288,35.933627],[-78.552658,35.93499899999999],[-78.552635,35.935623],[-78.55289,35.93679],[-78.55275553380304,35.93704901843899],[-78.55214386632416,35.93656267094879],[-78.55208700000001,35.936421],[-78.551663,35.936232],[-78.551618,35.93593099999999],[-78.552222,35.93479099999998],[-78.552151,35.934420999999986],[-78.552454,35.93388199999998],[-78.552519,35.933551],[-78.552444,35.932406],[-78.552571,35.932202],[-78.552485,35.93204200000001],[-78.55269,35.93190499999999],[-78.552647,35.93173300000001],[-78.553091,35.931008],[-78.553204,35.93044799999999]]],[[[-78.569314,35.932743],[-78.56949,35.93251699999999],[-78.569528,35.932798],[-78.568879,35.93325300000001],[-78.568634,35.933589999999995],[-78.57035,35.934349999999995],[-78.570649,35.934346],[-78.570858,35.934087],[-78.571026,35.93416999999999],[-78.571487,35.933299],[-78.571426,35.934034000000004],[-78.571326,35.934312],[-78.571058,35.934619],[-78.571306,35.935272],[-78.571884,35.935641],[-78.572137,35.935744],[-78.57283,35.935659],[-78.573465,35.935712],[-78.573779,35.93551],[-78.573869,35.93531699999999],[-78.574034,35.935309000000004],[-78.574,35.935193999999996],[-78.574199,35.935204],[-78.574257,35.935352],[-78.574161,35.93537700000001],[-78.573876,35.935923],[-78.573563,35.935942999999995],[-78.573226,35.936288],[-78.572973,35.936237999999996],[-78.572911,35.93642],[-78.572545,35.936302],[-78.572354,35.936341],[-78.572129,35.93652999999999],[-78.572102,35.93666399999999],[-78.572197,35.936739],[-78.572436,35.936747],[-78.572753,35.936524999999996],[-78.572898,35.936583],[-78.573109,35.936496],[-78.573135,35.936639],[-78.572992,35.93678200000001],[-78.573196,35.93705099999999],[-78.574197,35.937629],[-78.575562,35.93793],[-78.575396,35.938107],[-78.575682,35.93832],[-78.575844,35.938357],[-78.576016,35.938212],[-78.576408,35.938157000000004],[-78.576063,35.938638],[-78.576043,35.938804],[-78.576201,35.938966],[-78.577181,35.93929599999999],[-78.577822,35.93933599999999],[-78.578567,35.939696000000005],[-78.579162,35.939721],[-78.579599,35.939917],[-78.579767,35.94018599999999],[-78.57903900000001,35.94042499999999],[-78.578396,35.94047799999999],[-78.576765,35.940151],[-78.57628,35.93993],[-78.573687,35.937822],[-78.571652,35.936488],[-78.56956,35.934432],[-78.568758,35.933885],[-78.568306,35.93369400000002],[-78.56784,35.933671999999994],[-78.568273,35.933531],[-78.568801,35.933004],[-78.569314,35.932743]]],[[[-78.574094,35.939391],[-78.573659,35.93889800000001],[-78.573385,35.93893400000001],[-78.572814,35.938538],[-78.572175,35.93824600000001],[-78.571851,35.938311000000006],[-78.57169,35.937917999999996],[-78.571015,35.93733499999999],[-78.570902,35.93751300000001],[-78.570935,35.93876900000001],[-78.57085000000001,35.93899900000001],[-78.570754,35.938972],[-78.570733,35.93870199999999],[-78.570328,35.938421000000005],[-78.570249,35.937667],[-78.570032,35.937071],[-78.570297,35.936693],[-78.569673,35.936012],[-78.569066,35.935632999999996],[-78.568611,35.93553699999999],[-78.568208,35.936291],[-78.568048,35.93691199999999],[-78.567762,35.93733899999999],[-78.56766,35.937380999999995],[-78.567609,35.937265000000004],[-78.567478,35.93737300000001],[-78.56733500000001,35.937157],[-78.567397,35.937024],[-78.567252,35.937004999999985],[-78.567139,35.936016],[-78.567187,35.93582899999999],[-78.567625,35.93552],[-78.56767,35.93531999999998],[-78.567407,35.93507300000001],[-78.566648,35.935179999999995],[-78.565897,35.93508800000001],[-78.565433,35.935159],[-78.564863,35.935958],[-78.564802,35.936389000000005],[-78.56444,35.936655],[-78.564439,35.936801],[-78.5644,35.936640000000004],[-78.564607,35.936383000000006],[-78.564561,35.93590499999999],[-78.564664,35.935607],[-78.564572,35.934839999999994],[-78.564097,35.934578],[-78.56393,35.934558],[-78.563663,35.934816],[-78.563232,35.934867999999994],[-78.563187,35.93479099999999],[-78.563499,35.934487999999995],[-78.56281,35.934369999999994],[-78.562304,35.934788999999995],[-78.561982,35.934895999999995],[-78.561755,35.934815],[-78.561693,35.934664],[-78.561982,35.934515000000005],[-78.562079,35.934209],[-78.561573,35.934186],[-78.560985,35.934036000000006],[-78.560853,35.934072],[-78.560824,35.934426],[-78.560547,35.934562],[-78.560581,35.93443],[-78.56034,35.933916999999994],[-78.560197,35.93390200000001],[-78.559954,35.934321],[-78.55975,35.934328],[-78.559709,35.93446599999999],[-78.559567,35.934443],[-78.559486,35.93426199999999],[-78.559652,35.933807],[-78.559523,35.93375600000001],[-78.559286,35.933898],[-78.559347,35.93394599999999],[-78.558991,35.933931],[-78.559043,35.93377499999999],[-78.558234,35.93346499999999],[-78.557989,35.933431999999996],[-78.557683,35.933634],[-78.557448,35.933605],[-78.557403,35.933661],[-78.557524,35.93371099999999],[-78.556774,35.933789],[-78.55689200000002,35.933931],[-78.556674,35.934098999999996],[-78.556749,35.934431],[-78.55647,35.93467799999999],[-78.55586,35.934972],[-78.55559,35.935648],[-78.555311,35.93587899999999],[-78.554878,35.93605999999999],[-78.554703,35.93667199999999],[-78.554282,35.937172999999994],[-78.553897,35.937411],[-78.553837,35.93768299999999],[-78.55392,35.937886],[-78.553744,35.938024],[-78.5538,35.93855],[-78.553548,35.938819],[-78.553611,35.93907699999999],[-78.553315,35.939910999999995],[-78.553443,35.94043],[-78.55343,35.940981],[-78.553351,35.94106299999999],[-78.553591,35.94158799999999],[-78.553509,35.942206999999996],[-78.55382,35.942319],[-78.553654,35.942477999999994],[-78.55377400000002,35.942915],[-78.554501,35.943316999999986],[-78.553956,35.94370899999999],[-78.553852,35.944232],[-78.554059,35.944341],[-78.553911,35.944748999999995],[-78.554035,35.944691000000006],[-78.554084,35.94476999999999],[-78.552976,35.945034],[-78.552761,35.945451],[-78.554006,35.945322000000004],[-78.553183,35.94561499999999],[-78.552958,35.94606199999999],[-78.552975,35.94620799999999],[-78.553416,35.946341000000004],[-78.553509,35.946513],[-78.55349,35.94667700000001],[-78.552857,35.947481],[-78.552864,35.94793100000001],[-78.553142,35.94805199999998],[-78.55329500000002,35.948233],[-78.553149,35.949203999999995],[-78.552838,35.949583999999994],[-78.55186800000001,35.94994],[-78.551331,35.950306999999995],[-78.55112900000002,35.95124700000001],[-78.551197,35.951431],[-78.551062,35.951786999999996],[-78.551192,35.95193599999999],[-78.551151,35.95223099999999],[-78.551338,35.952484],[-78.551146,35.95255999999999],[-78.551412,35.952762],[-78.55126800000001,35.95283],[-78.551077,35.953407],[-78.550955,35.953349],[-78.550605,35.95357],[-78.550189,35.953442],[-78.549836,35.953669],[-78.549662,35.953955],[-78.549488,35.954352],[-78.549959,35.954556],[-78.549705,35.955269],[-78.549766,35.95583499999999],[-78.549168,35.95611899999999],[-78.548922,35.956528],[-78.548418,35.956922],[-78.548399,35.957083],[-78.548051,35.95724699999999],[-78.547732,35.95726899999999],[-78.547335,35.95689800000001],[-78.547494,35.95672299999999],[-78.547494,35.956479],[-78.547297,35.95640499999999],[-78.546647,35.956798],[-78.546484,35.95680500000001],[-78.546208,35.95707800000001],[-78.545998,35.95756200000001],[-78.545922,35.957604],[-78.546199,35.956736],[-78.548867,35.955724],[-78.549092,35.95524],[-78.549261,35.95419],[-78.55048,35.952441],[-78.551122,35.95016499999999],[-78.551507,35.94970899999999],[-78.552727,35.948752],[-78.552794,35.948574999999984],[-78.552663,35.94756699999999],[-78.553063,35.946662],[-78.552761,35.945536000000004],[-78.552754,35.945417000000006],[-78.552913,35.94463199999999],[-78.552739,35.94280899999999],[-78.552752,35.94175499999999],[-78.553109,35.939377],[-78.55362,35.937003],[-78.554263,35.93561299999999],[-78.555133,35.934167],[-78.557066,35.93163400000001],[-78.558811,35.93272499999999],[-78.559635,35.93313899999999],[-78.561496,35.933907],[-78.56235,35.93415999999999],[-78.563446,35.934426],[-78.565053,35.934657],[-78.568124,35.93474],[-78.568929,35.935246],[-78.571099,35.937037999999994],[-78.57318,35.938372],[-78.575351,35.94012999999999],[-78.575726,35.94063200000001],[-78.575994,35.940785],[-78.578225,35.941291],[-78.579362,35.94136799999999],[-78.579948,35.941281000000004],[-78.57947300000001,35.941461],[-78.579475,35.941568],[-78.579238,35.94150100000001],[-78.578772,35.941601],[-78.578063,35.941402],[-78.576833,35.94160599999999],[-78.576681,35.941608],[-78.576414,35.941442],[-78.576272,35.94149999999999],[-78.576308,35.94134],[-78.57585,35.941151],[-78.575345,35.940158],[-78.574629,35.93991599999999],[-78.574516,35.939699999999995],[-78.574094,35.939391]]],[[[-78.580475,35.939916999999994],[-78.580313,35.94029599999999],[-78.579874,35.94018],[-78.580077,35.939918],[-78.580475,35.939916999999994]]],[[[-78.58154700000001,35.94048],[-78.582024,35.940546999999995],[-78.581745,35.94056],[-78.580971,35.940290999999995],[-78.580649,35.940324],[-78.580726,35.94022300000001],[-78.581027,35.940192999999994],[-78.581294,35.94033],[-78.581306,35.940256],[-78.58154700000001,35.94048]]],[[[-78.581571,35.940822],[-78.580424,35.941325],[-78.580169,35.941258999999995],[-78.580666,35.94119299999999],[-78.581222,35.940918],[-78.581571,35.940822]]],[[[-78.581331,35.941714999999995],[-78.581581,35.940822],[-78.581926,35.940923],[-78.58166,35.94194899999999],[-78.581331,35.941714999999995]]],[[[-78.55160600000002,35.942883],[-78.551758,35.94301699999998],[-78.551788,35.943155],[-78.551776,35.943336],[-78.551141,35.944770999999996],[-78.551084,35.945185999999985],[-78.550375,35.945201],[-78.55038,35.945091999999995],[-78.550579,35.94507800000001],[-78.550755,35.94485399999999],[-78.550755,35.944534000000004],[-78.5515,35.94389599999999],[-78.551559,35.94366399999999],[-78.551332,35.94351499999999],[-78.551742,35.943373],[-78.55178,35.943239],[-78.551733,35.943085],[-78.551355,35.942938999999996],[-78.550915,35.941786],[-78.550632,35.94167300000001],[-78.550183,35.940948000000006],[-78.550199,35.940709],[-78.550556,35.940420999999986],[-78.550642,35.940178],[-78.5506,35.939761999999995],[-78.550756,35.939401000000004],[-78.550586,35.93918800000001],[-78.550539,35.938762999999994],[-78.550776,35.93839200000001],[-78.55103061226302,35.93819754080292],[-78.55211409190784,35.9380108131278],[-78.551662,35.939122999999995],[-78.551297,35.940501000000005],[-78.551325,35.94170199999999],[-78.55160600000002,35.942883]]],[[[-78.5512,35.948285],[-78.550565,35.949445],[-78.549782,35.950362999999996],[-78.549394,35.95098899999999],[-78.549279,35.951381],[-78.549331,35.951768000000015],[-78.549691,35.952582],[-78.549178,35.95337099999998],[-78.548987,35.953855999999995],[-78.548289,35.954708999999994],[-78.547531,35.955325],[-78.545999,35.956244999999996],[-78.545833,35.95641399999999],[-78.545591,35.957167],[-78.545452,35.957296],[-78.545524,35.957126],[-78.545297,35.95677799999999],[-78.54558700000001,35.956335],[-78.545895,35.95533999999999],[-78.546366,35.95510399999999],[-78.547271,35.955172],[-78.547817,35.954795999999995],[-78.548194,35.954068],[-78.548435,35.953959],[-78.548717,35.95366],[-78.548985,35.951766],[-78.548977,35.950775],[-78.549394,35.95023299999999],[-78.549452,35.949835],[-78.550156,35.94911599999999],[-78.54979200000001,35.948785],[-78.550188,35.948795000000004],[-78.550316,35.948714],[-78.550685,35.947782],[-78.550864,35.947688],[-78.551229,35.946582],[-78.551037,35.946471],[-78.55074200000001,35.946909],[-78.550509,35.94694],[-78.549993,35.946442],[-78.549819,35.945936],[-78.549973,35.945785],[-78.551018,35.945673],[-78.551116,35.946017999999995],[-78.551494,35.946472],[-78.551212,35.947371999999994],[-78.5512,35.948285]]],[[[-78.5777094868053,35.95530893548499],[-78.577001,35.955076],[-78.57675,35.955092],[-78.57617,35.954605],[-78.576061,35.954679],[-78.575691,35.954663],[-78.576163,35.954541],[-78.576628,35.954643999999995],[-78.577599,35.95464799999999],[-78.57769200000001,35.954330000000006],[-78.577162,35.953343999999994],[-78.577251,35.953241],[-78.577449,35.95335500000001],[-78.577989,35.953993999999994],[-78.578544,35.95414],[-78.578669,35.954054],[-78.57859500000002,35.95372499999999],[-78.578054,35.953143],[-78.577819,35.952631],[-78.577331,35.95244000000001],[-78.577835,35.952489],[-78.578248,35.952940999999996],[-78.578575,35.95312899999999],[-78.578871,35.953173],[-78.579013,35.953095000000005],[-78.57912,35.953176],[-78.579049,35.95304],[-78.57942,35.953268],[-78.579802,35.953002999999995],[-78.579981,35.95307699999999],[-78.58005945216368,35.953246608727916],[-78.5777094868053,35.95530893548499]]],[[[-78.54587,35.957858],[-78.545616,35.95770499999999],[-78.545428,35.957972000000005],[-78.54558,35.958107000000005],[-78.545724,35.95862499999999],[-78.545904,35.95873400000001],[-78.545983,35.959123999999996],[-78.545822,35.959457],[-78.545475,35.95962699999999],[-78.54528200000001,35.959885],[-78.545682,35.96019799999999],[-78.545649,35.960703],[-78.545786,35.96085],[-78.545872,35.96160600000001],[-78.54576100000001,35.96182399999999],[-78.546055,35.962425999999994],[-78.546129,35.962897],[-78.546282,35.963044],[-78.546345,35.963496000000006],[-78.54624000000001,35.963709],[-78.546337,35.963891],[-78.54601900000002,35.964465000000004],[-78.546087,35.96447499999999],[-78.545977,35.96447],[-78.545732,35.96534499999999],[-78.545121,35.96604200000001],[-78.54532700000001,35.966271000000006],[-78.545355,35.966506],[-78.54520000000001,35.966348999999994],[-78.544919,35.966350000000006],[-78.544995,35.966438000000004],[-78.54487,35.966727000000006],[-78.544922,35.966966],[-78.544708,35.967316],[-78.544773,35.967554],[-78.544429,35.967971999999996],[-78.54449,35.968378],[-78.54436,35.968611],[-78.544469,35.968953000000006],[-78.54433200000001,35.969275999999994],[-78.54446300000001,35.969393999999994],[-78.544472,35.969559000000004],[-78.54431,35.969792],[-78.54446300000001,35.97020199999999],[-78.544426,35.970362999999985],[-78.544574,35.97044],[-78.54449,35.97048],[-78.544665,35.97064600000001],[-78.544616,35.970912999999996],[-78.544516,35.97091999999999],[-78.5447,35.971054],[-78.544476,35.97114299999999],[-78.544304,35.97155300000001],[-78.544169,35.971630000000005],[-78.544164,35.972148],[-78.543984,35.972553],[-78.544073,35.97260399999999],[-78.543921,35.97269000000001],[-78.54372400000001,35.973404],[-78.543747,35.97391],[-78.54386,35.974107],[-78.54376900000001,35.974158],[-78.543776,35.97411],[-78.543733,35.97385899999999],[-78.543707,35.97345700000001],[-78.54373,35.973297],[-78.544023,35.972341],[-78.544089,35.97219400000001],[-78.54415800000001,35.971650000000004],[-78.544181,35.97158700000001],[-78.544324,35.97141099999999],[-78.54441400000002,35.971215],[-78.544495,35.971112],[-78.544515,35.97102400000001],[-78.544291,35.96974600000001],[-78.544344,35.96868],[-78.544422,35.967969000000004],[-78.544578,35.967684999999996],[-78.544886,35.966199],[-78.545665,35.965307],[-78.546171,35.963945],[-78.546226,35.96309],[-78.546084,35.962911000000005],[-78.546006,35.96246699999999],[-78.545742,35.961985999999996],[-78.545668,35.96126499999999],[-78.545128,35.96054299999998],[-78.545111,35.96029200000001],[-78.544875,35.96000599999999],[-78.54458800000002,35.95986599999999],[-78.545531,35.95833400000001],[-78.545538,35.95823],[-78.545397,35.95793999999999],[-78.545413,35.95787200000001],[-78.545601,35.957692],[-78.545776,35.95773100000001],[-78.54587,35.957858]]],[[[-78.562104,35.978953999999995],[-78.562402,35.97889300000001],[-78.562633,35.979013],[-78.562795,35.979],[-78.562954,35.97883000000001],[-78.563165,35.979028],[-78.563554,35.97898699999999],[-78.564034,35.979218],[-78.56491,35.97922500000001],[-78.564931,35.97912699999999],[-78.565079,35.979116999999995],[-78.565012,35.979144],[-78.565088,35.979184],[-78.565222,35.97910099999999],[-78.565576,35.97925699999999],[-78.565546,35.978922000000004],[-78.566282,35.978857999999995],[-78.566461,35.978645],[-78.56651400000001,35.978337],[-78.566416,35.97807300000001],[-78.566538,35.978054],[-78.566309,35.977974],[-78.566788,35.97795300000001],[-78.566883,35.97808400000001],[-78.566839,35.978216],[-78.567035,35.97845300000001],[-78.56728,35.978571],[-78.567406,35.978917],[-78.56743042701007,35.980350299680744],[-78.5673464382704,35.98043299951712],[-78.567329,35.979088999999995],[-78.56715900000002,35.97889599999999],[-78.566531,35.978947],[-78.56573000000002,35.979255999999985],[-78.565181,35.979343],[-78.56447500000002,35.97933099999999],[-78.564259,35.97929499999999],[-78.563499,35.979073],[-78.562392,35.979044],[-78.561409,35.978896],[-78.56161500000002,35.97885800000001],[-78.562104,35.978953999999995]]],[[[-78.559488,35.980067],[-78.559171,35.979941999999994],[-78.559099,35.98005200000001],[-78.559154,35.979865],[-78.558854,35.979706],[-78.559142,35.979626999999994],[-78.559205,35.979722999999986],[-78.559263,35.979644],[-78.559227,35.979496],[-78.559088,35.979578],[-78.559066,35.979440000000004],[-78.558812,35.979374],[-78.558976,35.97870100000001],[-78.559823,35.978429],[-78.559843,35.97850400000002],[-78.560136,35.978471],[-78.56039900000002,35.97852399999999],[-78.560942,35.97875400000001],[-78.560996,35.97880900000001],[-78.560125,35.978512],[-78.559525,35.978573],[-78.559282,35.979578],[-78.559518,35.980091],[-78.559369,35.980181],[-78.55916,35.98020399999999],[-78.559488,35.980067]]],[[[-78.56531,35.979569999999995],[-78.56588,35.979463],[-78.566475,35.979184],[-78.56698500000002,35.97917199999999],[-78.567101,35.97975300000001],[-78.56707565245863,35.980663850150876],[-78.56680856742817,35.98087984987004],[-78.56666,35.98077299999999],[-78.566923,35.98046999999999],[-78.56685600000002,35.98007200000001],[-78.566944,35.979431999999996],[-78.566756,35.97926100000001],[-78.566265,35.97929],[-78.565821,35.97959],[-78.565397,35.979695],[-78.564022,35.979743],[-78.563507,35.979974999999996],[-78.563051,35.979743],[-78.5628,35.979472],[-78.56240100000001,35.979469],[-78.562337,35.979366999999996],[-78.561764,35.979316],[-78.561334,35.979008],[-78.564292,35.97959099999999],[-78.56531,35.979569999999995]]],[[[-78.55825,35.979851999999994],[-78.558479,35.979858],[-78.558631,35.98004099999999],[-78.558535,35.980006],[-78.55825,35.979851999999994]]],[[[-78.552267,35.98098399999999],[-78.552526,35.98099199999999],[-78.552606,35.98083],[-78.552503,35.980807],[-78.553992,35.98055699999999],[-78.556238,35.979598],[-78.557404,35.979597],[-78.557867,35.979791],[-78.558495,35.980168],[-78.559399,35.980348],[-78.559725,35.98022699999999],[-78.559749,35.98013999999999],[-78.559467,35.97956099999999],[-78.559619,35.978733],[-78.560166,35.97867300000001],[-78.560472,35.978759999999994],[-78.560967,35.978951],[-78.560893,35.979084],[-78.560664,35.97905],[-78.560484,35.97893],[-78.560478,35.978773],[-78.560058,35.97870400000001],[-78.559906,35.978826000000005],[-78.559744,35.978762],[-78.559688,35.978836],[-78.559762,35.97885999999999],[-78.559609,35.97887200000001],[-78.559581,35.97959999999999],[-78.559696,35.979919],[-78.5602,35.979814],[-78.560423,35.979868999999994],[-78.560539,35.98000699999999],[-78.560597,35.980411],[-78.560415,35.98045199999999],[-78.560321,35.980358],[-78.560393,35.980598],[-78.560268,35.980684999999994],[-78.560172,35.98069199999998],[-78.560097,35.98055],[-78.560217,35.980571000000005],[-78.560245,35.980462],[-78.560035,35.980393],[-78.559848,35.98045199999999],[-78.560085,35.98015600000001],[-78.559944,35.980093],[-78.559843,35.98013],[-78.559983,35.98018799999999],[-78.559835,35.980148],[-78.559592,35.980333],[-78.559178,35.980430999999996],[-78.559522,35.98064699999999],[-78.559492,35.98082],[-78.558927,35.980749],[-78.558889,35.98088099999999],[-78.557927,35.980083],[-78.558011,35.979965],[-78.557816,35.97990399999998],[-78.557845,35.97979899999999],[-78.557743,35.979748],[-78.557738,35.979847],[-78.557303,35.979694],[-78.556159,35.979695],[-78.555776,35.979901],[-78.555441,35.980245999999994],[-78.555064,35.980356],[-78.554896,35.981025],[-78.55446600000002,35.98119700000001],[-78.554473,35.981269],[-78.553993,35.981297000000005],[-78.553614,35.981156000000006],[-78.553189,35.981191],[-78.552968,35.980933],[-78.552658,35.980940999999994],[-78.552497,35.981121],[-78.552299,35.981097000000005],[-78.552267,35.98098399999999]]],[[[-78.551647,35.981657],[-78.55151600000002,35.981013],[-78.551678,35.98097699999999],[-78.551506,35.980955],[-78.551179,35.980636999999994],[-78.551476,35.98070400000001],[-78.551518,35.980789],[-78.551617,35.980795],[-78.551635,35.980767],[-78.551577,35.98066899999999],[-78.551822,35.980689999999996],[-78.551742,35.980454],[-78.552232,35.98013100000001],[-78.552557,35.979447],[-78.553331,35.979037],[-78.553251,35.978862],[-78.553066,35.978792],[-78.553122,35.978736999999995],[-78.553599,35.978809000000005],[-78.554481,35.97859999999999],[-78.554657,35.97881399999999],[-78.554522,35.97893599999999],[-78.5544,35.979321],[-78.554712,35.979438],[-78.555054,35.979213],[-78.555658,35.978589],[-78.555716,35.978735],[-78.555824,35.97871200000001],[-78.555835,35.978826999999995],[-78.556013,35.978927999999996],[-78.55598,35.97927700000001],[-78.55724,35.979316999999995],[-78.557965,35.97964699999999],[-78.557332,35.97946199999999],[-78.556117,35.979471999999994],[-78.55507600000001,35.979624],[-78.553359,35.980112],[-78.552155,35.98077],[-78.551964,35.981179000000004],[-78.551974,35.98164299999999],[-78.551792,35.981965],[-78.551598,35.982172],[-78.550395,35.982874],[-78.550202,35.983104],[-78.5502647415961,35.983324107775175],[-78.54986735504316,35.98345279804415],[-78.54957,35.983337000000006],[-78.549496,35.98325700000001],[-78.54994,35.98326099999999],[-78.5502,35.98291600000001],[-78.551095,35.98241399999999],[-78.551647,35.981657]]],[[[-78.552291,35.981262],[-78.552264,35.981390000000005],[-78.552143,35.98155599999999],[-78.55215,35.981521],[-78.552146,35.981297999999995],[-78.552152,35.981080999999996],[-78.552158,35.98106599999999],[-78.552291,35.981262]]],[[[-78.552058,35.98194399999999],[-78.551372,35.98266100000001],[-78.550706,35.983079000000004],[-78.55067748857549,35.98319064225863],[-78.55046183861364,35.983260488465646],[-78.550473,35.983075],[-78.550604,35.982947],[-78.551738,35.982247],[-78.552105,35.981706],[-78.552058,35.98194399999999]]],[[[-78.528461,35.74252799999999],[-78.52836,35.74288200000001],[-78.528754,35.74325599999999],[-78.529403,35.74426199999999],[-78.530342,35.744767],[-78.530329,35.745100000000015],[-78.530145,35.745285],[-78.53041,35.745682000000016],[-78.531176,35.74591199999998],[-78.53193,35.745767],[-78.532341,35.745576],[-78.532484,35.74567299999999],[-78.532625,35.745622],[-78.53265,35.745702],[-78.53212,35.745883000000006],[-78.532059,35.74605699999999],[-78.531838,35.746161],[-78.531614,35.746494],[-78.531853,35.74672700000001],[-78.531936,35.74697299999999],[-78.532148,35.74701999999999],[-78.532099,35.747393],[-78.532433,35.747433],[-78.532316,35.74758300000001],[-78.532457,35.747638999999985],[-78.532448,35.747936],[-78.532268,35.748133],[-78.53228600000001,35.748326000000006],[-78.532474,35.74859],[-78.532615,35.749587000000005],[-78.532866,35.750172000000006],[-78.533314,35.750139999999995],[-78.533414,35.750055999999994],[-78.533522,35.74957],[-78.533358,35.749333],[-78.533554,35.749258000000005],[-78.533531,35.74907],[-78.533854,35.749158],[-78.534185,35.749055000000006],[-78.534355,35.749111],[-78.533774,35.749513],[-78.533418,35.750409],[-78.533135,35.750617],[-78.532556,35.750645],[-78.532342,35.750503],[-78.531921,35.748811999999994],[-78.531706,35.748347],[-78.530992,35.74709000000001],[-78.528733,35.743784],[-78.52796058926518,35.742185731354255],[-78.52807494947352,35.74207699986939],[-78.528261,35.742409],[-78.528604,35.742490999999994],[-78.528461,35.74252799999999]]],[[[-78.535503,35.747735999999996],[-78.536079,35.747241],[-78.536783,35.74718200000001],[-78.536937,35.74704800000001],[-78.537534,35.74764600000001],[-78.538644,35.747926],[-78.539023,35.747754],[-78.539104,35.747274999999995],[-78.539782,35.746927],[-78.540099,35.74731800000001],[-78.540635,35.747482000000005],[-78.540943,35.747831],[-78.541726,35.747694],[-78.542051,35.74773700000001],[-78.542159,35.747917],[-78.542355,35.747974],[-78.54259,35.747932],[-78.542808,35.747605],[-78.543048,35.747492],[-78.543041,35.74734200000001],[-78.543325,35.74688],[-78.542835,35.748291],[-78.542874,35.748443],[-78.543412,35.748367],[-78.543606,35.748442999999995],[-78.543788,35.748727],[-78.543759,35.749261999999995],[-78.544073,35.749449],[-78.5444,35.74952],[-78.544875,35.74941799999999],[-78.54559,35.748655],[-78.546704,35.748604],[-78.547468,35.74836499999999],[-78.547452,35.748478],[-78.547864,35.74866000000001],[-78.548317,35.74918799999999],[-78.548698,35.749374],[-78.549909,35.74956800000001],[-78.550043,35.74951299999999],[-78.550252,35.74890599999999],[-78.550456,35.748827],[-78.551596,35.748474999999985],[-78.551844,35.74853799999999],[-78.552055,35.748718000000004],[-78.55271,35.748864],[-78.55281,35.74877999999999],[-78.55281,35.748558],[-78.55313100000001,35.748297],[-78.553892,35.748069],[-78.55458,35.748073999999995],[-78.55464200000002,35.747624],[-78.555074,35.747334],[-78.555124,35.747419999999984],[-78.555552,35.747333999999995],[-78.55611000000002,35.747403000000006],[-78.557259,35.74704299999999],[-78.55769,35.74701399999999],[-78.558425,35.74725599999999],[-78.558953,35.746522999999996],[-78.559139,35.74652700000001],[-78.559456,35.74729899999999],[-78.559641,35.747378],[-78.559837,35.747054000000006],[-78.560108,35.74688],[-78.561045,35.746584000000006],[-78.561045,35.746385],[-78.561198,35.746304],[-78.561114,35.745951999999996],[-78.56122,35.745698999999995],[-78.56236,35.74507],[-78.563234,35.74494700000001],[-78.563676,35.745105],[-78.563945,35.74533499999999],[-78.564051,35.745334],[-78.563982,35.745087],[-78.564054,35.745059999999995],[-78.564209,35.745323000000006],[-78.564074,35.745683],[-78.563669,35.746253],[-78.563673,35.74646199999999],[-78.564105,35.74666],[-78.563312,35.746416999999994],[-78.562139,35.746370000000006],[-78.561584,35.746499],[-78.561084,35.746789],[-78.560157,35.747736999999994],[-78.559813,35.747843],[-78.559315,35.74771899999999],[-78.558904,35.747495999999984],[-78.558119,35.747404],[-78.557376,35.74761899999999],[-78.556953,35.747933],[-78.556327,35.74819],[-78.555467,35.748312999999996],[-78.554405,35.74831],[-78.552673,35.74889],[-78.552373,35.748929],[-78.551416,35.748808],[-78.551032,35.748884],[-78.550486,35.74919],[-78.550098,35.749545999999995],[-78.549254,35.749736999999996],[-78.546587,35.74954699999999],[-78.544305,35.74958900000001],[-78.543596,35.749327999999984],[-78.543098,35.748826],[-78.542503,35.748529999999995],[-78.541892,35.74797],[-78.539568,35.747753999999986],[-78.537778,35.74816499999999],[-78.537002,35.74823],[-78.535241,35.749221000000006],[-78.534525,35.749114000000006],[-78.534547,35.748975999999985],[-78.534974,35.74891100000001],[-78.535108,35.74881],[-78.535249,35.748311],[-78.535555,35.748026],[-78.535503,35.747735999999996]]],[[[-78.53054,35.75240199999999],[-78.530548,35.751768],[-78.530213,35.751253],[-78.530275,35.751019],[-78.53004,35.749534],[-78.529861,35.749006],[-78.52938,35.74822399999999],[-78.52947,35.74807199999999],[-78.529346,35.74780599999998],[-78.529066,35.74763000000001],[-78.527884,35.74819999999999],[-78.527277,35.748343],[-78.527842,35.74788],[-78.528187,35.747747],[-78.528533,35.74738299999999],[-78.52856000000001,35.74723000000001],[-78.528799,35.74711],[-78.528705,35.74691099999999],[-78.528009,35.74664099999999],[-78.527415,35.745948],[-78.526708,35.74601200000001],[-78.526462,35.745824],[-78.526861,35.745746],[-78.52711,35.745504],[-78.526991,35.74522399999999],[-78.527137,35.744512],[-78.526757051319,35.74373206205212],[-78.52693271770129,35.74345975408415],[-78.527846,35.745042],[-78.529347,35.747308999999994],[-78.52998,35.748616],[-78.530818,35.751194],[-78.531384,35.753593],[-78.531487,35.75448599999999],[-78.530202,35.754452],[-78.530133,35.754400000000004],[-78.530425,35.75369899999999],[-78.530361,35.753409000000005],[-78.530089,35.75317299999999],[-78.529662,35.753035999999994],[-78.529454,35.75281400000001],[-78.529201,35.752791],[-78.529165,35.75251899999999],[-78.528767,35.75229699999999],[-78.528143,35.752131000000006],[-78.527618,35.752108],[-78.528072,35.751975],[-78.528306,35.752117],[-78.528401,35.75207999999999],[-78.528204,35.752],[-78.528395,35.751912000000004],[-78.528543,35.75191199999999],[-78.528565,35.75200100000001],[-78.529232,35.751920999999996],[-78.52959,35.752424],[-78.529836,35.75234299999999],[-78.530329,35.752568],[-78.53054,35.75240199999999]]],[[[-78.533894,35.750811999999996],[-78.534211,35.749677999999996],[-78.534438,35.749478999999994],[-78.534752,35.750859],[-78.534551,35.750852],[-78.534327,35.75103200000001],[-78.533719,35.751191],[-78.532929,35.751298000000006],[-78.532778,35.751407],[-78.532796,35.75172],[-78.532585,35.751848],[-78.532595,35.751955],[-78.532842,35.752017],[-78.53297600000002,35.752191999999994],[-78.532826,35.752274],[-78.532799,35.752434],[-78.532949,35.752873],[-78.533203,35.75283],[-78.533371,35.753237999999996],[-78.533293,35.75345000000001],[-78.533733,35.753868],[-78.53414,35.753951],[-78.534322,35.754032],[-78.534312,35.754123],[-78.534209,35.75417699999999],[-78.534049,35.754094],[-78.533792,35.754327],[-78.532815,35.754407],[-78.532461,35.751339],[-78.532653,35.751179],[-78.533663,35.750945],[-78.533894,35.750811999999996]]],[[[-78.536252,35.752675999999994],[-78.536108,35.75263000000001],[-78.535825,35.752140999999995],[-78.536116,35.75145899999999],[-78.536056,35.751301],[-78.53578,35.75102999999999],[-78.535203,35.750945],[-78.534882,35.750774],[-78.534601,35.749465],[-78.535312,35.749905],[-78.536018,35.74998699999999],[-78.536961,35.74988700000001],[-78.538899,35.74948299999999],[-78.53983000000001,35.749571999999986],[-78.541888,35.750166],[-78.543453,35.751245000000004],[-78.544662,35.751614999999994],[-78.548242,35.751907],[-78.549258,35.75181200000001],[-78.549911,35.75166299999999],[-78.550419,35.75143799999999],[-78.551125,35.75136799999999],[-78.550228,35.75171399999999],[-78.549777,35.75238399999999],[-78.549124,35.75260600000001],[-78.54897,35.752734999999994],[-78.549206,35.753218],[-78.54939,35.75331799999999],[-78.54931300000001,35.753575],[-78.549049,35.753841],[-78.549145,35.754291],[-78.548864,35.753733],[-78.547314,35.752700999999995],[-78.547029,35.75234899999999],[-78.546955,35.751974],[-78.546531,35.751886000000006],[-78.546247,35.751918999999994],[-78.545917,35.752053999999994],[-78.545476,35.752079],[-78.544725,35.752352],[-78.54459000000001,35.75209000000001],[-78.544311,35.752021],[-78.543764,35.752345],[-78.543704,35.752499],[-78.543648,35.752354],[-78.543078,35.752291],[-78.542922,35.752164],[-78.542656,35.75179700000001],[-78.542783,35.751391999999996],[-78.542728,35.751086],[-78.542461,35.75088999999999],[-78.541482,35.750721999999996],[-78.541163,35.75055999999999],[-78.540676,35.749864],[-78.540553,35.74990700000001],[-78.540458,35.75024199999999],[-78.540518,35.750505],[-78.540627,35.75064499999999],[-78.541177,35.750885000000004],[-78.541103,35.751074],[-78.540014,35.750902],[-78.539768,35.7505],[-78.539494,35.750405],[-78.539453,35.75010600000001],[-78.539556,35.749906],[-78.539442,35.74972900000001],[-78.539094,35.74961100000001],[-78.538919,35.749652999999995],[-78.53891,35.74980899999999],[-78.539082,35.750179],[-78.53904800000001,35.750435],[-78.538619,35.75057000000001],[-78.538079,35.75045599999999],[-78.537158,35.75088699999999],[-78.537422,35.751713],[-78.53737,35.752225],[-78.536864,35.752537999999994],[-78.536252,35.752675999999994]]],[[[-78.530909,35.77290800000001],[-78.531259,35.772846],[-78.53136,35.77253000000001],[-78.531698,35.772797],[-78.531868,35.77267500000001],[-78.532138,35.772659],[-78.532398,35.772844],[-78.532704,35.772691],[-78.533119,35.77265],[-78.53341200000001,35.77279800000001],[-78.53358400000002,35.773093],[-78.533798,35.77281599999999],[-78.534049,35.77276000000001],[-78.534565,35.772693000000004],[-78.535126,35.77276999999999],[-78.535633,35.772399],[-78.535526,35.772181],[-78.536173,35.77204],[-78.536007,35.77166499999999],[-78.535922,35.771703],[-78.535713,35.77158200000001],[-78.535562,35.77163099999999],[-78.53601200000001,35.771066],[-78.535645,35.770432],[-78.53579100000002,35.770569],[-78.53614300000001,35.770573],[-78.536378,35.77069],[-78.537133,35.770753],[-78.53732,35.770691],[-78.537348,35.770209],[-78.537192,35.769904000000004],[-78.537244,35.769527],[-78.537906,35.767616999999994],[-78.537682,35.767486000000005],[-78.537632,35.766246],[-78.53744300000001,35.765673],[-78.537529,35.76552100000001],[-78.537713,35.765521],[-78.537843,35.765347],[-78.537684,35.765288],[-78.537614,35.76514100000001],[-78.537723,35.764796],[-78.53743900000002,35.764836],[-78.537175,35.765056999999985],[-78.536893,35.76499799999999],[-78.53686,35.764862],[-78.53724,35.764536],[-78.537437,35.764159],[-78.537763,35.76415300000001],[-78.53833,35.76389199999999],[-78.538501,35.76366399999999],[-78.538617,35.763167],[-78.538425,35.762644],[-78.536767,35.761743],[-78.536425,35.761345000000006],[-78.536078,35.761407999999996],[-78.535783,35.761302],[-78.535589,35.761331999999996],[-78.53545100000001,35.761415],[-78.535551,35.761787],[-78.534883,35.76165300000001],[-78.535047,35.761277],[-78.53501,35.76114400000001],[-78.534424,35.76059599999999],[-78.534279,35.75996799999999],[-78.533843,35.75957],[-78.532838,35.759271],[-78.532663,35.759625],[-78.53205,35.759982],[-78.531687,35.76036899999999],[-78.531168,35.760678000000006],[-78.531181,35.760863],[-78.531051,35.760825],[-78.530987,35.760601],[-78.531371,35.760054999999994],[-78.53133400000002,35.75980800000001],[-78.53162,35.759530000000005],[-78.531908,35.759012],[-78.532132,35.75890499999999],[-78.532048,35.75841999999999],[-78.530593,35.75764000000001],[-78.529728,35.75694299999999],[-78.529408,35.756966000000006],[-78.529551,35.75692200000001],[-78.52937900000002,35.756902],[-78.529201,35.75645],[-78.528888,35.756077],[-78.529155,35.75582899999999],[-78.529248,35.75556999999999],[-78.52968,35.755464],[-78.529614,35.755321000000016],[-78.52946,35.755339],[-78.52993,35.755249000000006],[-78.530148,35.755092000000005],[-78.530012,35.75500199999999],[-78.530291,35.75493900000001],[-78.530184,35.754842],[-78.530231,35.75473199999998],[-78.530102,35.75479300000001],[-78.530054,35.75467100000001],[-78.530817,35.75466500000001],[-78.530884,35.75474100000001],[-78.531204,35.75465799999999],[-78.531499,35.754669],[-78.53206,35.75642000000001],[-78.532563,35.7576],[-78.532837,35.758132999999994],[-78.53354900000001,35.75907800000001],[-78.534401,35.75990300000001],[-78.534914,35.76023000000001],[-78.535532,35.760539],[-78.537724,35.76126],[-78.538256,35.761697],[-78.538496,35.76215299999999],[-78.538748,35.763208],[-78.538789,35.765359],[-78.53865,35.767111],[-78.538385,35.768791],[-78.538385,35.77085700000001],[-78.537505,35.77188],[-78.536463,35.772474999999986],[-78.536061,35.77282],[-78.535249,35.772785999999996],[-78.534854,35.773057],[-78.534552,35.77287799999999],[-78.534143,35.772805000000005],[-78.53382,35.772873],[-78.533454,35.773418],[-78.531332,35.77352899999999],[-78.53014468153953,35.77379633973857],[-78.53047245322895,35.77320329291318],[-78.530909,35.77290800000001]]],[[[-78.547253,35.773851],[-78.546874,35.77340199999999],[-78.546655,35.773329000000004],[-78.544648,35.772997],[-78.544681,35.77245400000001],[-78.545042,35.771883],[-78.545034,35.771599],[-78.544208,35.770683],[-78.543361,35.76997599999999],[-78.543018,35.76904399999999],[-78.542639,35.76877199999999],[-78.542369,35.768847],[-78.542104,35.768757],[-78.542062,35.768179999999994],[-78.54160300000001,35.767907],[-78.541338,35.76791200000001],[-78.54116900000001,35.768046],[-78.540912,35.76798900000001],[-78.540602,35.768108999999995],[-78.54078000000001,35.768332],[-78.54060600000001,35.768993],[-78.540296,35.769576],[-78.540173,35.770559],[-78.539997,35.77082500000001],[-78.540033,35.771318],[-78.539877,35.771885],[-78.539872,35.772374],[-78.539636,35.770973],[-78.539659,35.770016999999996],[-78.539758,35.768589],[-78.540002,35.767025],[-78.540144,35.766875000000006],[-78.541198,35.766729],[-78.541653,35.766902],[-78.542815,35.768209999999996],[-78.54350900000001,35.76971000000001],[-78.544992,35.77139],[-78.545547,35.771771],[-78.546265,35.77188800000001],[-78.546645,35.77265700000001],[-78.546567,35.77297599999999],[-78.546777,35.77325600000001],[-78.547698,35.774263],[-78.549143,35.774981],[-78.549529,35.775603000000004],[-78.549085,35.775408],[-78.548668,35.775009],[-78.547337,35.774121],[-78.544451,35.773607000000005],[-78.544521,35.77355200000001],[-78.545478,35.773687],[-78.547212,35.774012],[-78.547253,35.773851]]],[[[-78.54042,35.77322900000001],[-78.54026400000001,35.773283],[-78.540189,35.773134],[-78.540378,35.77317699999999],[-78.54042,35.77322900000001]]],[[[-78.533553,35.773643],[-78.533912,35.773071],[-78.53397300000002,35.7732],[-78.533895,35.773382],[-78.53437000000001,35.773095000000005],[-78.534409,35.77296],[-78.534653,35.77327299999999],[-78.535023,35.77340199999999],[-78.53544900000001,35.77305700000001],[-78.536323,35.77297599999999],[-78.536918,35.772519],[-78.538033,35.77217499999999],[-78.538468,35.77142500000001],[-78.539109,35.773168999999996],[-78.537386,35.773095000000005],[-78.53726500000002,35.77296499999999],[-78.537188,35.773051],[-78.535492,35.77325799999999],[-78.53389100000001,35.77388799999999],[-78.534403,35.77381099999999],[-78.53429,35.773964],[-78.534296,35.774547999999996],[-78.534054,35.774707],[-78.53319900000001,35.774621],[-78.531623,35.77507000000001],[-78.531378,35.77497999999999],[-78.531317,35.774859],[-78.531297,35.77490300000001],[-78.531193,35.774922],[-78.531772,35.774590999999994],[-78.532096,35.774519],[-78.532298,35.77441699999999],[-78.531272,35.774705],[-78.531193,35.774621999999994],[-78.530858,35.77467],[-78.530535,35.774606999999996],[-78.530177,35.774326],[-78.52975039539648,35.77458009301671],[-78.529935,35.77429200000001],[-78.53106,35.773999],[-78.533287,35.773772],[-78.533553,35.773643]]],[[[-78.541399,35.773588000000004],[-78.541558,35.773572],[-78.54161,35.773726999999994],[-78.540571,35.773875],[-78.540151,35.77450999999999],[-78.540034,35.775001],[-78.540113,35.775157],[-78.540856,35.77531400000001],[-78.540555,35.775467],[-78.540553,35.775576],[-78.540333,35.775538000000005],[-78.539956,35.775641],[-78.539933,35.776289000000006],[-78.539612,35.776906999999994],[-78.539749,35.777028],[-78.539567,35.777116],[-78.539559,35.777012],[-78.539494,35.777126999999986],[-78.539352,35.77765200000001],[-78.539415,35.777815],[-78.539334,35.77795999999999],[-78.539434,35.778058],[-78.539235,35.77842199999999],[-78.539246,35.778650999999996],[-78.539358,35.779005],[-78.53967,35.779308],[-78.53946,35.779407],[-78.538899,35.779383],[-78.53856700000001,35.77965600000001],[-78.538507,35.78018499999999],[-78.538303,35.780716],[-78.538603,35.781394999999996],[-78.538859,35.781462000000005],[-78.539,35.781884],[-78.539338,35.78201899999999],[-78.539331,35.782185],[-78.539557,35.78235600000001],[-78.538801,35.782269],[-78.538686,35.782467],[-78.53868,35.782963],[-78.538228,35.783402],[-78.538043,35.783812999999995],[-78.53827,35.78436099999999],[-78.538162,35.78522999999999],[-78.538308,35.785348],[-78.538215,35.785466000000014],[-78.538778,35.78545199999999],[-78.539127,35.785596999999996],[-78.539774,35.78603199999999],[-78.540311,35.786661],[-78.540783,35.786626],[-78.541101,35.786418999999995],[-78.54118,35.786562],[-78.541094,35.786906],[-78.541371,35.787060999999994],[-78.541391,35.787226],[-78.541049,35.787182],[-78.540736,35.787276],[-78.540861,35.78759099999999],[-78.54051200000002,35.787862],[-78.540603,35.78810200000001],[-78.54038300000002,35.788084999999995],[-78.540038,35.78896399999999],[-78.540173,35.789100000000005],[-78.541609,35.78913699999998],[-78.541953,35.789531999999994],[-78.542042,35.789854],[-78.54223,35.790001999999994],[-78.542622,35.790079999999996],[-78.542259,35.79006600000001],[-78.542249,35.79023999999999],[-78.54229,35.790339],[-78.542397,35.790319999999994],[-78.542355,35.790423999999994],[-78.54268000000002,35.790801],[-78.542683,35.79118199999999],[-78.542383,35.79183999999999],[-78.540758,35.792364000000006],[-78.53955,35.792978000000005],[-78.538959,35.79234],[-78.538053,35.791095],[-78.537522,35.789874],[-78.537274,35.78850499999999],[-78.537361,35.786133],[-78.537792,35.783194],[-78.53787700000001,35.781205],[-78.538042,35.780039],[-78.538738,35.777169],[-78.539097,35.77652],[-78.539544,35.77596599999998],[-78.539977,35.77499999999999],[-78.540162,35.774466999999994],[-78.540457,35.773771999999994],[-78.540473,35.773486],[-78.540371,35.773381],[-78.541329,35.773512],[-78.541399,35.773588000000004]]],[[[-78.539225,35.773311],[-78.539298,35.77366199999999],[-78.539004,35.774267999999985],[-78.538269,35.775392999999994],[-78.537516,35.776252],[-78.53724,35.77680200000001],[-78.536929,35.778676000000004],[-78.536465,35.78039600000001],[-78.536229,35.782219999999995],[-78.535471,35.785875999999995],[-78.535106,35.78696799999999],[-78.53461,35.787820999999994],[-78.534355,35.788603],[-78.534498,35.789556000000005],[-78.535154,35.790582],[-78.537157,35.79256],[-78.538408,35.79357099999999],[-78.538217,35.793628],[-78.537939,35.793526],[-78.537523,35.79363099999999],[-78.536982,35.793628],[-78.536561,35.793509],[-78.53605700000001,35.793215],[-78.535853,35.793249],[-78.535256,35.792947000000005],[-78.534855,35.792871999999996],[-78.534758,35.79265900000001],[-78.534208,35.792727],[-78.533848,35.792628],[-78.533378,35.792841],[-78.53354900000001,35.79263999999999],[-78.533928,35.79243799999999],[-78.53427800000001,35.79178399999999],[-78.533552,35.79009099999998],[-78.533449,35.78947500000001],[-78.533682,35.789464],[-78.533743,35.789362],[-78.533594,35.789058],[-78.533229,35.789137],[-78.533315,35.788814],[-78.533466,35.78879799999999],[-78.533547,35.78867700000001],[-78.533437,35.788537000000005],[-78.533007,35.788554],[-78.532702,35.78837800000001],[-78.532355,35.78815500000001],[-78.53239,35.78802900000001],[-78.532109,35.787887999999995],[-78.532151,35.78783099999998],[-78.531938,35.78783599999999],[-78.53098600000001,35.787384],[-78.530812,35.787443],[-78.53073,35.787386999999995],[-78.531303,35.78735099999999],[-78.531445,35.787479],[-78.53257,35.787689],[-78.533296,35.78801099999998],[-78.534311,35.787782],[-78.534967,35.787139],[-78.535065,35.786620000000006],[-78.534882,35.78636999999999],[-78.534128,35.78619],[-78.534535,35.78597499999999],[-78.534897,35.785532],[-78.534899,35.785246000000015],[-78.535051,35.78518900000001],[-78.534946,35.78499299999999],[-78.535003,35.784609],[-78.534786,35.783669],[-78.534847,35.782816999999994],[-78.534922,35.782527],[-78.535555,35.781515999999996],[-78.535446,35.781313],[-78.535166,35.78122400000001],[-78.53549600000001,35.781145],[-78.535895,35.78128900000001],[-78.536266,35.781238],[-78.53619,35.780965],[-78.535769,35.780916],[-78.535809,35.780801999999994],[-78.53597,35.780775999999996],[-78.536269,35.780219],[-78.53618800000001,35.78004199999999],[-78.535874,35.77980500000001],[-78.53592800000001,35.779571999999995],[-78.536435,35.77921500000001],[-78.53651,35.778945],[-78.536376,35.778527999999994],[-78.536389,35.778153],[-78.536037,35.776992],[-78.535849,35.77689699999999],[-78.53510700000001,35.776914],[-78.536205,35.77650599999999],[-78.536693,35.77591000000001],[-78.536502,35.775606999999994],[-78.53657300000002,35.775497],[-78.536922,35.77540099999999],[-78.537143,35.775058],[-78.537294,35.77460799999999],[-78.537338,35.774066],[-78.537261,35.773902],[-78.537425,35.773218],[-78.539225,35.773311]]],[[[-78.540938,35.795955],[-78.54074,35.796722],[-78.540505,35.797168],[-78.539461,35.79829999999999],[-78.537944,35.80075099999999],[-78.537447,35.800467],[-78.53765,35.800281],[-78.537551,35.80028599999999],[-78.537736,35.800138],[-78.537756,35.79999900000001],[-78.538146,35.799703],[-78.538141,35.799551],[-78.537815,35.799252],[-78.537927,35.798581999999996],[-78.538269,35.798134],[-78.53878800000001,35.797988000000004],[-78.538929,35.79771],[-78.539521,35.797841999999996],[-78.539929,35.797609],[-78.540533,35.796184],[-78.540525,35.795912],[-78.540211,35.7952],[-78.539971,35.79485699999999],[-78.539687,35.79469499999999],[-78.539451,35.79469],[-78.538584,35.795211],[-78.538707,35.79480300000001],[-78.539072,35.794586999999986],[-78.538672,35.794025999999995],[-78.538735,35.793917],[-78.538938,35.79408699999999],[-78.540343,35.79465499999999],[-78.540902,35.795503999999994],[-78.540938,35.795955]]],[[[-78.539896,35.79330900000001],[-78.540641,35.793666],[-78.541357,35.794359],[-78.542506,35.795109],[-78.542687,35.795127],[-78.54346200000002,35.794737],[-78.543703,35.795030999999994],[-78.543431,35.79508599999999],[-78.542999,35.795413999999994],[-78.543016,35.795961000000005],[-78.543493,35.79657],[-78.543542,35.796676],[-78.543445,35.796641],[-78.543741,35.79727200000001],[-78.544083,35.79753499999999],[-78.544209,35.797788000000004],[-78.544853,35.797988999999994],[-78.545014,35.79788699999999],[-78.54506,35.797938],[-78.544869,35.798067],[-78.545013,35.798176],[-78.544641,35.798273],[-78.5441,35.798607],[-78.54344,35.798792999999996],[-78.543357,35.798932999999984],[-78.54279,35.799158000000006],[-78.54311,35.79913799999999],[-78.543052,35.799183],[-78.54223,35.799371],[-78.542297,35.799262],[-78.541681,35.799504999999996],[-78.54108,35.799994],[-78.540763,35.800553],[-78.54046,35.800636],[-78.540427,35.800717],[-78.540213,35.80059700000001],[-78.539994,35.800704999999994],[-78.539543,35.801051],[-78.539364,35.801452],[-78.538811,35.801905999999995],[-78.538814,35.802313],[-78.53911,35.80268399999999],[-78.539098,35.803347],[-78.53958,35.804585],[-78.539836,35.804725999999995],[-78.540067,35.804737],[-78.540775,35.80437799999999],[-78.541507,35.804179],[-78.541596,35.804577],[-78.541989,35.80473400000001],[-78.542076,35.805054999999996],[-78.542383,35.805382],[-78.54354,35.805872],[-78.543635,35.805980999999996],[-78.543534,35.806294],[-78.543266,35.806294],[-78.54327,35.806422],[-78.543186,35.80642799999999],[-78.543322,35.806605],[-78.543128,35.806647999999996],[-78.542971,35.80654599999998],[-78.542898,35.806612999999984],[-78.543086,35.80668099999999],[-78.542936,35.806996000000005],[-78.543057,35.807155],[-78.543307,35.807058],[-78.543291,35.80716399999999],[-78.543381,35.807072999999995],[-78.543443,35.807164],[-78.543296,35.807307],[-78.543225,35.807155999999985],[-78.543017,35.80721599999999],[-78.542447,35.80649],[-78.541641,35.806218],[-78.541255,35.80587599999999],[-78.540758,35.805944999999994],[-78.540533,35.805873999999996],[-78.540078,35.806021],[-78.539895,35.805852999999985],[-78.539114,35.806309],[-78.538328,35.80702600000001],[-78.53784,35.807255],[-78.537499,35.807585],[-78.537352,35.80804200000001],[-78.537552,35.808572],[-78.537509,35.808921],[-78.537178,35.809649],[-78.536137,35.81053099999998],[-78.5353124398896,35.810768412642595],[-78.5343954214799,35.81020407308111],[-78.536016,35.808932],[-78.53722800000001,35.80768599999999],[-78.537806,35.806912],[-78.538857,35.80495399999999],[-78.539077,35.80425199999999],[-78.539039,35.80356900000001],[-78.538738,35.802116000000005],[-78.538797,35.80173200000001],[-78.538935,35.801494999999996],[-78.539994,35.800453],[-78.541083,35.79970399999999],[-78.541407,35.798945999999994],[-78.5424,35.797284],[-78.542615,35.796578],[-78.542678,35.795857999999996],[-78.542486,35.795343],[-78.539896,35.79330900000001]]],[[[-78.536772,35.805935],[-78.535549,35.807449999999996],[-78.533915,35.808894999999985],[-78.533911,35.808626999999994],[-78.534372,35.808201999999994],[-78.534528,35.807852],[-78.534491,35.807365999999995],[-78.534165,35.806994],[-78.534565,35.806853],[-78.535119,35.806249],[-78.536676,35.80502899999999],[-78.537107,35.804224],[-78.537104,35.803996999999995],[-78.536494,35.802853999999996],[-78.536168,35.802648999999995],[-78.536187,35.80249499999999],[-78.536441,35.802312],[-78.536542,35.801750000000006],[-78.536467,35.801661],[-78.536353,35.801858],[-78.536069,35.801569],[-78.535699,35.801608],[-78.535554,35.801544],[-78.535612,35.801007],[-78.535495,35.800686000000006],[-78.535594,35.800491],[-78.536508,35.800442],[-78.537325,35.80052599999999],[-78.537901,35.800825],[-78.537397,35.801893],[-78.537729,35.804286000000005],[-78.537536,35.804813999999986],[-78.536772,35.805935]]],[[[-78.53328411674026,35.809246615352166],[-78.533437,35.80915499999998],[-78.533524,35.80912599999999],[-78.53328411674026,35.809246615352166]]],[[[-78.53855665729682,35.81458909638779],[-78.538908,35.81521],[-78.53964,35.81507899999999],[-78.539756,35.81517699999999],[-78.539399,35.81540199999999],[-78.53953,35.815886],[-78.539347,35.816283000000006],[-78.539261,35.816981],[-78.53845562434478,35.81587640205057],[-78.53855665729682,35.81458909638779]]],[[[-78.5386531632041,35.817663270359894],[-78.53864496266573,35.817624382739325],[-78.538709,35.817713],[-78.5386531632041,35.817663270359894]]],[[[-78.53879782144081,35.818100949027844],[-78.538711,35.817715],[-78.538802,35.817901],[-78.53879782144081,35.818100949027844]]],[[[-78.53977,35.817564],[-78.539889,35.817926],[-78.54014,35.817921999999996],[-78.540493,35.81815499999999],[-78.540812,35.818217],[-78.540284,35.81847600000001],[-78.539821,35.818943999999995],[-78.53960900000001,35.819385999999994],[-78.53963239325222,35.81971115974026],[-78.53930901783414,35.819203468700245],[-78.539801,35.818214],[-78.539717,35.817682999999995],[-78.539547,35.81737200000001],[-78.53977,35.817564]]],[[[-78.534519,35.830591999999996],[-78.535461,35.83016199999999],[-78.535604,35.82993700000001],[-78.535343,35.829636],[-78.535397,35.82958500000001],[-78.536027,35.829488999999995],[-78.536514,35.829167999999996],[-78.536662,35.82898899999999],[-78.536482,35.828636],[-78.537022,35.828752],[-78.537692,35.828255],[-78.537924,35.827504],[-78.537962,35.827007],[-78.538111,35.82672899999999],[-78.538115,35.82654399999999],[-78.537991,35.82639],[-78.538155,35.826075],[-78.538183,35.824830999999996],[-78.538489,35.82424399999999],[-78.53855758085243,35.823834781264836],[-78.53878856532948,35.82388985118812],[-78.538607,35.827284000000006],[-78.538216,35.828343],[-78.536979,35.829499],[-78.535761,35.830228],[-78.534621,35.83064600000001],[-78.533802,35.83070399999999],[-78.533384,35.83064900000001],[-78.534519,35.830591999999996]]],[[[-78.539943,35.827474],[-78.540015,35.826691000000004],[-78.539818,35.82558999999999],[-78.539801,35.825185999999995],[-78.5399106402802,35.82423405843264],[-78.54052437308762,35.82448256729125],[-78.540511,35.82462],[-78.54031,35.824667],[-78.540068,35.824562],[-78.540106,35.824727],[-78.539875,35.825002000000005],[-78.539968,35.82572199999999],[-78.539904,35.825996],[-78.540148,35.826157],[-78.540465,35.82609600000001],[-78.540547,35.826328],[-78.540355,35.82707799999999],[-78.540457,35.827496],[-78.541585,35.82759],[-78.541698,35.827663],[-78.542201,35.827604],[-78.542684,35.827839],[-78.54294800000001,35.827753],[-78.543085,35.827800999999994],[-78.543625,35.827591999999996],[-78.54467,35.82768800000001],[-78.545003,35.827577999999995],[-78.54515300000001,35.82762799999999],[-78.545147,35.82774299999999],[-78.546296,35.82765599999999],[-78.545615,35.827897],[-78.545386,35.827800999999994],[-78.545137,35.82788399999998],[-78.545394,35.82802999999999],[-78.545384,35.828114],[-78.545112,35.828177999999994],[-78.544349,35.828037],[-78.543926,35.828295],[-78.543209,35.828258],[-78.542984,35.82837599999999],[-78.542897,35.828864],[-78.542611,35.82890599999999],[-78.541582,35.828307],[-78.541329,35.828286],[-78.541106,35.828154],[-78.540663,35.82818],[-78.540717,35.828303],[-78.541742,35.828951999999994],[-78.541632,35.829034],[-78.541676,35.829104],[-78.541982,35.829239],[-78.541573,35.829285999999996],[-78.54151700000001,35.82918000000001],[-78.541294,35.829357],[-78.540892,35.82935700000001],[-78.540809,35.829417],[-78.54091,35.82945899999999],[-78.540871,35.829573999999994],[-78.540602,35.829736000000004],[-78.540484,35.82937199999999],[-78.540211,35.829195999999996],[-78.539916,35.82882],[-78.53973800000001,35.828892],[-78.539332,35.829335999999984],[-78.538016,35.8301],[-78.537966,35.830282000000004],[-78.538154,35.830829999999985],[-78.538068,35.831091],[-78.538169,35.831211999999994],[-78.538637,35.831213999999996],[-78.538762,35.83154799999999],[-78.538556,35.83180099999999],[-78.538028,35.83153200000001],[-78.537584,35.831587],[-78.537498,35.831694],[-78.537619,35.832072],[-78.537823,35.83230799999998],[-78.537918,35.832777],[-78.537772,35.83310399999999],[-78.53774,35.833703],[-78.537943,35.834216],[-78.537683,35.83461],[-78.537687,35.834799999999994],[-78.537375,35.834708],[-78.537631,35.83453699999998],[-78.537693,35.83424599999999],[-78.537516,35.83349799999999],[-78.537676,35.832523999999985],[-78.537362,35.83206700000001],[-78.537249,35.831606],[-78.536823,35.83143799999999],[-78.536709,35.83119400000001],[-78.536743,35.830845000000004],[-78.53797,35.83007199999999],[-78.538893,35.829243],[-78.539627,35.828328],[-78.539943,35.827474]]],[[[-78.53159600000001,35.83004799999999],[-78.531717,35.82990499999999],[-78.531657,35.82944099999999],[-78.531807,35.829193000000004],[-78.531961,35.829191000000016],[-78.532348,35.830145],[-78.532716,35.830541999999994],[-78.532218,35.830570999999985],[-78.531985,35.83065700000001],[-78.53176,35.830879],[-78.531876,35.830675],[-78.53159600000001,35.83004799999999]]],[[[-78.530965,35.831565],[-78.531598,35.83104199999999],[-78.530879,35.832094],[-78.530965,35.831565]]],[[[-78.536237,35.835075],[-78.536247,35.834931999999995],[-78.535846,35.834712],[-78.53578,35.834582],[-78.535254,35.834389],[-78.53523600000001,35.834229],[-78.535002,35.83424],[-78.53471000000002,35.83393499999998],[-78.534732,35.83373599999999],[-78.534874,35.833694999999985],[-78.534693,35.833323],[-78.534738,35.832705],[-78.535038,35.832550999999995],[-78.534962,35.832318],[-78.534813,35.83223],[-78.534288,35.832367],[-78.532093,35.83375],[-78.532137,35.834320000000005],[-78.531638,35.83488799999999],[-78.531668,35.835660999999995],[-78.531963,35.836048999999996],[-78.532404,35.837454],[-78.532395,35.837757999999994],[-78.532537,35.83790899999999],[-78.53324,35.837975],[-78.533351,35.83791699999999],[-78.533129,35.838163],[-78.532419,35.838276],[-78.532256,35.838586],[-78.532435,35.83883],[-78.53219,35.839294],[-78.532317,35.83992200000001],[-78.532305,35.840533999999984],[-78.532057,35.841159999999995],[-78.532119,35.841438999999994],[-78.531671,35.84156899999999],[-78.531645,35.84210999999999],[-78.532032,35.842198],[-78.53195,35.842451999999994],[-78.531943,35.843952],[-78.531758,35.844026],[-78.531999,35.84414199999999],[-78.531971,35.84435700000002],[-78.532337,35.84425199999999],[-78.532684,35.844491999999995],[-78.533435,35.844313],[-78.533655,35.84487200000001],[-78.534019,35.844936],[-78.533754,35.845183999999996],[-78.533756,35.845123],[-78.533379,35.845132],[-78.533211,35.845038],[-78.532598,35.845203999999995],[-78.531914,35.845213],[-78.531909,35.84579099999999],[-78.531683,35.846399999999996],[-78.531405,35.846766],[-78.53133400000002,35.847256],[-78.531109,35.847519999999996],[-78.531095,35.847865],[-78.530831,35.84779199999999],[-78.530765,35.847846999999994],[-78.530711,35.847747999999996],[-78.530616,35.847834999999996],[-78.531352,35.844541],[-78.531471,35.842850999999996],[-78.531431,35.83984200000001],[-78.531837,35.83715599999999],[-78.531796,35.83640999999999],[-78.531408,35.834525],[-78.531421,35.833456],[-78.531672,35.832417],[-78.532146,35.83179200000001],[-78.532665,35.83136],[-78.533349,35.831371000000004],[-78.534213,35.831591],[-78.534734,35.831602999999994],[-78.536515,35.830966],[-78.536342,35.83127],[-78.535066,35.83176799999999],[-78.534977,35.83198],[-78.535437,35.832104],[-78.535237,35.83225199999999],[-78.535294,35.832401000000004],[-78.535026,35.832907999999996],[-78.534972,35.83325800000001],[-78.535081,35.833712999999996],[-78.53542,35.83378600000001],[-78.535472,35.833982],[-78.535271,35.834096],[-78.53534,35.834271],[-78.535845,35.834314],[-78.536286,35.834526],[-78.536458,35.834954],[-78.536277,35.83511200000001],[-78.536551,35.835263],[-78.536868,35.83556599999999],[-78.536638,35.83545199999999],[-78.536237,35.835075]]],[[[-78.530598,35.832812],[-78.530367,35.833587],[-78.529911,35.833741],[-78.52943,35.83411400000001],[-78.529187,35.835229],[-78.5287,35.83538],[-78.528206,35.83601099999999],[-78.528007,35.836133],[-78.527616,35.83610500000001],[-78.526725,35.835633],[-78.525922,35.835449],[-78.525659,35.835719],[-78.524913,35.835693],[-78.524462,35.83570300000001],[-78.524286,35.83570199999999],[-78.524216,35.835692],[-78.52457,35.835623999999996],[-78.524945,35.835331999999994],[-78.525125,35.835312],[-78.525603,35.83570999999999],[-78.525758,35.83549],[-78.525937,35.835421000000004],[-78.527702,35.835826000000004],[-78.528005,35.835471],[-78.52812400000002,35.835142],[-78.528436,35.835154],[-78.528512,35.835259],[-78.528539,35.83520200000001],[-78.528581,35.834632],[-78.528364,35.834272999999996],[-78.528103,35.83345000000001],[-78.528165,35.833355999999995],[-78.528348,35.833417999999995],[-78.528819,35.83407599999999],[-78.529163,35.83409499999999],[-78.529345,35.833992],[-78.529516,35.833467999999996],[-78.530296,35.83341500000001],[-78.530598,35.832812]]],[[[-78.521844,35.833749],[-78.521993,35.833931],[-78.522077,35.834106],[-78.521878,35.83401899999999],[-78.521844,35.833749]]],[[[-78.52204,35.834161],[-78.52249000000002,35.834281],[-78.522557,35.83433099999999],[-78.52266,35.83447100000001],[-78.522672,35.834521],[-78.522433,35.83432599999999],[-78.52179391296693,35.8342844945541],[-78.52204,35.834161]]],[[[-78.537859,35.835086],[-78.537674,35.834921],[-78.537687,35.834799999999994],[-78.537689,35.834887],[-78.537859,35.835086]]],[[[-78.522691,35.834868],[-78.522672,35.83474699999999],[-78.52274,35.83492],[-78.522691,35.834868]]],[[[-78.523172,35.835201],[-78.523469,35.83522800000001],[-78.523868,35.83557900000002],[-78.524184,35.83568699999999],[-78.52376,35.835603],[-78.522957,35.835058],[-78.523172,35.835201]]],[[[-78.524487,35.83606300000001],[-78.523079,35.836007],[-78.52297100000001,35.835888999999995],[-78.522827,35.835519],[-78.522559,35.835242],[-78.522243,35.834669],[-78.5218200565126,35.83455214274005],[-78.52181380388848,35.8344881307454],[-78.52233,35.834496],[-78.522405,35.83491],[-78.522622,35.83521999999999],[-78.523219,35.835477999999995],[-78.523525,35.835869],[-78.525244,35.83603500000001],[-78.526338,35.835818],[-78.52744,35.836313999999994],[-78.528061,35.836489],[-78.528802,35.83643],[-78.528927,35.836288],[-78.529008,35.835739999999994],[-78.529152,35.83559199999999],[-78.529621,35.835412],[-78.529804,35.834877],[-78.530058,35.83450899999999],[-78.53021000000001,35.83383499999999],[-78.530308,35.833746999999995],[-78.530429,35.833788999999996],[-78.530817,35.835963],[-78.53086,35.83688199999999],[-78.530306,35.839874999999985],[-78.530112,35.843649000000006],[-78.529533,35.847621999999994],[-78.529399,35.847966],[-78.528172,35.847706],[-78.528156,35.847536],[-78.528504,35.847415000000005],[-78.528916,35.84746599999999],[-78.529147,35.847267],[-78.529013,35.846658000000005],[-78.528585,35.84657099999999],[-78.528809,35.84611400000001],[-78.527759,35.845758999999994],[-78.52717400000002,35.845415],[-78.527669,35.845519],[-78.528694,35.845345],[-78.528831,35.845259],[-78.528958,35.844922],[-78.52985,35.84427],[-78.530017,35.843955],[-78.530063,35.84311399999999],[-78.529869,35.842625],[-78.528662,35.842641],[-78.528608,35.84259899999999],[-78.529548,35.842378000000004],[-78.529824,35.842151],[-78.529574,35.840371999999995],[-78.530268,35.839206999999995],[-78.530285,35.83895199999999],[-78.530511,35.838721],[-78.530539,35.837561],[-78.530661,35.837529999999994],[-78.530523,35.837534999999995],[-78.530319,35.837117],[-78.530344,35.836760999999996],[-78.52998700000002,35.835266],[-78.529249,35.835993],[-78.52905,35.836934],[-78.528856,35.83708299999999],[-78.528271,35.837157000000005],[-78.528085,35.837296],[-78.52639200000002,35.835952999999996],[-78.526215,35.835957000000015],[-78.526125,35.83625800000001],[-78.526006,35.83632800000001],[-78.525294,35.83649700000001],[-78.524939,35.83635999999999],[-78.524678,35.83655100000001],[-78.524599,35.83653],[-78.524487,35.83606300000001]]],[[[-78.527438,35.853412000000006],[-78.527891,35.85246],[-78.52835,35.85230399999998],[-78.528148,35.85212500000001],[-78.528197,35.851792999999994],[-78.52815,35.85166100000001],[-78.52773700000002,35.85152399999999],[-78.527036,35.851448],[-78.527345,35.851374],[-78.527585,35.851184],[-78.527445,35.851052],[-78.527509,35.85102],[-78.527601,35.851119],[-78.52769000000002,35.85107],[-78.527759,35.851122],[-78.527667,35.851164],[-78.527788,35.851215],[-78.527957,35.850993],[-78.528009,35.851083999999986],[-78.528106,35.85106],[-78.528319,35.85073899999999],[-78.528547,35.849819],[-78.528303,35.84948399999999],[-78.5279,35.84935600000001],[-78.528588,35.84925799999999],[-78.528853,35.848967],[-78.528769,35.84865000000001],[-78.528855,35.84858499999999],[-78.528838,35.848366999999996],[-78.5282,35.84804],[-78.52819,35.84795999999999],[-78.52929700000001,35.84815499999999],[-78.529169,35.84848599999999],[-78.529111,35.849749999999986],[-78.529317,35.853132],[-78.529276,35.853496],[-78.529054,35.854001],[-78.527271,35.853577],[-78.52722100000001,35.853538],[-78.527438,35.853412000000006]]],[[[-78.530443,35.849736],[-78.530562,35.848391],[-78.5312,35.848536],[-78.531404,35.849317],[-78.532233,35.84985199999999],[-78.53241300000002,35.849889999999995],[-78.532952,35.84966899999999],[-78.533039,35.84978400000001],[-78.533733,35.849748],[-78.534125,35.849343999999995],[-78.534294,35.849362],[-78.534396,35.84952599999998],[-78.534465,35.849491],[-78.534379,35.84938699999999],[-78.534455,35.849396],[-78.534484,35.84949199999999],[-78.534469,35.849601],[-78.534624,35.84957099999999],[-78.53480400000001,35.849818],[-78.535339,35.849807],[-78.535594,35.850115],[-78.53554,35.85018399999999],[-78.534649,35.850164],[-78.53384600000001,35.85054699999999],[-78.533437,35.85050400000001],[-78.533242,35.850688],[-78.533258,35.85111599999999],[-78.533711,35.85166400000001],[-78.533555,35.852543000000004],[-78.533837,35.852900999999996],[-78.534082,35.852945000000005],[-78.534126,35.85327999999999],[-78.534028,35.853165000000004],[-78.53398,35.853230999999994],[-78.533608,35.85315000000001],[-78.532901,35.85278399999999],[-78.532534,35.85187100000001],[-78.532193,35.851434999999995],[-78.53203,35.85140799999999],[-78.53147,35.850982],[-78.531167,35.851076],[-78.530781,35.85159],[-78.530697,35.85200999999999],[-78.530669,35.852513],[-78.530994,35.853607],[-78.53094,35.85432999999999],[-78.530379,35.854235],[-78.530706,35.853327],[-78.530477,35.850881],[-78.530443,35.849736]]],[[[-78.528512,35.854735999999995],[-78.52778,35.85504099999999],[-78.527601,35.85534],[-78.526131,35.856571],[-78.52526800000001,35.856823999999996],[-78.52302,35.85686999999999],[-78.52247,35.857134],[-78.521861,35.857231],[-78.518485,35.85646400000001],[-78.517409,35.85663599999999],[-78.516569,35.85732399999999],[-78.516147,35.857397],[-78.514668,35.856797],[-78.514431,35.856142],[-78.514205,35.855911],[-78.512891,35.855996],[-78.513872,35.855538],[-78.514514,35.855975],[-78.514765,35.856597],[-78.51554,35.857032],[-78.516333,35.85727299999999],[-78.516491,35.85675400000001],[-78.516804,35.856747000000006],[-78.517382,35.856339999999996],[-78.518299,35.85633599999999],[-78.518845,35.85642699999998],[-78.519242,35.856354],[-78.519073,35.85546899999999],[-78.519185,35.855236999999995],[-78.519447,35.85506],[-78.519656,35.855117],[-78.5197,35.855431],[-78.51988,35.855593999999996],[-78.52011100000001,35.85555],[-78.520301,35.855672],[-78.520532,35.855677],[-78.520768,35.85587],[-78.521405,35.855897999999996],[-78.521868,35.85608599999999],[-78.522084,35.855695999999995],[-78.522067,35.855219000000005],[-78.52201900000001,35.855011],[-78.521661,35.85468399999999],[-78.521645,35.85452],[-78.522157,35.85486],[-78.522385,35.855132999999995],[-78.522488,35.855793],[-78.522385,35.856011],[-78.522476,35.85623600000001],[-78.522873,35.856466],[-78.523235,35.85643200000001],[-78.523286,35.856246000000006],[-78.523148,35.855888],[-78.52334,35.85569],[-78.523306,35.855062],[-78.523468,35.854954],[-78.523833,35.855329999999995],[-78.523858,35.855667999999994],[-78.52409500000002,35.856062],[-78.524715,35.856549],[-78.525273,35.85640699999999],[-78.525665,35.85603400000001],[-78.525801,35.85564099999999],[-78.525705,35.855073999999995],[-78.525867,35.85484399999999],[-78.526322,35.854571],[-78.526739,35.85399699999999],[-78.528726,35.854362],[-78.528512,35.854735999999995]]],[[[-78.509103,35.85284299999999],[-78.50955,35.85352999999999],[-78.509716,35.854065],[-78.509996,35.854397999999996],[-78.510318,35.854605],[-78.510737,35.854621],[-78.510946,35.85492],[-78.511638,35.855033999999996],[-78.511792,35.855369999999986],[-78.512561,35.855761999999984],[-78.512745,35.855996999999995],[-78.512555,35.855968],[-78.5104,35.854745000000015],[-78.509879,35.854661],[-78.509258,35.85468699999999],[-78.508892,35.854814],[-78.508358,35.855186],[-78.507709,35.85646199999999],[-78.50748,35.856675],[-78.507114,35.856766],[-78.507503,35.856553999999996],[-78.507659,35.856283999999995],[-78.50789700000001,35.854987],[-78.508017,35.854863],[-78.508446,35.854743],[-78.508679,35.85451299999998],[-78.508705,35.85432899999999],[-78.508478,35.85390300000001],[-78.508768,35.853787000000004],[-78.508872,35.853617],[-78.509103,35.85284299999999]]],[[[-78.504409,35.855812],[-78.504952,35.855838],[-78.50556,35.856128],[-78.505976,35.856637000000006],[-78.507109,35.856766],[-78.50615500000002,35.856781999999995],[-78.505343,35.856187999999996],[-78.50395047299477,35.85595882873186],[-78.50404,35.85561599999998],[-78.504409,35.855812]]],[[[-78.511206,35.864919999999984],[-78.511088,35.864366000000004],[-78.51155,35.864343],[-78.512421,35.86379100000001],[-78.512392,35.863974999999996],[-78.512719,35.8641],[-78.512967,35.864532999999994],[-78.513286,35.864612],[-78.513662,35.864307],[-78.514312,35.864223],[-78.514592,35.864408999999995],[-78.514992,35.864415],[-78.515943,35.86401599999999],[-78.516008,35.863755999999995],[-78.515832,35.863073],[-78.515608,35.862881],[-78.515959,35.86261],[-78.516041,35.86221899999999],[-78.515669,35.861537999999996],[-78.515042,35.861061],[-78.51489,35.86084],[-78.514816,35.860615],[-78.514945,35.860198999999994],[-78.514798,35.860033],[-78.515099,35.85969300000001],[-78.515379,35.859598999999996],[-78.515496,35.859480000000005],[-78.51544,35.859438],[-78.515893,35.85918799999999],[-78.515876,35.858997],[-78.515521,35.858686000000006],[-78.516005,35.858133],[-78.515908,35.857873000000005],[-78.515107,35.85760599999999],[-78.514841,35.857386],[-78.5139,35.857271],[-78.513846,35.857149],[-78.514045,35.856545999999994],[-78.5139,35.85639700000001],[-78.51219,35.856517],[-78.511858,35.856744000000006],[-78.511608,35.856538],[-78.51123,35.856480999999995],[-78.510784,35.855767],[-78.51009,35.855405],[-78.509347,35.855654],[-78.509289,35.85589],[-78.509402,35.85632499999999],[-78.509278,35.856419],[-78.508582,35.85642199999999],[-78.508145,35.856673],[-78.507812,35.85706199999999],[-78.506806,35.857096],[-78.506229,35.85723600000001],[-78.505926,35.857368],[-78.505785,35.857656],[-78.505575,35.85765],[-78.505572,35.85728300000001],[-78.50492,35.856632000000005],[-78.504774,35.856533],[-78.504579,35.856662],[-78.504539,35.856592000000006],[-78.504377,35.856733999999996],[-78.504197,35.857157],[-78.504122,35.85744999999999],[-78.504192,35.857786999999995],[-78.50394,35.857834],[-78.50390500000002,35.85793399999999],[-78.50376388535753,35.85789735900323],[-78.50391511302404,35.8563143094173],[-78.505186,35.856520999999994],[-78.505764,35.857051999999996],[-78.506017,35.857164],[-78.507348,35.857014],[-78.507857,35.856807999999994],[-78.50866,35.85626099999999],[-78.509098,35.855598],[-78.5094,35.855336],[-78.510152,35.855312],[-78.512393,35.85634399999999],[-78.513167,35.856367],[-78.514046,35.85621599999999],[-78.514181,35.856942],[-78.51432,35.85708999999999],[-78.515121,35.85730899999999],[-78.515902,35.857715],[-78.516314,35.857793],[-78.516155,35.858723000000005],[-78.515839,35.859361],[-78.515411,35.859691000000005],[-78.515179,35.860476],[-78.515234,35.860761],[-78.515583,35.86104799999999],[-78.515779,35.861534000000006],[-78.516108,35.861920999999995],[-78.516306,35.86199800000001],[-78.516233,35.862616],[-78.515961,35.86307],[-78.51615,35.863758],[-78.516104,35.864024],[-78.514273,35.864711],[-78.513344,35.8649],[-78.513042,35.86482099999999],[-78.512759,35.864604],[-78.512666,35.86435000000001],[-78.512486,35.864272],[-78.511975,35.86431599999999],[-78.511594,35.8646],[-78.510774,35.865606],[-78.51092,35.865415],[-78.510911,35.865059],[-78.511206,35.864919999999984]]],[[[-78.525662,35.861456],[-78.525909,35.861328],[-78.526265,35.860831999999995],[-78.526907,35.85958999999999],[-78.526872,35.859041000000005],[-78.526774,35.85891899999999],[-78.526653,35.858867],[-78.52634500000002,35.859033999999994],[-78.525798,35.859086],[-78.52559,35.859502000000006],[-78.524868,35.859998],[-78.52479,35.860138],[-78.524111,35.85920699999999],[-78.523812,35.858484999999995],[-78.523525,35.85809700000001],[-78.523259,35.857969000000004],[-78.52307,35.858108],[-78.52258200000001,35.858187],[-78.522776,35.858803],[-78.522724,35.85944799999999],[-78.522926,35.859863],[-78.522667,35.86011499999999],[-78.522178,35.86022500000001],[-78.521563,35.85995700000001],[-78.521176,35.860056],[-78.520804,35.860040999999995],[-78.52002700000001,35.859667],[-78.51982,35.859769],[-78.519374,35.85977499999999],[-78.519135,35.859713],[-78.518892,35.859458000000004],[-78.518577,35.858925],[-78.518813,35.85774700000001],[-78.518711,35.857179],[-78.518364,35.857046],[-78.518115,35.857060999999995],[-78.517082,35.85771199999999],[-78.51703800000001,35.85798700000001],[-78.517392,35.85825299999999],[-78.517488,35.85854599999999],[-78.51682,35.859345999999995],[-78.516626,35.85944999999999],[-78.516489,35.85939900000001],[-78.516389,35.85951500000001],[-78.516746,35.859645],[-78.516942,35.859905],[-78.516644,35.859936],[-78.516589,35.860255],[-78.516422,35.86046700000001],[-78.516526,35.861339],[-78.516907,35.861472],[-78.517043,35.861859],[-78.517419,35.86220099999999],[-78.517745,35.862294],[-78.517569,35.862456],[-78.517247,35.862539000000005],[-78.51699500000001,35.862852],[-78.516479,35.863017000000006],[-78.51673,35.86357099999999],[-78.517096,35.863713],[-78.517084,35.863896],[-78.516877,35.86397],[-78.516767,35.86416300000001],[-78.516799,35.864544],[-78.516731,35.864627000000006],[-78.516292,35.864504],[-78.515937,35.864571],[-78.514817,35.86507],[-78.514588,35.86495599999999],[-78.514625,35.865165000000005],[-78.513989,35.865428],[-78.513022,35.865318999999985],[-78.512398,35.865098999999994],[-78.512298,35.86514600000001],[-78.512251,35.86557599999998],[-78.511736,35.865681],[-78.511308,35.866065],[-78.51129,35.866217999999996],[-78.51146,35.866453],[-78.51109700000002,35.866088],[-78.511135,35.865803],[-78.511752,35.865507],[-78.51209600000001,35.86494499999999],[-78.512468,35.86496699999999],[-78.513355,35.865231],[-78.513804,35.86518699999999],[-78.515016,35.86462],[-78.515973,35.86438400000001],[-78.516491,35.864121],[-78.51652,35.863671],[-78.516231,35.86307899999999],[-78.516489,35.862786],[-78.517043,35.86257599999998],[-78.517138,35.862244],[-78.517052,35.861983],[-78.516441,35.861367],[-78.516293,35.861051],[-78.516148,35.860246999999994],[-78.516179,35.859436],[-78.516418,35.85918],[-78.51694600000002,35.85894699999999],[-78.517045,35.858783],[-78.517145,35.858430999999996],[-78.516761,35.857967],[-78.51679,35.857675],[-78.517546,35.85717000000001],[-78.518105,35.85701999999999],[-78.518504,35.857053],[-78.520127,35.857828000000005],[-78.521804,35.85828200000001],[-78.522285,35.85821700000001],[-78.52284200000001,35.857775],[-78.523215,35.857663],[-78.523842,35.85772600000001],[-78.525129,35.858151],[-78.52553400000001,35.85817699999999],[-78.526894,35.857762],[-78.52764500000002,35.857212999999994],[-78.526663,35.86059],[-78.526536,35.863193],[-78.526124,35.861965],[-78.52597,35.861843],[-78.525559,35.86187100000001],[-78.525376,35.86197000000001],[-78.525257,35.861859],[-78.52496,35.86188500000001],[-78.524852,35.861814],[-78.525111,35.861547],[-78.525662,35.861456]]],[[[-78.509647,35.86755399999999],[-78.510001,35.86804300000001],[-78.51064,35.868265],[-78.511266,35.868141],[-78.511723,35.867916],[-78.511815,35.867653999999995],[-78.511774,35.86735599999999],[-78.512008,35.867917999999996],[-78.511886,35.868139],[-78.511541,35.86836900000001],[-78.511221,35.868449999999996],[-78.510415,35.86843599999999],[-78.510071,35.86828],[-78.509487,35.867795],[-78.509169,35.868002999999995],[-78.509273,35.86766800000001],[-78.509492,35.867540999999996],[-78.509647,35.86755399999999]]],[[[-78.53098600000001,35.854935999999995],[-78.530649,35.85634799999998],[-78.530444,35.856745000000004],[-78.530016,35.857144000000005],[-78.529953,35.857656],[-78.529616,35.85792599999999],[-78.529856,35.858498],[-78.5301,35.858772],[-78.530314,35.85892299999999],[-78.530378,35.858824000000006],[-78.530506,35.85887699999999],[-78.53006,35.85899],[-78.52963,35.858937999999995],[-78.529538,35.85917700000001],[-78.529409,35.859216],[-78.529095,35.858786000000016],[-78.529051,35.859065],[-78.52914,35.859083],[-78.528977,35.85923],[-78.52893,35.859887],[-78.528735,35.86019600000001],[-78.528634,35.86140700000001],[-78.52867,35.861644],[-78.528961,35.86208299999999],[-78.528945,35.862594],[-78.529197,35.86299600000001],[-78.529055,35.863088],[-78.529034,35.86330600000001],[-78.529199,35.86353599999999],[-78.529455,35.863438999999985],[-78.52954,35.863487],[-78.529719,35.863817999999995],[-78.529554,35.864160999999996],[-78.529594,35.864327],[-78.5298,35.86463200000001],[-78.530044,35.864731],[-78.529997,35.864923],[-78.530063,35.865003999999985],[-78.530113,35.86466699999998],[-78.530222,35.864626],[-78.530442,35.864742],[-78.531282,35.864677],[-78.531685,35.86447999999999],[-78.53211000000002,35.86410299999999],[-78.532471,35.864107],[-78.532149,35.86425299999999],[-78.53166,35.864858],[-78.53092,35.86511],[-78.530878,35.865676],[-78.53122,35.865929],[-78.531684,35.86593400000001],[-78.531821,35.866228],[-78.532312,35.866401999999994],[-78.532981,35.866993],[-78.533774,35.867401],[-78.534401,35.866964],[-78.534908,35.86681900000001],[-78.53501500000002,35.866865000000004],[-78.53455,35.86712599999999],[-78.534131,35.86779799999999],[-78.534456,35.868123],[-78.53501300000002,35.868961],[-78.535312,35.869157],[-78.535537,35.869821999999985],[-78.535753,35.87011499999999],[-78.536075,35.870001],[-78.536477,35.869658],[-78.536981,35.868698],[-78.537428,35.86847699999999],[-78.537507,35.868345999999995],[-78.537528,35.868595],[-78.537182,35.86892100000001],[-78.537129,35.869158],[-78.537229,35.869355999999996],[-78.536856,35.86995700000001],[-78.536568,35.870112999999996],[-78.536607,35.870253999999996],[-78.537619,35.870736],[-78.537808,35.870768999999996],[-78.538197,35.870605000000005],[-78.538783,35.870616999999996],[-78.538977,35.870725],[-78.539354,35.870612],[-78.539298,35.87075899999999],[-78.539379,35.87081499999999],[-78.538295,35.87096100000001],[-78.538268,35.87102999999999],[-78.538054,35.87095200000001],[-78.537976,35.87104899999999],[-78.537988,35.871326],[-78.53812,35.87137799999999],[-78.538085,35.871255],[-78.538201,35.87132799999999],[-78.538186,35.87125000000001],[-78.538442,35.871435],[-78.53854,35.87256699999999],[-78.538188,35.873089],[-78.53831,35.873301],[-78.538288,35.87401899999999],[-78.538184,35.874069999999996],[-78.538041,35.87462799999999],[-78.537897,35.874725000000005],[-78.537765,35.875035999999994],[-78.537955,35.875327],[-78.537682,35.875706999999984],[-78.537218,35.87604600000001],[-78.53579900000001,35.876764],[-78.534952,35.87707799999999],[-78.534259,35.877135999999986],[-78.534258,35.87721],[-78.533832,35.87726599999999],[-78.533627,35.87761199999999],[-78.533303,35.877757],[-78.533241,35.877874],[-78.533102,35.87787099999999],[-78.532945,35.87801700000001],[-78.533036,35.87842799999999],[-78.532707,35.879505999999985],[-78.531668,35.880421999999996],[-78.531363,35.880817],[-78.5311,35.880940999999986],[-78.530704,35.881318],[-78.530122,35.881631],[-78.529531,35.88179999999999],[-78.529651,35.882389],[-78.52819,35.883669],[-78.527622,35.883178],[-78.527381,35.88281799999999],[-78.527445,35.882336],[-78.528086,35.88173299999999],[-78.529419,35.879857999999984],[-78.530148,35.879059],[-78.530826,35.878417],[-78.53324400000001,35.87668599999999],[-78.533902,35.87606],[-78.535689,35.87390099999999],[-78.53607,35.873318000000005],[-78.536306,35.872389],[-78.536309,35.87183499999999],[-78.536072,35.87080600000001],[-78.535265,35.869428],[-78.534264,35.868088],[-78.533708,35.86754199999999],[-78.532244,35.866517],[-78.529689,35.86517900000001],[-78.529251,35.864834],[-78.528962,35.864487],[-78.52841,35.863307000000006],[-78.528245,35.862435999999995],[-78.528193,35.86085299999999],[-78.529564,35.85583900000001],[-78.530096,35.85459900000001],[-78.530866,35.854809],[-78.53098600000001,35.854935999999995]]],[[[-78.509352,35.86855899999999],[-78.509147,35.869068999999996],[-78.508907,35.86925000000001],[-78.507969,35.86928300000001],[-78.507654,35.86941399999999],[-78.507948,35.869259],[-78.50884700000002,35.86917400000001],[-78.509279,35.868663000000005],[-78.509311,35.86845799999999],[-78.509352,35.86855899999999]]],[[[-78.503089,35.87171699999999],[-78.503544,35.871714999999995],[-78.503719,35.871583],[-78.503984,35.871627999999994],[-78.504327,35.87154799999999],[-78.504643,35.871621],[-78.50651,35.87106],[-78.506641,35.870725],[-78.506548,35.87015799999999],[-78.506831,35.869659],[-78.506814,35.86932699999999],[-78.50732,35.86878200000001],[-78.507257,35.86862],[-78.507397,35.868396],[-78.50720700000001,35.868131],[-78.507481,35.867976000000006],[-78.507586,35.86758],[-78.50754,35.866947],[-78.508321,35.866564],[-78.508752,35.866013],[-78.509292,35.866069],[-78.50979700000002,35.86636300000001],[-78.510415,35.866260999999994],[-78.510097,35.86641999999999],[-78.509482,35.866387],[-78.509084,35.86645500000001],[-78.508283,35.86679999999999],[-78.5081,35.867056],[-78.507952,35.867594000000004],[-78.508361,35.868356000000006],[-78.508312,35.868705],[-78.508193,35.868873],[-78.507379,35.869307],[-78.507135,35.869571],[-78.50691,35.869944000000004],[-78.506826,35.870953],[-78.506738,35.87103700000001],[-78.506205,35.87127400000001],[-78.504901,35.87161],[-78.504608,35.871794],[-78.503704,35.87203199999999],[-78.50359,35.87204100000001],[-78.503089,35.87171699999999]]],[[[-78.528619,35.878195],[-78.528691,35.87787],[-78.529109,35.877586],[-78.529561,35.876926],[-78.529658,35.87653],[-78.529475,35.875842],[-78.529853,35.875716999999995],[-78.529816,35.875423],[-78.529109,35.87454499999999],[-78.529661,35.87458899999999],[-78.529869,35.874686],[-78.530367,35.875223],[-78.530591,35.875682],[-78.530519,35.87590099999999],[-78.530591,35.875941],[-78.531007,35.875559],[-78.530968,35.875161],[-78.531144,35.87518],[-78.53133400000002,35.875072999999986],[-78.53133400000002,35.874915],[-78.531416,35.87493799999999],[-78.531234,35.874453],[-78.531651,35.874355],[-78.531613,35.87412599999999],[-78.531759,35.874274],[-78.531864,35.874278000000004],[-78.531893,35.87417099999999],[-78.531858,35.874018],[-78.531665,35.873960999999994],[-78.531643,35.873791000000004],[-78.531512,35.87370799999999],[-78.53124200000002,35.87371600000001],[-78.530945,35.87318100000001],[-78.531994,35.873144999999994],[-78.532257,35.87325200000001],[-78.532403,35.873748000000006],[-78.532657,35.873836],[-78.532927,35.87381100000001],[-78.533452,35.873332999999995],[-78.53363,35.87298599999999],[-78.53339,35.87287999999999],[-78.533324,35.872539999999994],[-78.53321,35.872467999999984],[-78.532902,35.87240100000001],[-78.532047,35.872519000000004],[-78.531512,35.872473],[-78.532988,35.872327],[-78.533118,35.87156000000001],[-78.532922,35.871311999999996],[-78.532695,35.87136999999999],[-78.53251,35.871837000000006],[-78.53136,35.871799],[-78.531263,35.870969999999986],[-78.530212,35.870764],[-78.52982300000001,35.870329],[-78.529013,35.86994000000001],[-78.528113,35.869309],[-78.527691,35.868888000000005],[-78.527543,35.86859599999999],[-78.527687,35.868454],[-78.52748,35.86833900000001],[-78.527575,35.867873],[-78.52748100000001,35.86771399999999],[-78.526975,35.86709799999999],[-78.526528,35.866859000000005],[-78.525841,35.865766],[-78.525329,35.865827],[-78.52492600000001,35.86595599999999],[-78.524929,35.866022],[-78.524794,35.86592399999999],[-78.524967,35.865678],[-78.52527,35.865629999999996],[-78.52564,35.86516699999999],[-78.525603,35.864624],[-78.52593,35.86431199999999],[-78.526123,35.86373999999999],[-78.526535,35.86322199999999],[-78.52657,35.864062],[-78.526736,35.864735],[-78.527421,35.866153],[-78.527889,35.866667],[-78.533361,35.870805],[-78.533771,35.871430000000004],[-78.533853,35.87188499999999],[-78.533809,35.87272099999999],[-78.53348,35.87350599999999],[-78.532353,35.87495599999999],[-78.531189,35.876056],[-78.529403,35.87748399999999],[-78.528129,35.87897],[-78.52769000000002,35.87885799999999],[-78.527377,35.878910999999995],[-78.526395,35.879406],[-78.526055,35.879404],[-78.52484,35.878975],[-78.522898,35.879394000000005],[-78.52245300000001,35.87934299999999],[-78.522697,35.879054],[-78.523199,35.87895499999999],[-78.52344,35.878817],[-78.523607,35.878496],[-78.523756,35.878593999999985],[-78.523984,35.87854300000001],[-78.524074,35.878331999999986],[-78.524439,35.878105000000005],[-78.524591,35.878104],[-78.524776,35.878236],[-78.525111,35.87860899999998],[-78.525673,35.87858899999999],[-78.526144,35.878775000000005],[-78.52656600000002,35.878696999999995],[-78.526979,35.878781000000004],[-78.527928,35.878660999999994],[-78.528142,35.87874399999998],[-78.528619,35.878195]]],[[[-78.505147,35.87192199999999],[-78.507038,35.871891999999995],[-78.507414,35.87165400000001],[-78.50853,35.87116600000001],[-78.508567,35.871074],[-78.507442,35.870005],[-78.507642,35.869431],[-78.507684,35.869919],[-78.508066,35.870192],[-78.50858,35.87038499999999],[-78.508716,35.870533],[-78.508762,35.870948],[-78.508548,35.871346],[-78.507945,35.87147100000001],[-78.507451,35.871683999999995],[-78.507079,35.872001],[-78.506469,35.87208],[-78.506366,35.872243],[-78.506189,35.87230799999999],[-78.506047,35.872068],[-78.504884,35.872012999999995],[-78.504548,35.872106],[-78.504004,35.87217400000001],[-78.505147,35.87192199999999]]],[[[-78.503976,35.87229399999999],[-78.503708,35.872472],[-78.503589,35.872614999999996],[-78.503595,35.87254],[-78.504004,35.87217400000001],[-78.503976,35.87229399999999]]],[[[-78.546789,35.87920200000001],[-78.547136,35.879248000000004],[-78.54732100000001,35.879319],[-78.547162,35.879437],[-78.546789,35.87920200000001]]],[[[-78.493315,35.878281],[-78.493144,35.87847499999999],[-78.4929552577826,35.878660326052284],[-78.492951,35.87859600000001],[-78.49315900000002,35.878389],[-78.493315,35.878281]]],[[[-78.524078,35.879602],[-78.522355,35.879794],[-78.522379,35.87951699999999],[-78.523267,35.87958900000001],[-78.523657,35.879352],[-78.524734,35.87917399999999],[-78.525835,35.879823],[-78.526602,35.87991399999999],[-78.527148,35.879822000000004],[-78.527614,35.87919],[-78.527861,35.87905299999999],[-78.528048,35.879071],[-78.526973,35.880881],[-78.526752,35.88115899999999],[-78.52609700000001,35.881600999999996],[-78.525852,35.881885000000004],[-78.525713,35.882243],[-78.525771,35.882688],[-78.52608700000002,35.88318400000001],[-78.52741,35.884357],[-78.526825,35.884812999999994],[-78.526187,35.884421],[-78.525995,35.884205],[-78.526037,35.884043000000005],[-78.525862,35.883551999999995],[-78.525456,35.883069000000006],[-78.52513900000001,35.883],[-78.5248,35.88275299999999],[-78.524552,35.882720000000006],[-78.523498,35.882861],[-78.523806,35.882670999999995],[-78.523279,35.882546],[-78.524648,35.882472],[-78.525323,35.88235300000001],[-78.525523,35.882214999999995],[-78.525806,35.88175900000001],[-78.526922,35.88089399999999],[-78.52697,35.88030599999999],[-78.526843,35.880061999999995],[-78.525807,35.88027],[-78.525357,35.880213999999995],[-78.524647,35.87990500000001],[-78.524411,35.87948299999999],[-78.524078,35.879602]]],[[[-78.534935,35.879807],[-78.536715,35.87939000000001],[-78.536895,35.87913399999999],[-78.537184,35.879239999999996],[-78.537296,35.87953000000001],[-78.537604,35.87963799999999],[-78.538422,35.879715999999995],[-78.538624,35.879615],[-78.538625,35.879419],[-78.538806,35.879229],[-78.538883,35.87939899999999],[-78.539124,35.879448000000004],[-78.539129,35.879279999999994],[-78.539186,35.879940999999995],[-78.539412,35.880013999999996],[-78.540152,35.88069599999999],[-78.53852000000002,35.879991999999994],[-78.537853,35.87981599999999],[-78.537048,35.879751],[-78.53574,35.879833],[-78.535047,35.879957999999995],[-78.534509,35.880236],[-78.534662,35.87998000000001],[-78.534935,35.879807]]],[[[-78.515855,35.879807],[-78.516159,35.87956],[-78.517145,35.87997800000001],[-78.517783,35.880024],[-78.518175,35.879861999999996],[-78.518625,35.879526999999996],[-78.518816,35.879585],[-78.519095,35.880012],[-78.519383,35.880078],[-78.520008,35.880035],[-78.520402,35.879931],[-78.520593,35.879623],[-78.521041,35.879450999999996],[-78.521117,35.879329],[-78.521019,35.879108],[-78.521127,35.878953],[-78.521505,35.878961000000004],[-78.522144,35.879142],[-78.52212,35.87928699999999],[-78.521778,35.879252999999984],[-78.521406,35.87933900000001],[-78.520812,35.87993],[-78.52020300000001,35.880074],[-78.519328,35.880114000000006],[-78.518911,35.88003799999999],[-78.518693,35.879718000000004],[-78.517954,35.87999599999999],[-78.517612,35.880067],[-78.516307,35.880010000000006],[-78.51559,35.88015799999999],[-78.514727,35.880551000000004],[-78.51460400000002,35.88110699999999],[-78.514471,35.880574],[-78.51469800000001,35.88051999999999],[-78.514924,35.88026800000001],[-78.515571,35.879917999999996],[-78.515733,35.879742],[-78.515855,35.879807]]],[[[-78.493389,35.879630999999996],[-78.49338000000002,35.879814999999994],[-78.49326025291035,35.87961452424964],[-78.493389,35.879630999999996]]],[[[-78.515477,35.880438999999996],[-78.517034,35.88016799999998],[-78.517517,35.880254],[-78.518447,35.879933],[-78.518841,35.880114999999996],[-78.519197,35.88016900000001],[-78.520836,35.88026],[-78.52102400000001,35.880188],[-78.52153800000002,35.87962099999999],[-78.52205,35.879448000000004],[-78.521931,35.879792],[-78.521443,35.879921],[-78.52080300000002,35.880517999999995],[-78.520531,35.88048700000001],[-78.520138,35.880249],[-78.519545,35.880315],[-78.519003,35.880223],[-78.518732,35.88032299999999],[-78.5185,35.880033],[-78.518102,35.880055],[-78.517273,35.88047900000001],[-78.516736,35.88037200000001],[-78.516144,35.88051899999999],[-78.51616,35.880626],[-78.515791,35.880612],[-78.515122,35.880825],[-78.514781,35.881231],[-78.514903,35.88067899999999],[-78.515477,35.880438999999996]]],[[[-78.542671,35.883393],[-78.542813,35.883335],[-78.543146,35.88280499999999],[-78.54353,35.882697],[-78.54361,35.882591999999995],[-78.543792,35.88102500000001],[-78.543961,35.880907],[-78.544196,35.87977200000001],[-78.545217,35.879535],[-78.545932,35.87926699999999],[-78.546534,35.879421],[-78.546929,35.879621],[-78.546521,35.879905],[-78.545664,35.88025],[-78.544623,35.880891000000005],[-78.544352,35.881295000000016],[-78.543877,35.882670999999995],[-78.54321,35.88310899999999],[-78.543037,35.883388],[-78.542829,35.883523],[-78.542414,35.883506000000004],[-78.542099,35.883373],[-78.541851,35.882193],[-78.54152,35.88154899999999],[-78.541203,35.88116399999999],[-78.540317,35.88076499999998],[-78.541489,35.88082200000001],[-78.541738,35.880939],[-78.541755,35.88145899999999],[-78.54208200000001,35.881796],[-78.542451,35.88186],[-78.542474,35.881991],[-78.542311,35.882011999999996],[-78.542586,35.882121999999995],[-78.542593,35.882421],[-78.542455,35.882392],[-78.542203,35.882664999999996],[-78.542353,35.883145000000006],[-78.542671,35.883393]]],[[[-78.51248,35.882806999999985],[-78.512984,35.882509],[-78.513504,35.882417000000004],[-78.513795,35.882207],[-78.514012,35.881783000000006],[-78.513886,35.88150199999998],[-78.513931,35.881392],[-78.51426,35.881358],[-78.514372,35.88124299999999],[-78.514405,35.881228],[-78.514472,35.881221],[-78.513814,35.882273999999995],[-78.513555,35.88242699999999],[-78.513104,35.88250800000001],[-78.512486,35.882815],[-78.512414,35.882837],[-78.512381,35.882837],[-78.51227200000001,35.88277399999999],[-78.51248,35.882806999999985]]],[[[-78.543573,35.88447899999999],[-78.542567,35.88428],[-78.542589,35.88454099999999],[-78.54229500000001,35.884722],[-78.542806,35.88704500000001],[-78.543398,35.887809000000004],[-78.543971,35.888985999999996],[-78.543997,35.889764],[-78.543751,35.889678],[-78.543453,35.889392],[-78.543278,35.888673],[-78.543039,35.888284],[-78.5425,35.88794699999999],[-78.542146,35.888119],[-78.541744,35.888577999999995],[-78.541127,35.88890899999999],[-78.539343,35.889607],[-78.53848500000001,35.889849000000005],[-78.538294,35.890031],[-78.538216,35.890342],[-78.538846,35.891264],[-78.539245,35.89164800000001],[-78.540153,35.892011],[-78.54017200000001,35.892301999999994],[-78.540034,35.89242899999999],[-78.53992,35.892469999999996],[-78.539671,35.892257],[-78.538446,35.891715999999995],[-78.538366,35.891354000000014],[-78.538099,35.891001],[-78.537419,35.89069700000001],[-78.537264,35.890761],[-78.536974,35.890629000000004],[-78.536814,35.890693999999996],[-78.53629,35.891033],[-78.535863,35.891615999999985],[-78.535622,35.892568],[-78.535444,35.89286799999999],[-78.535462,35.893427],[-78.536661,35.894583999999995],[-78.536979,35.89465],[-78.537564,35.89511699999999],[-78.538129,35.895306],[-78.538691,35.89529899999999],[-78.538732,35.895348],[-78.538327,35.89538000000001],[-78.538564,35.89551699999999],[-78.538752,35.895499999999984],[-78.538423,35.895909],[-78.53848500000001,35.895575],[-78.538243,35.89544599999999],[-78.538047,35.89548700000001],[-78.53809,35.895869000000005],[-78.538303,35.89599599999999],[-78.538176,35.89617899999999],[-78.537651,35.896088999999996],[-78.537431,35.896218],[-78.53739,35.896319],[-78.537563,35.896457999999996],[-78.537519,35.896586],[-78.537422,35.896587],[-78.537458,35.896837000000005],[-78.537378,35.896877],[-78.537391,35.896756],[-78.536879,35.896694],[-78.536882,35.896733000000005],[-78.536787,35.89677600000001],[-78.536742,35.89672499999999],[-78.53684,35.89673200000001],[-78.536691,35.896545],[-78.536802,35.896464],[-78.536821,35.896229],[-78.536498,35.895919],[-78.536086,35.895877],[-78.536169,35.89596700000001],[-78.536049,35.896574],[-78.536113,35.897538],[-78.536277,35.89748],[-78.536574,35.897568],[-78.536514,35.897890999999994],[-78.536001,35.898157],[-78.535897,35.898297],[-78.535935,35.89862099999999],[-78.536159,35.898886000000005],[-78.536079,35.89897299999999],[-78.5362,35.89959000000001],[-78.536168,35.900968],[-78.536311,35.901178],[-78.5365,35.901253999999994],[-78.536494,35.901441000000005],[-78.536854,35.901872999999995],[-78.536888,35.902664],[-78.53699,35.902695],[-78.537172,35.90258099999999],[-78.537624,35.902001],[-78.537949,35.90185499999999],[-78.538032,35.90137300000001],[-78.538449,35.90119800000001],[-78.538583,35.900937],[-78.538786,35.900865999999986],[-78.538836,35.90074],[-78.53992,35.900413],[-78.539994,35.900416],[-78.539877,35.90053],[-78.539918,35.900604],[-78.539754,35.900727],[-78.539528,35.901223],[-78.539305,35.90135200000001],[-78.539162,35.901598],[-78.539181,35.90185600000001],[-78.539102,35.90182000000001],[-78.539285,35.90205699999999],[-78.53917700000001,35.90244],[-78.539251,35.902505],[-78.539386,35.90230900000001],[-78.539674,35.902494],[-78.540197,35.902475],[-78.540497,35.90198999999999],[-78.540438,35.901619999999994],[-78.540569,35.901111],[-78.540675,35.901135],[-78.540867,35.900962],[-78.540863,35.90114200000001],[-78.541035,35.901257999999984],[-78.541585,35.901078000000005],[-78.541798,35.90091900000001],[-78.541901,35.90069100000001],[-78.541724,35.900372000000004],[-78.541383,35.900243],[-78.542255,35.899639],[-78.543154,35.899273],[-78.54343,35.899438999999994],[-78.54359,35.89987],[-78.544172,35.900331],[-78.545142,35.900506],[-78.545671,35.90030600000001],[-78.546633,35.899603],[-78.54962,35.901528],[-78.549895,35.901849],[-78.550592,35.902361],[-78.55106,35.902576],[-78.551489,35.903423999999994],[-78.552136,35.904054],[-78.552269,35.904604000000006],[-78.552638,35.905043],[-78.552536,35.90507399999999],[-78.55273600000001,35.90511699999999],[-78.553152,35.90551799999999],[-78.55334,35.905535],[-78.553354,35.905451],[-78.553589,35.905529],[-78.553586,35.905818999999994],[-78.554094,35.90612600000001],[-78.554224,35.90655499999999],[-78.55449,35.90660200000001],[-78.555204,35.90758399999999],[-78.554594,35.908441],[-78.55156,35.906876],[-78.550014,35.906206999999995],[-78.549,35.905961000000005],[-78.54545,35.905421999999994],[-78.543228,35.905244],[-78.542586,35.905274999999996],[-78.541402,35.905716000000005],[-78.54012500000002,35.906453000000006],[-78.539497,35.90655899999999],[-78.539118,35.90643399999999],[-78.538152,35.905812],[-78.536965,35.904199999999996],[-78.536645,35.903581],[-78.53596,35.900471],[-78.535242,35.897785999999996],[-78.534756,35.895075999999996],[-78.53471200000001,35.894465999999994],[-78.534826,35.893506],[-78.535675,35.891123],[-78.536134,35.89059300000001],[-78.537019,35.89010199999999],[-78.538804,35.88884699999999],[-78.54034800000001,35.88724500000001],[-78.541466,35.885715999999995],[-78.541712,35.88519799999999],[-78.542043,35.883996],[-78.542405,35.883917999999994],[-78.543215,35.88396599999999],[-78.543823,35.883856999999985],[-78.544622,35.883318],[-78.545442,35.88291199999999],[-78.545809,35.882488],[-78.546124,35.88182400000001],[-78.547734,35.880275],[-78.548475,35.88103100000001],[-78.548117,35.881041999999994],[-78.54811,35.881187000000004],[-78.54799,35.881202],[-78.548097,35.881425],[-78.547362,35.881413],[-78.547299,35.881741],[-78.547591,35.882397],[-78.547553,35.88259200000001],[-78.547195,35.88285199999999],[-78.546783,35.882994000000004],[-78.546587,35.883405999999994],[-78.546248,35.883661999999994],[-78.546244,35.883851],[-78.54637100000001,35.884015999999995],[-78.545905,35.883896],[-78.545664,35.883528999999996],[-78.544954,35.883644],[-78.544747,35.88394100000001],[-78.544258,35.884239999999984],[-78.544546,35.884491],[-78.544814,35.885253],[-78.544384,35.884949000000006],[-78.544216,35.884409],[-78.543573,35.88447899999999]],[[-78.540952,35.905016],[-78.541035,35.904655999999996],[-78.541249,35.905001000000006],[-78.54138000000002,35.904915],[-78.541445,35.90499499999999],[-78.541493,35.904854],[-78.541802,35.904765],[-78.542327,35.904957],[-78.542816,35.904441],[-78.542937,35.90404],[-78.542775,35.903833999999996],[-78.542284,35.903895],[-78.542181,35.903786],[-78.54186100000001,35.903834],[-78.541136,35.903667],[-78.540928,35.903566],[-78.54065,35.90322500000001],[-78.540315,35.903273],[-78.540266,35.903354],[-78.540167,35.90297],[-78.540004,35.90285499999999],[-78.539661,35.902985],[-78.539575,35.903155999999996],[-78.539604,35.90368999999999],[-78.539489,35.903807999999984],[-78.539623,35.903881000000005],[-78.539514,35.90409],[-78.539682,35.904194],[-78.539625,35.90432],[-78.539533,35.904204],[-78.539255,35.90422],[-78.53922000000001,35.904478],[-78.539482,35.904623],[-78.539514,35.90473200000001],[-78.539682,35.904626],[-78.539872,35.904901],[-78.539876,35.90510999999999],[-78.539993,35.905137],[-78.540014,35.90506],[-78.540319,35.90496400000001],[-78.54051200000002,35.90510400000001],[-78.540622,35.905013999999994],[-78.540798,35.905248],[-78.540952,35.905016]]],[[[-78.513822,35.882404],[-78.514655,35.881585999999984],[-78.514717,35.881412000000005],[-78.514991,35.88160299999999],[-78.514962,35.881691999999994],[-78.514664,35.88166199999999],[-78.514518,35.88179399999999],[-78.514564,35.88194199999999],[-78.514776,35.882074],[-78.514745,35.88217499999999],[-78.514502,35.882116],[-78.514619,35.882226],[-78.514022,35.882263],[-78.513667,35.882613],[-78.513496,35.883022999999994],[-78.5134,35.882641],[-78.513247,35.882644],[-78.513065,35.882842999999994],[-78.512966,35.882906999999996],[-78.512904,35.88291199999999],[-78.513254,35.882577999999995],[-78.513822,35.882404]]],[[[-78.528563,35.883934],[-78.529873,35.882888],[-78.53088,35.883278],[-78.532258,35.88291],[-78.532538,35.88247700000001],[-78.53306800000001,35.882263],[-78.533689,35.88126599999999],[-78.53265,35.88355599999999],[-78.532099,35.88423399999999],[-78.531365,35.88471099999999],[-78.530758,35.88484699999999],[-78.530135,35.884733],[-78.528563,35.883934]]],[[[-78.510996,35.88302399999999],[-78.510396,35.883107],[-78.510214,35.88309500000001],[-78.508273,35.883661999999994],[-78.508193,35.88413299999999],[-78.507958,35.884396],[-78.507783,35.884306],[-78.508069,35.883641],[-78.50868,35.88335599999999],[-78.509157,35.88333],[-78.510011,35.88302600000001],[-78.510408,35.88309500000002],[-78.510936,35.88302199999999],[-78.511322,35.882802],[-78.511686,35.882721999999994],[-78.51206,35.88270200000001],[-78.51226800000002,35.88277299999999],[-78.511679,35.882806],[-78.510996,35.88302399999999]]],[[[-78.50846000000001,35.883798000000006],[-78.509739,35.88332],[-78.51226,35.88307799999999],[-78.512904,35.88291199999999],[-78.512077,35.88319099999999],[-78.511693,35.88321500000001],[-78.511276,35.883404999999996],[-78.51040900000001,35.883368],[-78.510185,35.883447999999994],[-78.510138,35.883618999999996],[-78.509467,35.883435],[-78.508906,35.883731],[-78.50874,35.883967],[-78.508528,35.884043],[-78.508102,35.88442499999999],[-78.508341,35.884181999999996],[-78.50846000000001,35.883798000000006]]],[[[-78.539487,35.88390100000001],[-78.53952,35.883667999999986],[-78.539741,35.88361],[-78.539803,35.88349899999999],[-78.539734,35.883101999999994],[-78.53939,35.882753999999984],[-78.539188,35.88279099999999],[-78.539153,35.88287299999999],[-78.538768,35.88281599999999],[-78.538854,35.88285999999999],[-78.538054,35.882870000000004],[-78.537706,35.882655],[-78.537904,35.882609],[-78.537817,35.882547],[-78.538461,35.882433],[-78.538341,35.88235000000001],[-78.538463,35.88232800000001],[-78.538359,35.88217600000001],[-78.537797,35.88192899999999],[-78.536826,35.881886],[-78.536151,35.88215399999999],[-78.536078,35.882359],[-78.53631500000002,35.882381],[-78.536134,35.88266899999999],[-78.536427,35.882904999999994],[-78.536615,35.882924],[-78.536525,35.882856],[-78.536717,35.882813999999996],[-78.53673,35.882892],[-78.536869,35.882905999999984],[-78.536929,35.882817],[-78.537538,35.882957000000005],[-78.537872,35.883165999999996],[-78.53808,35.88368599999999],[-78.53792000000001,35.883665],[-78.537808,35.88376599999999],[-78.537083,35.883669999999995],[-78.536017,35.882796],[-78.535849,35.88291000000001],[-78.535421,35.882932000000004],[-78.535502,35.883157000000004],[-78.535427,35.88336],[-78.534985,35.883519],[-78.53471000000002,35.88381699999999],[-78.534714,35.88410499999999],[-78.534464,35.884143],[-78.534288,35.88431800000001],[-78.533878,35.88649000000001],[-78.533405,35.88700299999999],[-78.53187,35.887428],[-78.530997,35.887914],[-78.530228,35.887856],[-78.530276,35.887736],[-78.530166,35.887803],[-78.529884,35.887753999999994],[-78.529886,35.88768500000001],[-78.52943,35.88794299999999],[-78.529244,35.887952],[-78.529112,35.88786299999999],[-78.529348,35.88749099999999],[-78.52916,35.886945000000004],[-78.52927,35.886064999999995],[-78.528674,35.88540299999999],[-78.528349,35.8853],[-78.528304,35.885729],[-78.528137,35.88590099999999],[-78.528084,35.886176],[-78.52756300000001,35.88671899999999],[-78.52739700000001,35.886772],[-78.527182,35.886696999999984],[-78.527102,35.88650700000001],[-78.526903,35.886422],[-78.526246,35.886336],[-78.526327,35.886055999999996],[-78.52686,35.88575900000001],[-78.527082,35.885349],[-78.527734,35.88463],[-78.529444,35.88601700000001],[-78.529732,35.88615399999999],[-78.530612,35.886318],[-78.531099,35.886295],[-78.531951,35.886013999999996],[-78.532592,35.88568200000001],[-78.533111,35.885264],[-78.533845,35.884475],[-78.53509,35.88204400000001],[-78.535534,35.881463999999994],[-78.536234,35.881269],[-78.5371,35.881310000000006],[-78.537889,35.88149799999999],[-78.539536,35.882136],[-78.539995,35.882483],[-78.540126,35.88347300000001],[-78.539952,35.884783],[-78.539307,35.885807],[-78.538176,35.887063999999995],[-78.53726,35.88783999999998],[-78.535769,35.888802000000005],[-78.535935,35.888499],[-78.53613900000002,35.888434000000004],[-78.537015,35.88753100000001],[-78.537583,35.88632],[-78.538345,35.885585],[-78.538625,35.88544600000001],[-78.539537,35.88445000000001],[-78.53967,35.88413],[-78.539487,35.88390100000001]]],[[[-78.53466,35.90343499999999],[-78.533993,35.902888999999995],[-78.534178,35.90271799999999],[-78.534129,35.902513000000006],[-78.533753,35.902261],[-78.533527,35.901839999999986],[-78.533696,35.901351],[-78.533468,35.900956],[-78.533527,35.900869000000014],[-78.532651,35.899835],[-78.532691,35.89967600000001],[-78.532974,35.899697999999994],[-78.532959,35.899514],[-78.532734,35.899113],[-78.532132,35.89859],[-78.531917,35.89695600000001],[-78.531809,35.89675799999999],[-78.531864,35.896452000000004],[-78.531791,35.896146],[-78.531498,35.89581999999999],[-78.531601,35.895718],[-78.531478,35.895218],[-78.53136,35.895139],[-78.530991,35.895188999999995],[-78.530673,35.894942],[-78.530779,35.89490899999999],[-78.530993,35.895057],[-78.530963,35.894936],[-78.531211,35.894842],[-78.531344,35.89453],[-78.531387,35.89386499999999],[-78.532479,35.892552],[-78.532409,35.892467999999994],[-78.53255,35.892274],[-78.532418,35.89113],[-78.532389,35.891029],[-78.532024,35.890902000000004],[-78.533347,35.889492],[-78.533679,35.889373],[-78.533924,35.889136],[-78.534081,35.88917899999999],[-78.534161,35.889069],[-78.534859,35.88910500000001],[-78.53548,35.888949],[-78.534211,35.88948500000001],[-78.533675,35.89016300000001],[-78.53271800000002,35.892744],[-78.532404,35.894499],[-78.532666,35.89642899999998],[-78.533246,35.898527],[-78.534263,35.90157799999999],[-78.534781,35.903883],[-78.535056,35.904596],[-78.534999,35.90505700000001],[-78.533551,35.904281999999995],[-78.532526,35.90415599999999],[-78.53146,35.90419299999999],[-78.531112,35.90441],[-78.531059,35.904740000000004],[-78.530022,35.904903],[-78.528092,35.90629299999999],[-78.527786,35.906718],[-78.5275529567289,35.907739951527404],[-78.52695022565229,35.90668054087676],[-78.527579,35.906429],[-78.527633,35.906175],[-78.527597,35.906078],[-78.527322,35.906083],[-78.527187,35.905992],[-78.526985,35.906046],[-78.526987,35.905964],[-78.527413,35.90591500000001],[-78.528204,35.90545699999999],[-78.528463,35.905547],[-78.529115,35.90552600000001],[-78.530006,35.904626],[-78.530082,35.903927],[-78.530397,35.904101],[-78.531118,35.90404699999999],[-78.5313,35.903318000000006],[-78.531578,35.903199],[-78.53187,35.903273],[-78.53217,35.90389499999999],[-78.532377,35.903912999999996],[-78.533026,35.903726000000006],[-78.533256,35.903372999999995],[-78.533829,35.90290499999999],[-78.533956,35.903046],[-78.533883,35.903724],[-78.53410200000002,35.90380900000001],[-78.534459,35.903787],[-78.53466,35.90343499999999]]],[[[-78.528286,35.906893999999994],[-78.528742,35.906545999999985],[-78.530327,35.90601999999999],[-78.530721,35.905965],[-78.531588,35.905159],[-78.531988,35.904939999999996],[-78.532467,35.904954999999994],[-78.532912,35.90515799999999],[-78.533301,35.905110999999984],[-78.53358600000001,35.905426000000006],[-78.533661,35.905787999999994],[-78.533893,35.90590799999999],[-78.534366,35.905803999999996],[-78.534945,35.905839],[-78.535396,35.905174],[-78.538253,35.909063],[-78.538204,35.909307],[-78.536755,35.91054199999999],[-78.536408,35.910940000000004],[-78.535811,35.911896],[-78.534266,35.91364900000001],[-78.53362681078623,35.91483394630254],[-78.53295703433658,35.914376586309714],[-78.532841,35.91396],[-78.533155,35.913656],[-78.534088,35.913384],[-78.534396,35.913184],[-78.534403,35.912950999999985],[-78.534478,35.91283099999999],[-78.534624,35.91280400000001],[-78.53464,35.91269400000001],[-78.534511,35.912584],[-78.534692,35.912179],[-78.535722,35.91169],[-78.536253,35.910917999999995],[-78.536313,35.91048899999999],[-78.536703,35.910277],[-78.537004,35.909821],[-78.537484,35.909556],[-78.537499,35.90919100000001],[-78.537273,35.908905000000004],[-78.537378,35.908176],[-78.537307,35.907990000000005],[-78.536426,35.90740299999999],[-78.535307,35.907024],[-78.534635,35.907351999999996],[-78.534657,35.906745],[-78.53447,35.90641399999999],[-78.534266,35.90637899999999],[-78.534162,35.906234],[-78.53395,35.90616099999999],[-78.533516,35.906150999999994],[-78.53315000000002,35.905379999999994],[-78.533009,35.905317],[-78.532743,35.90544799999999],[-78.532442,35.905389],[-78.532227,35.905084],[-78.531807,35.90523],[-78.531348,35.905809],[-78.531102,35.90592],[-78.530837,35.906216],[-78.530831,35.906423999999994],[-78.53051500000001,35.906579],[-78.530525,35.906718999999995],[-78.530391,35.906648999999994],[-78.530049,35.90672299999999],[-78.529538,35.90669400000001],[-78.529184,35.90695900000001],[-78.528941,35.907281],[-78.52886100000002,35.907571999999995],[-78.528244,35.907924],[-78.528354,35.908023],[-78.528322,35.908246999999996],[-78.528499,35.908366],[-78.52818936322323,35.90860668866583],[-78.52786896876049,35.908190608181435],[-78.528054,35.907991],[-78.528286,35.906893999999994]]],[[[-78.542623,35.961113000000005],[-78.542661,35.959808999999986],[-78.54358,35.95917800000001],[-78.54363,35.95898499999999],[-78.544473,35.95822199999999],[-78.544301,35.957985],[-78.543936,35.958012],[-78.544312,35.957955],[-78.544634,35.958021],[-78.544775,35.957888999999994],[-78.544881,35.95797],[-78.544328,35.958896],[-78.543676,35.95974199999999],[-78.542753,35.960698],[-78.542623,35.961113000000005]]],[[[-78.541808,35.962763],[-78.542169,35.961729000000005],[-78.541969,35.962621000000006],[-78.541627,35.96312899999999],[-78.541539,35.96352499999998],[-78.54108,35.96402299999999],[-78.541064,35.964148],[-78.540662,35.964421],[-78.540182,35.964407],[-78.539857,35.964634],[-78.539416,35.964476000000005],[-78.539926,35.96432899999999],[-78.541185,35.96361000000001],[-78.541808,35.962763]]],[[[-78.539615,35.96362],[-78.53914,35.963830999999985],[-78.53829,35.964765],[-78.53728,35.96567499999999],[-78.536419,35.966238],[-78.535923,35.966834999999996],[-78.534863,35.96774400000001],[-78.534326,35.96812099999998],[-78.532639,35.968683999999996],[-78.53220156822691,35.96891746040328],[-78.532509,35.96761000000001],[-78.532685,35.967552],[-78.532986,35.967755],[-78.533131,35.967712],[-78.533525,35.96789299999999],[-78.533675,35.968079999999986],[-78.534343,35.968053999999995],[-78.535977,35.966741],[-78.536334,35.966174],[-78.53694,35.96573399999998],[-78.53728,35.965656],[-78.537584,35.965236999999995],[-78.537658,35.964491],[-78.537821,35.96421800000001],[-78.53800200000002,35.964079999999996],[-78.538852,35.963860999999994],[-78.53956400000001,35.963567000000005],[-78.539795,35.963295],[-78.539963,35.96274799999999],[-78.540275,35.962441000000005],[-78.540596,35.96165999999999],[-78.541029,35.961653000000005],[-78.54172800000002,35.961176],[-78.541734,35.96095999999999],[-78.541281,35.960817000000006],[-78.541114,35.960546],[-78.54177700000001,35.960552],[-78.541901,35.96040899999999],[-78.542003,35.960423],[-78.542132,35.961487999999996],[-78.541653,35.961407],[-78.541055,35.961657999999986],[-78.540685,35.961989],[-78.539916,35.963311999999995],[-78.539615,35.96362]]],[[[-78.544402,35.967697],[-78.544467,35.967238],[-78.544373,35.967313],[-78.544379,35.967236],[-78.544548,35.966889],[-78.544503,35.96637400000001],[-78.544657,35.966013],[-78.545419,35.965313],[-78.545801,35.964437999999994],[-78.5458,35.964108],[-78.545672,35.963967],[-78.545822,35.963636],[-78.54575,35.963205999999985],[-78.54544,35.96251899999999],[-78.545387,35.962101],[-78.545252,35.96201800000001],[-78.545052,35.96156500000001],[-78.544773,35.960626000000005],[-78.54448,35.960606],[-78.54411100000002,35.960826],[-78.543499,35.96154],[-78.543491,35.961677],[-78.54274,35.96229299999999],[-78.54262,35.961363000000006],[-78.543609,35.960791],[-78.544367,35.960108000000005],[-78.544733,35.960371],[-78.54521,35.961361999999994],[-78.54523,35.961779],[-78.545485,35.962069],[-78.545789,35.962816],[-78.54593700000001,35.96363899999999],[-78.545767,35.964696999999994],[-78.545513,35.96534],[-78.544828,35.96598],[-78.544685,35.96635600000001],[-78.544501,35.96754099999999],[-78.544325,35.96798699999999],[-78.544183,35.96924799999999],[-78.544189,35.969809],[-78.544281,35.970067],[-78.544321,35.97021000000001],[-78.54443,35.970886],[-78.544413,35.97104],[-78.54439,35.971109],[-78.544336,35.97120100000001],[-78.544004,35.97170099999999],[-78.54399000000001,35.971816000000004],[-78.544013,35.97209],[-78.544002,35.972164],[-78.543623,35.97341],[-78.543659,35.973957999999996],[-78.543598,35.973462],[-78.543678,35.973085],[-78.543603,35.973046],[-78.543761,35.972888],[-78.544003,35.97212699999999],[-78.543918,35.97176299999999],[-78.544229,35.971192],[-78.544383,35.97110500000001],[-78.544335,35.970921],[-78.54441400000002,35.970906],[-78.544282,35.970631],[-78.54428500000002,35.970099],[-78.544028,35.96970499999998],[-78.544135,35.96952699999999],[-78.544047,35.969328999999995],[-78.544093,35.968782000000004],[-78.544185,35.968723000000004],[-78.544197,35.96826099999999],[-78.544159,35.96816499999999],[-78.544096,35.968255000000006],[-78.544085,35.968082],[-78.544181,35.96786000000001],[-78.544402,35.967697]]],[[[-78.53947800000002,35.964594000000005],[-78.539641,35.965217],[-78.539299,35.965665],[-78.538765,35.965962],[-78.538672,35.966194],[-78.538375,35.96612399999999],[-78.537236,35.966294],[-78.536672,35.966477],[-78.536631,35.966639],[-78.537084,35.966848999999996],[-78.53685,35.967153999999994],[-78.536951,35.967627],[-78.5367,35.967911],[-78.536701,35.968217],[-78.536511,35.96858399999999],[-78.536255,35.96863],[-78.535804,35.96902299999999],[-78.535427,35.96909899999999],[-78.535204,35.969259],[-78.534508,35.96916800000001],[-78.533946,35.96890199999999],[-78.533525,35.96903399999999],[-78.533135,35.969362999999994],[-78.53295,35.96985000000001],[-78.53268,35.969995000000004],[-78.53197519817552,35.970163563470614],[-78.53202719847047,35.96987372520876],[-78.533116,35.969163],[-78.533884,35.968859],[-78.534416,35.968773],[-78.535218,35.968395],[-78.536418,35.967175],[-78.536577,35.96696000000001],[-78.53659,35.966616],[-78.536687,35.96645],[-78.537178,35.96626],[-78.538268,35.965582000000005],[-78.539057,35.964991],[-78.539361,35.964516],[-78.53947800000002,35.964594000000005]]],[[[-78.53182389855016,35.97099157333913],[-78.532065,35.97141899999999],[-78.531903,35.971638000000006],[-78.532262,35.971872000000005],[-78.532298,35.97201799999999],[-78.532129,35.97204599999999],[-78.532383,35.972326],[-78.532224,35.97234799999999],[-78.532185,35.97249699999999],[-78.53188,35.97262099999999],[-78.531918,35.972681],[-78.5314567599162,35.97301206090925],[-78.53182389855016,35.97099157333913]]],[[[-78.543681,35.974109],[-78.543623,35.974079],[-78.543667,35.974023],[-78.543681,35.974109]]],[[[-78.542785,35.975508999999995],[-78.543123,35.975198],[-78.543363,35.97536499999999],[-78.54335,35.975236],[-78.543605,35.974933],[-78.543363,35.97536899999999],[-78.54280900000002,35.97570400000001],[-78.542785,35.975508999999995]]],[[[-78.543456,35.975393000000004],[-78.54367,35.974976],[-78.543846,35.975058999999995],[-78.54402700000001,35.97537500000001],[-78.543714,35.975396],[-78.543493,35.975541],[-78.54346600000001,35.975684999999984],[-78.543353,35.975682],[-78.543015,35.975936],[-78.543005,35.97573999999999],[-78.543456,35.975393000000004]]]]},"properties":{"cls":2,"src":0}},{"type":"Feature","geometry":{"type":"MultiPolygon","coordinates":[[[[-78.644067,35.71635199999999],[-78.644018,35.71650600000002],[-78.643831,35.71643499999999],[-78.643817,35.716304],[-78.644067,35.71635199999999]]],[[[-78.603303,35.724334000000006],[-78.60371,35.72408],[-78.603981,35.724047],[-78.603843,35.724298],[-78.603465,35.72440499999998],[-78.603465,35.724494],[-78.603321,35.72444099999999],[-78.603303,35.724334000000006]]],[[[-78.602987,35.72578899999999],[-78.603137,35.72584100000001],[-78.603088,35.726163],[-78.602938,35.72607699999999],[-78.602773,35.726183999999996],[-78.602987,35.72578899999999]]],[[[-78.594764,35.727429],[-78.594629,35.727697],[-78.594418,35.72766299999999],[-78.594562,35.72760399999999],[-78.594542,35.727444],[-78.594645,35.72752100000001],[-78.594764,35.727429]]],[[[-78.596167,35.728289000000004],[-78.59654,35.728532999999985],[-78.596565,35.72845000000001],[-78.596572,35.728531000000004],[-78.597041,35.728480999999995],[-78.597139,35.728387999999995],[-78.597279,35.72858],[-78.597193,35.728723],[-78.596894,35.728658],[-78.596948,35.728599],[-78.596848,35.72852899999999],[-78.59671100000001,35.72856299999999],[-78.596718,35.72867099999999],[-78.596295,35.72854300000001],[-78.59612,35.728334],[-78.595792,35.728322],[-78.596167,35.728289000000004]]],[[[-78.725247,35.744796],[-78.724892,35.74503099999999],[-78.72482600000001,35.745173],[-78.724911,35.745238],[-78.725393,35.74490699999999],[-78.725842,35.74506699999999],[-78.725587,35.745474],[-78.725673,35.74617],[-78.72555500000001,35.746268],[-78.725634,35.74655599999999],[-78.725521,35.746236999999994],[-78.725033,35.746098],[-78.724915,35.74583299999999],[-78.724921,35.745274],[-78.724515,35.745146000000005],[-78.72441,35.74482299999999],[-78.724475,35.74474099999999],[-78.725247,35.744796]]],[[[-78.643737,35.788807999999996],[-78.643515,35.788683],[-78.643832,35.788371999999995],[-78.644261,35.788587],[-78.644267,35.788740000000004],[-78.644124,35.788761],[-78.644274,35.788761],[-78.644326,35.788878],[-78.643661,35.788856],[-78.643737,35.788807999999996]]],[[[-78.697269,35.872233],[-78.696995,35.87232699999999],[-78.696904,35.87223300000001],[-78.697269,35.872233]]],[[[-78.634494,35.87533899999999],[-78.633719,35.87577799999999],[-78.633725,35.875885],[-78.633184,35.875997999999996],[-78.633004,35.876225],[-78.633168,35.875935],[-78.633463,35.875857999999994],[-78.633598,35.875659],[-78.634155,35.87537400000001],[-78.634036,35.875175],[-78.63369,35.875065],[-78.633263,35.875133999999996],[-78.632842,35.875336],[-78.633194,35.87508],[-78.633361,35.87509899999999],[-78.633782,35.874935],[-78.634097,35.87501999999999],[-78.63423300000001,35.874918],[-78.634494,35.87533899999999]]],[[[-78.563546,35.907883999999996],[-78.564144,35.907864000000004],[-78.564656,35.908089999999994],[-78.564718,35.908235999999995],[-78.564762,35.908158],[-78.564818,35.908258],[-78.565138,35.908306],[-78.56523,35.90820599999999],[-78.565589,35.908552],[-78.565645,35.908453999999985],[-78.565931,35.908453],[-78.56583,35.908280999999995],[-78.56607,35.908351],[-78.566242,35.908177],[-78.566458,35.908457],[-78.566477,35.908646],[-78.566861,35.908866],[-78.566919,35.909150999999994],[-78.566486,35.90875499999999],[-78.565989,35.908713999999996],[-78.565928,35.908786000000006],[-78.565848,35.90871599999999],[-78.565849,35.90885300000001],[-78.565653,35.90883000000001],[-78.565584,35.908723],[-78.565712,35.908714],[-78.565526,35.908571],[-78.564698,35.908474000000005],[-78.564364,35.908055999999995],[-78.563892,35.907958],[-78.563504,35.908002],[-78.563602,35.907924],[-78.563546,35.907883999999996]]],[[[-78.567426,35.910519],[-78.56738200000001,35.910685],[-78.567483,35.91067499999999],[-78.567479,35.91081],[-78.567319,35.91089900000001],[-78.567313,35.911182999999994],[-78.56742,35.91118099999999],[-78.567475,35.910919],[-78.56764000000001,35.911],[-78.567514,35.911013],[-78.567539,35.91106900000001],[-78.567741,35.91110599999999],[-78.56807000000002,35.911861],[-78.568019,35.911974],[-78.567781,35.911349],[-78.567588,35.911378],[-78.567612,35.91123899999999],[-78.567272,35.911229],[-78.567194,35.910408],[-78.567279,35.910026],[-78.567426,35.910519]]],[[[-78.710969,35.913315999999995],[-78.71013500000001,35.913514],[-78.709686,35.913804],[-78.709568,35.914189],[-78.709279,35.914486999999994],[-78.709691,35.91440399999999],[-78.709639,35.91445600000001],[-78.708694,35.91464499999999],[-78.709118,35.91452300000001],[-78.709905,35.91342999999999],[-78.710025,35.913459],[-78.71034,35.91328399999999],[-78.710742,35.913333],[-78.71093,35.91324300000001],[-78.710969,35.913315999999995]]],[[[-78.709972,35.914381999999996],[-78.711297,35.913943],[-78.711343,35.914030999999994],[-78.709972,35.914381999999996]]],[[[-78.568981,35.91180399999999],[-78.569043,35.91189399999999],[-78.569218,35.91176800000001],[-78.569215,35.911865999999996],[-78.569093,35.911898],[-78.569203,35.912065000000005],[-78.569082,35.91220899999999],[-78.56931,35.912682],[-78.569188,35.912968],[-78.568911,35.912797],[-78.569107,35.912803],[-78.569011,35.91264900000001],[-78.569168,35.91265700000001],[-78.569012,35.912259],[-78.56884,35.912306],[-78.568768,35.91205999999999],[-78.568382,35.912256],[-78.568194,35.912206999999995],[-78.568651,35.912041],[-78.568981,35.91180399999999]]],[[[-78.568147,35.91312500000001],[-78.56815400000002,35.913291],[-78.568531,35.913405],[-78.5686,35.91334400000001],[-78.568806,35.91350900000001],[-78.569111,35.913500000000006],[-78.569144,35.91340700000001],[-78.568868,35.91305799999999],[-78.56902200000002,35.91294200000001],[-78.569407,35.913472],[-78.569348,35.913549999999994],[-78.56954800000001,35.913667999999994],[-78.569427,35.913765],[-78.5695,35.913808],[-78.569579,35.913734],[-78.569655,35.913829],[-78.56963000000002,35.914030999999994],[-78.569549,35.913933],[-78.56938,35.913916],[-78.569413,35.913988],[-78.569321,35.913996],[-78.569335,35.913914],[-78.569187,35.91387799999999],[-78.569269,35.913824],[-78.568867,35.913734],[-78.568376,35.91342399999999],[-78.568131,35.91344099999999],[-78.567983,35.913198],[-78.567746,35.91317500000001],[-78.567552,35.912909000000006],[-78.567819,35.913011000000004],[-78.568038,35.912921999999995],[-78.568028,35.913042999999995],[-78.568147,35.91312500000001]]],[[[-78.565211,35.91397500000001],[-78.56424,35.914219999999986],[-78.565339,35.913783],[-78.565211,35.91397500000001]]],[[[-78.779867,35.921983999999995],[-78.779546,35.922489],[-78.779044,35.922388],[-78.779401,35.921889],[-78.779867,35.921983999999995]]],[[[-78.779543,35.92249400000001],[-78.778691,35.923834],[-78.778486,35.92457],[-78.778471,35.92525299999999],[-78.778364,35.925463],[-78.778142,35.925547],[-78.777982,35.925295],[-78.77799,35.92457000000002],[-78.777196,35.92482599999999],[-78.777028,35.92478799999999],[-78.776998,35.924639],[-78.778333,35.92365099999999],[-78.778615,35.923289],[-78.779042,35.922393],[-78.779543,35.92249400000001]]],[[[-78.595537,35.93002799999999],[-78.59573642208714,35.930017939676276],[-78.59558903251256,35.93035347898692],[-78.595537,35.93002799999999]]],[[[-78.591411,35.932703],[-78.591587,35.932256],[-78.591671,35.932314],[-78.592198,35.933536],[-78.591974,35.93416],[-78.592092,35.93440699999999],[-78.5917491299093,35.93466012588095],[-78.59194100000002,35.934296],[-78.591785,35.934175],[-78.591992,35.93394399999998],[-78.592102,35.933545],[-78.591649,35.932582999999994],[-78.591516,35.932675],[-78.591597,35.932929],[-78.591411,35.932703]]],[[[-78.565889,35.93350299999999],[-78.565697,35.933494],[-78.56531,35.93327599999999],[-78.565677,35.933162999999986],[-78.565889,35.93350299999999]]],[[[-78.567478,35.93737300000001],[-78.567609,35.937265000000004],[-78.56766,35.937380999999995],[-78.567762,35.93733899999999],[-78.56772,35.937565],[-78.567629,35.937451],[-78.567517,35.93745599999999],[-78.56763800000002,35.93753699999999],[-78.567657,35.937671],[-78.567575,35.937702],[-78.567357,35.937205999999996],[-78.567227,35.937205999999996],[-78.567257,35.936833],[-78.567252,35.937004999999985],[-78.567397,35.937024],[-78.56733500000001,35.937157],[-78.567478,35.93737300000001]]],[[[-78.570592,35.93856999999999],[-78.570632,35.938701999999985],[-78.570733,35.93870199999999],[-78.570754,35.938972],[-78.57085000000001,35.93899900000001],[-78.570912,35.938666],[-78.57101600000001,35.938802],[-78.570843,35.93911799999999],[-78.57061,35.93876699999999],[-78.570432,35.93870700000001],[-78.570526,35.93867099999999],[-78.570468,35.938601],[-78.570183,35.938535],[-78.570321,35.93854],[-78.570245,35.938165999999995],[-78.570292,35.93807],[-78.570328,35.938421000000005],[-78.570592,35.93856999999999]]],[[[-78.573609,35.938877000000005],[-78.574094,35.939391],[-78.574543,35.939757],[-78.57395,35.939303999999986],[-78.57382,35.93925699999999],[-78.573823,35.939323000000016],[-78.573652,35.939086999999994],[-78.573364,35.938968],[-78.573322,35.938895],[-78.573609,35.938877000000005]]],[[[-78.579961,35.94148700000001],[-78.580142,35.941711],[-78.579963,35.94179999999999],[-78.580242,35.94175499999999],[-78.580484,35.94212399999999],[-78.580049,35.942076],[-78.58004,35.941866],[-78.579776,35.94184899999999],[-78.579697,35.94163399999999],[-78.579505,35.941617],[-78.579406,35.94154399999999],[-78.579475,35.941568],[-78.57947300000001,35.941461],[-78.579606,35.94140999999999],[-78.579596,35.94155000000001],[-78.579961,35.94148700000001]]],[[[-78.5886391437065,35.944081885495365],[-78.588304,35.943802999999996],[-78.588199,35.94341699999999],[-78.588512,35.942908],[-78.58837,35.942476],[-78.588521,35.941908],[-78.58858,35.94175899999999],[-78.588918,35.94151],[-78.58896711773474,35.94184910328583],[-78.588929,35.941756999999996],[-78.588785,35.941738],[-78.588505,35.942201],[-78.5885,35.94275600000001],[-78.588601,35.942886],[-78.588268,35.94347299999999],[-78.588411,35.94381099999998],[-78.58867076831078,35.943968325684],[-78.5886391437065,35.944081885495365]]],[[[-78.587964,35.945323],[-78.58822313757429,35.94520438728486],[-78.58805798243606,35.94555904900706],[-78.58795,35.945435],[-78.587964,35.945323]]],[[[-78.58403,35.94805600000001],[-78.584656,35.947712],[-78.584735,35.947368000000004],[-78.585044,35.947169],[-78.585575,35.947390999999996],[-78.58598,35.94791300000001],[-78.586125,35.947967],[-78.586861,35.947043],[-78.58684,35.946822],[-78.587108,35.94641500000001],[-78.58722200000001,35.94635199999999],[-78.5875065044752,35.946581548713866],[-78.58744462429502,35.946695558955184],[-78.587106,35.946535],[-78.586898,35.947239],[-78.586974,35.947322],[-78.586585,35.94755200000001],[-78.586172,35.948117],[-78.586034,35.948116],[-78.585427,35.94746099999999],[-78.585188,35.947365000000005],[-78.584958,35.947365999999995],[-78.584772,35.947751],[-78.58446,35.94800599999999],[-78.58403,35.94805600000001]]],[[[-78.580924,35.952372999999994],[-78.580953,35.952026999999994],[-78.580238,35.951475],[-78.580428,35.951028],[-78.58032900000002,35.950663999999996],[-78.579938,35.950534999999995],[-78.579484,35.95096199999999],[-78.578924,35.950852],[-78.579111,35.95077499999999],[-78.579596,35.950827],[-78.579888,35.950494],[-78.580139,35.950467999999994],[-78.580395,35.950553],[-78.580571,35.95085100000001],[-78.580337,35.951497],[-78.580756,35.951688],[-78.581002,35.95191],[-78.581025,35.95242700000001],[-78.58117518675498,35.952627675328515],[-78.58106414178584,35.95266999251586],[-78.580924,35.952372999999994]]],[[[-78.578971,35.952975],[-78.57928900000002,35.952997],[-78.579501,35.95312299999999],[-78.579861,35.952953],[-78.5801286636261,35.95318375485409],[-78.58005945216368,35.953246608727916],[-78.579836,35.95299700000001],[-78.57942,35.953268],[-78.579049,35.95304],[-78.57912,35.953176],[-78.579013,35.953095000000005],[-78.578747,35.953157999999995],[-78.578971,35.952975]]],[[[-78.577162,35.953343999999994],[-78.57742600000002,35.95381600000001],[-78.577153,35.953481],[-78.576744,35.953143],[-78.576588,35.953119],[-78.576633,35.95302499999999],[-78.576775,35.953001],[-78.577251,35.953241],[-78.577162,35.953343999999994]]],[[[-78.573465,35.959597],[-78.573295,35.959625999999986],[-78.573241,35.959495],[-78.573422,35.95943],[-78.57377349354002,35.959557662219254],[-78.57361988715924,35.9598308908794],[-78.573465,35.959597]]],[[[-78.56428,35.979188],[-78.56508,35.97905200000002],[-78.565142,35.97897],[-78.565409,35.979065000000006],[-78.56534500000001,35.978934],[-78.565617,35.978739999999995],[-78.566068,35.978837],[-78.566308,35.97877499999999],[-78.566455,35.978398],[-78.566396,35.978216],[-78.566274,35.97818099999999],[-78.566331,35.978078],[-78.566194,35.977875],[-78.56686400000001,35.977937000000004],[-78.56691,35.978046000000006],[-78.566883,35.978097],[-78.566788,35.97795300000001],[-78.566309,35.977974],[-78.566538,35.978054],[-78.566416,35.97807300000001],[-78.566493,35.978101],[-78.566488,35.978595999999996],[-78.566282,35.978857999999995],[-78.565546,35.978922000000004],[-78.56564,35.97923099999999],[-78.565222,35.97910099999999],[-78.565088,35.979184],[-78.565012,35.979144],[-78.565079,35.979116999999995],[-78.564931,35.97912699999999],[-78.56491,35.97922500000001],[-78.56428,35.979188]]],[[[-78.56746727978673,35.98031401237602],[-78.56743042701007,35.980350299680744],[-78.567433,35.980267],[-78.56746727978673,35.98031401237602]]],[[[-78.548889,35.773889999999994],[-78.548536,35.773664999999994],[-78.548439,35.773359],[-78.5481,35.772993],[-78.54768,35.77219699999999],[-78.547694,35.772088999999994],[-78.54814200000001,35.77171499999999],[-78.548652,35.771526],[-78.548623,35.77136099999999],[-78.548253,35.771165],[-78.548915,35.770906],[-78.549187,35.770548999999995],[-78.54978,35.77027400000001],[-78.550069,35.770267],[-78.550555,35.769707],[-78.550894,35.76961],[-78.551042,35.769755],[-78.551385,35.769752000000004],[-78.551525,35.76965499999999],[-78.551529,35.769504],[-78.551453,35.76968],[-78.551155,35.769701000000005],[-78.550899,35.769507],[-78.550971,35.76937],[-78.550913,35.76892600000001],[-78.550866,35.769175],[-78.550374,35.769248999999995],[-78.54945,35.769618],[-78.549079,35.769664000000006],[-78.54887900000001,35.76982],[-78.548586,35.769952],[-78.548066,35.77010299999999],[-78.548001,35.770299999999985],[-78.547556,35.77064],[-78.546735,35.770903],[-78.546259,35.771297],[-78.54619300000002,35.77112999999999],[-78.545803,35.77089200000001],[-78.545468,35.770334999999996],[-78.545607,35.770146],[-78.545598,35.76959599999999],[-78.545271,35.76901899999999],[-78.54502,35.76879199999999],[-78.544432,35.768624],[-78.543134,35.76791299999999],[-78.542852,35.767526000000004],[-78.542844,35.767261999999995],[-78.542439,35.767123],[-78.542493,35.766462999999995],[-78.542714,35.76649599999999],[-78.542942,35.76629499999999],[-78.543326,35.76641],[-78.54335,35.76632000000001],[-78.543106,35.76603899999999],[-78.543091,35.76547299999999],[-78.542846,35.76574699999998],[-78.542012,35.765988],[-78.541911,35.766164],[-78.541536,35.766096],[-78.541175,35.766323],[-78.540629,35.765644],[-78.541104,35.765976],[-78.541754,35.765980000000006],[-78.542619,35.7657],[-78.542855,35.76550400000001],[-78.543035,35.765045999999984],[-78.543172,35.765132],[-78.54335,35.76595900000001],[-78.543617,35.76614599999999],[-78.543628,35.76659999999999],[-78.543535,35.76675900000001],[-78.543151,35.76651799999999],[-78.542686,35.766586000000004],[-78.542581,35.766681],[-78.542572,35.766969],[-78.542689,35.76713999999998],[-78.54298500000002,35.767270999999994],[-78.543013,35.767596999999995],[-78.543182,35.76783699999999],[-78.544604,35.768605],[-78.545228,35.768741],[-78.545367,35.768853],[-78.545709,35.76962199999999],[-78.545596,35.77035500000001],[-78.545976,35.770966],[-78.546422,35.770993999999995],[-78.546971,35.77075599999999],[-78.54748,35.770452],[-78.547767,35.769934],[-78.548089,35.76982300000001],[-78.548839,35.769805999999996],[-78.549041,35.76964199999999],[-78.54987600000001,35.769420999999994],[-78.550379,35.769072],[-78.550791,35.76893],[-78.550784,35.768787],[-78.550938,35.76891100000001],[-78.551144,35.76968099999999],[-78.551384,35.76964099999999],[-78.551444,35.76950499999998],[-78.551327,35.76941000000001],[-78.551173,35.76890399999999],[-78.551544,35.76858800000001],[-78.551504,35.768156],[-78.55160800000002,35.768533],[-78.551811,35.768497999999994],[-78.552238,35.768570000000004],[-78.552337,35.76869099999999],[-78.553231,35.76877599999999],[-78.552554,35.768769],[-78.55217,35.768879],[-78.551955,35.76922],[-78.551582,35.769493],[-78.551533,35.769671],[-78.551484,35.76974],[-78.551415,35.76975300000001],[-78.551135,35.769779],[-78.551041,35.769779],[-78.550832,35.769686],[-78.550546,35.76983500000001],[-78.550485,35.770183],[-78.549281,35.77062],[-78.549094,35.770921],[-78.548752,35.770982999999994],[-78.548442,35.771166999999984],[-78.548657,35.771362],[-78.548781,35.771538],[-78.548151,35.771751],[-78.547718,35.772155999999995],[-78.548118,35.772951000000006],[-78.548496,35.77326999999999],[-78.548583,35.77365000000001],[-78.548889,35.773889999999994]]],[[[-78.543101,35.887398],[-78.543741,35.887656],[-78.54386,35.887888000000004],[-78.543757,35.888071],[-78.543897,35.888162],[-78.543833,35.888436],[-78.544096,35.88905],[-78.543998,35.889246],[-78.543971,35.888985999999996],[-78.543398,35.887809000000004],[-78.543157,35.88757199999999],[-78.542892,35.887090999999984],[-78.543101,35.887398]]],[[[-78.553152,35.90551799999999],[-78.55273600000001,35.90511699999999],[-78.552536,35.90507399999999],[-78.552638,35.905043],[-78.552269,35.904604000000006],[-78.552035,35.903937],[-78.552501,35.904334],[-78.552589,35.904509],[-78.55251,35.90458199999999],[-78.552403,35.90448499999999],[-78.55276,35.90482999999999],[-78.552631,35.90484299999999],[-78.552718,35.90493],[-78.55290800000002,35.905061],[-78.552943,35.904974],[-78.553065,35.905009],[-78.55327,35.905212999999996],[-78.553408,35.90523000000001],[-78.553448,35.905362],[-78.553749,35.905426],[-78.553811,35.90557799999999],[-78.553584,35.90559499999999],[-78.553589,35.905529],[-78.553354,35.905451],[-78.55334,35.905535],[-78.553152,35.90551799999999]]],[[[-78.562912,35.908049],[-78.562491,35.907895999999994],[-78.56235,35.90814],[-78.562345,35.907872000000005],[-78.562164,35.90770899999999],[-78.56217,35.907552],[-78.562286,35.907667999999994],[-78.562325,35.907585000000005],[-78.56256700000002,35.907553],[-78.562894,35.907942],[-78.56313800000001,35.90798399999999],[-78.562912,35.908049]]],[[[-78.553796,35.910816],[-78.553906,35.911114],[-78.55381,35.911296000000014],[-78.554116,35.910919],[-78.554427,35.910909999999994],[-78.55441,35.910554000000005],[-78.554786,35.909731],[-78.555892,35.909952],[-78.555972,35.910073000000004],[-78.555623,35.911016999999994],[-78.555964,35.911238],[-78.556289,35.911318],[-78.556148,35.911373],[-78.556303,35.9114],[-78.556276,35.911688],[-78.556407,35.911982],[-78.556657,35.911985],[-78.556752,35.911817000000006],[-78.556692,35.911983],[-78.556553,35.912145],[-78.556323,35.91212899999999],[-78.556312,35.911792],[-78.55611000000002,35.911621000000004],[-78.556067,35.911419],[-78.555864,35.91127499999999],[-78.555764,35.91145000000001],[-78.555491,35.911504],[-78.555179,35.911325],[-78.555075,35.911069000000005],[-78.554526,35.911329],[-78.554396,35.91119099999999],[-78.554287,35.911398],[-78.554063,35.911401],[-78.554052,35.911197999999985],[-78.55393,35.911395],[-78.553665,35.91135200000001],[-78.553575,35.911128],[-78.55376,35.911083000000005],[-78.55368,35.910918],[-78.553508,35.910991],[-78.553496,35.910849],[-78.55338,35.910852000000006],[-78.553577,35.910568],[-78.553521,35.910734],[-78.55364700000001,35.910703],[-78.553796,35.910816]]],[[[-78.542087,35.91112],[-78.542311,35.911171],[-78.542415,35.911022],[-78.542784,35.911136000000006],[-78.542912,35.911279999999984],[-78.543039,35.911875],[-78.543367,35.911998999999994],[-78.543683,35.91186499999999],[-78.543615,35.911813],[-78.54375,35.91069799999999],[-78.544013,35.910462],[-78.544146,35.910569],[-78.544308,35.910430999999996],[-78.544867,35.910568999999995],[-78.544906,35.910915],[-78.545229,35.911100999999995],[-78.545433,35.91105100000001],[-78.54577,35.91113399999999],[-78.546089,35.910967],[-78.546432,35.911038000000005],[-78.546464,35.910955],[-78.546729,35.91104099999999],[-78.54707,35.911336999999996],[-78.547516,35.911422],[-78.547792,35.91138599999999],[-78.54784,35.911257],[-78.548016,35.911239],[-78.548168,35.911076],[-78.548353,35.911127],[-78.548637,35.91106599999999],[-78.548804,35.91080800000001],[-78.549115,35.910736],[-78.549428,35.910912],[-78.549685,35.910881],[-78.54987600000001,35.911034],[-78.54996,35.91096499999999],[-78.55026,35.911018999999996],[-78.55099,35.910883],[-78.551131,35.910948],[-78.551239,35.910826],[-78.551451,35.91097599999999],[-78.551615,35.910937000000004],[-78.55160800000002,35.91086],[-78.551742,35.91092499999999],[-78.551902,35.91087799999999],[-78.55186,35.910751999999995],[-78.552018,35.910762999999996],[-78.55221,35.910648],[-78.552395,35.910692],[-78.552606,35.910516],[-78.552776,35.910540999999995],[-78.552739,35.910642],[-78.552199,35.910961],[-78.551754,35.91102399999998],[-78.551663,35.91115400000001],[-78.55138700000002,35.911072],[-78.551343,35.911128],[-78.551169,35.911005999999986],[-78.551205,35.91110299999999],[-78.551088,35.91115400000001],[-78.550526,35.911073],[-78.550133,35.91118299999999],[-78.549361,35.911],[-78.549175,35.910856],[-78.54879,35.910999],[-78.548715,35.91112799999999],[-78.547925,35.911322],[-78.547834,35.911476],[-78.54764,35.911553],[-78.547177,35.911471999999996],[-78.546468,35.911106],[-78.546169,35.911172],[-78.545986,35.911119],[-78.545686,35.91124],[-78.54545800000001,35.911176999999995],[-78.54508,35.911244],[-78.544773,35.911005],[-78.544754,35.910616999999995],[-78.544427,35.910487],[-78.544206,35.910617],[-78.544079,35.910535],[-78.543893,35.910614],[-78.543719,35.911728],[-78.543784,35.911881],[-78.543597,35.912131],[-78.543103,35.91207000000001],[-78.542898,35.911958],[-78.542766,35.911570999999995],[-78.54254,35.91161999999999],[-78.542339,35.911542],[-78.542359,35.91131799999999],[-78.542163,35.911138],[-78.541802,35.911423],[-78.54190600000001,35.91183599999999],[-78.54168,35.911444],[-78.542087,35.91112]]],[[[-78.557196,35.91208799999999],[-78.557317,35.912515000000006],[-78.557472,35.912561],[-78.557372,35.91264400000001],[-78.557113,35.912495],[-78.557196,35.91208799999999]]],[[[-78.542182,35.91239],[-78.542155,35.912478],[-78.54173000000002,35.912473999999996],[-78.541524,35.912345],[-78.541477,35.91217999999999],[-78.541741,35.91235799999998],[-78.542182,35.91239]]],[[[-78.55797,35.912352999999996],[-78.55824100000001,35.913164],[-78.557843,35.91267700000001],[-78.557903,35.91261600000001],[-78.557624,35.91242],[-78.55797,35.912352999999996]]],[[[-78.540748,35.91216],[-78.540758,35.912758],[-78.540598,35.91250899999999],[-78.54073,35.912096000000005],[-78.541146,35.91202400000001],[-78.541383,35.91212099999999],[-78.540748,35.91216]]],[[[-78.558374,35.914916],[-78.558188,35.915177],[-78.557943,35.91525],[-78.557817,35.915139],[-78.55753,35.91534999999998],[-78.557464,35.915625],[-78.556948,35.916159],[-78.556865,35.916479],[-78.556948,35.91668000000001],[-78.556675,35.91691],[-78.556768,35.91737800000001],[-78.556678,35.918164],[-78.556513,35.918525],[-78.556593,35.918791],[-78.556456,35.918834999999994],[-78.556305,35.919416999999996],[-78.556369,35.91897000000001],[-78.556526,35.91868399999999],[-78.556475,35.918234],[-78.556617,35.91809700000001],[-78.556641,35.91663100000001],[-78.55668100000001,35.91672899999999],[-78.556808,35.91661499999999],[-78.556691,35.91659699999999],[-78.556809,35.91633099999999],[-78.556991,35.91600700000001],[-78.557359,35.915662],[-78.557709,35.91492],[-78.557867,35.91489399999999],[-78.55799,35.914973999999994],[-78.557911,35.91510300000001],[-78.55811200000001,35.915104],[-78.558311,35.914962],[-78.558337,35.91469],[-78.558142,35.914559000000004],[-78.558023,35.914748],[-78.557872,35.91476],[-78.557944,35.91485399999999],[-78.557796,35.914860999999995],[-78.557753,35.91468999999999],[-78.557969,35.914533999999996],[-78.557852,35.914475],[-78.558048,35.91419799999999],[-78.558347,35.91426],[-78.55819600000001,35.914378000000006],[-78.558386,35.914692],[-78.558374,35.914916]]],[[[-78.562243,35.91587400000001],[-78.561858,35.916594],[-78.561686,35.917473],[-78.561701,35.91794799999999],[-78.56154,35.918493999999995],[-78.561125,35.919309000000005],[-78.561043,35.919356],[-78.561213,35.918822999999996],[-78.561453,35.918545],[-78.56138,35.918095],[-78.561577,35.917832],[-78.561677,35.917296],[-78.561613,35.917249],[-78.56175,35.916995],[-78.561631,35.916554],[-78.561809,35.916502],[-78.56208,35.916033],[-78.56223,35.91546],[-78.562243,35.91587400000001]]],[[[-78.559736,35.91939099999999],[-78.559304,35.91957599999999],[-78.559322,35.91990599999999],[-78.55893,35.920235000000005],[-78.55901,35.91992399999999],[-78.55921,35.919899],[-78.559193,35.919664000000004],[-78.559043,35.919504],[-78.559089,35.919352],[-78.559224,35.919264],[-78.559349,35.919342],[-78.559644,35.919076000000004],[-78.559389,35.91897699999999],[-78.559409,35.91881599999999],[-78.559593,35.918519999999994],[-78.559852,35.918406],[-78.560051,35.918077],[-78.55998,35.919008],[-78.559855,35.918604],[-78.559736,35.91939099999999]]],[[[-78.560762,35.92018900000001],[-78.561658,35.919972999999985],[-78.561814,35.920025],[-78.561633,35.91993000000001],[-78.561754,35.919878999999995],[-78.562057,35.920342],[-78.560762,35.92018900000001]]],[[[-78.557809,35.928917],[-78.557136,35.928758],[-78.557907,35.928838],[-78.558259,35.929030999999995],[-78.55858300000001,35.92938099999999],[-78.558595,35.929621999999995],[-78.55844,35.929624999999994],[-78.55853600000002,35.929548],[-78.558281,35.929215],[-78.557809,35.928917]]],[[[-78.559151,35.929843999999996],[-78.559287,35.92996],[-78.559163,35.930009],[-78.55914400000002,35.930524999999996],[-78.559014,35.93023],[-78.558761,35.930417999999996],[-78.558565,35.93030699999999],[-78.558781,35.930334999999985],[-78.558928,35.929867],[-78.559151,35.929843999999996]]],[[[-78.558943,35.93392],[-78.55884,35.93378399999999],[-78.558575,35.933616],[-78.559043,35.93377499999999],[-78.558943,35.93392]]],[[[-78.563121,35.93439500000001],[-78.56283,35.934464],[-78.562831,35.93453900000001],[-78.563073,35.934567],[-78.562808,35.93463599999999],[-78.562777,35.93455300000001],[-78.562455,35.934594],[-78.56281,35.934369999999994],[-78.563121,35.93439500000001]]],[[[-78.559709,35.934363],[-78.55983600000002,35.93453399999999],[-78.55962500000001,35.934733],[-78.55939,35.934517],[-78.559375,35.93436299999999],[-78.559486,35.93426199999999],[-78.559567,35.934443],[-78.559709,35.93446599999999],[-78.559709,35.934363]]],[[[-78.561755,35.934815],[-78.561248,35.934664],[-78.561047,35.934504999999994],[-78.561944,35.93454],[-78.561693,35.934664],[-78.561755,35.934815]]],[[[-78.56322000000002,35.934973],[-78.563033,35.934768000000005],[-78.56287000000002,35.934698],[-78.563328,35.934667999999995],[-78.563187,35.93479099999999],[-78.563422,35.93492],[-78.56322000000002,35.934973]]],[[[-78.542978,35.97595700000001],[-78.542795,35.975806999999996],[-78.542763,35.97569499999999],[-78.542919,35.975723999999985],[-78.542978,35.97595700000001]]],[[[-78.55567,35.97838599999999],[-78.555849,35.978407],[-78.555756,35.978491999999996],[-78.555868,35.97852199999999],[-78.555824,35.97871200000001],[-78.555716,35.978735],[-78.555619,35.97852799999999],[-78.55567,35.97838599999999]]],[[[-78.560967,35.978951],[-78.560969,35.97912699999999],[-78.560771,35.979125],[-78.560678,35.97908799999999],[-78.560639,35.979031],[-78.560893,35.979084],[-78.560967,35.978951]]],[[[-78.55598100000002,35.97912800000001],[-78.556047,35.979228000000006],[-78.556282,35.979257000000004],[-78.55598,35.97927700000001],[-78.555949,35.979183000000006],[-78.556013,35.978927999999996],[-78.555901,35.978859],[-78.556061,35.978912],[-78.55598100000002,35.97912800000001]]],[[[-78.560146,35.978912999999984],[-78.559672,35.979439000000006],[-78.559821,35.97978299999999],[-78.559742,35.979829],[-78.560024,35.979876999999995],[-78.55973,35.979938999999995],[-78.559581,35.97959999999999],[-78.559609,35.97887200000001],[-78.559762,35.97885999999999],[-78.559688,35.978836],[-78.559744,35.978762],[-78.559906,35.978826000000005],[-78.560058,35.97870400000001],[-78.560478,35.978773],[-78.560484,35.97893],[-78.560146,35.978912999999984]]],[[[-78.55866,35.979918999999995],[-78.558944,35.979864],[-78.558715,35.97946700000001],[-78.558816,35.979353],[-78.55894,35.97936500000001],[-78.559093,35.979468999999995],[-78.559088,35.979578],[-78.559227,35.979496],[-78.559263,35.979644],[-78.559205,35.979722999999986],[-78.559142,35.979626999999994],[-78.558854,35.979706],[-78.559154,35.979865],[-78.559061,35.980004],[-78.559099,35.98005200000001],[-78.559253,35.979932000000005],[-78.559488,35.980067],[-78.55916,35.98020399999999],[-78.558631,35.98004099999999],[-78.558466,35.97985299999999],[-78.55866,35.979918999999995]]],[[[-78.560249,35.97981999999998],[-78.560372,35.979788],[-78.560476,35.979909000000006],[-78.560305,35.979868999999994],[-78.560249,35.97981999999998]]],[[[-78.557738,35.979847],[-78.557743,35.979748],[-78.557845,35.97979899999999],[-78.557816,35.97990399999998],[-78.557994,35.97993899999999],[-78.557979,35.980106],[-78.557794,35.980062],[-78.557842,35.97997599999999],[-78.557725,35.979992999999986],[-78.557728,35.979883],[-78.557547,35.97986699999999],[-78.557449,35.979738],[-78.557738,35.979847]]],[[[-78.558935,35.980872999999995],[-78.558927,35.980749],[-78.559309,35.980817],[-78.559292,35.98075099999999],[-78.559492,35.98082],[-78.559522,35.98064699999999],[-78.559178,35.980430999999996],[-78.559592,35.980333],[-78.559835,35.980148],[-78.559983,35.98018799999999],[-78.559843,35.98013],[-78.559944,35.980093],[-78.560085,35.98015600000001],[-78.559848,35.98045199999999],[-78.560035,35.980393],[-78.560276,35.980482],[-78.560217,35.980571000000005],[-78.560097,35.98055],[-78.560172,35.98069199999998],[-78.560393,35.980598],[-78.560321,35.980358],[-78.560415,35.98045199999999],[-78.560631,35.980442],[-78.560556,35.98067199999999],[-78.560346,35.980732],[-78.560302,35.980855999999996],[-78.56013,35.980835],[-78.559775,35.98105900000001],[-78.559263,35.98104500000001],[-78.559275,35.981116],[-78.55914,35.981110999999984],[-78.55922,35.981198000000006],[-78.558953,35.981120000000004],[-78.558662,35.980765],[-78.558935,35.980872999999995]]],[[[-78.551528,35.98056],[-78.551646,35.980526999999995],[-78.551807,35.98037399999999],[-78.551734,35.980531000000006],[-78.551822,35.980689999999996],[-78.551577,35.98066899999999],[-78.551635,35.980767],[-78.551518,35.980789],[-78.551398,35.980689000000005],[-78.551582,35.98061],[-78.551528,35.98056]]],[[[-78.553993,35.981297000000005],[-78.554473,35.981269],[-78.55446600000002,35.98119700000001],[-78.554896,35.981025],[-78.555064,35.980356],[-78.555162,35.980279],[-78.555346,35.980297],[-78.555126,35.98048600000001],[-78.555036,35.980947],[-78.554865,35.98115299999999],[-78.554609,35.981289],[-78.553993,35.981297000000005]]],[[[-78.552585,35.980869],[-78.55244,35.981045],[-78.552267,35.98098399999999],[-78.552299,35.981097000000005],[-78.55255,35.981131999999995],[-78.55238,35.981159000000005],[-78.552271,35.981368],[-78.55219,35.980972],[-78.55239,35.980825],[-78.552585,35.980869]]],[[[-78.551422,35.98087000000001],[-78.551677,35.981009],[-78.55151600000002,35.981013],[-78.551614,35.981619999999985],[-78.551422,35.98087000000001]]],[[[-78.536363,35.75759],[-78.536439,35.75834799999999],[-78.536193,35.758888],[-78.536276,35.759157],[-78.536473,35.759319000000005],[-78.537885,35.75996599999999],[-78.539213,35.760422],[-78.539418,35.760344],[-78.539789,35.75969299999999],[-78.539832,35.759181999999996],[-78.53991400000001,35.759149999999984],[-78.539854,35.75900000000001],[-78.540158,35.758936],[-78.540224,35.758765000000004],[-78.540295,35.75901999999999],[-78.540157,35.75902],[-78.540382,35.75962899999998],[-78.540579,35.759136],[-78.54060400000002,35.75932999999999],[-78.540888,35.759555],[-78.540982,35.75979],[-78.541326,35.759748],[-78.541691,35.759519000000004],[-78.541889,35.759496999999996],[-78.542014,35.759649],[-78.541786,35.75966799999999],[-78.540746,35.760756],[-78.54030300000001,35.761095999999995],[-78.540532,35.760602999999996],[-78.540649,35.76058799999999],[-78.54097,35.76026900000001],[-78.540936,35.760185],[-78.541281,35.75999899999999],[-78.541387,35.75979799999999],[-78.540861,35.759895],[-78.540665,35.759746],[-78.540633,35.759581000000004],[-78.540336,35.759745],[-78.540157,35.759199999999986],[-78.539956,35.759442],[-78.539966,35.759867],[-78.539523,35.76044900000001],[-78.539342,35.760515],[-78.538367,35.76025899999999],[-78.536517,35.75941199999998],[-78.536131,35.759150999999996],[-78.536051,35.758758],[-78.536146,35.75854300000001],[-78.536284,35.75852499999999],[-78.536318,35.75834700000001],[-78.536218,35.758230000000005],[-78.536302,35.75768599999999],[-78.536182,35.757647],[-78.536221,35.757498999999996],[-78.536363,35.75759]]],[[[-78.542026,35.763991999999995],[-78.542273,35.763588999999996],[-78.542247,35.763023999999994],[-78.542354,35.76361500000001],[-78.542049,35.764185],[-78.54095,35.76442000000001],[-78.541783,35.764168999999995],[-78.542026,35.763991999999995]]],[[[-78.540794,35.768021],[-78.54116900000001,35.768046],[-78.541338,35.76791200000001],[-78.541572,35.767903],[-78.542039,35.768154],[-78.542142,35.76847599999999],[-78.542099,35.768752],[-78.542369,35.768847],[-78.542639,35.76877199999999],[-78.543018,35.76904399999999],[-78.543361,35.76997599999999],[-78.544899,35.771402],[-78.54505,35.77163],[-78.545046,35.77187099999999],[-78.544689,35.772429],[-78.544652,35.77300100000001],[-78.546655,35.773329000000004],[-78.546874,35.77340199999999],[-78.547019,35.773581],[-78.547084,35.773694],[-78.546759,35.773368],[-78.544579,35.773013999999996],[-78.544473,35.77264],[-78.544542,35.772401],[-78.54486,35.772092],[-78.544954,35.771688999999995],[-78.54489,35.77155499999999],[-78.544495,35.771226999999996],[-78.544075,35.770683999999996],[-78.543446,35.77027900000001],[-78.542935,35.76905500000001],[-78.542617,35.768897],[-78.542318,35.76921699999999],[-78.542064,35.769181],[-78.541869,35.76893200000001],[-78.541909,35.76830799999999],[-78.541522,35.76802899999999],[-78.541311,35.768057],[-78.540729,35.76858699999999],[-78.54078000000001,35.768332],[-78.540602,35.768108999999995],[-78.540794,35.768021]]],[[[-78.53955,35.792978000000005],[-78.54082700000001,35.792336999999996],[-78.541639,35.79203900000001],[-78.542383,35.79183999999999],[-78.542684,35.791162],[-78.54268000000002,35.790801],[-78.542355,35.790423999999994],[-78.542397,35.790319999999994],[-78.54229,35.790339],[-78.542249,35.79023999999999],[-78.542259,35.79006600000001],[-78.542622,35.790079999999996],[-78.54223,35.790001999999994],[-78.542042,35.789854],[-78.541953,35.789531999999994],[-78.54160300000001,35.78913200000001],[-78.541041,35.789165999999994],[-78.540531,35.789068],[-78.540173,35.789100000000005],[-78.540038,35.78896399999999],[-78.54038300000002,35.788084999999995],[-78.540603,35.78810200000001],[-78.54051200000002,35.787862],[-78.540861,35.78759099999999],[-78.540736,35.787276],[-78.541049,35.787182],[-78.541391,35.787226],[-78.541371,35.787060999999994],[-78.541094,35.786906],[-78.54118,35.786562],[-78.541101,35.786418999999995],[-78.540783,35.786626],[-78.540311,35.786661],[-78.539774,35.78603199999999],[-78.539134,35.785601],[-78.538778,35.78545199999999],[-78.538215,35.785466000000014],[-78.538308,35.785348],[-78.538163,35.78525],[-78.53827,35.78436099999999],[-78.538043,35.783812999999995],[-78.53821,35.78343199999999],[-78.53868,35.782963],[-78.538686,35.782467],[-78.538801,35.782269],[-78.539559,35.78234599999999],[-78.539335,35.782191000000005],[-78.539338,35.78201899999999],[-78.539,35.781884],[-78.538849,35.78145200000001],[-78.538603,35.781394999999996],[-78.538314,35.780787],[-78.538507,35.78018499999999],[-78.538497,35.779848],[-78.53856700000001,35.77965600000001],[-78.538892,35.779386],[-78.53946,35.779407],[-78.53967,35.779308],[-78.539358,35.779005],[-78.539246,35.778650999999996],[-78.539235,35.77842199999999],[-78.539434,35.778058],[-78.539334,35.77795999999999],[-78.539415,35.777815],[-78.539352,35.77765200000001],[-78.539494,35.777126999999986],[-78.539559,35.777012],[-78.539567,35.777116],[-78.539749,35.777028],[-78.539612,35.776906999999994],[-78.539933,35.776289000000006],[-78.539956,35.775641],[-78.540333,35.775538000000005],[-78.540553,35.775576],[-78.540555,35.775467],[-78.540856,35.77531400000001],[-78.540113,35.775157],[-78.540034,35.775001],[-78.540154,35.774503999999986],[-78.54059,35.773862],[-78.541618,35.77371800000001],[-78.541558,35.773572],[-78.541432,35.77361799999999],[-78.541329,35.773512],[-78.5405,35.773393999999996],[-78.54072,35.773378],[-78.54172,35.77346600000001],[-78.541992,35.773661000000004],[-78.542074,35.77393199999999],[-78.541422,35.77384000000001],[-78.540657,35.773998000000006],[-78.540126,35.774775],[-78.540208,35.775111],[-78.541107,35.775265999999995],[-78.541222,35.775422],[-78.54161,35.77549599999999],[-78.541558,35.775848999999994],[-78.541084,35.775723],[-78.540722,35.775787],[-78.540311,35.775679],[-78.540008,35.77576599999999],[-78.539961,35.776662],[-78.540099,35.776702],[-78.540215,35.776917],[-78.539972,35.777161],[-78.539955,35.777369],[-78.53964600000002,35.77730699999999],[-78.539704,35.777546],[-78.539476,35.777742],[-78.539411,35.777583],[-78.539456,35.777799],[-78.53937,35.77796199999999],[-78.539514,35.77805600000001],[-78.53932,35.77834],[-78.53931,35.778587],[-78.539418,35.77894200000001],[-78.53975,35.779275],[-78.539458,35.779485],[-78.53956400000001,35.77960499999999],[-78.539854,35.779498],[-78.54044,35.779761],[-78.539817,35.779792],[-78.539561,35.77961299999999],[-78.539368,35.779712],[-78.538598,35.77982399999999],[-78.538363,35.780767999999995],[-78.53844,35.781026],[-78.538703,35.781351],[-78.538935,35.781357],[-78.53917700000001,35.781836999999996],[-78.539947,35.781984],[-78.53961100000001,35.782161],[-78.539697,35.782386],[-78.539619,35.782484000000004],[-78.539362,35.782393],[-78.539297,35.782457],[-78.538832,35.78243400000001],[-78.5388,35.78301999999999],[-78.538252,35.783457],[-78.538143,35.78390199999999],[-78.538409,35.784808],[-78.538249,35.78512700000001],[-78.538325,35.785278999999996],[-78.53897,35.785469],[-78.539621,35.785909000000004],[-78.539935,35.785976],[-78.53999,35.78621],[-78.540401,35.786449],[-78.540902,35.78649600000001],[-78.541367,35.786102],[-78.54133,35.786674],[-78.541767,35.787133999999995],[-78.542114,35.787199],[-78.541016,35.787351],[-78.54090900000001,35.787687000000005],[-78.54071,35.787881999999996],[-78.540737,35.78802400000001],[-78.54042,35.788337],[-78.540106,35.788972999999984],[-78.54023,35.789067],[-78.54048,35.78900999999999],[-78.541099,35.789135],[-78.541508,35.78905099999999],[-78.541724,35.789153000000006],[-78.542223,35.78989099999999],[-78.542603,35.789908],[-78.542943,35.790042],[-78.542799,35.79001399999999],[-78.542863,35.79013299999999],[-78.542479,35.79029799999999],[-78.54249,35.79044099999999],[-78.5427,35.790635],[-78.542778,35.791481],[-78.542503,35.79184200000001],[-78.540847,35.79235499999999],[-78.539571,35.792998],[-78.53955,35.792978000000005]]],[[[-78.538671,35.793981],[-78.539072,35.794586999999986],[-78.538707,35.79480300000001],[-78.538584,35.795211],[-78.539472,35.794681999999995],[-78.53968,35.794692],[-78.539965,35.79485199999999],[-78.540211,35.7952],[-78.540529,35.79592499999999],[-78.540529,35.79621099999999],[-78.540415,35.796616],[-78.539923,35.797613999999996],[-78.539521,35.797841999999996],[-78.539294,35.79783799999999],[-78.538929,35.79771],[-78.53878800000001,35.797988000000004],[-78.538269,35.798134],[-78.537927,35.798581999999996],[-78.537815,35.799252],[-78.538141,35.799551],[-78.538146,35.799703],[-78.537756,35.79999900000001],[-78.537736,35.800138],[-78.537551,35.80028599999999],[-78.53765,35.800281],[-78.537447,35.800467],[-78.537944,35.80075099999999],[-78.537901,35.800825],[-78.537325,35.80052599999999],[-78.536508,35.800442],[-78.535561,35.800512],[-78.535495,35.800686000000006],[-78.535612,35.801007],[-78.535614,35.80123699999999],[-78.535557,35.801549],[-78.536069,35.801569],[-78.536353,35.801858],[-78.536467,35.801661],[-78.536548,35.80176199999999],[-78.536441,35.802312],[-78.536187,35.80249499999999],[-78.536168,35.802648999999995],[-78.536494,35.802853999999996],[-78.537104,35.803996999999995],[-78.537107,35.804224],[-78.536676,35.80502899999999],[-78.535119,35.806249],[-78.534565,35.806853],[-78.534165,35.806994],[-78.534491,35.807365999999995],[-78.534523,35.807885000000006],[-78.534354,35.808223999999996],[-78.533911,35.808626999999994],[-78.533847,35.808936],[-78.533851,35.808642],[-78.534225,35.808254],[-78.534487,35.807748000000004],[-78.534462,35.807497999999995],[-78.533972,35.807188],[-78.533969,35.807085],[-78.533827,35.80703299999999],[-78.53383,35.80688200000001],[-78.533935,35.80677899999999],[-78.534375,35.80678900000001],[-78.535695,35.80571400000001],[-78.536194,35.805197],[-78.536599,35.805002],[-78.536968,35.804457],[-78.536842,35.80368899999999],[-78.536516,35.80306],[-78.535716,35.802865],[-78.536332,35.802155000000006],[-78.536114,35.802245],[-78.536096,35.802116],[-78.535794,35.802129],[-78.535882,35.802052],[-78.535581,35.802057999999995],[-78.535358,35.801946000000015],[-78.535528,35.80145499999999],[-78.535446,35.801363],[-78.535183,35.801688],[-78.534854,35.80154499999998],[-78.534652,35.801328999999996],[-78.534456,35.801341],[-78.534455,35.80126800000001],[-78.533424,35.80177199999999],[-78.533,35.801778],[-78.532136,35.80154199999999],[-78.531472,35.80173400000001],[-78.531668,35.80151399999999],[-78.531732,35.801584],[-78.531882,35.80151],[-78.531746,35.80146700000001],[-78.531674,35.801165999999995],[-78.532009,35.801097],[-78.532167,35.800756],[-78.533366,35.800281999999996],[-78.53381,35.799966999999995],[-78.534335,35.79997],[-78.534525,35.800104999999995],[-78.534899,35.800051999999994],[-78.535063,35.80024600000001],[-78.535196,35.800144],[-78.535363,35.800151],[-78.535268,35.80055200000001],[-78.535544,35.801072],[-78.53553300000002,35.80135700000001],[-78.535577,35.800987000000006],[-78.535463,35.800675],[-78.535604,35.800337000000006],[-78.537061,35.800397],[-78.537381,35.800331],[-78.538033,35.79974399999999],[-78.53807,35.799577],[-78.537762,35.79932399999999],[-78.537658,35.799040000000005],[-78.537953,35.798392],[-78.5384,35.797908],[-78.538817,35.797847999999995],[-78.538678,35.79764900000001],[-78.538824,35.797587],[-78.539335,35.79780599999999],[-78.53956400000001,35.797811],[-78.53979,35.797670999999994],[-78.540291,35.79682199999999],[-78.540493,35.796184999999994],[-78.540187,35.795248999999984],[-78.539876,35.794883],[-78.539666,35.794776999999996],[-78.539395,35.79476300000001],[-78.538475,35.795392],[-78.538609,35.794837],[-78.538979,35.79461700000001],[-78.538592,35.79399400000001],[-78.538713,35.79389299999999],[-78.538671,35.793981]]],[[[-78.539841,35.79325599999999],[-78.540705,35.79366600000001],[-78.541127,35.794149999999995],[-78.542484,35.79504699999999],[-78.542693,35.79507100000001],[-78.543391,35.794678999999995],[-78.543558,35.794736],[-78.543762,35.795001000000006],[-78.543096,35.79542999999999],[-78.54306,35.795791],[-78.543218,35.79619],[-78.543637,35.796746999999996],[-78.543802,35.797228000000004],[-78.544123,35.797463],[-78.544205,35.797702],[-78.544712,35.797861],[-78.545062,35.79772],[-78.54514,35.797794],[-78.545089,35.79790699999999],[-78.545257,35.797881000000004],[-78.545019,35.79805600000001],[-78.545097,35.798142],[-78.544726,35.798401],[-78.545413,35.798217],[-78.545246,35.798502],[-78.5446,35.798524],[-78.543124,35.79920700000001],[-78.54225600000001,35.799392999999995],[-78.541525,35.799704],[-78.541113,35.799996],[-78.540828,35.80058599999999],[-78.540596,35.800771],[-78.540247,35.80069700000001],[-78.540035,35.80078999999999],[-78.539683,35.801131999999996],[-78.539419,35.801624000000004],[-78.539111,35.801702000000006],[-78.538868,35.80201000000001],[-78.539009,35.802481],[-78.539268,35.80270199999999],[-78.539118,35.803291],[-78.539549,35.804382],[-78.539755,35.804566],[-78.53991,35.804501],[-78.540038,35.80457899999999],[-78.540273,35.804416],[-78.540594,35.804339999999996],[-78.540847,35.80403100000001],[-78.541098,35.804112999999994],[-78.541584,35.804073],[-78.54171,35.804477000000006],[-78.542229,35.804604000000005],[-78.542294,35.804720999999994],[-78.542173,35.80502499999999],[-78.542404,35.805319000000004],[-78.543761,35.80595499999999],[-78.543481,35.806453],[-78.543547,35.80657300000001],[-78.543876,35.806837],[-78.544256,35.806866],[-78.544402,35.80700699999999],[-78.54427,35.807012],[-78.544629,35.807281],[-78.544317,35.807632000000005],[-78.54371,35.807531],[-78.542877,35.80755200000001],[-78.542688,35.807175],[-78.542473,35.80712499999999],[-78.541999,35.806706],[-78.541545,35.80649799999999],[-78.541058,35.806009],[-78.540554,35.80627200000001],[-78.539431,35.806253],[-78.538595,35.80689],[-78.53775,35.807409],[-78.537536,35.807649999999995],[-78.537493,35.80806900000001],[-78.537643,35.80858599999999],[-78.537322,35.80965599999999],[-78.537503,35.809906000000005],[-78.537166,35.809828],[-78.536206,35.810521],[-78.53533233816644,35.81077896310054],[-78.536137,35.81053099999998],[-78.537178,35.809649],[-78.537509,35.808921],[-78.537552,35.808572],[-78.537352,35.80804200000001],[-78.537499,35.807585],[-78.53784,35.807255],[-78.538328,35.80702600000001],[-78.539114,35.806309],[-78.539895,35.805852999999985],[-78.540078,35.806021],[-78.540533,35.805873999999996],[-78.540758,35.805944999999994],[-78.541255,35.80587599999999],[-78.541641,35.806218],[-78.542447,35.80649],[-78.543017,35.80721599999999],[-78.543225,35.807155999999985],[-78.543296,35.807307],[-78.543443,35.807164],[-78.543381,35.807072999999995],[-78.543291,35.80716399999999],[-78.543307,35.807058],[-78.543057,35.807155],[-78.542936,35.806996000000005],[-78.543086,35.80668099999999],[-78.542898,35.806612999999984],[-78.542971,35.80654599999998],[-78.543128,35.806647999999996],[-78.543322,35.806605],[-78.543186,35.80642799999999],[-78.54327,35.806422],[-78.543266,35.806294],[-78.543534,35.806294],[-78.543635,35.805980999999996],[-78.54354,35.805872],[-78.542383,35.805382],[-78.542076,35.805054999999996],[-78.541989,35.80473400000001],[-78.541596,35.804577],[-78.541507,35.804179],[-78.540775,35.80437799999999],[-78.540067,35.804737],[-78.539836,35.804725999999995],[-78.53958,35.804585],[-78.539098,35.803347],[-78.53911,35.80268399999999],[-78.538814,35.802313],[-78.538811,35.801905999999995],[-78.539364,35.801452],[-78.539543,35.801051],[-78.539994,35.800704999999994],[-78.540213,35.80059700000001],[-78.540427,35.800717],[-78.54046,35.800636],[-78.540763,35.800553],[-78.54108,35.799994],[-78.541681,35.799504999999996],[-78.542297,35.799262],[-78.54223,35.799371],[-78.543052,35.799183],[-78.54311,35.79913799999999],[-78.54279,35.799158000000006],[-78.543357,35.798932999999984],[-78.54344,35.798792999999996],[-78.5441,35.798607],[-78.544641,35.798273],[-78.545013,35.798176],[-78.544869,35.798067],[-78.54506,35.797938],[-78.545014,35.79788699999999],[-78.544853,35.797988999999994],[-78.544209,35.797788000000004],[-78.544083,35.79753499999999],[-78.543741,35.79727200000001],[-78.543445,35.796641],[-78.543542,35.796676],[-78.543493,35.79657],[-78.543016,35.795961000000005],[-78.542999,35.795413999999994],[-78.543431,35.79508599999999],[-78.543703,35.795030999999994],[-78.54346200000002,35.794737],[-78.542687,35.795127],[-78.542506,35.795109],[-78.541357,35.794359],[-78.540906,35.794002],[-78.540641,35.793666],[-78.539841,35.79325599999999]]],[[[-78.538908,35.81521],[-78.538829,35.815013],[-78.538988,35.81510899999999],[-78.539967,35.815031],[-78.540107,35.81513799999999],[-78.539734,35.81531],[-78.539614,35.81525799999999],[-78.539756,35.81517699999999],[-78.53964,35.81507899999999],[-78.538908,35.81521]]],[[[-78.539474,35.82922700000001],[-78.539916,35.82882],[-78.540211,35.829195999999996],[-78.540484,35.82937199999999],[-78.540602,35.829736000000004],[-78.540871,35.829573999999994],[-78.54091,35.82945899999999],[-78.540809,35.829417],[-78.540892,35.82935700000001],[-78.541294,35.829357],[-78.54151700000001,35.82918000000001],[-78.541573,35.829285999999996],[-78.541982,35.829239],[-78.541676,35.829104],[-78.541632,35.829034],[-78.541742,35.828951999999994],[-78.540717,35.828303],[-78.540663,35.82818],[-78.541106,35.828154],[-78.541329,35.828286],[-78.541582,35.828307],[-78.542611,35.82890599999999],[-78.542897,35.828864],[-78.542984,35.82837599999999],[-78.543209,35.828258],[-78.543926,35.828295],[-78.544349,35.828037],[-78.545112,35.828177999999994],[-78.545384,35.828114],[-78.545394,35.82802999999999],[-78.545137,35.82788399999998],[-78.545386,35.827800999999994],[-78.545615,35.827897],[-78.546296,35.82765599999999],[-78.545147,35.82774299999999],[-78.54515300000001,35.82762799999999],[-78.545003,35.827577999999995],[-78.54467,35.82768800000001],[-78.543625,35.827591999999996],[-78.543085,35.827800999999994],[-78.54294800000001,35.827753],[-78.542684,35.827839],[-78.542201,35.827604],[-78.541698,35.827663],[-78.541585,35.82759],[-78.540457,35.827496],[-78.540355,35.82707799999999],[-78.540547,35.826328],[-78.540465,35.82609600000001],[-78.540148,35.826157],[-78.540015,35.826102],[-78.540261,35.826042],[-78.540571,35.82603],[-78.540698,35.82613599999999],[-78.540418,35.827016],[-78.540481,35.827321],[-78.540642,35.827448],[-78.541053,35.82744699999999],[-78.541065,35.827512999999996],[-78.541188,35.82739800000002],[-78.54171,35.827499],[-78.541694,35.827416],[-78.54202,35.82743500000001],[-78.542631,35.827659],[-78.543275,35.827591],[-78.543436,35.827478],[-78.544481,35.82764],[-78.545021,35.82751],[-78.545301,35.82762700000001],[-78.545574,35.827589999999994],[-78.545486,35.827677],[-78.545602,35.827689],[-78.545936,35.82767700000001],[-78.546273,35.827508],[-78.546478,35.827639],[-78.545996,35.82776899999999],[-78.545817,35.82819099999998],[-78.545437,35.82829600000001],[-78.544354,35.828112],[-78.544274,35.82831500000001],[-78.544054,35.828293],[-78.543926,35.828387],[-78.543839,35.828317999999996],[-78.543561,35.828371],[-78.543399,35.828276],[-78.543115,35.828316999999984],[-78.54299,35.828848],[-78.542561,35.829016],[-78.541609,35.82840399999999],[-78.540917,35.828306],[-78.541413,35.828666],[-78.541837,35.828753],[-78.542053,35.82900699999999],[-78.542136,35.829288999999996],[-78.541825,35.829435],[-78.541785,35.82936600000001],[-78.541759,35.82943199999999],[-78.541071,35.82947399999999],[-78.540781,35.829862999999996],[-78.540787,35.830011],[-78.540508,35.829893],[-78.540478,35.829679000000006],[-78.539887,35.82895400000001],[-78.539314,35.829434000000006],[-78.539025,35.829504],[-78.539474,35.82922700000001]]],[[[-78.536662,35.82898899999999],[-78.536437,35.829217],[-78.536566,35.82898999999998],[-78.536241,35.82859],[-78.53675,35.828612],[-78.536769,35.828668],[-78.536482,35.828636],[-78.536662,35.82898899999999]]],[[[-78.535454,35.829813],[-78.535604,35.82993700000001],[-78.535461,35.83016199999999],[-78.534816,35.830451],[-78.535416,35.830124],[-78.535482,35.829923],[-78.535055,35.82969699999999],[-78.535345,35.829318],[-78.535548,35.829325999999995],[-78.535895,35.829505999999995],[-78.535397,35.82958500000001],[-78.535454,35.829813]]],[[[-78.533985,35.849225999999994],[-78.534642,35.849282],[-78.534602,35.84945799999999],[-78.534904,35.849821999999996],[-78.534787,35.849804],[-78.534624,35.84957099999999],[-78.534469,35.849601],[-78.534484,35.84949199999999],[-78.534455,35.849396],[-78.534379,35.84938699999999],[-78.534465,35.849491],[-78.534396,35.84952599999998],[-78.534294,35.849362],[-78.534125,35.849343999999995],[-78.533964,35.849442],[-78.533912,35.84934199999999],[-78.533985,35.849225999999994]]],[[[-78.53554,35.85018399999999],[-78.535581,35.85002699999999],[-78.535432,35.84989000000001],[-78.535527,35.849891],[-78.535537,35.84997899999998],[-78.535804,35.849967],[-78.535908,35.850088],[-78.53553,35.850265],[-78.535325,35.850165999999994],[-78.53554,35.85018399999999]]],[[[-78.53147,35.850982],[-78.53203,35.85140799999999],[-78.532193,35.851434999999995],[-78.532534,35.85187100000001],[-78.532901,35.85278399999999],[-78.533608,35.85315000000001],[-78.53398,35.853230999999994],[-78.534028,35.853165000000004],[-78.534126,35.85327999999999],[-78.534082,35.852945000000005],[-78.533826,35.85288],[-78.534227,35.852889],[-78.534486,35.853282],[-78.534466,35.853398],[-78.534326,35.853343],[-78.534173,35.85337299999999],[-78.534378,35.85339199999999],[-78.534248,35.853615000000005],[-78.534198,35.85344700000001],[-78.533992,35.853308],[-78.5338,35.853320999999994],[-78.533448,35.85319400000001],[-78.533268,35.853024],[-78.532721,35.85285199999999],[-78.532464,35.851912999999996],[-78.531956,35.851594],[-78.531593,35.851195999999995],[-78.531416,35.8511],[-78.531005,35.851332],[-78.531167,35.851076],[-78.53147,35.850982]]],[[[-78.537011,35.86863999999999],[-78.537755,35.86795000000001],[-78.53801,35.86783700000001],[-78.537542,35.868658],[-78.537288,35.868914999999994],[-78.53726,35.86948000000001],[-78.536993,35.869911],[-78.536747,35.870076],[-78.536689,35.870198],[-78.536792,35.870325],[-78.537653,35.870690999999994],[-78.538227,35.870557],[-78.538693,35.87055899999999],[-78.538848,35.870432],[-78.538978,35.87048699999999],[-78.538974,35.870610000000006],[-78.539988,35.87049],[-78.539419,35.870908],[-78.538662,35.871102],[-78.538587,35.871269000000005],[-78.538818,35.871286999999995],[-78.538789,35.87138999999999],[-78.53848,35.87150299999999],[-78.538464,35.871743],[-78.538442,35.871435],[-78.538186,35.87125000000001],[-78.538201,35.87132799999999],[-78.538085,35.871255],[-78.53812,35.87137799999999],[-78.537988,35.871326],[-78.537976,35.87104899999999],[-78.538054,35.87095200000001],[-78.538268,35.87102999999999],[-78.538295,35.87096100000001],[-78.539379,35.87081499999999],[-78.539298,35.87075899999999],[-78.539354,35.870612],[-78.538977,35.870725],[-78.538783,35.870616999999996],[-78.538197,35.870605000000005],[-78.537808,35.870768999999996],[-78.537619,35.870736],[-78.536724,35.87036299999998],[-78.536568,35.870112999999996],[-78.536856,35.86995700000001],[-78.537229,35.869355999999996],[-78.537129,35.869158],[-78.537182,35.86892100000001],[-78.537528,35.868595],[-78.537507,35.868345999999995],[-78.537209,35.868609],[-78.536981,35.868698],[-78.537011,35.86863999999999]]],[[[-78.53854,35.872488],[-78.538636,35.872840999999994],[-78.538481,35.873026],[-78.538363,35.872858],[-78.53830700000002,35.872891],[-78.53854,35.872488]]],[[[-78.537978,35.874941],[-78.538057,35.875223999999996],[-78.537917,35.87538599999999],[-78.537956,35.875303],[-78.537765,35.875035999999994],[-78.538083,35.87452700000001],[-78.53814,35.874672999999994],[-78.537978,35.874941]]],[[[-78.533158,35.878142999999994],[-78.533012,35.879084999999996],[-78.532787,35.87932599999999],[-78.532787,35.879491],[-78.532665,35.879538],[-78.532933,35.87894399999999],[-78.533036,35.87842799999999],[-78.532945,35.87801700000001],[-78.533665,35.87756699999999],[-78.533158,35.878142999999994]]],[[[-78.538914,35.87903200000001],[-78.538885,35.879234999999994],[-78.538983,35.87926300000001],[-78.539252,35.879000999999995],[-78.539244,35.878885000000004],[-78.539373,35.87940900000001],[-78.539129,35.879822],[-78.539191,35.879364],[-78.539129,35.879279999999994],[-78.539124,35.879448000000004],[-78.538883,35.87939899999999],[-78.538806,35.879229],[-78.538538,35.87965199999999],[-78.538611,35.879297],[-78.538914,35.87903200000001]]],[[[-78.531665,35.882971000000005],[-78.531842,35.88277],[-78.532151,35.882875],[-78.532474,35.88262999999999],[-78.532258,35.88291],[-78.531106,35.883188],[-78.531665,35.882971000000005]]],[[[-78.535501,35.88322999999998],[-78.535421,35.882932000000004],[-78.535849,35.88291000000001],[-78.536017,35.882796],[-78.537083,35.883669999999995],[-78.537808,35.88376599999999],[-78.53792000000001,35.883665],[-78.53808,35.88368599999999],[-78.537872,35.883165999999996],[-78.537538,35.882957000000005],[-78.536929,35.882817],[-78.536869,35.882905999999984],[-78.53673,35.882892],[-78.536717,35.882813999999996],[-78.536525,35.882856],[-78.536615,35.882924],[-78.536427,35.882904999999994],[-78.53611,35.882615],[-78.536253,35.88259399999999],[-78.53617,35.88251699999999],[-78.53631500000002,35.882381],[-78.536078,35.882359],[-78.536151,35.88215399999999],[-78.536487,35.88198999999999],[-78.537097,35.881865000000005],[-78.537797,35.88192899999999],[-78.538359,35.88217600000001],[-78.538463,35.88232800000001],[-78.538341,35.88235000000001],[-78.538421,35.88246],[-78.537817,35.882547],[-78.537904,35.882609],[-78.537706,35.882655],[-78.537881,35.882719],[-78.537809,35.882737],[-78.538167,35.88290599999999],[-78.538854,35.88285999999999],[-78.538768,35.88281599999999],[-78.539153,35.88287299999999],[-78.539188,35.88279099999999],[-78.53939,35.882753999999984],[-78.539734,35.883101999999994],[-78.539803,35.88349899999999],[-78.539741,35.88361],[-78.53952,35.883667999999986],[-78.539487,35.88390100000001],[-78.53967,35.88413],[-78.539604,35.884347],[-78.539613,35.884159000000004],[-78.539195,35.88362599999999],[-78.539287,35.88334300000001],[-78.539037,35.883171],[-78.538193,35.883119],[-78.538377,35.883282],[-78.538392,35.88396],[-78.537994,35.884056],[-78.536803,35.883710999999984],[-78.536253,35.883405],[-78.536003,35.88299800000001],[-78.535815,35.882940999999995],[-78.53555,35.88299399999999],[-78.535562,35.883222],[-78.535476,35.883374],[-78.535323,35.88345],[-78.535501,35.88322999999998]]],[[[-78.543036,35.889413],[-78.542758,35.88928799999999],[-78.543002,35.888681999999996],[-78.542848,35.888506],[-78.542803,35.88825699999999],[-78.5425,35.88809499999999],[-78.542215,35.88819399999999],[-78.542074,35.888406999999994],[-78.542154,35.888636999999996],[-78.542047,35.889039],[-78.542101,35.889345000000006],[-78.541465,35.88977499999999],[-78.540661,35.890035],[-78.540192,35.889877000000006],[-78.53999600000002,35.889976],[-78.539391,35.88993000000001],[-78.53899900000002,35.889794],[-78.538654,35.88993399999999],[-78.538863,35.89027500000001],[-78.538558,35.89059300000002],[-78.538987,35.891221],[-78.539076,35.891247],[-78.539101,35.891155],[-78.538981,35.89084999999999],[-78.539209,35.890769999999996],[-78.539196,35.890941],[-78.539465,35.891234],[-78.539451,35.891419],[-78.539688,35.891514000000015],[-78.540347,35.89141599999999],[-78.540855,35.89151999999999],[-78.541097,35.89148699999999],[-78.541262,35.891669],[-78.541611,35.891752],[-78.541747,35.892055],[-78.541715,35.892421000000006],[-78.541908,35.892708],[-78.541929,35.892933],[-78.542087,35.89302899999999],[-78.542038,35.893226],[-78.541504,35.893344],[-78.540987,35.892937],[-78.540236,35.892882],[-78.540019,35.89263199999999],[-78.53961,35.892583],[-78.53954,35.892358],[-78.538913,35.89213600000001],[-78.538287,35.89225799999999],[-78.538119,35.89264099999999],[-78.537987,35.892667],[-78.537939,35.892461999999995],[-78.537723,35.89237899999999],[-78.53698,35.892854],[-78.536783,35.892604999999996],[-78.536927,35.89221],[-78.536778,35.89193699999999],[-78.537034,35.891496],[-78.537282,35.891304000000005],[-78.537016,35.890997999999996],[-78.537424,35.89099399999999],[-78.53803,35.891392999999994],[-78.538212,35.891338999999995],[-78.538209,35.89119000000001],[-78.537721,35.890841],[-78.537197,35.89086099999999],[-78.537051,35.89074299999999],[-78.536889,35.890745],[-78.536523,35.890955999999996],[-78.536261,35.891240999999994],[-78.536167,35.89143399999999],[-78.53636200000001,35.89173499999999],[-78.536144,35.892205],[-78.535771,35.89247000000001],[-78.53554,35.892909],[-78.535543,35.893378],[-78.536029,35.893892],[-78.53633,35.893873000000006],[-78.536638,35.89411],[-78.536619,35.894315],[-78.537021,35.89468699999999],[-78.536661,35.894583999999995],[-78.535462,35.893427],[-78.535444,35.89286799999999],[-78.535622,35.892568],[-78.535863,35.891615999999985],[-78.53629,35.891033],[-78.536814,35.890693999999996],[-78.536974,35.890629000000004],[-78.537264,35.890761],[-78.537419,35.89069700000001],[-78.537963,35.890894],[-78.538366,35.891354000000014],[-78.538446,35.891715999999995],[-78.539671,35.892257],[-78.53992,35.892469999999996],[-78.54017200000001,35.892301999999994],[-78.540153,35.892011],[-78.539245,35.89164800000001],[-78.538846,35.891264],[-78.538216,35.890342],[-78.538294,35.890031],[-78.53848500000001,35.889849000000005],[-78.539343,35.889607],[-78.541127,35.88890899999999],[-78.541744,35.888577999999995],[-78.542146,35.888119],[-78.5425,35.88794699999999],[-78.543039,35.888284],[-78.543278,35.888673],[-78.543453,35.889392],[-78.543929,35.889782],[-78.543197,35.88980899999999],[-78.543036,35.889413]]],[[[-78.539158,35.895337999999995],[-78.538544,35.89571],[-78.538752,35.895499999999984],[-78.538564,35.89551699999999],[-78.538327,35.89538000000001],[-78.538732,35.895348],[-78.538568,35.895300000000006],[-78.53904,35.895203],[-78.539158,35.895337999999995]]],[[[-78.531478,35.895218],[-78.531601,35.895718],[-78.531498,35.89581999999999],[-78.531791,35.896146],[-78.531822,35.896783],[-78.531743,35.896729],[-78.531742,35.89626],[-78.531351,35.895683999999996],[-78.531312,35.895279],[-78.53109,35.895203],[-78.53136,35.895139],[-78.531478,35.895218]]],[[[-78.538424,35.896255],[-78.537956,35.89641900000001],[-78.538042,35.89645300000001],[-78.537893,35.896535],[-78.537901,35.897045],[-78.53694,35.896944],[-78.536877,35.897023999999995],[-78.536782,35.89699199999999],[-78.53675100000001,35.897098],[-78.536642,35.89704],[-78.536551,35.897122],[-78.536213,35.896527000000006],[-78.536579,35.896496],[-78.536641,35.89623199999999],[-78.536564,35.896152],[-78.53622300000002,35.896215],[-78.536133,35.896443999999995],[-78.536213,35.896595000000005],[-78.536135,35.896653],[-78.536159,35.897343000000006],[-78.536543,35.897192],[-78.536717,35.897453999999996],[-78.536733,35.897751],[-78.536469,35.898078],[-78.535966,35.898265],[-78.53594,35.898458999999995],[-78.536066,35.898698],[-78.536311,35.89889],[-78.536278,35.898989],[-78.536095,35.89903799999999],[-78.536159,35.898886000000005],[-78.535935,35.89862099999999],[-78.535897,35.898297],[-78.536001,35.898157],[-78.536514,35.897890999999994],[-78.53657500000001,35.89771399999999],[-78.536574,35.897568],[-78.536451,35.89749900000001],[-78.536113,35.897538],[-78.536049,35.896574],[-78.536169,35.89596700000001],[-78.536086,35.895877],[-78.536498,35.895919],[-78.536821,35.896229],[-78.536802,35.896464],[-78.536691,35.896545],[-78.53684,35.89673200000001],[-78.536742,35.89672499999999],[-78.536787,35.89677600000001],[-78.536882,35.896733000000005],[-78.536879,35.896694],[-78.537391,35.896756],[-78.537378,35.896877],[-78.537458,35.896837000000005],[-78.537422,35.896587],[-78.537519,35.896586],[-78.537563,35.896457999999996],[-78.53739,35.896319],[-78.537431,35.896218],[-78.537651,35.896088999999996],[-78.538176,35.89617899999999],[-78.538303,35.89599599999999],[-78.53809,35.895869000000005],[-78.538022,35.895647000000004],[-78.538141,35.895448],[-78.53848500000001,35.895575],[-78.538423,35.895909],[-78.538497,35.895882],[-78.538506,35.89601400000001],[-78.538768,35.896211],[-78.538604,35.89631599999999],[-78.538424,35.896255]]],[[[-78.540823,35.900814000000004],[-78.540929,35.901012],[-78.541221,35.901112],[-78.541512,35.90102100000001],[-78.541703,35.900456],[-78.541422,35.90030499999999],[-78.541112,35.900451999999994],[-78.541441,35.90018500000001],[-78.541368,35.90028],[-78.541724,35.900372000000004],[-78.541901,35.90069100000001],[-78.541798,35.90091900000001],[-78.541585,35.901078000000005],[-78.541035,35.901257999999984],[-78.540863,35.90114200000001],[-78.540867,35.900962],[-78.540675,35.901135],[-78.540565,35.901125],[-78.540823,35.900814000000004]]],[[[-78.53401800000002,35.902559],[-78.533507,35.90203900000001],[-78.533475,35.901098],[-78.53311500000001,35.90050900000001],[-78.532855,35.900198],[-78.532693,35.900146],[-78.532469,35.899774],[-78.532586,35.89977999999999],[-78.53253,35.899523],[-78.532773,35.899407],[-78.532602,35.899052999999995],[-78.532271,35.898888],[-78.532051,35.89862500000001],[-78.532039,35.898114],[-78.532132,35.89859],[-78.532734,35.899113],[-78.532959,35.899514],[-78.532974,35.899697999999994],[-78.532643,35.899719],[-78.532702,35.899953999999994],[-78.532967,35.90012699999999],[-78.532965,35.90028099999999],[-78.533294,35.900521],[-78.533527,35.900869000000014],[-78.533468,35.900956],[-78.533696,35.901351],[-78.533527,35.901839999999986],[-78.533753,35.902261],[-78.534129,35.902513000000006],[-78.534178,35.90271799999999],[-78.533993,35.902888999999995],[-78.53466,35.90343499999999],[-78.534603,35.90364499999999],[-78.534386,35.903814],[-78.533883,35.903724],[-78.533971,35.90341900000001],[-78.533909,35.90293],[-78.533829,35.90290499999999],[-78.53352,35.903158],[-78.533585,35.902989999999996],[-78.534048,35.90272800000001],[-78.53401800000002,35.902559]]],[[[-78.537102,35.90253],[-78.537621,35.90183999999999],[-78.537923,35.901693999999985],[-78.537993,35.90148599999999],[-78.53792200000001,35.901348],[-78.538396,35.901072],[-78.538511,35.900757999999996],[-78.538933,35.90055499999999],[-78.539081,35.90059599999999],[-78.539758,35.900365],[-78.53978300000001,35.90013],[-78.539964,35.89990399999999],[-78.540083,35.900150999999994],[-78.540061,35.900411],[-78.54017200000001,35.900424],[-78.539968,35.90058],[-78.540019,35.900663],[-78.540099,35.900581],[-78.54008,35.900729],[-78.539943,35.900782],[-78.539263,35.90172799999999],[-78.53937,35.901974],[-78.539969,35.90227900000001],[-78.540151,35.90224700000001],[-78.540447,35.90192600000001],[-78.540337,35.90181],[-78.540377,35.901586],[-78.540474,35.901514999999996],[-78.540497,35.90198999999999],[-78.540197,35.902475],[-78.539674,35.902494],[-78.539386,35.90230900000001],[-78.539251,35.902505],[-78.53917700000001,35.90244],[-78.539285,35.90205699999999],[-78.539102,35.90182000000001],[-78.539181,35.90185600000001],[-78.539162,35.901598],[-78.539305,35.90135200000001],[-78.539528,35.901223],[-78.539994,35.900416],[-78.538836,35.90074],[-78.538786,35.900865999999986],[-78.538583,35.900937],[-78.538449,35.90119800000001],[-78.538032,35.90137300000001],[-78.537949,35.90185499999999],[-78.537624,35.902001],[-78.537172,35.90258099999999],[-78.536931,35.902696],[-78.536808,35.90229000000001],[-78.536928,35.90251199999999],[-78.537102,35.90253]]],[[[-78.5313,35.903318000000006],[-78.531253,35.903576],[-78.531227,35.903276],[-78.53147,35.90323999999999],[-78.531542,35.903122999999994],[-78.531712,35.90311599999999],[-78.531911,35.90326999999999],[-78.53189900000001,35.903351999999984],[-78.53187,35.903273],[-78.531578,35.903199],[-78.5313,35.903318000000006]]],[[[-78.540319,35.90496400000001],[-78.539876,35.90510999999999],[-78.539872,35.904901],[-78.539682,35.904626],[-78.539514,35.90473200000001],[-78.539482,35.904623],[-78.53922000000001,35.904478],[-78.539255,35.90422],[-78.539533,35.904204],[-78.539625,35.90432],[-78.539655,35.90426399999999],[-78.539608,35.904088999999985],[-78.539514,35.90409],[-78.539623,35.903881000000005],[-78.539489,35.903807999999984],[-78.539604,35.90368999999999],[-78.539575,35.903155999999996],[-78.539661,35.902985],[-78.540004,35.90285499999999],[-78.540167,35.90297],[-78.540266,35.903354],[-78.540315,35.903273],[-78.54065,35.90322500000001],[-78.540928,35.903566],[-78.541136,35.903667],[-78.54186100000001,35.903834],[-78.542181,35.903786],[-78.542284,35.903895],[-78.542775,35.903833999999996],[-78.542937,35.90404],[-78.542816,35.904441],[-78.542327,35.904957],[-78.541802,35.904765],[-78.541493,35.904854],[-78.541445,35.90499499999999],[-78.54138000000002,35.904915],[-78.541249,35.905001000000006],[-78.541035,35.904655999999996],[-78.540798,35.905248],[-78.540622,35.905013999999994],[-78.54051200000002,35.90510400000001],[-78.540319,35.90496400000001]]],[[[-78.53718300000001,35.909776],[-78.537004,35.909821],[-78.536919,35.90995799999999],[-78.536955,35.909687000000005],[-78.537259,35.90965],[-78.53718300000001,35.909776]]],[[[-78.540657,35.91310599999999],[-78.540718,35.91340599999999],[-78.540541,35.91327699999999],[-78.540027,35.91355],[-78.540107,35.913617],[-78.540049,35.913666],[-78.53968,35.913782],[-78.539487,35.914311],[-78.539385,35.914353999999996],[-78.538997,35.914134999999995],[-78.538746,35.914257000000006],[-78.538671,35.91419100000001],[-78.537868,35.91419200000001],[-78.537578,35.914062],[-78.53748,35.913824],[-78.53731000000002,35.91379],[-78.537133,35.913607999999996],[-78.537066,35.913811],[-78.537011,35.913596],[-78.537285,35.91360800000001],[-78.53734,35.91375299999999],[-78.537495,35.91377399999999],[-78.537835,35.914122000000006],[-78.537994,35.914173000000005],[-78.538849,35.914142],[-78.538957,35.914056],[-78.539369,35.914291],[-78.539496,35.91416699999999],[-78.539557,35.91380000000001],[-78.539968,35.91356600000001],[-78.539967,35.913398],[-78.54011,35.91342],[-78.540105,35.91329300000001],[-78.540474,35.91314200000001],[-78.540657,35.91310599999999]]],[[[-78.528281,35.742242],[-78.528606,35.742303],[-78.528604,35.742243],[-78.528934,35.74217999999998],[-78.528867,35.74246000000001],[-78.528539,35.742743999999995],[-78.528565,35.74294799999999],[-78.528895,35.743246],[-78.529144,35.743832000000005],[-78.529535,35.74426999999999],[-78.529887,35.74434699999999],[-78.530054,35.74451],[-78.530475,35.744586999999996],[-78.530447,35.745021],[-78.530783,35.74501],[-78.530555,35.744563],[-78.530882,35.74443999999999],[-78.531091,35.744204],[-78.53111500000001,35.743869],[-78.531204,35.743882],[-78.531132,35.743827],[-78.531407,35.743742],[-78.531259,35.743906],[-78.531391,35.744102000000005],[-78.53122,35.744825],[-78.530506,35.745233000000006],[-78.53051,35.74547799999999],[-78.531099,35.745766999999994],[-78.531626,35.745667000000005],[-78.531992,35.745736],[-78.531176,35.74591199999998],[-78.530607,35.745779000000006],[-78.530328,35.745617],[-78.530145,35.745285],[-78.530329,35.745100000000015],[-78.530342,35.744767],[-78.53022,35.744646],[-78.529828,35.744533000000004],[-78.5298,35.744414000000006],[-78.52955300000002,35.74438],[-78.529197,35.74402],[-78.528754,35.74325599999999],[-78.52836,35.74288200000001],[-78.528461,35.74252799999999],[-78.528577,35.742444],[-78.528261,35.742409],[-78.52807494947352,35.74207699986939],[-78.52814286434642,35.74201242751608],[-78.528281,35.742242]]],[[[-78.527089,35.745987],[-78.526337,35.746273],[-78.526257,35.746255999999995],[-78.526502,35.74596099999999],[-78.525935,35.746030000000005],[-78.526088,35.745849],[-78.526395,35.745709999999995],[-78.52659,35.74575899999999],[-78.526462,35.745824],[-78.526635,35.74598399999999],[-78.527089,35.745987]]],[[[-78.532816,35.745813],[-78.532362,35.745865],[-78.53226,35.745954],[-78.532262,35.74622399999999],[-78.531996,35.746263000000006],[-78.531997,35.746525],[-78.53211000000002,35.746829],[-78.53233300000001,35.746937],[-78.532479,35.747170999999994],[-78.532683,35.747237999999996],[-78.532779,35.747704999999996],[-78.532671,35.74825499999999],[-78.532957,35.748588000000005],[-78.532775,35.748631],[-78.53287,35.748668],[-78.53277,35.748870000000004],[-78.532932,35.748972999999985],[-78.53273,35.74903599999999],[-78.532748,35.749611],[-78.532938,35.75002299999999],[-78.533052,35.75008999999999],[-78.533221,35.74993400000001],[-78.533195,35.75014],[-78.532943,35.75019600000002],[-78.532615,35.749587000000005],[-78.532612,35.74911800000001],[-78.532474,35.74859],[-78.53228600000001,35.748326000000006],[-78.532268,35.748133],[-78.532448,35.747936],[-78.532457,35.747638999999985],[-78.532316,35.74758300000001],[-78.532433,35.747433],[-78.532099,35.747393],[-78.532148,35.74701999999999],[-78.531936,35.74697299999999],[-78.531853,35.74672700000001],[-78.531614,35.746494],[-78.531838,35.746161],[-78.532059,35.74605699999999],[-78.53212,35.745883000000006],[-78.53265,35.745702],[-78.532625,35.745622],[-78.532484,35.74567299999999],[-78.532341,35.745576],[-78.532956,35.74550599999999],[-78.532972,35.74571],[-78.532816,35.745813]]],[[[-78.527492,35.748336999999985],[-78.528634,35.747859],[-78.528717,35.74774000000001],[-78.529066,35.74763000000001],[-78.5292,35.747674999999994],[-78.529442,35.74799899999999],[-78.52938,35.74822399999999],[-78.529899,35.74916299999999],[-78.529271,35.74824600000001],[-78.529302,35.74797099999999],[-78.529134,35.747749999999996],[-78.527338,35.748502],[-78.526629,35.74843899999999],[-78.527275,35.748306],[-78.527492,35.748336999999985]]],[[[-78.53297,35.749460000000006],[-78.532853,35.74908200000001],[-78.533173,35.748796000000006],[-78.533217,35.748921],[-78.533351,35.748898],[-78.533249,35.74971],[-78.533225,35.749604000000005],[-78.53297,35.749460000000006]]],[[[-78.532928,35.751462],[-78.532901,35.751727],[-78.532719,35.751756],[-78.532796,35.75172],[-78.532778,35.751407],[-78.533266,35.75122700000001],[-78.533333,35.751341],[-78.532928,35.751462]]],[[[-78.532815,35.754407],[-78.533792,35.754327],[-78.534049,35.754094],[-78.534209,35.75417699999999],[-78.534312,35.754123],[-78.534322,35.754032],[-78.53414,35.753951],[-78.533733,35.753868],[-78.533501,35.753597],[-78.533958,35.753852],[-78.534201,35.753853],[-78.534524,35.75417299999999],[-78.534521,35.754281000000006],[-78.533893,35.754379],[-78.534157,35.754488],[-78.53389,35.754614999999994],[-78.533648,35.75454],[-78.532863,35.754578],[-78.532815,35.754407]]],[[[-78.529232,35.751920999999996],[-78.528565,35.75200100000001],[-78.528543,35.75191199999999],[-78.528315,35.75194200000001],[-78.528204,35.752],[-78.528401,35.75207999999999],[-78.528306,35.752117],[-78.528072,35.751975],[-78.527618,35.752108],[-78.528143,35.752131000000006],[-78.528767,35.75229699999999],[-78.529165,35.75251899999999],[-78.529201,35.752791],[-78.529454,35.75281400000001],[-78.529662,35.753035999999994],[-78.530089,35.75317299999999],[-78.530361,35.753409000000005],[-78.530425,35.75369899999999],[-78.530133,35.754400000000004],[-78.530202,35.754452],[-78.531487,35.75448599999999],[-78.531499,35.754669],[-78.530976,35.754665],[-78.530884,35.75474100000001],[-78.530817,35.75466500000001],[-78.530054,35.75467100000001],[-78.530102,35.75479300000001],[-78.530231,35.75473199999998],[-78.530184,35.754842],[-78.530291,35.75493900000001],[-78.530012,35.75500199999999],[-78.530148,35.755092000000005],[-78.52993,35.755249000000006],[-78.52946,35.755339],[-78.529614,35.755321000000016],[-78.52968,35.755464],[-78.529248,35.75556999999999],[-78.529155,35.75582899999999],[-78.528888,35.756077],[-78.529201,35.75645],[-78.52937900000002,35.756902],[-78.529551,35.75692200000001],[-78.529408,35.756966000000006],[-78.529728,35.75694299999999],[-78.530593,35.75764000000001],[-78.532048,35.75841999999999],[-78.532132,35.75890499999999],[-78.531908,35.759012],[-78.53162,35.759530000000005],[-78.53133400000002,35.75980800000001],[-78.531371,35.760054999999994],[-78.530987,35.760601],[-78.531051,35.760825],[-78.531181,35.760863],[-78.531168,35.760678000000006],[-78.531687,35.76036899999999],[-78.53205,35.759982],[-78.532663,35.759625],[-78.532838,35.759271],[-78.533843,35.75957],[-78.534279,35.75996799999999],[-78.534424,35.76059599999999],[-78.53501,35.76114400000001],[-78.535047,35.761277],[-78.534883,35.76165300000001],[-78.535551,35.761787],[-78.53545100000001,35.761415],[-78.535589,35.761331999999996],[-78.535783,35.761302],[-78.536078,35.761407999999996],[-78.536425,35.761345000000006],[-78.536767,35.761743],[-78.538425,35.762644],[-78.538617,35.763167],[-78.538456,35.763736],[-78.53849,35.763073000000006],[-78.538228,35.76259699999999],[-78.537068,35.761941],[-78.536633,35.761871000000006],[-78.536334,35.76144399999998],[-78.536008,35.761475],[-78.535761,35.761376000000006],[-78.535549,35.76147699999999],[-78.535677,35.761822],[-78.535644,35.762054000000006],[-78.535096,35.76176699999999],[-78.53464,35.761783],[-78.534506,35.761882],[-78.534731,35.761663999999996],[-78.534946,35.76122899999999],[-78.534704,35.76105900000001],[-78.534756,35.760998],[-78.534642,35.760824],[-78.534347,35.76063],[-78.534223,35.76004400000001],[-78.533786,35.75963800000001],[-78.532841,35.759437],[-78.532726,35.759757],[-78.532406,35.760028],[-78.531975,35.760196999999984],[-78.531348,35.760735],[-78.531296,35.760888],[-78.53109,35.760929000000004],[-78.530895,35.76082499999999],[-78.530838,35.760604999999984],[-78.531114,35.76031],[-78.531131,35.759809],[-78.531966,35.758919000000006],[-78.531963,35.758531],[-78.531041,35.757929999999995],[-78.53055200000001,35.75774499999999],[-78.529612,35.757066],[-78.528902,35.75719800000001],[-78.528701,35.757147],[-78.528847,35.757244],[-78.527928,35.757884000000004],[-78.527384,35.75840300000001],[-78.527381,35.75819299999999],[-78.527583,35.757996],[-78.527486,35.75792100000001],[-78.527758,35.75754399999999],[-78.527721,35.756952],[-78.527924,35.756724999999996],[-78.528524,35.756537],[-78.528236,35.75656699999999],[-78.528268,35.75616800000001],[-78.528467,35.756002],[-78.528731,35.755990999999995],[-78.528973,35.75581100000001],[-78.529165,35.755473],[-78.529971,35.754908],[-78.529885,35.75468399999999],[-78.529658,35.75466],[-78.530182,35.754588],[-78.529789,35.75444699999999],[-78.530114,35.754085],[-78.530183,35.753785999999984],[-78.530045,35.753336999999995],[-78.529453,35.75299299999999],[-78.529232,35.752994],[-78.529117,35.752878],[-78.529007,35.75297],[-78.528991,35.752617],[-78.528495,35.752317000000005],[-78.527898,35.752179999999996],[-78.527537,35.75235200000001],[-78.527537,35.752227],[-78.527132,35.752177],[-78.527077,35.752061999999995],[-78.527051,35.752178999999984],[-78.526712,35.752154],[-78.526641,35.752241],[-78.526394,35.75214999999999],[-78.526445,35.75202900000001],[-78.52634500000002,35.751945],[-78.526547,35.751988000000004],[-78.526507,35.752164],[-78.526887,35.75199500000001],[-78.528746,35.751768000000006],[-78.529317,35.751872],[-78.529378,35.752036999999994],[-78.529232,35.751920999999996]]],[[[-78.53233300000001,35.772786999999994],[-78.532871,35.772597999999995],[-78.533232,35.772594999999995],[-78.533387,35.77266300000001],[-78.533638,35.772999],[-78.533775,35.772824],[-78.533868,35.772790000000015],[-78.534059,35.772754000000006],[-78.534183,35.772743999999996],[-78.534324,35.772634999999994],[-78.535166,35.772737],[-78.535598,35.772394],[-78.535586,35.772271],[-78.53501500000002,35.77211],[-78.535353,35.77137900000001],[-78.535764,35.77095700000001],[-78.535422,35.77057],[-78.535243,35.769854999999986],[-78.535562,35.770188000000005],[-78.536653,35.77036],[-78.536664,35.770542999999996],[-78.53705,35.77062699999999],[-78.537196,35.770576],[-78.537222,35.77026500000001],[-78.537077,35.770117000000006],[-78.537035,35.76986],[-78.537206,35.76920700000001],[-78.537721,35.76803],[-78.537556,35.767356],[-78.537527,35.766310999999995],[-78.537266,35.76570300000001],[-78.537389,35.76531500000001],[-78.537321,35.765208],[-78.536632,35.765164],[-78.536209,35.765043999999996],[-78.536259,35.764921],[-78.536416,35.764927],[-78.537207,35.764423],[-78.537315,35.76408799999999],[-78.537884,35.76410899999998],[-78.537437,35.764159],[-78.53724,35.764536],[-78.53686,35.764862],[-78.536893,35.76499799999999],[-78.537175,35.765056999999985],[-78.53743900000002,35.764836],[-78.537723,35.764796],[-78.537614,35.76514100000001],[-78.537684,35.765288],[-78.537843,35.765347],[-78.537713,35.765521],[-78.537529,35.76552100000001],[-78.53744300000001,35.765673],[-78.537632,35.766246],[-78.537682,35.767486000000005],[-78.537906,35.767616999999994],[-78.537244,35.769527],[-78.537192,35.769904000000004],[-78.537348,35.770209],[-78.53732,35.770691],[-78.537133,35.770753],[-78.536378,35.77069],[-78.53614300000001,35.770573],[-78.53579100000002,35.770569],[-78.535645,35.770432],[-78.53601200000001,35.771066],[-78.535562,35.77163099999999],[-78.535713,35.77158200000001],[-78.535922,35.771703],[-78.536007,35.77166499999999],[-78.536173,35.77204],[-78.535526,35.772181],[-78.535642,35.77228],[-78.535633,35.772399],[-78.535141,35.772764],[-78.534565,35.772693000000004],[-78.534291,35.772762],[-78.534049,35.77276000000001],[-78.533798,35.77281599999999],[-78.53358400000002,35.773093],[-78.53341200000001,35.77279800000001],[-78.533119,35.77265],[-78.532704,35.772691],[-78.532398,35.772844],[-78.532247,35.772741],[-78.532224,35.772695],[-78.53233300000001,35.772786999999994]]],[[[-78.5304300110795,35.77308813810884],[-78.530694,35.772755999999994],[-78.531129,35.772826],[-78.531303,35.772396],[-78.531698,35.772614],[-78.532148,35.77265799999999],[-78.532224,35.772695],[-78.531868,35.77267500000001],[-78.531698,35.772797],[-78.53136,35.77253000000001],[-78.531169,35.77291400000001],[-78.530823,35.77292999999999],[-78.53047245322895,35.77320329291318],[-78.5304300110795,35.77308813810884]]],[[[-78.534411,35.772993],[-78.53437000000001,35.773095000000005],[-78.533895,35.773382],[-78.533927,35.77304500000001],[-78.534142,35.772924],[-78.534411,35.772993]]],[[[-78.530162,35.774333],[-78.530535,35.774606999999996],[-78.530858,35.77467],[-78.531193,35.774621999999994],[-78.531272,35.774705],[-78.531583,35.774637],[-78.53178,35.774554],[-78.532266,35.77441099999999],[-78.532298,35.77441699999999],[-78.531772,35.774590999999994],[-78.531193,35.774922],[-78.531317,35.774859],[-78.531378,35.77497999999999],[-78.531623,35.77507000000001],[-78.53319900000001,35.774621],[-78.534118,35.774689],[-78.534296,35.774547999999996],[-78.53429,35.773964],[-78.534403,35.77381099999999],[-78.533894,35.773922],[-78.53389100000001,35.77388799999999],[-78.535524,35.77324900000001],[-78.53642,35.773104],[-78.537188,35.773051],[-78.53726500000002,35.77296499999999],[-78.537378,35.773094],[-78.538662,35.773166999999994],[-78.536552,35.773109],[-78.535865,35.773242],[-78.5346,35.77386099999998],[-78.534422,35.774622],[-78.533711,35.774823],[-78.533026,35.77480499999999],[-78.531573,35.775254000000004],[-78.531253,35.77524999999999],[-78.531156,35.775017999999996],[-78.530664,35.77522999999999],[-78.53124400000002,35.77480700000001],[-78.530024,35.775367],[-78.530959,35.77480999999999],[-78.530523,35.77470700000001],[-78.530232,35.77448199999999],[-78.53013,35.774463999999995],[-78.530092,35.774522],[-78.530203,35.774522],[-78.530048,35.774583],[-78.529971,35.774751],[-78.52988,35.77474099999999],[-78.529961,35.774857999999995],[-78.529874,35.775307999999995],[-78.529743,35.77544399999999],[-78.5292960210978,35.77557500000063],[-78.52975039539648,35.77458009301671],[-78.530162,35.774333]]],[[[-78.5292138684832,35.775768627308665],[-78.529631,35.775579],[-78.52918684760137,35.77585295229306],[-78.5292138684832,35.775768627308665]]],[[[-78.537425,35.773218],[-78.537299,35.774574],[-78.537143,35.775058],[-78.536922,35.77540099999999],[-78.53657300000002,35.775497],[-78.536502,35.775606999999994],[-78.536693,35.77591000000001],[-78.536205,35.77650599999999],[-78.53510700000001,35.776914],[-78.535849,35.77689699999999],[-78.536037,35.776992],[-78.536389,35.778153],[-78.536376,35.778527999999994],[-78.53651,35.778945],[-78.536435,35.77921500000001],[-78.53592800000001,35.779571999999995],[-78.535874,35.77980500000001],[-78.53618800000001,35.78004199999999],[-78.536269,35.780219],[-78.53597,35.780775999999996],[-78.535809,35.780801999999994],[-78.535769,35.780916],[-78.53619,35.780965],[-78.536266,35.781238],[-78.535895,35.78128900000001],[-78.53549600000001,35.781145],[-78.535166,35.78122400000001],[-78.535446,35.781313],[-78.535555,35.781515999999996],[-78.534922,35.782527],[-78.534847,35.782816999999994],[-78.534786,35.783669],[-78.535003,35.784609],[-78.534946,35.78499299999999],[-78.535051,35.78518900000001],[-78.534899,35.785246000000015],[-78.534897,35.785532],[-78.534535,35.78597499999999],[-78.534128,35.78619],[-78.534872,35.786359],[-78.535065,35.786620000000006],[-78.534977,35.78712099999999],[-78.534311,35.787782],[-78.533312,35.78801],[-78.53257,35.787689],[-78.531438,35.787476999999996],[-78.531303,35.78735099999999],[-78.53073,35.787386999999995],[-78.530812,35.787443],[-78.53098600000001,35.787384],[-78.531938,35.78783599999999],[-78.532151,35.78783099999998],[-78.532109,35.787887999999995],[-78.53239,35.78802900000001],[-78.532355,35.78815500000001],[-78.532702,35.78837800000001],[-78.533007,35.788554],[-78.533437,35.788537000000005],[-78.533547,35.78867700000001],[-78.533466,35.78879799999999],[-78.533315,35.788814],[-78.533229,35.789137],[-78.533594,35.789058],[-78.533743,35.789362],[-78.533682,35.789464],[-78.533449,35.78947500000001],[-78.533552,35.79009099999998],[-78.53427800000001,35.79178399999999],[-78.533928,35.79243799999999],[-78.53354900000001,35.79263999999999],[-78.533378,35.792841],[-78.533848,35.792628],[-78.534068,35.792632],[-78.534208,35.792727],[-78.534758,35.79265900000001],[-78.534855,35.792871999999996],[-78.535256,35.792947000000005],[-78.535853,35.793249],[-78.53605700000001,35.793215],[-78.536561,35.793509],[-78.536958,35.793625],[-78.537523,35.79363099999999],[-78.537939,35.793526],[-78.538209,35.793627],[-78.538426,35.79359],[-78.53817800000002,35.793671],[-78.537848,35.793578],[-78.53726500000002,35.793776],[-78.536474,35.79358299999999],[-78.536074,35.793333999999994],[-78.535773,35.793296999999995],[-78.535065,35.792972000000006],[-78.534738,35.793103],[-78.53445400000001,35.793016],[-78.534021,35.79265500000001],[-78.533611,35.79275500000001],[-78.533301,35.793018],[-78.533046,35.793103],[-78.532998,35.793237],[-78.532963,35.793137],[-78.53279,35.79312799999999],[-78.533158,35.79296899999999],[-78.533569,35.792547],[-78.533905,35.792389],[-78.534208,35.791757],[-78.533451,35.790222],[-78.533468,35.78964200000001],[-78.533063,35.789287],[-78.533179,35.788972000000015],[-78.533093,35.788779],[-78.533208,35.78863100000001],[-78.532715,35.788639],[-78.532303,35.788182000000006],[-78.531989,35.788078],[-78.531211,35.78757],[-78.53077,35.787501999999996],[-78.530501,35.787272],[-78.530146,35.787198999999994],[-78.529941,35.78726699999999],[-78.530094,35.787123],[-78.531332,35.78734300000001],[-78.531949,35.787562],[-78.532519,35.78765099999999],[-78.533317,35.787984],[-78.534279,35.787757],[-78.534897,35.787127],[-78.534955,35.78657899999999],[-78.534768,35.786396999999994],[-78.533788,35.786303],[-78.53371,35.786174],[-78.534431,35.78599199999999],[-78.534814,35.785569],[-78.534746,35.785274],[-78.534955,35.784646],[-78.534832,35.784516999999994],[-78.534731,35.78394899999999],[-78.534775,35.78258100000001],[-78.534991,35.782401],[-78.535345,35.78159999999998],[-78.535316,35.781353],[-78.53516,35.781269999999985],[-78.535166,35.781164999999994],[-78.535297,35.781068],[-78.536163,35.78103],[-78.535569,35.780942],[-78.535659,35.78077499999999],[-78.535861,35.780730000000005],[-78.535919,35.78048],[-78.535977,35.780585],[-78.536112,35.78021900000001],[-78.535959,35.78030300000001],[-78.536124,35.780092999999994],[-78.535872,35.78000200000001],[-78.535865,35.77962600000001],[-78.53637,35.77917899999999],[-78.536453,35.77897500000001],[-78.536284,35.77851],[-78.536316,35.778101],[-78.535994,35.777073],[-78.535723,35.77694699999999],[-78.535247,35.77707999999999],[-78.534874,35.77705299999999],[-78.534756,35.776811],[-78.534661,35.776849000000006],[-78.534603,35.776744],[-78.53466,35.776692],[-78.535007,35.776842],[-78.535311,35.776796999999995],[-78.536164,35.776467],[-78.536332,35.776303999999996],[-78.536565,35.775913],[-78.536373,35.775453999999996],[-78.536463,35.775331000000016],[-78.53677,35.775405000000006],[-78.537002,35.77522199999999],[-78.537245,35.774285],[-78.537116,35.773865],[-78.537122,35.77345199999999],[-78.53666,35.77323199999999],[-78.537425,35.773218]]],[[[-78.533524,35.80912599999999],[-78.5332083607963,35.80917038044493],[-78.533659,35.809047],[-78.533524,35.80912599999999]]],[[[-78.53168,35.829422],[-78.531717,35.82990499999999],[-78.531566,35.830001],[-78.531876,35.830675],[-78.531761,35.830857],[-78.531595,35.830225999999996],[-78.531397,35.82988600000001],[-78.531609,35.829739999999994],[-78.531559,35.82935500000001],[-78.53164100000001,35.829171],[-78.531566,35.829114],[-78.531902,35.82902299999999],[-78.532096,35.829288],[-78.531807,35.829193000000004],[-78.53168,35.829422]]],[[[-78.533359,35.837883],[-78.533472,35.837986],[-78.53325,35.838198],[-78.532803,35.838212],[-78.533129,35.838163],[-78.533359,35.837883]]],[[[-78.533379,35.845132],[-78.533526,35.84508399999999],[-78.533689,35.84517700000001],[-78.533862,35.845154000000015],[-78.534019,35.844936],[-78.533655,35.84487200000001],[-78.533435,35.844313],[-78.532684,35.844491999999995],[-78.532337,35.84425199999999],[-78.531971,35.84435700000002],[-78.531999,35.84414199999999],[-78.531758,35.844026],[-78.531943,35.843952],[-78.53194,35.843791],[-78.532109,35.844007],[-78.532705,35.84438899999999],[-78.532874,35.844426000000006],[-78.533352,35.84426],[-78.533604,35.844282],[-78.533596,35.84442899999999],[-78.533843,35.84483],[-78.534084,35.844965],[-78.534052,35.845185],[-78.533618,35.845239],[-78.533716,35.845344],[-78.533654,35.845505999999986],[-78.53310700000002,35.845233999999984],[-78.532545,35.84532099999999],[-78.532384,35.845199],[-78.533211,35.845038],[-78.533379,35.845132]]],[[[-78.52765500000001,35.845708],[-78.528809,35.84611400000001],[-78.528585,35.84657099999999],[-78.529013,35.846658000000005],[-78.529131,35.846937999999994],[-78.529066,35.847414],[-78.528356,35.84745900000001],[-78.528156,35.847536],[-78.528172,35.847706],[-78.527789,35.847660999999995],[-78.52787000000001,35.84752300000001],[-78.52835,35.847367999999996],[-78.528827,35.847364],[-78.529078,35.84709900000001],[-78.52891000000001,35.846687],[-78.52846,35.84663399999999],[-78.528604,35.846376],[-78.528515,35.84607599999999],[-78.527575,35.845804],[-78.526952,35.845264],[-78.527396,35.84543100000001],[-78.52717400000002,35.845415],[-78.52765500000001,35.845708]]],[[[-78.531095,35.847865],[-78.53116000000001,35.84747],[-78.531225,35.847866],[-78.531066,35.848112999999984],[-78.530903,35.84807700000001],[-78.530841,35.847963],[-78.530727,35.848024999999986],[-78.530711,35.847747999999996],[-78.530765,35.847846999999994],[-78.530831,35.84779199999999],[-78.531095,35.847865]]],[[[-78.532402,35.849785000000004],[-78.533015,35.849457],[-78.533202,35.84976900000001],[-78.533039,35.84978400000001],[-78.532952,35.84966899999999],[-78.53241300000002,35.849889999999995],[-78.531859,35.849619999999994],[-78.531785,35.849500000000006],[-78.532402,35.849785000000004]]],[[[-78.527569,35.85294199999999],[-78.527571,35.852715],[-78.527668,35.852695999999995],[-78.527957,35.85225799999999],[-78.528117,35.851732],[-78.526985,35.851529000000006],[-78.52694,35.85142],[-78.527247,35.851278],[-78.527354,35.850952],[-78.527282,35.85081799999999],[-78.527425,35.850901],[-78.528211,35.85074999999999],[-78.528323,35.849631],[-78.527716,35.84930200000001],[-78.528492,35.849132],[-78.528632,35.84896],[-78.528681,35.84845099999999],[-78.528574,35.848337],[-78.528693,35.84836599999999],[-78.527911,35.847988],[-78.52794,35.847886],[-78.52877900000001,35.84828600000001],[-78.528853,35.848967],[-78.528588,35.84925799999999],[-78.5279,35.84935600000001],[-78.528303,35.84948399999999],[-78.528547,35.849819],[-78.528319,35.85073899999999],[-78.528106,35.85106],[-78.528009,35.851083999999986],[-78.527957,35.850993],[-78.527788,35.851215],[-78.527667,35.851164],[-78.527759,35.851122],[-78.52769000000002,35.85107],[-78.527601,35.851119],[-78.527509,35.85102],[-78.527445,35.851052],[-78.527585,35.851184],[-78.527345,35.851374],[-78.527036,35.851448],[-78.52773700000002,35.85152399999999],[-78.52815,35.85166100000001],[-78.528148,35.85212500000001],[-78.52835,35.85230399999998],[-78.527891,35.85246],[-78.527492,35.853324],[-78.527266,35.85352100000001],[-78.527569,35.85294199999999]]],[[[-78.530343,35.85752300000001],[-78.529732,35.85796500000001],[-78.529906,35.858464999999995],[-78.530097,35.858697],[-78.53071,35.858866],[-78.530242,35.859058],[-78.529836,35.85902999999999],[-78.529639,35.85913],[-78.529601,35.85941399999999],[-78.529247,35.85916300000001],[-78.529118,35.85920599999999],[-78.528952,35.859525999999995],[-78.528977,35.85923],[-78.52914,35.859083],[-78.529051,35.859065],[-78.529095,35.858786000000016],[-78.529409,35.859216],[-78.529538,35.85917700000001],[-78.52963,35.858937999999995],[-78.53006,35.85899],[-78.530473,35.858929],[-78.530378,35.858824000000006],[-78.530314,35.85892299999999],[-78.529856,35.858498],[-78.529616,35.85792599999999],[-78.529953,35.857656],[-78.530016,35.857144000000005],[-78.530164,35.857043000000004],[-78.530105,35.857475999999984],[-78.530343,35.85752300000001]]],[[[-78.525111,35.861547],[-78.524852,35.861814],[-78.52496,35.86188500000001],[-78.525257,35.861859],[-78.524758,35.861997],[-78.524683,35.861777],[-78.52482,35.861658000000006],[-78.525131,35.861476],[-78.525542,35.861426],[-78.526112,35.86101500000001],[-78.525909,35.861328],[-78.525662,35.861456],[-78.525111,35.861547]]],[[[-78.529046,35.86241299999999],[-78.529136,35.862733999999996],[-78.529582,35.863091999999995],[-78.529827,35.86316999999999],[-78.529669,35.863562],[-78.529822,35.863868000000004],[-78.529737,35.86408000000001],[-78.52995,35.864501000000004],[-78.530127,35.864364],[-78.530306,35.864396000000006],[-78.530476,35.86464200000001],[-78.530786,35.86460400000001],[-78.53097,35.864678],[-78.530442,35.864742],[-78.530222,35.864626],[-78.530113,35.86466699999998],[-78.530063,35.865003999999985],[-78.530044,35.864731],[-78.5298,35.86463200000001],[-78.529594,35.864327],[-78.529554,35.864160999999996],[-78.529719,35.863817999999995],[-78.52954,35.863487],[-78.529455,35.863438999999985],[-78.529199,35.86353599999999],[-78.529034,35.86330600000001],[-78.529055,35.863088],[-78.529197,35.86299600000001],[-78.528945,35.862594],[-78.528961,35.86208299999999],[-78.528848,35.861827],[-78.529096,35.862086999999995],[-78.529046,35.86241299999999]]],[[[-78.532735,35.863894],[-78.533049,35.86405099999999],[-78.532245,35.864314],[-78.531856,35.86463800000001],[-78.531817,35.864823],[-78.53097,35.865154999999994],[-78.530946,35.865258],[-78.531098,35.865747],[-78.531476,35.865904],[-78.531807,35.865824],[-78.531761,35.865968],[-78.53198100000002,35.866243999999995],[-78.532317,35.866313999999996],[-78.5326,35.866498],[-78.532637,35.866691],[-78.532312,35.866401999999994],[-78.531821,35.866228],[-78.531684,35.86593400000001],[-78.53122,35.865929],[-78.531005,35.8658],[-78.530878,35.865676],[-78.530882,35.865232000000006],[-78.53092,35.86511],[-78.531758,35.86478199999999],[-78.531811,35.86460799999999],[-78.532149,35.86425299999999],[-78.532471,35.864107],[-78.532232,35.864055],[-78.532556,35.863977],[-78.53271,35.863778999999994],[-78.532735,35.863894]]],[[[-78.524928,35.866007999999994],[-78.525056,35.865942999999994],[-78.524947,35.866072],[-78.52470300000002,35.86613699999999],[-78.524563,35.865858],[-78.524967,35.865678],[-78.524794,35.86592399999999],[-78.524928,35.866007999999994]]],[[[-78.526528,35.866859000000005],[-78.52687,35.867005000000006],[-78.52703,35.867185],[-78.526716,35.866995],[-78.526339,35.866935000000005],[-78.526269,35.86639799999999],[-78.526528,35.866859000000005]]],[[[-78.527543,35.86859599999999],[-78.527691,35.868888000000005],[-78.528233,35.869396],[-78.528027,35.869333],[-78.527454,35.868706],[-78.527241,35.868604],[-78.52755,35.868187],[-78.52748,35.86833900000001],[-78.527687,35.868454],[-78.527543,35.86859599999999]]],[[[-78.53036,35.874894999999995],[-78.530921,35.874885000000006],[-78.530972,35.874768],[-78.530946,35.874591],[-78.530591,35.87440500000001],[-78.530719,35.87404899999999],[-78.530796,35.873955],[-78.530964,35.873959],[-78.531058,35.873811999999994],[-78.530524,35.87363899999998],[-78.530272,35.873281999999996],[-78.53043,35.873129],[-78.53067,35.873112],[-78.53072,35.872947],[-78.530972,35.87285200000001],[-78.531052,35.87264000000001],[-78.530948,35.872386000000006],[-78.531493,35.872293],[-78.532786,35.87231999999999],[-78.532779,35.871739999999996],[-78.53251,35.871837000000006],[-78.532695,35.87136999999999],[-78.532922,35.871311999999996],[-78.533118,35.87156000000001],[-78.532988,35.872327],[-78.531512,35.872473],[-78.532047,35.872519000000004],[-78.532902,35.87240100000001],[-78.53321,35.872467999999984],[-78.533324,35.872539999999994],[-78.53339,35.87287999999999],[-78.53363,35.87298599999999],[-78.533585,35.87315699999999],[-78.532927,35.87381100000001],[-78.532657,35.873836],[-78.532403,35.873748000000006],[-78.532257,35.87325200000001],[-78.531994,35.873144999999994],[-78.530945,35.87318100000001],[-78.53124200000002,35.87371600000001],[-78.531512,35.87370799999999],[-78.531643,35.873791000000004],[-78.531665,35.873960999999994],[-78.531858,35.874018],[-78.531893,35.87417099999999],[-78.531864,35.874278000000004],[-78.531759,35.874274],[-78.531613,35.87412599999999],[-78.531651,35.874355],[-78.531234,35.874453],[-78.531416,35.87493799999999],[-78.53133400000002,35.874915],[-78.53133400000002,35.875072999999986],[-78.531144,35.87518],[-78.530968,35.875161],[-78.531007,35.875559],[-78.530591,35.875941],[-78.530519,35.87590099999999],[-78.530591,35.875682],[-78.530367,35.875223],[-78.529869,35.874686],[-78.52917000000001,35.874519],[-78.529948,35.874487],[-78.53036,35.874894999999995]]],[[[-78.529853,35.875716999999995],[-78.529475,35.875842],[-78.529658,35.87653],[-78.529561,35.876926],[-78.529109,35.877586],[-78.528691,35.87787],[-78.528574,35.878258],[-78.528639,35.877863999999995],[-78.529113,35.87749500000001],[-78.529562,35.876691],[-78.529507,35.876246],[-78.529305,35.87585399999999],[-78.52950800000002,35.87560199999999],[-78.529439,35.875444],[-78.529692,35.87540099999999],[-78.529354,35.87492799999999],[-78.529172,35.874912],[-78.52919,35.87468799999999],[-78.529816,35.875423],[-78.529853,35.875716999999995]]],[[[-78.52613400000001,35.88147200000001],[-78.525541,35.882079000000004],[-78.525523,35.882214999999995],[-78.525181,35.88239],[-78.525419,35.882194999999996],[-78.525502,35.88185],[-78.52613400000001,35.88147200000001]]],[[[-78.530166,35.887803],[-78.530276,35.887736],[-78.530228,35.887856],[-78.530997,35.887914],[-78.53187,35.887428],[-78.533027,35.88715300000001],[-78.532824,35.887275999999986],[-78.532256,35.88734699999999],[-78.531991,35.887495],[-78.532042,35.887553],[-78.531611,35.887656],[-78.531037,35.88796899999999],[-78.530127,35.887934],[-78.529962,35.88778],[-78.529484,35.887961],[-78.529378,35.887946],[-78.529777,35.887701],[-78.530166,35.887803]]],[[[-78.531387,35.894136],[-78.531282,35.89471199999999],[-78.531211,35.894842],[-78.530963,35.894936],[-78.530993,35.895057],[-78.530779,35.89490899999999],[-78.530673,35.894942],[-78.53082,35.895095],[-78.530519,35.89511299999999],[-78.530611,35.894842],[-78.530894,35.89489300000001],[-78.531119,35.894796],[-78.531282,35.893879999999996],[-78.531426,35.893828],[-78.53131,35.894064],[-78.531387,35.894136]]]]},"properties":{"cls":3,"src":0}}]}