{"type":"FeatureCollection","features":[{"type":"Feature","geometry":{"type":"Polygon","coordinates":[[[-78.6344,35.78812],[-78.63186,35.78805],[-78.63264,35.77273],[-78.64401,35.77308],[-78.64528,35.77504],[-78.64636,35.7763],[-78.64699,35.77795],[-78.64701,35.78014],[-78.64656,35.7807],[-78.64698,35.78152],[-78.64694,35.78216],[-78.64628,35.7841],[-78.64581,35.78865],[-78.64416,35.78864],[-78.64211,35.78823],[-78.63445,35.78772],[-78.6344,35.78812]]]},"properties":{"id":0,"geoid":"37183050100","name":"Depot Historic District","tract":"501","pop":5559,"pop65":376,"popU18":276,"hh":3374,"hhNoVeh":262,"pov":455,"povUniverse":4843,"disab":349,"lep":52,"hhNoNet":39,"pop65Alone":319,"atRisk":107,"hazardShare":0.019,"floodShare":0.0,"areaKm2":2.15,"hvi":null,"lon":-78.63948,"lat":35.7808}},{"type":"Feature","geometry":{"type":"Polygon","coordinates":[[[-78.64729,35.79783],[-78.64463,35.79772],[-78.64248,35.79668],[-78.64393,35.79374],[-78.64382,35.79358],[-78.64578,35.78888],[-78.64628,35.7841],[-78.64694,35.78216],[-78.64698,35.78152],[-78.64656,35.7807],[-78.65056,35.78091],[-78.65102,35.78867],[-78.65153,35.79085],[-78.65303,35.79318],[-78.65321,35.79391],[-78.6531,35.7951],[-78.65288,35.79574],[-78.64881,35.79701],[-78.64729,35.79783]]]},"properties":{"id":1,"geoid":"37183050300","name":"Glenwood South","tract":"503","pop":3566,"pop65":482,"popU18":130,"hh":2332,"hhNoVeh":215,"pov":314,"povUniverse":3566,"disab":260,"lep":0,"hhNoNet":79,"pop65Alone":282,"atRisk":502,"hazardShare":0.141,"floodShare":0.008,"areaKm2":1.04,"hvi":null,"lon":-78.64843,"lat":35.78925}},{"type":"Feature","geometry":{"type":"Polygon","coordinates":[[[-78.63423,35.79068],[-78.63445,35.78772],[-78.64211,35.78823],[-78.64416,35.78864],[-78.64581,35.78865],[-78.64382,35.79358],[-78.64393,35.79374],[-78.64214,35.79738],[-78.64118,35.79857],[-78.63972,35.79959],[-78.6304,35.80368],[-78.62861,35.8041],[-78.62384,35.8047],[-78.6257,35.79952],[-78.62938,35.79757],[-78.63279,35.79199],[-78.63423,35.79068]]]},"properties":{"id":2,"geoid":"37183050400","name":"Seaboard Station","tract":"504","pop":1733,"pop65":253,"popU18":253,"hh":838,"hhNoVeh":75,"pov":125,"povUniverse":1578,"disab":63,"lep":78,"hhNoNet":41,"pop65Alone":152,"atRisk":508,"hazardShare":0.293,"floodShare":0.131,"areaKm2":1.85,"hvi":null,"lon":-78.63642,"lat":35.7963}},{"type":"Feature","geometry":{"type":"Polygon","coordinates":[[[-78.60814,35.80351],[-78.60849,35.80112],[-78.60921,35.80024],[-78.61052,35.79944],[-78.61092,35.79898],[-78.61109,35.79819],[-78.61068,35.7968],[-78.61077,35.79629],[-78.61111,35.79581],[-78.61271,35.79456],[-78.61308,35.79294],[-78.6144,35.79289],[-78.61618,35.7925],[-78.62035,35.79283],[-78.62111,35.7871],[-78.62288,35.78659],[-78.62329,35.78573],[-78.62333,35.78452],[-78.62962,35.78465],[-78.62869,35.78627],[-78.62853,35.78793],[-78.6344,35.78812],[-78.63423,35.79068],[-78.63279,35.79199],[-78.62938,35.79757],[-78.6257,35.79952],[-78.62384,35.8047],[-78.62193,35.80528],[-78.6109,35.81026],[-78.61018,35.80966],[-78.60853,35.80718],[-78.60865,35.8047],[-78.60814,35.80351]]]},"properties":{"id":3,"geoid":"37183050500","name":"Woodcrest","tract":"505","pop":4025,"pop65":644,"popU18":955,"hh":2016,"hhNoVeh":187,"pov":691,"povUniverse":4007,"disab":245,"lep":24,"hhNoNet":41,"pop65Alone":267,"atRisk":555,"hazardShare":0.138,"floodShare":0.102,"areaKm2":3.37,"hvi":null,"lon":-78.62003,"lat":35.79744}},{"type":"Feature","geometry":{"type":"Polygon","coordinates":[[[-78.61308,35.79294],[-78.61313,35.79005],[-78.61352,35.7879],[-78.6133,35.78296],[-78.61347,35.77983],[-78.61652,35.77993],[-78.61953,35.77978],[-78.63226,35.7802],[-78.63186,35.78805],[-78.62853,35.78793],[-78.62869,35.78627],[-78.62962,35.78465],[-78.62333,35.78452],[-78.62329,35.78573],[-78.62288,35.78659],[-78.62111,35.7871],[-78.62035,35.79283],[-78.61618,35.7925],[-78.6144,35.79289],[-78.61308,35.79294]]]},"properties":{"id":4,"geoid":"37183050600","name":"Historic Oakwood","tract":"506","pop":3286,"pop65":301,"popU18":587,"hh":1103,"hhNoVeh":111,"pov":179,"povUniverse":2395,"disab":246,"lep":0,"hhNoNet":82,"pop65Alone":144,"atRisk":0,"hazardShare":0.0,"floodShare":0.0,"areaKm2":1.64,"hvi":null,"lon":-78.61824,"lat":35.78642}},{"type":"Feature","geometry":{"type":"Polygon","coordinates":[[[-78.61347,35.77983],[-78.61421,35.77686],[-78.61352,35.77428],[-78.61446,35.77161],[-78.61444,35.76978],[-78.61242,35.77051],[-78.61213,35.7702],[-78.61172,35.76945],[-78.6115,35.76818],[-78.60993,35.7655],[-78.60968,35.76457],[-78.60902,35.76347],[-78.60844,35.763],[-78.60902,35.76279],[-78.6096,35.76333],[-78.61076,35.76379],[-78.61334,35.76301],[-78.6135,35.76282],[-78.61324,35.76239],[-78.61412,35.7621],[-78.615,35.76536],[-78.61551,35.76567],[-78.61676,35.76824],[-78.61768,35.76908],[-78.62113,35.77132],[-78.62149,35.7719],[-78.62151,35.77251],[-78.63264,35.77273],[-78.63226,35.7802],[-78.61953,35.77978],[-78.61652,35.77993],[-78.61347,35.77983]]]},"properties":{"id":5,"geoid":"37183050700","name":"Battery Heights","tract":"507","pop":3348,"pop65":532,"popU18":592,"hh":1556,"hhNoVeh":232,"pov":769,"povUniverse":3347,"disab":655,"lep":69,"hhNoNet":123,"pop65Alone":213,"atRisk":142,"hazardShare":0.042,"floodShare":0.048,"areaKm2":1.92,"hvi":null,"lon":-78.61773,"lat":35.77111}},{"type":"Feature","geometry":{"type":"Polygon","coordinates":[[[-78.61412,35.7621],[-78.61607,35.76163],[-78.6172,35.76089],[-78.6178,35.76003],[-78.61829,35.75818],[-78.6187,35.75776],[-78.62063,35.75792],[-78.62261,35.75778],[-78.62384,35.75795],[-78.6245,35.75776],[-78.62536,35.75788],[-78.63111,35.75762],[-78.63311,35.75718],[-78.63439,35.75665],[-78.63483,35.75857],[-78.63738,35.76319],[-78.63737,35.76346],[-78.63151,35.76335],[-78.63153,35.76569],[-78.62836,35.76568],[-78.62826,35.77086],[-78.6286,35.77109],[-78.62991,35.77115],[-78.63057,35.77099],[-78.63121,35.77165],[-78.63154,35.77274],[-78.62151,35.77251],[-78.62149,35.7719],[-78.62113,35.77132],[-78.61768,35.76908],[-78.61676,35.76824],[-78.61551,35.76567],[-78.615,35.76536],[-78.61412,35.7621]]]},"properties":{"id":6,"geoid":"37183050800","name":"Quarry Hills","tract":"508","pop":3816,"pop65":326,"popU18":600,"hh":884,"hhNoVeh":262,"pov":487,"povUniverse":2213,"disab":216,"lep":135,"hhNoNet":28,"pop65Alone":88,"atRisk":430,"hazardShare":0.113,"floodShare":0.221,"areaKm2":2.23,"hvi":null,"lon":-78.62312,"lat":35.76445}},{"type":"Feature","geometry":{"type":"Polygon","coordinates":[[[-78.64796,35.77323],[-78.63154,35.77274],[-78.63121,35.77165],[-78.63057,35.77099],[-78.62991,35.77115],[-78.6286,35.77109],[-78.62826,35.77087],[-78.62836,35.76568],[-78.63153,35.76569],[-78.63151,35.76335],[-78.63737,35.76346],[-78.63738,35.76319],[-78.63483,35.75857],[-78.63439,35.75665],[-78.63533,35.75623],[-78.63605,35.75601],[-78.637,35.75599],[-78.638,35.75665],[-78.63933,35.75856],[-78.64032,35.75893],[-78.64141,35.76016],[-78.64246,35.76175],[-78.64267,35.76266],[-78.64308,35.76325],[-78.64276,35.76515],[-78.64293,35.76574],[-78.64388,35.76643],[-78.64535,35.76641],[-78.64581,35.76681],[-78.64642,35.7669],[-78.6466,35.76719],[-78.64463,35.76931],[-78.64822,35.77022],[-78.64796,35.77323]]]},"properties":{"id":7,"geoid":"37183050900","name":"South Park","tract":"509","pop":2187,"pop65":233,"popU18":333,"hh":922,"hhNoVeh":377,"pov":488,"povUniverse":1668,"disab":397,"lep":16,"hhNoNet":142,"pop65Alone":114,"atRisk":571,"hazardShare":0.261,"floodShare":0.072,"areaKm2":1.89,"hvi":null,"lon":-78.63722,"lat":35.76441}},{"type":"Feature","geometry":{"type":"Polygon","coordinates":[[[-78.65213,35.78111],[-78.64656,35.7807],[-78.64701,35.78014],[-78.64699,35.77795],[-78.64677,35.77715],[-78.64624,35.7761],[-78.6454,35.7752],[-78.64401,35.77308],[-78.64796,35.77323],[-78.64822,35.77022],[-78.65201,35.77094],[-78.65552,35.77315],[-78.65604,35.7742],[-78.65192,35.77704],[-78.65016,35.77759],[-78.65974,35.7811],[-78.65919,35.78161],[-78.66031,35.78213],[-78.66061,35.78195],[-78.66065,35.78541],[-78.65659,35.78358],[-78.65426,35.78205],[-78.65213,35.78111]]]},"properties":{"id":8,"geoid":"37183051000","name":"Boylan Heights","tract":"510","pop":2990,"pop65":256,"popU18":97,"hh":1566,"hhNoVeh":196,"pov":560,"povUniverse":2938,"disab":429,"lep":136,"hhNoNet":13,"pop65Alone":54,"atRisk":625,"hazardShare":0.209,"floodShare":0.015,"areaKm2":0.97,"hvi":null,"lon":-78.64864,"lat":35.77764}},{"type":"Feature","geometry":{"type":"Polygon","coordinates":[[[-78.68816,35.79303],[-78.68171,35.78927],[-78.67478,35.78661],[-78.67599,35.78463],[-78.67847,35.78275],[-78.67887,35.78213],[-78.6848,35.78468],[-78.68602,35.78497],[-78.68706,35.78502],[-78.69718,35.78374],[-78.69889,35.78369],[-78.69992,35.78392],[-78.69863,35.78546],[-78.69773,35.78699],[-78.6949,35.79517],[-78.69195,35.79453],[-78.69194,35.79433],[-78.69125,35.79432],[-78.68816,35.79303]]]},"properties":{"id":9,"geoid":"37183051101","name":"Method","tract":"511.01","pop":4880,"pop65":66,"popU18":259,"hh":576,"hhNoVeh":111,"pov":475,"povUniverse":1274,"disab":251,"lep":256,"hhNoNet":32,"pop65Alone":10,"atRisk":1490,"hazardShare":0.305,"floodShare":0.024,"areaKm2":1.64,"hvi":null,"lon":-78.68852,"lat":35.78867}},{"type":"Feature","geometry":{"type":"Polygon","coordinates":[[[-78.67446,35.78916],[-78.66403,35.78666],[-78.66065,35.78541],[-78.66061,35.78195],[-78.66031,35.78213],[-78.65919,35.78161],[-78.65974,35.7811],[-78.65016,35.77759],[-78.65192,35.77704],[-78.65604,35.7742],[-78.65648,35.77471],[-78.65709,35.77504],[-78.65926,35.77552],[-78.66306,35.77794],[-78.66439,35.77853],[-78.66631,35.77897],[-78.66926,35.77914],[-78.6711,35.77945],[-78.67553,35.78073],[-78.67887,35.78213],[-78.67847,35.78275],[-78.67632,35.78435],[-78.67563,35.78511],[-78.67468,35.78682],[-78.67446,35.78916]]]},"properties":{"id":10,"geoid":"37183051102","name":"Tract 511.02","tract":"511.02","pop":4474,"pop65":88,"popU18":20,"hh":47,"hhNoVeh":0,"pov":11,"povUniverse":97,"disab":97,"lep":6,"hhNoNet":11,"pop65Alone":11,"atRisk":1146,"hazardShare":0.256,"floodShare":0.078,"areaKm2":1.74,"hvi":null,"lon":-78.66882,"lat":35.78174}},{"type":"Feature","geometry":{"type":"Polygon","coordinates":[[[-78.65288,35.79574],[-78.65318,35.79475],[-78.65315,35.79364],[-78.65273,35.79251],[-78.65153,35.79085],[-78.65102,35.78867],[-78.65056,35.78091],[-78.65213,35.78111],[-78.65426,35.78205],[-78.65678,35.78367],[-78.66243,35.78611],[-78.66705,35.78749],[-78.67099,35.78841],[-78.66968,35.79178],[-78.67015,35.79239],[-78.67027,35.79302],[-78.66524,35.79268],[-78.66528,35.79174],[-78.66283,35.79174],[-78.66259,35.79304],[-78.66031,35.797],[-78.66008,35.79791],[-78.66031,35.79935],[-78.66021,35.79985],[-78.65797,35.79891],[-78.65645,35.7976],[-78.65624,35.79692],[-78.65595,35.79664],[-78.65481,35.79608],[-78.65288,35.79574]]]},"properties":{"id":11,"geoid":"37183051200","name":"Forest Park","tract":"512","pop":4621,"pop65":496,"popU18":158,"hh":2583,"hhNoVeh":159,"pov":655,"povUniverse":4212,"disab":320,"lep":110,"hhNoNet":68,"pop65Alone":207,"atRisk":0,"hazardShare":0.0,"floodShare":0.0,"areaKm2":1.87,"hvi":null,"lon":-78.66076,"lat":35.79063}},{"type":"Feature","geometry":{"type":"Polygon","coordinates":[[[-78.66021,35.79985],[-78.66031,35.79935],[-78.66008,35.79791],[-78.66031,35.797],[-78.66259,35.79304],[-78.66283,35.79174],[-78.66528,35.79174],[-78.66524,35.79268],[-78.67027,35.79302],[-78.67015,35.79239],[-78.66968,35.79178],[-78.67099,35.78841],[-78.67446,35.78916],[-78.67478,35.78661],[-78.68171,35.78927],[-78.68816,35.79303],[-78.68776,35.79419],[-78.68513,35.79373],[-78.6843,35.79379],[-78.68383,35.80112],[-78.67615,35.80107],[-78.67612,35.80223],[-78.67383,35.80273],[-78.65979,35.80268],[-78.65978,35.80187],[-78.65915,35.80147],[-78.66021,35.79985]]]},"properties":{"id":12,"geoid":"37183051400","name":"West Raleigh","tract":"514","pop":5437,"pop65":370,"popU18":819,"hh":2446,"hhNoVeh":112,"pov":1308,"povUniverse":5256,"disab":419,"lep":33,"hhNoNet":58,"pop65Alone":42,"atRisk":685,"hazardShare":0.126,"floodShare":0.01,"areaKm2":2.9,"hvi":null,"lon":-78.67297,"lat":35.79471}},{"type":"Feature","geometry":{"type":"Polygon","coordinates":[[[-78.66081,35.81666],[-78.66112,35.81631],[-78.66164,35.81614],[-78.66424,35.81593],[-78.66502,35.81572],[-78.66492,35.81615],[-78.66871,35.81594],[-78.66937,35.8161],[-78.66976,35.81647],[-78.67332,35.81464],[-78.67757,35.8141],[-78.68236,35.81545],[-78.68417,35.81627],[-78.68674,35.81623],[-78.68875,35.81536],[-78.69064,35.81548],[-78.68332,35.82694],[-78.68236,35.82799],[-78.68095,35.82908],[-78.68124,35.82942],[-78.68075,35.83014],[-78.67917,35.83103],[-78.67865,35.83162],[-78.67735,35.83431],[-78.67747,35.83459],[-78.67618,35.83676],[-78.67515,35.83659],[-78.67386,35.83799],[-78.66972,35.8355],[-78.66859,35.83451],[-78.6678,35.83335],[-78.66565,35.82446],[-78.66356,35.81933],[-78.66277,35.81798],[-78.66196,35.81728],[-78.66081,35.81666]]]},"properties":{"id":13,"geoid":"37183051501","name":"Coley Forest","tract":"515.01","pop":3894,"pop65":898,"popU18":884,"hh":1465,"hhNoVeh":20,"pov":29,"povUniverse":3894,"disab":215,"lep":53,"hhNoNet":22,"pop65Alone":257,"atRisk":653,"hazardShare":0.168,"floodShare":0.046,"areaKm2":3.77,"hvi":null,"lon":-78.67496,"lat":35.82572}},{"type":"Feature","geometry":{"type":"Polygon","coordinates":[[[-78.66911,35.81597],[-78.67036,35.81388],[-78.67196,35.8127],[-78.67359,35.81079],[-78.67395,35.80656],[-78.67461,35.80444],[-78.6763,35.80285],[-78.67615,35.80107],[-78.68379,35.80112],[-78.68528,35.80126],[-78.69361,35.80363],[-78.69378,35.80889],[-78.69354,35.81041],[-78.6929,35.81192],[-78.69064,35.81548],[-78.68875,35.81536],[-78.68674,35.81623],[-78.68417,35.81627],[-78.68236,35.81545],[-78.67757,35.8141],[-78.67332,35.81464],[-78.66995,35.81643],[-78.6696,35.8164],[-78.66911,35.81597]]]},"properties":{"id":14,"geoid":"37183051502","name":"Sunset Hills","tract":"515.02","pop":2502,"pop65":516,"popU18":479,"hh":1078,"hhNoVeh":110,"pov":80,"povUniverse":2502,"disab":153,"lep":19,"hhNoNet":12,"pop65Alone":182,"atRisk":713,"hazardShare":0.285,"floodShare":0.034,"areaKm2":2.68,"hvi":null,"lon":-78.68372,"lat":35.80893}},{"type":"Feature","geometry":{"type":"Polygon","coordinates":[[[-78.65156,35.8134],[-78.64596,35.80409],[-78.64631,35.79789],[-78.64729,35.79783],[-78.64881,35.79701],[-78.65288,35.79574],[-78.65481,35.79608],[-78.65595,35.79664],[-78.65624,35.79692],[-78.65645,35.7976],[-78.65797,35.79891],[-78.66021,35.79985],[-78.65915,35.80147],[-78.65978,35.80187],[-78.65979,35.80268],[-78.67383,35.80273],[-78.67612,35.80223],[-78.6763,35.80285],[-78.67455,35.80458],[-78.67388,35.8069],[-78.67359,35.81079],[-78.67196,35.8127],[-78.67036,35.81388],[-78.66911,35.81597],[-78.66755,35.81592],[-78.66546,35.81621],[-78.66492,35.81615],[-78.66502,35.81572],[-78.66424,35.81593],[-78.66164,35.81614],[-78.66112,35.81631],[-78.66081,35.81666],[-78.65895,35.81622],[-78.65457,35.81582],[-78.65299,35.81513],[-78.65156,35.8134]]]},"properties":{"id":15,"geoid":"37183051600","name":"Hayes Barton","tract":"516","pop":5097,"pop65":1202,"popU18":1322,"hh":2039,"hhNoVeh":29,"pov":99,"povUniverse":4991,"disab":373,"lep":0,"hhNoNet":21,"pop65Alone":410,"atRisk":1357,"hazardShare":0.266,"floodShare":0.039,"areaKm2":3.95,"hvi":null,"lon":-78.66052,"lat":35.80623}},{"type":"Feature","geometry":{"type":"Polygon","coordinates":[[[-78.66401,35.83816],[-78.66225,35.83734],[-78.66129,35.83611],[-78.65993,35.83486],[-78.65808,35.83394],[-78.65529,35.83187],[-78.65494,35.83137],[-78.65489,35.83074],[-78.65496,35.83015],[-78.65553,35.8292],[-78.65549,35.82856],[-78.65521,35.82833],[-78.65341,35.8279],[-78.65115,35.82787],[-78.64991,35.82707],[-78.64932,35.82607],[-78.64706,35.82402],[-78.64648,35.82372],[-78.64345,35.82323],[-78.64239,35.82245],[-78.64139,35.82206],[-78.63773,35.82159],[-78.63785,35.82365],[-78.63765,35.8242],[-78.63729,35.82444],[-78.63623,35.82453],[-78.6357,35.8239],[-78.6348,35.82184],[-78.63413,35.82116],[-78.63465,35.82073],[-78.63346,35.81991],[-78.63337,35.81919],[-78.63384,35.81827],[-78.63562,35.81737],[-78.63666,35.8152],[-78.6395,35.81248],[-78.64029,35.81084],[-78.64187,35.80981],[-78.64231,35.8093],[-78.6433,35.80896],[-78.64373,35.80753],[-78.64618,35.80455],[-78.65156,35.8134],[-78.65299,35.81513],[-78.65457,35.81582],[-78.65895,35.81622],[-78.66037,35.81651],[-78.66162,35.81705],[-78.66277,35.81798],[-78.66356,35.81933],[-78.66565,35.82446],[-78.6678,35.83335],[-78.66859,35.83451],[-78.66972,35.8355],[-78.67386,35.83799],[-78.67166,35.83814],[-78.67109,35.83834],[-78.6699,35.8393],[-78.66893,35.8395],[-78.66784,35.83875],[-78.66637,35.83822],[-78.66401,35.83816]]]},"properties":{"id":16,"geoid":"37183051700","name":"Country Club Hills","tract":"517","pop":4026,"pop65":568,"popU18":928,"hh":1796,"hhNoVeh":33,"pov":128,"povUniverse":4026,"disab":246,"lep":18,"hhNoNet":12,"pop65Alone":136,"atRisk":1281,"hazardShare":0.318,"floodShare":0.122,"areaKm2":4.97,"hvi":null,"lon":-78.65186,"lat":35.82201}},{"type":"Feature","geometry":{"type":"Polygon","coordinates":[[[-78.63334,35.82028],[-78.62757,35.81632],[-78.6247,35.81566],[-78.62415,35.8152],[-78.62238,35.81452],[-78.62056,35.81425],[-78.61741,35.8132],[-78.61647,35.81324],[-78.61591,35.81369],[-78.6158,35.81402],[-78.61491,35.81437],[-78.61214,35.81472],[-78.61021,35.81448],[-78.6101,35.81421],[-78.61144,35.8117],[-78.61141,35.81086],[-78.6109,35.81026],[-78.62266,35.80498],[-78.62432,35.80462],[-78.62914,35.80402],[-78.6304,35.80368],[-78.63972,35.79959],[-78.64154,35.7982],[-78.64248,35.79668],[-78.64463,35.79772],[-78.64631,35.79789],[-78.64596,35.80409],[-78.64618,35.80455],[-78.64373,35.80753],[-78.6433,35.80896],[-78.64231,35.8093],[-78.64187,35.80981],[-78.64029,35.81084],[-78.6395,35.81248],[-78.63666,35.8152],[-78.63562,35.81737],[-78.63398,35.81815],[-78.63369,35.81847],[-78.63337,35.81919],[-78.63346,35.81991],[-78.63465,35.82073],[-78.63413,35.82116],[-78.63334,35.82028]]]},"properties":{"id":17,"geoid":"37183051800","name":"Five Points","tract":"518","pop":5739,"pop65":746,"popU18":1676,"hh":2354,"hhNoVeh":79,"pov":107,"povUniverse":5638,"disab":160,"lep":15,"hhNoNet":48,"pop65Alone":331,"atRisk":1332,"hazardShare":0.232,"floodShare":0.139,"areaKm2":3.78,"hvi":null,"lon":-78.62914,"lat":35.80875}},{"type":"Feature","geometry":{"type":"Polygon","coordinates":[[[-78.58781,35.79116],[-78.58621,35.79093],[-78.58837,35.78681],[-78.59343,35.78218],[-78.59591,35.78076],[-78.59806,35.78014],[-78.59998,35.77994],[-78.60754,35.77958],[-78.61347,35.77983],[-78.6133,35.78296],[-78.61352,35.7879],[-78.61313,35.79005],[-78.61318,35.7921],[-78.61288,35.79427],[-78.61248,35.79481],[-78.61085,35.79614],[-78.61068,35.7968],[-78.61109,35.79819],[-78.61098,35.79883],[-78.61052,35.79944],[-78.60921,35.80024],[-78.60855,35.80099],[-78.60814,35.80351],[-78.60799,35.80339],[-78.60755,35.80348],[-78.60572,35.80442],[-78.60394,35.80622],[-78.6035,35.80622],[-78.60234,35.805],[-78.60201,35.80513],[-78.60168,35.8058],[-78.60068,35.80589],[-78.60046,35.80571],[-78.60053,35.80341],[-78.60025,35.80237],[-78.59965,35.80161],[-78.59866,35.80084],[-78.59756,35.79926],[-78.59613,35.79794],[-78.59635,35.79732],[-78.5963,35.79686],[-78.59586,35.79641],[-78.59597,35.79592],[-78.59511,35.79514],[-78.59504,35.79398],[-78.59593,35.79303],[-78.59549,35.79199],[-78.595,35.79163],[-78.59417,35.79154],[-78.59333,35.79194],[-78.59173,35.7923],[-78.59091,35.79013],[-78.58953,35.78954],[-78.5892,35.78981],[-78.58925,35.79094],[-78.58891,35.79152],[-78.58853,35.79152],[-78.58781,35.79116]]]},"properties":{"id":18,"geoid":"37183051900","name":"Longview Gardens","tract":"519","pop":5212,"pop65":737,"popU18":1130,"hh":1962,"hhNoVeh":161,"pov":808,"povUniverse":5210,"disab":524,"lep":268,"hhNoNet":168,"pop65Alone":233,"atRisk":671,"hazardShare":0.129,"floodShare":0.159,"areaKm2":4.46,"hvi":null,"lon":-78.60447,"lat":35.7929}},{"type":"Feature","geometry":{"type":"Polygon","coordinates":[[[-78.58328,35.77106],[-78.58419,35.77188],[-78.58563,35.77234],[-78.59118,35.77255],[-78.59352,35.77163],[-78.59454,35.77149],[-78.59975,35.77278],[-78.60704,35.77515],[-78.614,35.77769],[-78.61347,35.77983],[-78.60662,35.7796],[-78.59912,35.77999],[-78.59689,35.78042],[-78.5951,35.78113],[-78.59368,35.78199],[-78.58871,35.78647],[-78.58792,35.78747],[-78.58621,35.79093],[-78.58493,35.79065],[-78.58289,35.78983],[-78.58206,35.78988],[-78.58023,35.7905],[-78.57858,35.79027],[-78.57823,35.79011],[-78.57848,35.7877],[-78.57794,35.78373],[-78.57833,35.78328],[-78.57933,35.78288],[-78.5795,35.78198],[-78.57923,35.78171],[-78.57862,35.78153],[-78.57671,35.78124],[-78.57693,35.78111],[-78.5769,35.78079],[-78.57616,35.77874],[-78.57681,35.77826],[-78.57756,35.77804],[-78.58043,35.77781],[-78.58121,35.77695],[-78.58332,35.77625],[-78.58337,35.77383],[-78.58306,35.77197],[-78.58328,35.77106]]]},"properties":{"id":19,"geoid":"37183052001","name":"Country Club View","tract":"520.01","pop":4030,"pop65":469,"popU18":1292,"hh":1461,"hhNoVeh":303,"pov":998,"povUniverse":3792,"disab":406,"lep":448,"hhNoNet":100,"pop65Alone":135,"atRisk":553,"hazardShare":0.137,"floodShare":0.041,"areaKm2":3.4,"hvi":null,"lon":-78.58587,"lat":35.78109}},{"type":"Feature","geometry":{"type":"Polygon","coordinates":[[[-78.58328,35.77106],[-78.58342,35.76759],[-78.58321,35.76688],[-78.58212,35.76511],[-78.58226,35.76414],[-78.583,35.76255],[-78.58312,35.76039],[-78.58294,35.75838],[-78.58437,35.7592],[-78.58478,35.76001],[-78.58515,35.76032],[-78.58584,35.7605],[-78.58626,35.76042],[-78.5884,35.75917],[-78.58973,35.759],[-78.59055,35.75771],[-78.59103,35.75734],[-78.59177,35.75715],[-78.59216,35.75732],[-78.59248,35.757],[-78.59272,35.75719],[-78.59349,35.75722],[-78.59455,35.75687],[-78.59533,35.75697],[-78.59621,35.75679],[-78.59677,35.75727],[-78.59745,35.75731],[-78.59799,35.75756],[-78.59797,35.7583],[-78.59889,35.76009],[-78.59946,35.76026],[-78.60058,35.76023],[-78.6016,35.76133],[-78.60203,35.76125],[-78.60236,35.76248],[-78.60298,35.76255],[-78.6034,35.76291],[-78.60449,35.7627],[-78.60752,35.76273],[-78.60844,35.763],[-78.60902,35.76347],[-78.61086,35.76734],[-78.6115,35.76818],[-78.61172,35.76945],[-78.61213,35.7702],[-78.61242,35.77051],[-78.61444,35.76978],[-78.61446,35.77161],[-78.61351,35.77448],[-78.61411,35.7761],[-78.61416,35.77727],[-78.614,35.77769],[-78.60309,35.77383],[-78.59538,35.77161],[-78.59399,35.77153],[-78.59136,35.77251],[-78.58943,35.77255],[-78.58519,35.77227],[-78.58419,35.77188],[-78.58328,35.77106]]]},"properties":{"id":20,"geoid":"37183052002","name":"Southeast Raleigh","tract":"520.02","pop":5327,"pop65":899,"popU18":1256,"hh":2027,"hhNoVeh":298,"pov":1111,"povUniverse":5327,"disab":654,"lep":105,"hhNoNet":154,"pop65Alone":203,"atRisk":842,"hazardShare":0.158,"floodShare":0.144,"areaKm2":3.87,"hvi":null,"lon":-78.59704,"lat":35.76711}},{"type":"Feature","geometry":{"type":"Polygon","coordinates":[[[-78.6069,35.73571],[-78.60374,35.73396],[-78.60006,35.73136],[-78.59982,35.7308],[-78.59983,35.72958],[-78.59994,35.72845],[-78.60022,35.72802],[-78.60153,35.72752],[-78.60265,35.72777],[-78.60432,35.72912],[-78.60581,35.73068],[-78.60673,35.73083],[-78.60879,35.72998],[-78.60911,35.72966],[-78.60948,35.7287],[-78.61051,35.72759],[-78.61421,35.72472],[-78.61623,35.72462],[-78.616,35.72636],[-78.61557,35.72687],[-78.61698,35.72786],[-78.61918,35.72842],[-78.62423,35.72869],[-78.62475,35.72977],[-78.62612,35.72922],[-78.62753,35.73125],[-78.63102,35.73102],[-78.63292,35.73214],[-78.63405,35.73349],[-78.63788,35.73977],[-78.63844,35.7411],[-78.63854,35.74198],[-78.63801,35.74411],[-78.63537,35.7483],[-78.63465,35.75007],[-78.63398,35.75346],[-78.63439,35.75665],[-78.63311,35.75718],[-78.63111,35.75762],[-78.62536,35.75788],[-78.6245,35.75776],[-78.62384,35.75795],[-78.62261,35.75778],[-78.62063,35.75792],[-78.6187,35.75776],[-78.61829,35.75818],[-78.6178,35.76003],[-78.6172,35.76089],[-78.61607,35.76163],[-78.61412,35.7621],[-78.61233,35.75611],[-78.61265,35.75206],[-78.61242,35.75143],[-78.61172,35.7507],[-78.61257,35.7495],[-78.61361,35.74693],[-78.61403,35.74426],[-78.61381,35.74274],[-78.61273,35.74011],[-78.6069,35.73571]]]},"properties":{"id":21,"geoid":"37183052101","name":"Kingwood Forest","tract":"521.01","pop":8803,"pop65":1359,"popU18":1957,"hh":3179,"hhNoVeh":529,"pov":1853,"povUniverse":8790,"disab":1470,"lep":1386,"hhNoNet":479,"pop65Alone":474,"atRisk":976,"hazardShare":0.111,"floodShare":0.055,"areaKm2":7.59,"hvi":null,"lon":-78.62606,"lat":35.74353}},{"type":"Feature","geometry":{"type":"Polygon","coordinates":[[[-78.60844,35.763],[-78.60668,35.76268],[-78.60449,35.7627],[-78.6034,35.76291],[-78.60298,35.76255],[-78.60236,35.76248],[-78.60203,35.76125],[-78.6016,35.76133],[-78.60058,35.76023],[-78.59946,35.76026],[-78.59889,35.76009],[-78.59797,35.7583],[-78.59799,35.75756],[-78.59745,35.75731],[-78.59677,35.75727],[-78.59621,35.75679],[-78.59533,35.75697],[-78.59455,35.75687],[-78.59349,35.75722],[-78.59272,35.75719],[-78.59248,35.757],[-78.59216,35.75732],[-78.59177,35.75715],[-78.59103,35.75734],[-78.59055,35.75771],[-78.58973,35.759],[-78.5884,35.75917],[-78.58626,35.76042],[-78.58547,35.76049],[-78.58478,35.76001],[-78.58437,35.7592],[-78.58294,35.75838],[-78.58245,35.75509],[-78.58288,35.75371],[-78.58503,35.75191],[-78.58545,35.75133],[-78.5862,35.74827],[-78.58608,35.74636],[-78.58982,35.7476],[-78.60257,35.74721],[-78.60583,35.74793],[-78.60665,35.7483],[-78.60716,35.74358],[-78.6069,35.73571],[-78.61273,35.74011],[-78.61361,35.74212],[-78.61403,35.74387],[-78.61356,35.74712],[-78.61257,35.7495],[-78.61172,35.7507],[-78.61242,35.75143],[-78.61265,35.75206],[-78.61233,35.75611],[-78.61412,35.7621],[-78.61324,35.76239],[-78.6135,35.76282],[-78.61334,35.76301],[-78.61076,35.76379],[-78.6096,35.76333],[-78.60902,35.76279],[-78.60844,35.763]]]},"properties":{"id":22,"geoid":"37183052102","name":"Southgate","tract":"521.02","pop":7617,"pop65":664,"popU18":2281,"hh":2089,"hhNoVeh":380,"pov":1652,"povUniverse":7595,"disab":465,"lep":761,"hhNoNet":136,"pop65Alone":183,"atRisk":1130,"hazardShare":0.148,"floodShare":0.103,"areaKm2":4.33,"hvi":null,"lon":-78.5992,"lat":35.74956}},{"type":"Feature","geometry":{"type":"Polygon","coordinates":[[[-78.67512,35.74701],[-78.68036,35.743],[-78.68413,35.74273],[-78.68583,35.74288],[-78.68691,35.74318],[-78.69584,35.74653],[-78.69491,35.7503],[-78.69408,35.75026],[-78.6925,35.75053],[-78.69118,35.7502],[-78.68987,35.74962],[-78.68888,35.74956],[-78.6875,35.75002],[-78.6856,35.75006],[-78.68328,35.75106],[-78.67999,35.75117],[-78.67929,35.751],[-78.67865,35.75047],[-78.67846,35.74818],[-78.67512,35.74701]]]},"properties":{"id":23,"geoid":"37183052303","name":"Trailwood Hills","tract":"523.03","pop":4022,"pop65":178,"popU18":284,"hh":1228,"hhNoVeh":58,"pov":1191,"povUniverse":3584,"disab":395,"lep":125,"hhNoNet":0,"pop65Alone":75,"atRisk":0,"hazardShare":0.0,"floodShare":0.0,"areaKm2":1.16,"hvi":null,"lon":-78.68548,"lat":35.74711}},{"type":"Feature","geometry":{"type":"Polygon","coordinates":[[[-78.66534,35.75718],[-78.66592,35.7561],[-78.66672,35.75375],[-78.66736,35.75302],[-78.67006,35.75032],[-78.67512,35.74701],[-78.67846,35.74818],[-78.67865,35.75047],[-78.67929,35.751],[-78.67999,35.75117],[-78.68328,35.75106],[-78.6856,35.75006],[-78.6875,35.75002],[-78.68888,35.74956],[-78.68987,35.74962],[-78.69118,35.7502],[-78.6925,35.75053],[-78.69408,35.75026],[-78.69491,35.7503],[-78.69474,35.75186],[-78.6908,35.75247],[-78.66924,35.75689],[-78.66534,35.75718]]]},"properties":{"id":24,"geoid":"37183052304","name":"Pleasant Ridge Estates","tract":"523.04","pop":2875,"pop65":384,"popU18":447,"hh":1140,"hhNoVeh":56,"pov":679,"povUniverse":2713,"disab":556,"lep":0,"hhNoNet":23,"pop65Alone":43,"atRisk":0,"hazardShare":0.0,"floodShare":0.0,"areaKm2":1.32,"hvi":null,"lon":-78.67948,"lat":35.7523}},{"type":"Feature","geometry":{"type":"Polygon","coordinates":[[[-78.65648,35.77471],[-78.65533,35.77297],[-78.65225,35.77104],[-78.65127,35.77071],[-78.64822,35.77022],[-78.64842,35.76943],[-78.66294,35.75966],[-78.66407,35.75873],[-78.66534,35.75718],[-78.66924,35.75689],[-78.6908,35.75247],[-78.69474,35.75186],[-78.69439,35.75404],[-78.69097,35.75977],[-78.69071,35.76727],[-78.69083,35.76808],[-78.69132,35.7691],[-78.68581,35.77184],[-78.68466,35.77269],[-78.68321,35.77336],[-78.68088,35.77552],[-78.67848,35.77713],[-78.67553,35.78073],[-78.67033,35.77928],[-78.66631,35.77897],[-78.66439,35.77853],[-78.66306,35.77794],[-78.65926,35.77552],[-78.65709,35.77504],[-78.65648,35.77471]]]},"properties":{"id":25,"geoid":"37183052305","name":"The Greens","tract":"523.05","pop":2363,"pop65":322,"popU18":127,"hh":950,"hhNoVeh":95,"pov":325,"povUniverse":1706,"disab":259,"lep":197,"hhNoNet":0,"pop65Alone":210,"atRisk":653,"hazardShare":0.277,"floodShare":0.137,"areaKm2":7.39,"hvi":null,"lon":-78.67232,"lat":35.76617}},{"type":"Feature","geometry":{"type":"Polygon","coordinates":[[[-78.6947,35.75215],[-78.69496,35.74997],[-78.69584,35.74653],[-78.70046,35.7482],[-78.70788,35.74985],[-78.70967,35.74987],[-78.71776,35.74889],[-78.71819,35.75271],[-78.71793,35.7542],[-78.71712,35.75606],[-78.71179,35.75352],[-78.70803,35.75242],[-78.70458,35.75197],[-78.70118,35.7518],[-78.69833,35.75184],[-78.6947,35.75215]]]},"properties":{"id":26,"geoid":"37183052306","name":"Crescent Ridge","tract":"523.06","pop":1108,"pop65":59,"popU18":116,"hh":554,"hhNoVeh":13,"pov":163,"povUniverse":1108,"disab":135,"lep":24,"hhNoNet":0,"pop65Alone":22,"atRisk":0,"hazardShare":0.0,"floodShare":0.0,"areaKm2":0.93,"hvi":null,"lon":-78.70649,"lat":35.7513}},{"type":"Feature","geometry":{"type":"Polygon","coordinates":[[[-78.6947,35.75215],[-78.69931,35.75181],[-78.70405,35.75193],[-78.7085,35.75252],[-78.71179,35.75352],[-78.71712,35.75606],[-78.71691,35.75761],[-78.71717,35.76074],[-78.71698,35.76129],[-78.71637,35.76207],[-78.71433,35.76297],[-78.71411,35.76395],[-78.713,35.76508],[-78.70965,35.76677],[-78.70712,35.76736],[-78.70433,35.76662],[-78.7017,35.76686],[-78.69946,35.76674],[-78.69132,35.7691],[-78.69083,35.76808],[-78.69071,35.76727],[-78.69097,35.75977],[-78.69439,35.75404],[-78.6947,35.75215]]]},"properties":{"id":27,"geoid":"37183052307","name":"Tract 523.07","tract":"523.07","pop":4993,"pop65":248,"popU18":822,"hh":2364,"hhNoVeh":49,"pov":1082,"povUniverse":4862,"disab":452,"lep":118,"hhNoNet":22,"pop65Alone":96,"atRisk":1331,"hazardShare":0.267,"floodShare":0.191,"areaKm2":3.46,"hvi":null,"lon":-78.70404,"lat":35.76057}},{"type":"Feature","geometry":{"type":"Polygon","coordinates":[[[-78.70561,35.8098],[-78.70698,35.80384],[-78.69361,35.80363],[-78.68629,35.80148],[-78.68383,35.80112],[-78.6843,35.79379],[-78.68513,35.79373],[-78.68776,35.79419],[-78.68816,35.79303],[-78.69013,35.79394],[-78.69125,35.79432],[-78.69194,35.79433],[-78.69195,35.79453],[-78.69246,35.79468],[-78.69433,35.79508],[-78.69726,35.79542],[-78.70078,35.79533],[-78.70411,35.79476],[-78.70727,35.7937],[-78.71755,35.78884],[-78.71809,35.78726],[-78.71864,35.78644],[-78.71976,35.78563],[-78.72111,35.78521],[-78.72239,35.78525],[-78.73099,35.78654],[-78.73473,35.78733],[-78.74706,35.78937],[-78.74692,35.78957],[-78.74733,35.78964],[-78.74424,35.79418],[-78.74224,35.79822],[-78.74139,35.80069],[-78.73828,35.81245],[-78.73837,35.81461],[-78.73926,35.81679],[-78.74056,35.81838],[-78.74301,35.82008],[-78.74176,35.82158],[-78.74059,35.82426],[-78.73892,35.8268],[-78.73771,35.82793],[-78.73489,35.82945],[-78.73424,35.82884],[-78.73301,35.82703],[-78.73293,35.82573],[-78.7325,35.82512],[-78.73148,35.82477],[-78.72947,35.82519],[-78.72868,35.82496],[-78.7271,35.82309],[-78.72312,35.82072],[-78.71675,35.81612],[-78.71358,35.8146],[-78.70664,35.80991],[-78.70561,35.8098]]]},"properties":{"id":28,"geoid":"37183052401","name":"Wade","tract":"524.01","pop":6675,"pop65":349,"popU18":750,"hh":3391,"hhNoVeh":18,"pov":891,"povUniverse":5956,"disab":215,"lep":139,"hhNoNet":18,"pop65Alone":233,"atRisk":1120,"hazardShare":0.168,"floodShare":0.036,"areaKm2":13.25,"hvi":null,"lon":-78.7228,"lat":35.80761}},{"type":"Feature","geometry":{"type":"Polygon","coordinates":[[[-78.69349,35.77328],[-78.69217,35.77244],[-78.69076,35.77242],[-78.69049,35.77206],[-78.69016,35.77078],[-78.68948,35.77001],[-78.69214,35.76878],[-78.69417,35.76838],[-78.69899,35.7668],[-78.7017,35.76686],[-78.70433,35.76662],[-78.70712,35.76736],[-78.70965,35.76677],[-78.713,35.76508],[-78.71411,35.76395],[-78.71433,35.76297],[-78.71637,35.76207],[-78.71685,35.7615],[-78.71821,35.76217],[-78.72016,35.7636],[-78.72154,35.76511],[-78.72188,35.76642],[-78.72178,35.76869],[-78.72223,35.76921],[-78.72344,35.76936],[-78.72299,35.77047],[-78.70676,35.77821],[-78.70412,35.78012],[-78.70086,35.7831],[-78.70072,35.78197],[-78.70014,35.78112],[-78.69895,35.78008],[-78.69719,35.779],[-78.69649,35.77796],[-78.69599,35.77795],[-78.69553,35.7776],[-78.69456,35.77517],[-78.69349,35.77328]]]},"properties":{"id":29,"geoid":"37183052404","name":"Southwest Raleigh","tract":"524.04","pop":3261,"pop65":494,"popU18":497,"hh":1402,"hhNoVeh":114,"pov":471,"povUniverse":3261,"disab":231,"lep":351,"hhNoNet":8,"pop65Alone":122,"atRisk":105,"hazardShare":0.032,"floodShare":0.049,"areaKm2":3.28,"hvi":null,"lon":-78.7046,"lat":35.77222}},{"type":"Feature","geometry":{"type":"Polygon","coordinates":[[[-78.6949,35.79517],[-78.69727,35.78803],[-78.69863,35.78546],[-78.69992,35.78392],[-78.70412,35.78012],[-78.70562,35.77893],[-78.70753,35.77778],[-78.72299,35.77047],[-78.72242,35.77247],[-78.72176,35.77778],[-78.72109,35.78014],[-78.7214,35.78204],[-78.72183,35.7833],[-78.72181,35.78482],[-78.72169,35.78518],[-78.72018,35.78545],[-78.71883,35.78625],[-78.71809,35.78726],[-78.71755,35.78884],[-78.70834,35.79322],[-78.70499,35.79453],[-78.70222,35.79515],[-78.70008,35.79539],[-78.69726,35.79542],[-78.6949,35.79517]]]},"properties":{"id":30,"geoid":"37183052407","name":"Cardinal Hills","tract":"524.07","pop":4560,"pop65":475,"popU18":862,"hh":2303,"hhNoVeh":203,"pov":788,"povUniverse":4560,"disab":418,"lep":238,"hhNoNet":135,"pop65Alone":186,"atRisk":0,"hazardShare":0.0,"floodShare":0.0,"areaKm2":3.62,"hvi":null,"lon":-78.71153,"lat":35.78291}},{"type":"Feature","geometry":{"type":"Polygon","coordinates":[[[-78.69302,35.77286],[-78.69349,35.77328],[-78.69456,35.77517],[-78.69553,35.7776],[-78.69599,35.77795],[-78.69649,35.77796],[-78.69719,35.779],[-78.69895,35.78008],[-78.70014,35.78112],[-78.70072,35.78197],[-78.70086,35.7831],[-78.69992,35.78392],[-78.69889,35.78369],[-78.69718,35.78374],[-78.68706,35.78502],[-78.68732,35.77828],[-78.68885,35.77479],[-78.68998,35.77383],[-78.6923,35.77324],[-78.69302,35.77286]]]},"properties":{"id":31,"geoid":"37183052408","name":"Kentwood","tract":"524.08","pop":2973,"pop65":99,"popU18":297,"hh":1209,"hhNoVeh":147,"pov":1346,"povUniverse":2973,"disab":248,"lep":383,"hhNoNet":25,"pop65Alone":28,"atRisk":0,"hazardShare":0.0,"floodShare":0.0,"areaKm2":1.05,"hvi":null,"lon":-78.69226,"lat":35.77895}},{"type":"Feature","geometry":{"type":"Polygon","coordinates":[[[-78.68505,35.78477],[-78.67553,35.78073],[-78.67848,35.77713],[-78.68088,35.77552],[-78.68327,35.77332],[-78.68948,35.77001],[-78.69016,35.77078],[-78.69049,35.77206],[-78.69076,35.77242],[-78.69217,35.77244],[-78.69302,35.77286],[-78.6923,35.77324],[-78.68998,35.77383],[-78.68885,35.77479],[-78.68732,35.77828],[-78.68706,35.78502],[-78.68505,35.78477]]]},"properties":{"id":32,"geoid":"37183052409","name":"College View","tract":"524.09","pop":4339,"pop65":9,"popU18":254,"hh":1368,"hhNoVeh":295,"pov":1574,"povUniverse":3412,"disab":267,"lep":785,"hhNoNet":33,"pop65Alone":6,"atRisk":188,"hazardShare":0.043,"floodShare":0.005,"areaKm2":1.1,"hvi":null,"lon":-78.68306,"lat":35.77733}},{"type":"Feature","geometry":{"type":"Polygon","coordinates":[[[-78.72291,35.77072],[-78.72478,35.77003],[-78.72512,35.77021],[-78.72683,35.76988],[-78.72929,35.77048],[-78.72962,35.77114],[-78.72916,35.77234],[-78.72992,35.77399],[-78.72984,35.77468],[-78.73038,35.77457],[-78.73065,35.77528],[-78.73037,35.77566],[-78.73185,35.77781],[-78.73023,35.77949],[-78.72835,35.78083],[-78.72361,35.78362],[-78.7219,35.78379],[-78.72109,35.78014],[-78.72176,35.77778],[-78.72242,35.77247],[-78.72291,35.77072]]]},"properties":{"id":33,"geoid":"37183052410","name":"Fairview Acres","tract":"524.10","pop":1313,"pop65":152,"popU18":302,"hh":592,"hhNoVeh":13,"pov":375,"povUniverse":1313,"disab":127,"lep":100,"hhNoNet":5,"pop65Alone":31,"atRisk":30,"hazardShare":0.023,"floodShare":0.042,"areaKm2":1.0,"hvi":null,"lon":-78.72657,"lat":35.77684}},{"type":"Feature","geometry":{"type":"Polygon","coordinates":[[[-78.72169,35.78518],[-78.7219,35.78379],[-78.72296,35.78378],[-78.72378,35.78354],[-78.72984,35.77982],[-78.73234,35.77721],[-78.7325,35.77607],[-78.73285,35.7755],[-78.73378,35.77479],[-78.73516,35.7742],[-78.73929,35.77101],[-78.74362,35.7743],[-78.74622,35.77692],[-78.74805,35.77953],[-78.749,35.78228],[-78.74911,35.78411],[-78.74877,35.78608],[-78.74804,35.78785],[-78.74706,35.78937],[-78.73473,35.78733],[-78.73099,35.78654],[-78.72169,35.78518]]]},"properties":{"id":34,"geoid":"37183052411","name":"Paloma Raleigh","tract":"524.11","pop":5374,"pop65":354,"popU18":848,"hh":2754,"hhNoVeh":147,"pov":1188,"povUniverse":5374,"disab":357,"lep":551,"hhNoNet":0,"pop65Alone":84,"atRisk":200,"hazardShare":0.037,"floodShare":0.015,"areaKm2":2.75,"hvi":null,"lon":-78.73906,"lat":35.78007}},{"type":"Feature","geometry":{"type":"Polygon","coordinates":[[[-78.67618,35.83676],[-78.67747,35.83459],[-78.67735,35.83431],[-78.67865,35.83162],[-78.67917,35.83103],[-78.68075,35.83014],[-78.68124,35.82942],[-78.68095,35.82908],[-78.68236,35.82799],[-78.68344,35.82677],[-78.69305,35.81163],[-78.69377,35.80911],[-78.69361,35.80363],[-78.70698,35.80384],[-78.70561,35.8098],[-78.70578,35.81177],[-78.70516,35.8163],[-78.7049,35.82002],[-78.70525,35.82192],[-78.70578,35.82273],[-78.70697,35.8239],[-78.69761,35.83373],[-78.69402,35.83563],[-78.68658,35.84014],[-78.68426,35.84134],[-78.68042,35.83867],[-78.67961,35.83831],[-78.67907,35.83772],[-78.67699,35.83679],[-78.67618,35.83676]]]},"properties":{"id":35,"geoid":"37183052504","name":"Crabtree Valley","tract":"525.04","pop":6802,"pop65":1327,"popU18":961,"hh":4061,"hhNoVeh":124,"pov":423,"povUniverse":6618,"disab":677,"lep":167,"hhNoNet":88,"pop65Alone":440,"atRisk":805,"hazardShare":0.118,"floodShare":0.013,"areaKm2":5.92,"hvi":null,"lon":-78.69603,"lat":35.82263}},{"type":"Feature","geometry":{"type":"Polygon","coordinates":[[[-78.66118,35.8555],[-78.66257,35.85499],[-78.663,35.85467],[-78.66375,35.85304],[-78.66409,35.85173],[-78.66396,35.84988],[-78.66343,35.84878],[-78.66294,35.84846],[-78.6613,35.8482],[-78.66093,35.84753],[-78.66163,35.84652],[-78.66307,35.84541],[-78.66312,35.84409],[-78.66229,35.84294],[-78.66227,35.8419],[-78.66206,35.84145],[-78.66275,35.84113],[-78.6636,35.84022],[-78.66353,35.83916],[-78.66401,35.83816],[-78.66637,35.83822],[-78.66784,35.83875],[-78.66893,35.8395],[-78.6699,35.8393],[-78.67109,35.83834],[-78.67166,35.83814],[-78.67381,35.83804],[-78.67516,35.83659],[-78.67699,35.83679],[-78.67907,35.83772],[-78.67961,35.83831],[-78.68042,35.83867],[-78.68426,35.84134],[-78.68128,35.84304],[-78.68059,35.84371],[-78.68015,35.84475],[-78.68057,35.85953],[-78.67936,35.85812],[-78.67785,35.85705],[-78.67681,35.85671],[-78.67051,35.85655],[-78.66973,35.85674],[-78.66803,35.85772],[-78.66732,35.85785],[-78.66378,35.85698],[-78.66294,35.85665],[-78.66118,35.8555]]]},"properties":{"id":36,"geoid":"37183052505","name":"Ridgeloch","tract":"525.05","pop":4993,"pop65":890,"popU18":852,"hh":2312,"hhNoVeh":61,"pov":69,"povUniverse":4993,"disab":402,"lep":84,"hhNoNet":10,"pop65Alone":264,"atRisk":1116,"hazardShare":0.224,"floodShare":0.127,"areaKm2":3.43,"hvi":null,"lon":-78.67069,"lat":35.84794}},{"type":"Feature","geometry":{"type":"Polygon","coordinates":[[[-78.6981,35.86271],[-78.68978,35.86123],[-78.6863,35.8614],[-78.6829,35.86089],[-78.6821,35.86063],[-78.68057,35.85953],[-78.68012,35.84518],[-78.68031,35.84422],[-78.68094,35.84336],[-78.68618,35.8448],[-78.68825,35.84576],[-78.69354,35.85004],[-78.70641,35.85892],[-78.70424,35.86003],[-78.70112,35.86107],[-78.69913,35.86138],[-78.6981,35.86271]]]},"properties":{"id":37,"geoid":"37183052506","name":"Brookhaven","tract":"525.06","pop":2523,"pop65":627,"popU18":339,"hh":1410,"hhNoVeh":74,"pov":71,"povUniverse":2523,"disab":324,"lep":8,"hhNoNet":44,"pop65Alone":261,"atRisk":725,"hazardShare":0.287,"floodShare":0.071,"areaKm2":2.9,"hvi":null,"lon":-78.68924,"lat":35.85299}},{"type":"Feature","geometry":{"type":"Polygon","coordinates":[[[-78.71186,35.86271],[-78.69268,35.84942],[-78.68813,35.8457],[-78.68856,35.84464],[-78.68931,35.84457],[-78.69132,35.84481],[-78.69429,35.84548],[-78.69593,35.84565],[-78.6969,35.84521],[-78.69777,35.84453],[-78.69992,35.84199],[-78.7018,35.84199],[-78.7067,35.8409],[-78.70767,35.84107],[-78.71,35.8425],[-78.71082,35.84403],[-78.71196,35.84488],[-78.71075,35.84606],[-78.71036,35.84711],[-78.71122,35.8515],[-78.71141,35.85442],[-78.71287,35.85838],[-78.71285,35.86001],[-78.71235,35.86189],[-78.71186,35.86271]]]},"properties":{"id":38,"geoid":"37183052507","name":"Oak Park","tract":"525.07","pop":3375,"pop65":335,"popU18":734,"hh":1438,"hhNoVeh":98,"pov":541,"povUniverse":3375,"disab":701,"lep":173,"hhNoNet":14,"pop65Alone":177,"atRisk":691,"hazardShare":0.205,"floodShare":0.048,"areaKm2":2.6,"hvi":null,"lon":-78.70348,"lat":35.85168}},{"type":"Feature","geometry":{"type":"Polygon","coordinates":[[[-78.68094,35.84336],[-78.68187,35.84263],[-78.68658,35.84014],[-78.69349,35.83594],[-78.69761,35.83373],[-78.70697,35.8239],[-78.70773,35.82443],[-78.70942,35.82516],[-78.71006,35.82569],[-78.71066,35.82694],[-78.71058,35.8314],[-78.7129,35.83554],[-78.71462,35.84152],[-78.71426,35.84288],[-78.71196,35.84488],[-78.71082,35.84403],[-78.71,35.8425],[-78.70771,35.84109],[-78.70687,35.8409],[-78.7018,35.84199],[-78.69992,35.84199],[-78.69758,35.8447],[-78.6964,35.84549],[-78.69584,35.84566],[-78.68931,35.84457],[-78.68856,35.84464],[-78.68813,35.8457],[-78.68618,35.8448],[-78.68094,35.84336]]]},"properties":{"id":39,"geoid":"37183052508","name":"Laurel Hills","tract":"525.08","pop":3441,"pop65":721,"popU18":464,"hh":1664,"hhNoVeh":52,"pov":132,"povUniverse":3369,"disab":301,"lep":55,"hhNoNet":22,"pop65Alone":186,"atRisk":447,"hazardShare":0.13,"floodShare":0.077,"areaKm2":3.24,"hvi":null,"lon":-78.70429,"lat":35.83483}},{"type":"Feature","geometry":{"type":"Polygon","coordinates":[[[-78.71196,35.84488],[-78.71426,35.84288],[-78.7146,35.84197],[-78.71458,35.8412],[-78.7129,35.83554],[-78.71058,35.8314],[-78.71054,35.82648],[-78.70982,35.82545],[-78.70773,35.82443],[-78.70655,35.82354],[-78.70545,35.82226],[-78.705,35.82122],[-78.70491,35.81886],[-78.70578,35.81177],[-78.70561,35.8098],[-78.70664,35.80991],[-78.71358,35.8146],[-78.71675,35.81612],[-78.72312,35.82072],[-78.7271,35.82309],[-78.72868,35.82496],[-78.72947,35.82519],[-78.73148,35.82477],[-78.7325,35.82512],[-78.73293,35.82573],[-78.73301,35.82703],[-78.73424,35.82884],[-78.73489,35.82945],[-78.73247,35.83023],[-78.73089,35.82924],[-78.72823,35.83186],[-78.72704,35.83146],[-78.72697,35.83248],[-78.7246,35.8325],[-78.7248,35.83354],[-78.72449,35.83405],[-78.72391,35.83441],[-78.72351,35.83541],[-78.72323,35.83558],[-78.7221,35.83574],[-78.72174,35.83508],[-78.72228,35.83523],[-78.72241,35.83501],[-78.72196,35.83489],[-78.72157,35.83438],[-78.72008,35.8341],[-78.72174,35.83578],[-78.72428,35.84239],[-78.72444,35.84316],[-78.72434,35.84559],[-78.72276,35.84585],[-78.72041,35.84503],[-78.71893,35.84504],[-78.71818,35.84461],[-78.71815,35.84479],[-78.71735,35.84409],[-78.71666,35.84385],[-78.71581,35.84409],[-78.71552,35.84453],[-78.71553,35.84522],[-78.71495,35.84555],[-78.71436,35.84555],[-78.71196,35.84488]]]},"properties":{"id":40,"geoid":"37183052509","name":"The Hamptons at Umstead","tract":"525.09","pop":3320,"pop65":629,"popU18":498,"hh":1718,"hhNoVeh":170,"pov":404,"povUniverse":3242,"disab":309,"lep":10,"hhNoNet":46,"pop65Alone":271,"atRisk":621,"hazardShare":0.187,"floodShare":0.069,"areaKm2":4.79,"hvi":null,"lon":-78.72223,"lat":35.82811}},{"type":"Feature","geometry":{"type":"Polygon","coordinates":[[[-78.64338,35.85102],[-78.64411,35.84895],[-78.64433,35.84694],[-78.64266,35.84033],[-78.6412,35.83756],[-78.63859,35.83453],[-78.66183,35.83696],[-78.66225,35.83734],[-78.66401,35.83816],[-78.66353,35.83916],[-78.6636,35.84022],[-78.66275,35.84113],[-78.66206,35.84145],[-78.66227,35.8419],[-78.66229,35.84294],[-78.66312,35.84409],[-78.66307,35.84541],[-78.66163,35.84652],[-78.66093,35.84753],[-78.6613,35.8482],[-78.66325,35.84859],[-78.66396,35.84988],[-78.66404,35.85199],[-78.66315,35.85443],[-78.66279,35.85488],[-78.66154,35.85535],[-78.65985,35.85358],[-78.65858,35.85293],[-78.65371,35.85257],[-78.65123,35.85188],[-78.64663,35.85103],[-78.6444,35.85146],[-78.64338,35.85102]]]},"properties":{"id":41,"geoid":"37183052601","name":"North Hills Estates","tract":"526.01","pop":3433,"pop65":599,"popU18":905,"hh":1370,"hhNoVeh":25,"pov":133,"povUniverse":3428,"disab":170,"lep":25,"hhNoNet":0,"pop65Alone":124,"atRisk":337,"hazardShare":0.098,"floodShare":0.029,"areaKm2":3.32,"hvi":null,"lon":-78.65346,"lat":35.84498}},{"type":"Feature","geometry":{"type":"Polygon","coordinates":[[[-78.62328,35.8515],[-78.62347,35.85031],[-78.6242,35.84856],[-78.62606,35.84598],[-78.62632,35.84497],[-78.62614,35.84292],[-78.62529,35.8426],[-78.62525,35.84243],[-78.62557,35.84195],[-78.62535,35.84093],[-78.62567,35.83921],[-78.62621,35.83808],[-78.62607,35.83769],[-78.62642,35.83709],[-78.6261,35.83665],[-78.62632,35.8345],[-78.62775,35.83211],[-78.62816,35.83173],[-78.62879,35.83044],[-78.63008,35.83202],[-78.63173,35.83316],[-78.63415,35.83396],[-78.63859,35.83453],[-78.64031,35.83643],[-78.64164,35.83822],[-78.64266,35.84033],[-78.64425,35.84633],[-78.64432,35.8478],[-78.64411,35.84895],[-78.64227,35.85428],[-78.64126,35.85615],[-78.63771,35.855],[-78.63443,35.85239],[-78.63306,35.85178],[-78.63188,35.85163],[-78.6242,35.85164],[-78.62328,35.8515]]]},"properties":{"id":42,"geoid":"37183052602","name":"North Hills","tract":"526.02","pop":4659,"pop65":1105,"popU18":539,"hh":2781,"hhNoVeh":397,"pov":300,"povUniverse":4658,"disab":573,"lep":125,"hhNoNet":153,"pop65Alone":565,"atRisk":1230,"hazardShare":0.264,"floodShare":0.033,"areaKm2":3.4,"hvi":null,"lon":-78.63481,"lat":35.84329}},{"type":"Feature","geometry":{"type":"Polygon","coordinates":[[[-78.66183,35.83696],[-78.63454,35.83404],[-78.63212,35.83335],[-78.63008,35.83202],[-78.62879,35.83044],[-78.62931,35.82931],[-78.63012,35.82885],[-78.6303,35.82813],[-78.62851,35.82555],[-78.6297,35.82259],[-78.62962,35.8215],[-78.62888,35.81977],[-78.62882,35.81721],[-78.63334,35.82028],[-78.6348,35.82184],[-78.6357,35.8239],[-78.63623,35.82453],[-78.63729,35.82444],[-78.63765,35.8242],[-78.63785,35.82365],[-78.63773,35.82159],[-78.64139,35.82206],[-78.64239,35.82245],[-78.64345,35.82323],[-78.64648,35.82372],[-78.64706,35.82402],[-78.64932,35.82607],[-78.64991,35.82707],[-78.65115,35.82787],[-78.65341,35.8279],[-78.65521,35.82833],[-78.65549,35.82856],[-78.65553,35.8292],[-78.65496,35.83015],[-78.65489,35.83074],[-78.65494,35.83137],[-78.65529,35.83187],[-78.65808,35.83394],[-78.65993,35.83486],[-78.66129,35.83611],[-78.66183,35.83696]]]},"properties":{"id":43,"geoid":"37183052603","name":"Drewry Hills","tract":"526.03","pop":3449,"pop65":503,"popU18":596,"hh":1789,"hhNoVeh":25,"pov":285,"povUniverse":3449,"disab":255,"lep":10,"hhNoNet":0,"pop65Alone":202,"atRisk":1308,"hazardShare":0.379,"floodShare":0.129,"areaKm2":3.11,"hvi":null,"lon":-78.63975,"lat":35.82701}},{"type":"Feature","geometry":{"type":"Polygon","coordinates":[[[-78.61451,35.85057],[-78.6119,35.85021],[-78.60475,35.8501],[-78.60377,35.84983],[-78.60447,35.84782],[-78.60505,35.84512],[-78.60518,35.83893],[-78.60717,35.82853],[-78.60796,35.82597],[-78.60872,35.82441],[-78.60958,35.82331],[-78.61084,35.82219],[-78.61575,35.81933],[-78.61706,35.81826],[-78.61783,35.81733],[-78.61968,35.81391],[-78.62056,35.81425],[-78.62238,35.81452],[-78.62415,35.8152],[-78.6247,35.81566],[-78.62757,35.81632],[-78.62882,35.81721],[-78.62888,35.81977],[-78.62962,35.8215],[-78.6297,35.82259],[-78.62851,35.82555],[-78.63022,35.82792],[-78.6303,35.82833],[-78.63005,35.82892],[-78.62926,35.82938],[-78.62816,35.83173],[-78.62635,35.83438],[-78.6261,35.83665],[-78.62642,35.83709],[-78.62607,35.83769],[-78.62621,35.83808],[-78.62567,35.83921],[-78.62535,35.84093],[-78.62557,35.84195],[-78.62525,35.84243],[-78.62529,35.8426],[-78.62614,35.84292],[-78.62632,35.84497],[-78.62606,35.84598],[-78.6242,35.84856],[-78.62347,35.85031],[-78.62328,35.8515],[-78.62134,35.85097],[-78.61451,35.85057]]]},"properties":{"id":44,"geoid":"37183052701","name":"Quail Hollow","tract":"527.01","pop":6433,"pop65":814,"popU18":931,"hh":3325,"hhNoVeh":303,"pov":486,"povUniverse":6433,"disab":636,"lep":445,"hhNoNet":590,"pop65Alone":240,"atRisk":1005,"hazardShare":0.156,"floodShare":0.051,"areaKm2":6.83,"hvi":null,"lon":-78.61689,"lat":35.83267}},{"type":"Feature","geometry":{"type":"Polygon","coordinates":[[[-78.58166,35.84466],[-78.57869,35.84441],[-78.5778,35.844],[-78.57696,35.84323],[-78.57603,35.8419],[-78.57857,35.84075],[-78.57954,35.84007],[-78.58119,35.83733],[-78.58299,35.83764],[-78.58433,35.83744],[-78.58576,35.83711],[-78.58903,35.83577],[-78.59097,35.83538],[-78.59214,35.83538],[-78.59433,35.83575],[-78.60338,35.83451],[-78.60595,35.83481],[-78.60509,35.83995],[-78.60505,35.84512],[-78.60447,35.84782],[-78.60377,35.84983],[-78.60159,35.84905],[-78.59983,35.84865],[-78.5933,35.84782],[-78.59214,35.84789],[-78.59025,35.84852],[-78.59015,35.8477],[-78.59062,35.84629],[-78.58166,35.84466]]]},"properties":{"id":45,"geoid":"37183052704","name":"Shamrock Meadow","tract":"527.04","pop":6438,"pop65":427,"popU18":1850,"hh":2554,"hhNoVeh":340,"pov":1187,"povUniverse":6438,"disab":385,"lep":977,"hhNoNet":307,"pop65Alone":142,"atRisk":3225,"hazardShare":0.501,"floodShare":0.084,"areaKm2":2.95,"hvi":null,"lon":-78.59092,"lat":35.84189}},{"type":"Feature","geometry":{"type":"Polygon","coordinates":[[[-78.58299,35.83764],[-78.58091,35.83731],[-78.58118,35.83678],[-78.58416,35.8321],[-78.58578,35.827],[-78.58661,35.82522],[-78.58831,35.8231],[-78.591,35.8211],[-78.60077,35.81651],[-78.61145,35.81106],[-78.61144,35.8117],[-78.6101,35.81421],[-78.61021,35.81448],[-78.61214,35.81472],[-78.61491,35.81437],[-78.6158,35.81402],[-78.61591,35.81369],[-78.61674,35.81315],[-78.61741,35.8132],[-78.61968,35.81391],[-78.61783,35.81733],[-78.61706,35.81826],[-78.61575,35.81933],[-78.61084,35.82219],[-78.60958,35.82331],[-78.60872,35.82441],[-78.60796,35.82597],[-78.60717,35.82853],[-78.60595,35.83481],[-78.60338,35.83451],[-78.59433,35.83575],[-78.59214,35.83538],[-78.59097,35.83538],[-78.58903,35.83577],[-78.58576,35.83711],[-78.58433,35.83744],[-78.58299,35.83764]]]},"properties":{"id":46,"geoid":"37183052705","name":"Brentwood Estates","tract":"527.05","pop":4855,"pop65":542,"popU18":729,"hh":2229,"hhNoVeh":44,"pov":785,"povUniverse":4855,"disab":285,"lep":278,"hhNoNet":16,"pop65Alone":224,"atRisk":2191,"hazardShare":0.451,"floodShare":0.115,"areaKm2":4.64,"hvi":null,"lon":-78.59805,"lat":35.82429}},{"type":"Feature","geometry":{"type":"Polygon","coordinates":[[[-78.57777,35.7975],[-78.5793,35.7967],[-78.58505,35.79302],[-78.58575,35.79231],[-78.58644,35.79096],[-78.58781,35.79116],[-78.58853,35.79152],[-78.58891,35.79152],[-78.58925,35.79094],[-78.5892,35.78981],[-78.58953,35.78954],[-78.59091,35.79013],[-78.59173,35.7923],[-78.59333,35.79194],[-78.59417,35.79154],[-78.595,35.79163],[-78.59549,35.79199],[-78.59593,35.79303],[-78.59504,35.79398],[-78.59504,35.79452],[-78.59511,35.79514],[-78.59597,35.79592],[-78.59586,35.79641],[-78.5963,35.79686],[-78.59613,35.79794],[-78.59756,35.79926],[-78.59866,35.80084],[-78.59965,35.80161],[-78.60025,35.80237],[-78.60053,35.80341],[-78.60046,35.80571],[-78.60068,35.80589],[-78.60168,35.8058],[-78.60201,35.80513],[-78.60234,35.805],[-78.6035,35.80622],[-78.60394,35.80622],[-78.60572,35.80442],[-78.60799,35.80339],[-78.60827,35.80361],[-78.60865,35.8047],[-78.60853,35.80718],[-78.61018,35.80966],[-78.61128,35.81057],[-78.61145,35.81106],[-78.60077,35.81651],[-78.59176,35.82072],[-78.59149,35.82021],[-78.59103,35.81993],[-78.57979,35.81806],[-78.57932,35.81469],[-78.57732,35.81035],[-78.57776,35.80167],[-78.57777,35.7975]]]},"properties":{"id":47,"geoid":"37183052706","name":"Timberlake Estates","tract":"527.06","pop":4662,"pop65":626,"popU18":1055,"hh":1626,"hhNoVeh":158,"pov":667,"povUniverse":4556,"disab":433,"lep":777,"hhNoNet":94,"pop65Alone":147,"atRisk":985,"hazardShare":0.211,"floodShare":0.221,"areaKm2":6.35,"hvi":null,"lon":-78.589,"lat":35.80507}},{"type":"Feature","geometry":{"type":"Polygon","coordinates":[[[-78.56922,35.8352],[-78.56905,35.82009],[-78.56701,35.81534],[-78.56478,35.8082],[-78.5646,35.80439],[-78.56426,35.80341],[-78.56275,35.80064],[-78.56285,35.79845],[-78.56998,35.799],[-78.57558,35.79796],[-78.57768,35.7973],[-78.57776,35.80167],[-78.57732,35.81035],[-78.57932,35.81469],[-78.57979,35.81806],[-78.59103,35.81993],[-78.59149,35.82021],[-78.59176,35.82072],[-78.58877,35.82267],[-78.58771,35.82374],[-78.58661,35.82522],[-78.58578,35.827],[-78.58416,35.8321],[-78.58118,35.83678],[-78.58091,35.83731],[-78.58119,35.83733],[-78.57976,35.83985],[-78.5784,35.84084],[-78.57367,35.84296],[-78.57062,35.83736],[-78.56922,35.8352]]]},"properties":{"id":48,"geoid":"37183052707","name":"Wilders Grove","tract":"527.07","pop":5849,"pop65":945,"popU18":1083,"hh":2563,"hhNoVeh":219,"pov":931,"povUniverse":5846,"disab":1125,"lep":316,"hhNoNet":176,"pop65Alone":412,"atRisk":0,"hazardShare":0.0,"floodShare":0.0,"areaKm2":6.07,"hvi":null,"lon":-78.58032,"lat":35.82022}},{"type":"Feature","geometry":{"type":"Polygon","coordinates":[[[-78.53198,35.75456],[-78.53162,35.75089],[-78.53176,35.75075],[-78.53302,35.75093],[-78.53363,35.75064],[-78.5339,35.74968],[-78.53449,35.74945],[-78.53434,35.74768],[-78.53491,35.74664],[-78.53833,35.74418],[-78.54254,35.74071],[-78.54529,35.73963],[-78.54826,35.73914],[-78.55137,35.73731],[-78.55272,35.73613],[-78.5539,35.73415],[-78.55493,35.73293],[-78.55615,35.73004],[-78.55846,35.73141],[-78.56111,35.7339],[-78.56702,35.73795],[-78.56945,35.74007],[-78.58608,35.74636],[-78.5862,35.74827],[-78.58545,35.75133],[-78.5848,35.75212],[-78.58298,35.75359],[-78.58246,35.75486],[-78.5829,35.75785],[-78.58308,35.76168],[-78.58293,35.76289],[-78.58226,35.76414],[-78.58212,35.76511],[-78.58321,35.76688],[-78.58342,35.76759],[-78.58328,35.77106],[-78.58232,35.77],[-78.58149,35.76939],[-78.57828,35.76788],[-78.57305,35.76792],[-78.57061,35.76776],[-78.57031,35.7672],[-78.56865,35.76554],[-78.5639,35.76248],[-78.56309,35.76232],[-78.55698,35.7622],[-78.55626,35.7624],[-78.55581,35.76275],[-78.55244,35.76082],[-78.54966,35.75898],[-78.54612,35.75766],[-78.53571,35.75462],[-78.53393,35.75444],[-78.53198,35.75456]]]},"properties":{"id":49,"geoid":"37183052811","name":"Walnut Creek","tract":"528.11","pop":10695,"pop65":1366,"popU18":3007,"hh":3808,"hhNoVeh":25,"pov":1634,"povUniverse":10695,"disab":852,"lep":1187,"hhNoNet":18,"pop65Alone":104,"atRisk":1425,"hazardShare":0.133,"floodShare":0.166,"areaKm2":11.43,"hvi":null,"lon":-78.55973,"lat":35.75035}},{"type":"Feature","geometry":{"type":"Polygon","coordinates":[[[-78.58608,35.74636],[-78.56943,35.74006],[-78.56962,35.73978],[-78.56951,35.73899],[-78.57152,35.73777],[-78.57313,35.73643],[-78.57362,35.73576],[-78.57738,35.72964],[-78.5783,35.72738],[-78.58441,35.72254],[-78.58524,35.72593],[-78.58747,35.73138],[-78.58956,35.7314],[-78.59034,35.73118],[-78.59136,35.73065],[-78.59303,35.72917],[-78.59546,35.72801],[-78.59632,35.72725],[-78.59814,35.72774],[-78.60022,35.72802],[-78.59994,35.72845],[-78.59983,35.72958],[-78.59982,35.7308],[-78.60006,35.73136],[-78.60374,35.73396],[-78.6069,35.73571],[-78.60716,35.74358],[-78.60665,35.7483],[-78.60583,35.74793],[-78.60257,35.74721],[-78.58982,35.7476],[-78.58608,35.74636]]]},"properties":{"id":50,"geoid":"37183052816","name":"Riverbrooke","tract":"528.16","pop":6407,"pop65":462,"popU18":1625,"hh":2263,"hhNoVeh":72,"pov":537,"povUniverse":6378,"disab":500,"lep":266,"hhNoNet":27,"pop65Alone":207,"atRisk":1874,"hazardShare":0.292,"floodShare":0.109,"areaKm2":5.67,"hvi":null,"lon":-78.59047,"lat":35.73533}},{"type":"Feature","geometry":{"type":"Polygon","coordinates":[[[-78.72291,35.77072],[-78.72344,35.76936],[-78.72223,35.76921],[-78.72178,35.76869],[-78.72188,35.76642],[-78.72154,35.76511],[-78.72016,35.7636],[-78.71821,35.76217],[-78.71685,35.7615],[-78.71717,35.76074],[-78.71698,35.75663],[-78.71815,35.75345],[-78.71816,35.75164],[-78.71776,35.74889],[-78.72189,35.74836],[-78.72839,35.74671],[-78.73485,35.74576],[-78.7349,35.74762],[-78.73524,35.7488],[-78.73568,35.74928],[-78.73184,35.75205],[-78.72987,35.75563],[-78.72895,35.75816],[-78.7313,35.7594],[-78.73253,35.76054],[-78.73489,35.76561],[-78.73608,35.76764],[-78.73745,35.76932],[-78.73929,35.77101],[-78.73516,35.7742],[-78.73378,35.77479],[-78.73305,35.77532],[-78.7325,35.77607],[-78.73234,35.77721],[-78.73185,35.77781],[-78.73037,35.77566],[-78.73065,35.77528],[-78.73038,35.77457],[-78.72984,35.77468],[-78.72992,35.77399],[-78.72916,35.77234],[-78.72962,35.77114],[-78.72929,35.77048],[-78.72683,35.76988],[-78.72512,35.77021],[-78.72478,35.77003],[-78.72291,35.77072]]]},"properties":{"id":51,"geoid":"37183053011","name":"Roylene Acres","tract":"530.11","pop":4030,"pop65":273,"popU18":611,"hh":1992,"hhNoVeh":72,"pov":322,"povUniverse":4030,"disab":357,"lep":168,"hhNoNet":0,"pop65Alone":54,"atRisk":481,"hazardShare":0.119,"floodShare":0.085,"areaKm2":3.69,"hvi":null,"lon":-78.72505,"lat":35.76163}},{"type":"Feature","geometry":{"type":"Polygon","coordinates":[[[-78.80197,35.92698],[-78.7877,35.91657],[-78.77113,35.90522],[-78.77722,35.90249],[-78.78426,35.89861],[-78.787,35.89959],[-78.78816,35.90018],[-78.79232,35.90319],[-78.79323,35.90341],[-78.79496,35.9034],[-78.79535,35.90371],[-78.79527,35.90464],[-78.79492,35.90553],[-78.79483,35.90756],[-78.79664,35.91021],[-78.79874,35.91415],[-78.80024,35.91597],[-78.80148,35.91678],[-78.8005,35.91779],[-78.8003,35.91866],[-78.80577,35.91881],[-78.80837,35.91907],[-78.80484,35.92756],[-78.80197,35.92698]]]},"properties":{"id":52,"geoid":"37183053613","name":"Brier Creek","tract":"536.13","pop":4349,"pop65":283,"popU18":385,"hh":2281,"hhNoVeh":107,"pov":174,"povUniverse":4349,"disab":384,"lep":77,"hhNoNet":0,"pop65Alone":56,"atRisk":1544,"hazardShare":0.355,"floodShare":0.102,"areaKm2":3.97,"hvi":null,"lon":-78.7901,"lat":35.91287}},{"type":"Feature","geometry":{"type":"Polygon","coordinates":[[[-78.79055,35.90193],[-78.79149,35.90136],[-78.79251,35.90103],[-78.79576,35.90093],[-78.79735,35.9011],[-78.79982,35.90233],[-78.80161,35.90274],[-78.80322,35.90272],[-78.80761,35.90207],[-78.80884,35.90204],[-78.81064,35.90263],[-78.81269,35.904],[-78.81386,35.90583],[-78.80837,35.91907],[-78.80577,35.91881],[-78.8003,35.91866],[-78.8005,35.91779],[-78.80148,35.91678],[-78.80024,35.91597],[-78.79874,35.91415],[-78.79664,35.91021],[-78.79483,35.90756],[-78.79492,35.90553],[-78.79527,35.90464],[-78.79535,35.90371],[-78.79496,35.9034],[-78.79248,35.90326],[-78.79055,35.90193]]]},"properties":{"id":53,"geoid":"37183053614","name":"Brier Creek Country Club","tract":"536.14","pop":2379,"pop65":576,"popU18":372,"hh":1100,"hhNoVeh":119,"pov":53,"povUniverse":2379,"disab":254,"lep":54,"hhNoNet":17,"pop65Alone":205,"atRisk":95,"hazardShare":0.04,"floodShare":0.002,"areaKm2":2.46,"hvi":null,"lon":-78.80425,"lat":35.91006}},{"type":"Feature","geometry":{"type":"Polygon","coordinates":[[[-78.70392,35.90669],[-78.70136,35.89826],[-78.70145,35.89416],[-78.70128,35.89341],[-78.70055,35.89236],[-78.69843,35.89066],[-78.69507,35.88889],[-78.69569,35.8883],[-78.69886,35.88641],[-78.69993,35.88535],[-78.70006,35.88399],[-78.7006,35.88389],[-78.70101,35.88321],[-78.7008,35.88106],[-78.70091,35.88084],[-78.70126,35.88079],[-78.70003,35.88004],[-78.7,35.87944],[-78.6996,35.8789],[-78.6997,35.87771],[-78.70028,35.87731],[-78.6987,35.87694],[-78.69819,35.87665],[-78.69825,35.87602],[-78.69887,35.8757],[-78.69862,35.87516],[-78.69892,35.8745],[-78.69863,35.87362],[-78.69813,35.87347],[-78.69795,35.87312],[-78.6972,35.87296],[-78.69714,35.87282],[-78.69745,35.87147],[-78.69836,35.87128],[-78.69886,35.87054],[-78.69798,35.87037],[-78.69795,35.87007],[-78.69879,35.86918],[-78.69925,35.86909],[-78.70086,35.87116],[-78.70097,35.87296],[-78.70199,35.87523],[-78.70391,35.87729],[-78.7069,35.87936],[-78.70858,35.88178],[-78.71046,35.88528],[-78.71222,35.88943],[-78.71662,35.89301],[-78.72307,35.89663],[-78.72422,35.89764],[-78.7249,35.89866],[-78.72657,35.90309],[-78.7283,35.90568],[-78.72838,35.90806],[-78.72463,35.90637],[-78.72277,35.90606],[-78.72155,35.9063],[-78.71962,35.9071],[-78.71808,35.90752],[-78.71581,35.90777],[-78.71199,35.90771],[-78.70985,35.90875],[-78.70876,35.9089],[-78.70633,35.90832],[-78.70392,35.90669]]]},"properties":{"id":54,"geoid":"37183053711","name":"Springdale Estates","tract":"537.11","pop":4862,"pop65":822,"popU18":957,"hh":1991,"hhNoVeh":48,"pov":212,"povUniverse":4862,"disab":171,"lep":213,"hhNoNet":33,"pop65Alone":212,"atRisk":84,"hazardShare":0.017,"floodShare":0.001,"areaKm2":5.24,"hvi":null,"lon":-78.70356,"lat":35.88898}},{"type":"Feature","geometry":{"type":"Polygon","coordinates":[[[-78.69085,35.88617],[-78.68972,35.88285],[-78.69028,35.87485],[-78.69401,35.86971],[-78.69498,35.86919],[-78.69624,35.86904],[-78.69882,35.86838],[-78.69925,35.86909],[-78.69869,35.86926],[-78.6979,35.87022],[-78.69803,35.87038],[-78.6988,35.87044],[-78.69883,35.87061],[-78.69836,35.87128],[-78.69745,35.87147],[-78.69714,35.87282],[-78.6972,35.87296],[-78.69795,35.87312],[-78.69813,35.87347],[-78.69863,35.87362],[-78.69892,35.8745],[-78.69862,35.87516],[-78.69887,35.8757],[-78.69825,35.87602],[-78.69819,35.87665],[-78.6987,35.87694],[-78.70028,35.87731],[-78.6997,35.87771],[-78.6996,35.8789],[-78.7,35.87944],[-78.70003,35.88004],[-78.70126,35.88079],[-78.70091,35.88084],[-78.7008,35.88106],[-78.701,35.88325],[-78.7006,35.88389],[-78.70006,35.88399],[-78.69993,35.88535],[-78.69886,35.88641],[-78.69569,35.8883],[-78.69507,35.88889],[-78.69191,35.8873],[-78.69085,35.88617]]]},"properties":{"id":55,"geoid":"37183053713","name":"Lake Lynn","tract":"537.13","pop":3338,"pop65":467,"popU18":502,"hh":1931,"hhNoVeh":22,"pov":504,"povUniverse":3338,"disab":435,"lep":70,"hhNoNet":13,"pop65Alone":120,"atRisk":236,"hazardShare":0.071,"floodShare":0.008,"areaKm2":1.59,"hvi":null,"lon":-78.69482,"lat":35.8786}},{"type":"Feature","geometry":{"type":"Polygon","coordinates":[[[-78.67979,35.88967],[-78.67876,35.87884],[-78.68067,35.86376],[-78.68057,35.85953],[-78.6821,35.86063],[-78.6829,35.86089],[-78.6863,35.8614],[-78.68978,35.86123],[-78.69514,35.86215],[-78.6951,35.8627],[-78.69683,35.86412],[-78.6973,35.86572],[-78.69859,35.86721],[-78.69882,35.86838],[-78.69624,35.86904],[-78.69498,35.86919],[-78.69401,35.86971],[-78.69028,35.87485],[-78.68972,35.88285],[-78.69085,35.88617],[-78.68426,35.88949],[-78.67979,35.88967]]]},"properties":{"id":56,"geoid":"37183053714","name":"Hampton Oaks","tract":"537.14","pop":5689,"pop65":849,"popU18":1306,"hh":2442,"hhNoVeh":35,"pov":414,"povUniverse":5689,"disab":283,"lep":373,"hhNoNet":64,"pop65Alone":358,"atRisk":239,"hazardShare":0.042,"floodShare":0.004,"areaKm2":3.56,"hvi":null,"lon":-78.68479,"lat":35.87468}},{"type":"Feature","geometry":{"type":"Polygon","coordinates":[[[-78.65055,35.86865],[-78.65062,35.86842],[-78.65182,35.86779],[-78.65228,35.86732],[-78.65358,35.86677],[-78.65705,35.86655],[-78.65754,35.86673],[-78.65852,35.86583],[-78.65893,35.86464],[-78.65893,35.86388],[-78.65959,35.86271],[-78.65982,35.86077],[-78.66133,35.85956],[-78.66139,35.85762],[-78.66106,35.85717],[-78.66099,35.85594],[-78.66118,35.8555],[-78.66294,35.85665],[-78.66378,35.85698],[-78.66732,35.85785],[-78.66803,35.85772],[-78.66973,35.85674],[-78.67051,35.85655],[-78.67681,35.85671],[-78.67785,35.85705],[-78.67936,35.85812],[-78.68057,35.85953],[-78.68068,35.86359],[-78.67948,35.87298],[-78.67692,35.87274],[-78.67117,35.87262],[-78.66593,35.87109],[-78.66408,35.87071],[-78.66267,35.87101],[-78.66026,35.87217],[-78.65882,35.87223],[-78.65782,35.87196],[-78.65522,35.87064],[-78.65381,35.86924],[-78.65284,35.86861],[-78.65167,35.86845],[-78.65055,35.86865]]]},"properties":{"id":57,"geoid":"37183053715","name":"Valley Estates","tract":"537.15","pop":3665,"pop65":920,"popU18":784,"hh":1544,"hhNoVeh":8,"pov":309,"povUniverse":3665,"disab":526,"lep":21,"hhNoNet":27,"pop65Alone":167,"atRisk":639,"hazardShare":0.174,"floodShare":0.091,"areaKm2":3.4,"hvi":null,"lon":-78.66975,"lat":35.86421}},{"type":"Feature","geometry":{"type":"Polygon","coordinates":[[[-78.63753,35.86488],[-78.63756,35.86304],[-78.63807,35.86147],[-78.64194,35.85503],[-78.64338,35.85102],[-78.6444,35.85146],[-78.64663,35.85103],[-78.65123,35.85188],[-78.65371,35.85257],[-78.65858,35.85293],[-78.65985,35.85358],[-78.66154,35.85535],[-78.66118,35.8555],[-78.66099,35.85594],[-78.66106,35.85717],[-78.66139,35.85762],[-78.66133,35.85956],[-78.65982,35.86077],[-78.65959,35.86271],[-78.65893,35.86388],[-78.65869,35.86554],[-78.65761,35.86671],[-78.65705,35.86655],[-78.65363,35.86675],[-78.65228,35.86732],[-78.65182,35.86779],[-78.65062,35.86842],[-78.65055,35.86865],[-78.64625,35.8699],[-78.64514,35.86999],[-78.64418,35.86977],[-78.64282,35.86904],[-78.63912,35.8659],[-78.63753,35.86488]]]},"properties":{"id":58,"geoid":"37183053716","name":"Northclift","tract":"537.16","pop":4494,"pop65":584,"popU18":968,"hh":2058,"hhNoVeh":32,"pov":234,"povUniverse":4494,"disab":574,"lep":196,"hhNoNet":0,"pop65Alone":229,"atRisk":705,"hazardShare":0.157,"floodShare":0.074,"areaKm2":3.25,"hvi":null,"lon":-78.64925,"lat":35.8606}},{"type":"Feature","geometry":{"type":"Polygon","coordinates":[[[-78.75914,35.91841],[-78.75931,35.918],[-78.75912,35.91728],[-78.76087,35.91568],[-78.76117,35.91368],[-78.76114,35.91246],[-78.76265,35.90988],[-78.76255,35.90913],[-78.76284,35.90856],[-78.75857,35.91016],[-78.75633,35.9106],[-78.75396,35.91055],[-78.74636,35.90919],[-78.74321,35.90886],[-78.74042,35.90905],[-78.7284,35.91101],[-78.7283,35.90568],[-78.72656,35.90305],[-78.72462,35.89819],[-78.72526,35.89806],[-78.72586,35.89816],[-78.72973,35.90022],[-78.73176,35.9009],[-78.73609,35.90069],[-78.73751,35.9008],[-78.73916,35.90114],[-78.74139,35.90223],[-78.74248,35.90258],[-78.74728,35.90246],[-78.75131,35.90309],[-78.75523,35.90422],[-78.75603,35.90422],[-78.75921,35.90326],[-78.76158,35.90205],[-78.7646,35.90204],[-78.76576,35.90169],[-78.7877,35.91657],[-78.80197,35.92698],[-78.75914,35.91841]]]},"properties":{"id":59,"geoid":"37183053717","name":"Wyngate","tract":"537.17","pop":4552,"pop65":322,"popU18":723,"hh":2600,"hhNoVeh":69,"pov":234,"povUniverse":4552,"disab":364,"lep":163,"hhNoNet":73,"pop65Alone":166,"atRisk":1100,"hazardShare":0.242,"floodShare":0.053,"areaKm2":6.83,"hvi":null,"lon":-78.77196,"lat":35.91301}},{"type":"Feature","geometry":{"type":"Polygon","coordinates":[[[-78.74111,35.92063],[-78.7374,35.91958],[-78.73481,35.9196],[-78.73238,35.91933],[-78.73091,35.91862],[-78.73026,35.91764],[-78.72856,35.91405],[-78.7284,35.91101],[-78.74042,35.90905],[-78.74321,35.90886],[-78.74636,35.90919],[-78.75396,35.91055],[-78.75633,35.9106],[-78.75857,35.91016],[-78.76284,35.90856],[-78.76255,35.90913],[-78.76265,35.90988],[-78.76114,35.91246],[-78.76117,35.91368],[-78.76087,35.91568],[-78.75946,35.91683],[-78.75909,35.91735],[-78.75931,35.918],[-78.75821,35.92157],[-78.75778,35.92052],[-78.75673,35.91988],[-78.75583,35.91959],[-78.74596,35.91841],[-78.74541,35.91848],[-78.74176,35.91994],[-78.74111,35.92063]]]},"properties":{"id":60,"geoid":"37183053718","name":"Dominion Park","tract":"537.18","pop":3348,"pop65":394,"popU18":912,"hh":1249,"hhNoVeh":18,"pov":225,"povUniverse":3348,"disab":206,"lep":67,"hhNoNet":0,"pop65Alone":98,"atRisk":128,"hazardShare":0.038,"floodShare":0.025,"areaKm2":3.03,"hvi":null,"lon":-78.7448,"lat":35.91484}},{"type":"Feature","geometry":{"type":"Polygon","coordinates":[[[-78.74215,35.93392],[-78.74046,35.93032],[-78.73939,35.92731],[-78.74005,35.92382],[-78.74086,35.92187],[-78.74098,35.92092],[-78.74149,35.9201],[-78.74541,35.91848],[-78.74596,35.91841],[-78.75089,35.91911],[-78.75452,35.91933],[-78.75643,35.91976],[-78.75749,35.92029],[-78.75791,35.92071],[-78.75821,35.92157],[-78.75577,35.92491],[-78.75431,35.92623],[-78.75363,35.92764],[-78.75201,35.92962],[-78.75075,35.93186],[-78.74978,35.93304],[-78.74872,35.93354],[-78.74644,35.93331],[-78.7451,35.93376],[-78.74215,35.93392]]]},"properties":{"id":61,"geoid":"37183053719","name":"Harrington Grove","tract":"537.19","pop":3971,"pop65":305,"popU18":1140,"hh":1394,"hhNoVeh":0,"pov":72,"povUniverse":3971,"disab":203,"lep":84,"hhNoNet":0,"pop65Alone":68,"atRisk":476,"hazardShare":0.12,"floodShare":0.021,"areaKm2":2.01,"hvi":null,"lon":-78.7469,"lat":35.92621}},{"type":"Feature","geometry":{"type":"Polygon","coordinates":[[[-78.66002,35.88454],[-78.66196,35.88552],[-78.66452,35.88594],[-78.66587,35.88664],[-78.66655,35.88668],[-78.66726,35.88643],[-78.66856,35.88505],[-78.66953,35.88466],[-78.67197,35.88421],[-78.67459,35.88263],[-78.6755,35.88254],[-78.67708,35.88288],[-78.67905,35.88296],[-78.68105,35.90204],[-78.67762,35.90162],[-78.67461,35.90195],[-78.66646,35.90221],[-78.66295,35.90259],[-78.66314,35.89956],[-78.66275,35.89698],[-78.66389,35.89339],[-78.66388,35.89265],[-78.66344,35.89152],[-78.66278,35.8906],[-78.66022,35.88852],[-78.65951,35.88765],[-78.65933,35.88693],[-78.65941,35.88561],[-78.66002,35.88454]]]},"properties":{"id":62,"geoid":"37183053722","name":"Stonehenge","tract":"537.22","pop":4894,"pop65":1554,"popU18":610,"hh":2457,"hhNoVeh":222,"pov":402,"povUniverse":4772,"disab":786,"lep":123,"hhNoNet":57,"pop65Alone":392,"atRisk":0,"hazardShare":0.0,"floodShare":0.0,"areaKm2":3.15,"hvi":null,"lon":-78.67196,"lat":35.89258}},{"type":"Feature","geometry":{"type":"Polygon","coordinates":[[[-78.65221,35.9009],[-78.64942,35.89497],[-78.64669,35.88604],[-78.6462,35.88224],[-78.65499,35.88169],[-78.65613,35.88193],[-78.65717,35.88242],[-78.65892,35.88388],[-78.66002,35.88454],[-78.65941,35.88561],[-78.65933,35.88693],[-78.65951,35.88765],[-78.66022,35.88852],[-78.66278,35.8906],[-78.66371,35.89209],[-78.66389,35.89339],[-78.66275,35.89698],[-78.66314,35.89956],[-78.66295,35.90259],[-78.66084,35.90257],[-78.65221,35.9009]]]},"properties":{"id":63,"geoid":"37183053723","name":"Mine Valley","tract":"537.23","pop":3573,"pop65":1501,"popU18":340,"hh":1800,"hhNoVeh":73,"pov":188,"povUniverse":3538,"disab":519,"lep":112,"hhNoNet":17,"pop65Alone":534,"atRisk":0,"hazardShare":0.0,"floodShare":0.0,"areaKm2":2.59,"hvi":null,"lon":-78.65616,"lat":35.89225}},{"type":"Feature","geometry":{"type":"Polygon","coordinates":[[[-78.72708,35.89879],[-78.72747,35.88729],[-78.72673,35.88451],[-78.72774,35.88187],[-78.72702,35.8779],[-78.72737,35.87397],[-78.72775,35.87348],[-78.72969,35.87493],[-78.7372,35.8817],[-78.74864,35.88958],[-78.74757,35.88956],[-78.74746,35.89289],[-78.75165,35.89287],[-78.75186,35.88961],[-78.75615,35.88976],[-78.75607,35.8919],[-78.75945,35.8919],[-78.7594,35.89338],[-78.75978,35.89336],[-78.75972,35.89522],[-78.75988,35.89522],[-78.75975,35.89535],[-78.76266,35.89613],[-78.76287,35.89646],[-78.76239,35.89693],[-78.7631,35.89741],[-78.76529,35.89528],[-78.7666,35.8953],[-78.76743,35.89621],[-78.76784,35.89699],[-78.76771,35.89763],[-78.76608,35.90048],[-78.76525,35.90134],[-78.76576,35.90169],[-78.7646,35.90204],[-78.76158,35.90205],[-78.75921,35.90326],[-78.75566,35.90424],[-78.75474,35.90413],[-78.75131,35.90309],[-78.74728,35.90246],[-78.74248,35.90258],[-78.74139,35.90223],[-78.73916,35.90114],[-78.73751,35.9008],[-78.73609,35.90069],[-78.73176,35.9009],[-78.72973,35.90022],[-78.72708,35.89879]]]},"properties":{"id":64,"geoid":"37183053724","name":"Long Lake","tract":"537.24","pop":5202,"pop65":757,"popU18":1371,"hh":2226,"hhNoVeh":171,"pov":204,"povUniverse":5202,"disab":429,"lep":307,"hhNoNet":108,"pop65Alone":430,"atRisk":316,"hazardShare":0.061,"floodShare":0.037,"areaKm2":5.94,"hvi":null,"lon":-78.73771,"lat":35.88895}},{"type":"Feature","geometry":{"type":"Polygon","coordinates":[[[-78.72462,35.89819],[-78.72347,35.89688],[-78.71662,35.89301],[-78.71222,35.88943],[-78.71046,35.88528],[-78.70858,35.88178],[-78.7069,35.87936],[-78.70391,35.87729],[-78.70206,35.87531],[-78.70105,35.87322],[-78.70094,35.87199],[-78.70751,35.87317],[-78.71432,35.87329],[-78.71541,35.87317],[-78.72375,35.87076],[-78.72775,35.87348],[-78.72737,35.87397],[-78.72702,35.8779],[-78.72774,35.88187],[-78.72673,35.88451],[-78.72747,35.88729],[-78.72708,35.89879],[-78.72565,35.8981],[-78.72462,35.89819]]]},"properties":{"id":65,"geoid":"37183053725","name":"Brittany Woods","tract":"537.25","pop":5486,"pop65":415,"popU18":1108,"hh":2431,"hhNoVeh":40,"pov":246,"povUniverse":5486,"disab":480,"lep":85,"hhNoNet":0,"pop65Alone":71,"atRisk":1359,"hazardShare":0.248,"floodShare":0.029,"areaKm2":4.21,"hvi":null,"lon":-78.7184,"lat":35.88464}},{"type":"Feature","geometry":{"type":"Polygon","coordinates":[[[-78.70094,35.87199],[-78.70076,35.87096],[-78.6989,35.86863],[-78.69854,35.86711],[-78.6973,35.86572],[-78.69683,35.86412],[-78.6951,35.8627],[-78.69503,35.86235],[-78.69514,35.86215],[-78.6981,35.86271],[-78.69913,35.86138],[-78.70112,35.86107],[-78.70424,35.86003],[-78.70641,35.85892],[-78.71186,35.86271],[-78.71208,35.86263],[-78.72375,35.87076],[-78.71541,35.87317],[-78.71432,35.87329],[-78.70751,35.87317],[-78.70094,35.87199]]]},"properties":{"id":66,"geoid":"37183053726","name":"Pickwick Village","tract":"537.26","pop":3346,"pop65":553,"popU18":510,"hh":1635,"hhNoVeh":21,"pov":168,"povUniverse":3346,"disab":322,"lep":305,"hhNoNet":9,"pop65Alone":173,"atRisk":443,"hazardShare":0.132,"floodShare":0.031,"areaKm2":2.31,"hvi":null,"lon":-78.70745,"lat":35.86615}},{"type":"Feature","geometry":{"type":"Polygon","coordinates":[[[-78.74864,35.88958],[-78.7372,35.8817],[-78.72969,35.87493],[-78.72299,35.87022],[-78.72332,35.86949],[-78.7234,35.86791],[-78.72526,35.86321],[-78.72548,35.86172],[-78.72488,35.85975],[-78.72577,35.85823],[-78.72585,35.85748],[-78.72566,35.85724],[-78.72307,35.85622],[-78.7227,35.85578],[-78.72225,35.85641],[-78.72053,35.85758],[-78.71851,35.85859],[-78.71765,35.85863],[-78.71697,35.8576],[-78.71657,35.85603],[-78.7144,35.85608],[-78.71235,35.85665],[-78.71141,35.85442],[-78.71122,35.8515],[-78.71037,35.84764],[-78.71075,35.84606],[-78.71196,35.84488],[-78.71436,35.84555],[-78.71495,35.84555],[-78.71553,35.84522],[-78.71552,35.84453],[-78.71581,35.84409],[-78.71666,35.84385],[-78.71735,35.84409],[-78.71815,35.84479],[-78.71818,35.84461],[-78.71893,35.84504],[-78.72041,35.84503],[-78.72276,35.84585],[-78.72434,35.84559],[-78.72431,35.85053],[-78.72594,35.85531],[-78.72782,35.85697],[-78.72953,35.85757],[-78.72984,35.85814],[-78.72957,35.86007],[-78.73105,35.86201],[-78.73193,35.8627],[-78.73434,35.8637],[-78.73602,35.8647],[-78.73641,35.86506],[-78.73687,35.86606],[-78.74168,35.86611],[-78.7415,35.86898],[-78.74638,35.86909],[-78.74596,35.87096],[-78.75082,35.87126],[-78.75072,35.87208],[-78.74622,35.87174],[-78.74521,35.87314],[-78.74499,35.87521],[-78.75012,35.87545],[-78.75011,35.87583],[-78.75082,35.87585],[-78.75076,35.8775],[-78.75008,35.87747],[-78.75005,35.88029],[-78.74788,35.88018],[-78.74788,35.88174],[-78.75146,35.88185],[-78.75136,35.88366],[-78.75004,35.88362],[-78.75026,35.8896],[-78.74864,35.88958]]]},"properties":{"id":67,"geoid":"37183053727","name":"Lake Anne","tract":"537.27","pop":5999,"pop65":425,"popU18":982,"hh":2565,"hhNoVeh":97,"pov":352,"povUniverse":5999,"disab":479,"lep":321,"hhNoNet":27,"pop65Alone":114,"atRisk":1261,"hazardShare":0.21,"floodShare":0.056,"areaKm2":5.7,"hvi":null,"lon":-78.73279,"lat":35.86667}},{"type":"Feature","geometry":{"type":"Polygon","coordinates":[[[-78.71199,35.86257],[-78.7125,35.86143],[-78.71288,35.85973],[-78.71287,35.85838],[-78.71235,35.85665],[-78.7144,35.85608],[-78.71657,35.85603],[-78.71724,35.85813],[-78.71752,35.8586],[-78.71794,35.85865],[-78.71851,35.85859],[-78.72053,35.85758],[-78.72225,35.85641],[-78.7227,35.85578],[-78.72307,35.85622],[-78.72581,35.8574],[-78.72577,35.85823],[-78.72488,35.85975],[-78.72548,35.86172],[-78.72526,35.86321],[-78.7234,35.86791],[-78.72332,35.86949],[-78.72299,35.87022],[-78.71199,35.86257]]]},"properties":{"id":68,"geoid":"37183053728","name":"Glenwood North Townhomes","tract":"537.28","pop":3011,"pop65":157,"popU18":448,"hh":1640,"hhNoVeh":180,"pov":474,"povUniverse":3011,"disab":367,"lep":309,"hhNoNet":62,"pop65Alone":32,"atRisk":269,"hazardShare":0.089,"floodShare":0.047,"areaKm2":1.22,"hvi":null,"lon":-78.71878,"lat":35.86289}},{"type":"Feature","geometry":{"type":"Polygon","coordinates":[[[-78.66196,35.88552],[-78.65869,35.88371],[-78.6574,35.88256],[-78.65568,35.88179],[-78.65433,35.88166],[-78.64863,35.88206],[-78.64868,35.88077],[-78.64979,35.87958],[-78.6499,35.87824],[-78.65055,35.87687],[-78.64963,35.87541],[-78.64784,35.87432],[-78.64857,35.87346],[-78.65067,35.87242],[-78.65111,35.87099],[-78.65042,35.86996],[-78.65055,35.86865],[-78.65167,35.86845],[-78.65284,35.86861],[-78.65381,35.86924],[-78.65522,35.87064],[-78.65782,35.87196],[-78.65882,35.87223],[-78.66026,35.87217],[-78.66267,35.87101],[-78.66408,35.87071],[-78.66593,35.87109],[-78.67117,35.87262],[-78.67692,35.87274],[-78.67948,35.87298],[-78.67874,35.87917],[-78.67905,35.88296],[-78.67708,35.88288],[-78.6755,35.88254],[-78.67459,35.88263],[-78.67197,35.88421],[-78.66953,35.88466],[-78.66856,35.88505],[-78.66726,35.88643],[-78.66655,35.88668],[-78.66587,35.88664],[-78.66452,35.88594],[-78.66196,35.88552]]]},"properties":{"id":69,"geoid":"37183053729","name":"Greystone","tract":"537.29","pop":4784,"pop65":1066,"popU18":882,"hh":2099,"hhNoVeh":161,"pov":143,"povUniverse":4784,"disab":530,"lep":48,"hhNoNet":76,"pop65Alone":423,"atRisk":569,"hazardShare":0.119,"floodShare":0.035,"areaKm2":3.62,"hvi":null,"lon":-78.66464,"lat":35.87765}},{"type":"Feature","geometry":{"type":"Polygon","coordinates":[[[-78.6462,35.88224],[-78.64555,35.87723],[-78.64473,35.87517],[-78.6386,35.86789],[-78.63778,35.86612],[-78.63753,35.86488],[-78.63912,35.8659],[-78.64253,35.86883],[-78.64447,35.86986],[-78.64609,35.86994],[-78.65055,35.86865],[-78.65042,35.86996],[-78.65111,35.87099],[-78.65067,35.87242],[-78.64857,35.87346],[-78.64784,35.87432],[-78.64963,35.87541],[-78.65055,35.87687],[-78.6499,35.87824],[-78.64979,35.87958],[-78.64868,35.88077],[-78.64863,35.88206],[-78.6462,35.88224]]]},"properties":{"id":70,"geoid":"37183053730","name":"Bent Creek Townhomes","tract":"537.30","pop":2635,"pop65":193,"popU18":633,"hh":1235,"hhNoVeh":12,"pov":178,"povUniverse":2635,"disab":246,"lep":51,"hhNoNet":0,"pop65Alone":27,"atRisk":948,"hazardShare":0.36,"floodShare":0.065,"areaKm2":0.81,"hvi":null,"lon":-78.64589,"lat":35.87365}},{"type":"Feature","geometry":{"type":"Polygon","coordinates":[[[-78.62083,35.86817],[-78.62047,35.86568],[-78.61914,35.86125],[-78.61712,35.8589],[-78.61603,35.85726],[-78.6146,35.85315],[-78.61451,35.85057],[-78.62134,35.85097],[-78.62402,35.85163],[-78.63166,35.85162],[-78.63306,35.85178],[-78.63443,35.85239],[-78.63771,35.855],[-78.64126,35.85615],[-78.63807,35.86147],[-78.63705,35.86145],[-78.63636,35.86213],[-78.63552,35.86379],[-78.63486,35.86594],[-78.63434,35.86689],[-78.63353,35.86757],[-78.63071,35.86885],[-78.62941,35.86969],[-78.62774,35.87035],[-78.62713,35.87051],[-78.62538,35.87053],[-78.62448,35.87082],[-78.62303,35.8724],[-78.62228,35.87293],[-78.62083,35.86817]]]},"properties":{"id":71,"geoid":"37183054001","name":"Cedar Hills Estates","tract":"540.01","pop":5403,"pop65":1265,"popU18":901,"hh":2856,"hhNoVeh":231,"pov":332,"povUniverse":5339,"disab":761,"lep":229,"hhNoNet":83,"pop65Alone":481,"atRisk":352,"hazardShare":0.065,"floodShare":0.015,"areaKm2":3.49,"hvi":null,"lon":-78.62786,"lat":35.8619}},{"type":"Feature","geometry":{"type":"Polygon","coordinates":[[[-78.59841,35.86339],[-78.59883,35.86264],[-78.60069,35.86092],[-78.60125,35.85956],[-78.60127,35.85867],[-78.60224,35.85852],[-78.60273,35.85817],[-78.60291,35.85664],[-78.60239,35.85491],[-78.60247,35.85429],[-78.60588,35.85011],[-78.6119,35.85021],[-78.61451,35.85057],[-78.6146,35.85315],[-78.61603,35.85726],[-78.61712,35.8589],[-78.61914,35.86125],[-78.62047,35.86568],[-78.62083,35.86817],[-78.61566,35.8695],[-78.61369,35.86956],[-78.61253,35.86913],[-78.6028,35.86336],[-78.59841,35.86339]]]},"properties":{"id":72,"geoid":"37183054004","name":"North Ridge Villas","tract":"540.04","pop":5425,"pop65":878,"popU18":1368,"hh":2343,"hhNoVeh":232,"pov":911,"povUniverse":5424,"disab":722,"lep":76,"hhNoNet":114,"pop65Alone":481,"atRisk":1548,"hazardShare":0.285,"floodShare":0.057,"areaKm2":2.61,"hvi":null,"lon":-78.6097,"lat":35.85988}},{"type":"Feature","geometry":{"type":"Polygon","coordinates":[[[-78.6251,35.87956],[-78.62228,35.87293],[-78.62303,35.8724],[-78.62448,35.87082],[-78.62538,35.87053],[-78.62713,35.87051],[-78.62774,35.87035],[-78.62941,35.86969],[-78.6304,35.86902],[-78.63277,35.86801],[-78.63388,35.86732],[-78.63434,35.86689],[-78.63486,35.86594],[-78.63552,35.86379],[-78.63636,35.86213],[-78.63705,35.86145],[-78.63807,35.86147],[-78.63756,35.86304],[-78.63748,35.86421],[-78.63799,35.86666],[-78.63904,35.8685],[-78.64473,35.87517],[-78.64555,35.87723],[-78.64578,35.879],[-78.64418,35.87893],[-78.64272,35.87844],[-78.64186,35.87835],[-78.63766,35.87892],[-78.63439,35.87997],[-78.62814,35.87953],[-78.62637,35.87988],[-78.6251,35.87956]]]},"properties":{"id":73,"geoid":"37183054006","name":"North Haven","tract":"540.06","pop":3172,"pop65":445,"popU18":1005,"hh":1172,"hhNoVeh":32,"pov":228,"povUniverse":3126,"disab":260,"lep":127,"hhNoNet":30,"pop65Alone":41,"atRisk":715,"hazardShare":0.225,"floodShare":0.029,"areaKm2":2.21,"hvi":null,"lon":-78.63401,"lat":35.87066}},{"type":"Feature","geometry":{"type":"Polygon","coordinates":[[[-78.62723,35.89146],[-78.6275,35.88662],[-78.62632,35.88246],[-78.6251,35.87956],[-78.62637,35.87988],[-78.62814,35.87953],[-78.63439,35.87997],[-78.63766,35.87892],[-78.64186,35.87835],[-78.64272,35.87844],[-78.64418,35.87893],[-78.64578,35.879],[-78.64659,35.88542],[-78.64707,35.8874],[-78.64954,35.89531],[-78.65221,35.9009],[-78.6509,35.90062],[-78.64889,35.89981],[-78.64496,35.89698],[-78.64107,35.89521],[-78.63731,35.89461],[-78.63002,35.89411],[-78.62902,35.89389],[-78.62839,35.89337],[-78.62723,35.89146]]]},"properties":{"id":74,"geoid":"37183054007","name":"Summerfield North","tract":"540.07","pop":4247,"pop65":843,"popU18":595,"hh":2063,"hhNoVeh":7,"pov":334,"povUniverse":4238,"disab":359,"lep":136,"hhNoNet":21,"pop65Alone":181,"atRisk":670,"hazardShare":0.158,"floodShare":0.014,"areaKm2":3.38,"hvi":null,"lon":-78.63763,"lat":35.88947}},{"type":"Feature","geometry":{"type":"Polygon","coordinates":[[[-78.55517,35.85587],[-78.55948,35.85214],[-78.56416,35.84752],[-78.56614,35.84635],[-78.57603,35.8419],[-78.57696,35.84323],[-78.5778,35.844],[-78.57869,35.84441],[-78.5798,35.8445],[-78.58097,35.85513],[-78.57712,35.85541],[-78.5718,35.85609],[-78.55584,35.856],[-78.55517,35.85587]]]},"properties":{"id":75,"geoid":"37183054008","name":"New Hope","tract":"540.08","pop":6748,"pop65":553,"popU18":1143,"hh":2936,"hhNoVeh":219,"pov":691,"povUniverse":6743,"disab":817,"lep":918,"hhNoNet":50,"pop65Alone":145,"atRisk":46,"hazardShare":0.007,"floodShare":0.011,"areaKm2":2.24,"hvi":null,"lon":-78.5715,"lat":35.84914}},{"type":"Feature","geometry":{"type":"Polygon","coordinates":[[[-78.60052,35.89388],[-78.60233,35.89115],[-78.60262,35.8902],[-78.60239,35.88943],[-78.6007,35.8869],[-78.60058,35.88602],[-78.60278,35.88644],[-78.60437,35.88712],[-78.6041,35.88813],[-78.60493,35.88934],[-78.60628,35.8889],[-78.60745,35.88897],[-78.60788,35.88877],[-78.60911,35.88723],[-78.6092,35.88609],[-78.61019,35.88489],[-78.61062,35.88467],[-78.61142,35.88482],[-78.61405,35.88613],[-78.61455,35.88685],[-78.61594,35.88674],[-78.6182,35.88731],[-78.6191,35.88729],[-78.62083,35.88656],[-78.62205,35.8856],[-78.62246,35.88498],[-78.62328,35.88243],[-78.62357,35.88206],[-78.62451,35.88154],[-78.62583,35.88121],[-78.6275,35.88662],[-78.6275,35.88906],[-78.62723,35.89146],[-78.62645,35.89251],[-78.62532,35.89327],[-78.62357,35.89385],[-78.62196,35.89402],[-78.61867,35.89547],[-78.61353,35.89579],[-78.61207,35.89615],[-78.61134,35.89657],[-78.60372,35.90308],[-78.60138,35.90144],[-78.60033,35.8998],[-78.59919,35.89742],[-78.59921,35.89647],[-78.60052,35.89388]]]},"properties":{"id":76,"geoid":"37183054011","name":"North Ridge: Haymarket Village","tract":"540.11","pop":2806,"pop65":684,"popU18":646,"hh":1097,"hhNoVeh":11,"pov":85,"povUniverse":2778,"disab":177,"lep":0,"hhNoNet":0,"pop65Alone":135,"atRisk":60,"hazardShare":0.021,"floodShare":0.0,"areaKm2":2.92,"hvi":null,"lon":-78.6143,"lat":35.89203}},{"type":"Feature","geometry":{"type":"Polygon","coordinates":[[[-78.60058,35.88602],[-78.60056,35.88481],[-78.6002,35.88391],[-78.59964,35.88333],[-78.59822,35.88254],[-78.59788,35.88213],[-78.59786,35.88052],[-78.59737,35.87757],[-78.59644,35.87543],[-78.59616,35.87427],[-78.59626,35.87306],[-78.59691,35.87137],[-78.59775,35.86769],[-78.59841,35.86339],[-78.6028,35.86336],[-78.61253,35.86913],[-78.61369,35.86956],[-78.61566,35.8695],[-78.62083,35.86817],[-78.62228,35.87293],[-78.62583,35.88121],[-78.62413,35.8817],[-78.6234,35.88224],[-78.62246,35.88498],[-78.6217,35.88596],[-78.6196,35.88716],[-78.6182,35.88731],[-78.61594,35.88674],[-78.61455,35.88685],[-78.61405,35.88613],[-78.61142,35.88482],[-78.61062,35.88467],[-78.61019,35.88489],[-78.6092,35.88609],[-78.60911,35.88723],[-78.60788,35.88877],[-78.60745,35.88897],[-78.60628,35.8889],[-78.60493,35.88934],[-78.6041,35.88813],[-78.60437,35.88712],[-78.60278,35.88644],[-78.60058,35.88602]]]},"properties":{"id":77,"geoid":"37183054012","name":"North Ridge: New Market Way","tract":"540.12","pop":4104,"pop65":863,"popU18":939,"hh":1707,"hhNoVeh":57,"pov":118,"povUniverse":4104,"disab":349,"lep":65,"hhNoNet":0,"pop65Alone":124,"atRisk":867,"hazardShare":0.211,"floodShare":0.038,"areaKm2":5.06,"hvi":null,"lon":-78.61031,"lat":35.87641}},{"type":"Feature","geometry":{"type":"Polygon","coordinates":[[[-78.54901,35.86198],[-78.55138,35.85923],[-78.55517,35.85587],[-78.55584,35.856],[-78.5718,35.85609],[-78.57712,35.85541],[-78.58097,35.85513],[-78.58205,35.86496],[-78.58177,35.8679],[-78.58123,35.86936],[-78.5804,35.87082],[-78.57669,35.87517],[-78.56422,35.87262],[-78.56038,35.87121],[-78.55853,35.87028],[-78.55591,35.86836],[-78.54901,35.86198]]]},"properties":{"id":78,"geoid":"37183054015","name":"Will-O-Dean Acres","tract":"540.15","pop":5094,"pop65":389,"popU18":1169,"hh":2226,"hhNoVeh":35,"pov":1260,"povUniverse":5094,"disab":458,"lep":499,"hhNoNet":165,"pop65Alone":110,"atRisk":530,"hazardShare":0.104,"floodShare":0.011,"areaKm2":4.79,"hvi":null,"lon":-78.56693,"lat":35.86487}},{"type":"Feature","geometry":{"type":"Polygon","coordinates":[[[-78.59091,35.90527],[-78.58268,35.90295],[-78.57996,35.90141],[-78.57666,35.90002],[-78.57422,35.89836],[-78.57224,35.89797],[-78.56907,35.89704],[-78.5594,35.89312],[-78.56103,35.89107],[-78.56921,35.88391],[-78.57273,35.87987],[-78.57413,35.88077],[-78.57429,35.88254],[-78.57466,35.88322],[-78.57512,35.88356],[-78.57639,35.88397],[-78.58147,35.88483],[-78.58916,35.88404],[-78.59062,35.88405],[-78.59278,35.8887],[-78.59457,35.89099],[-78.59666,35.89234],[-78.60052,35.89388],[-78.59921,35.89647],[-78.59919,35.89742],[-78.60033,35.8998],[-78.60138,35.90144],[-78.60372,35.90308],[-78.6028,35.90427],[-78.60174,35.90684],[-78.60066,35.90807],[-78.59936,35.90758],[-78.59672,35.90739],[-78.59091,35.90527]]]},"properties":{"id":79,"geoid":"37183054016","name":"Durant Trails","tract":"540.16","pop":6531,"pop65":915,"popU18":1441,"hh":2548,"hhNoVeh":25,"pov":158,"povUniverse":6366,"disab":462,"lep":226,"hhNoNet":10,"pop65Alone":145,"atRisk":64,"hazardShare":0.01,"floodShare":0.0,"areaKm2":6.13,"hvi":null,"lon":-78.58021,"lat":35.89387}},{"type":"Feature","geometry":{"type":"Polygon","coordinates":[[[-78.57273,35.87987],[-78.57669,35.87517],[-78.58345,35.87655],[-78.5855,35.87729],[-78.58733,35.87838],[-78.59049,35.87569],[-78.59266,35.87289],[-78.59391,35.87034],[-78.5957,35.86466],[-78.59822,35.86487],[-78.59691,35.87137],[-78.59626,35.87306],[-78.59616,35.87427],[-78.59644,35.87543],[-78.59737,35.87757],[-78.59786,35.88052],[-78.59793,35.88224],[-78.5997,35.88338],[-78.60029,35.88405],[-78.60056,35.88481],[-78.60061,35.88669],[-78.60259,35.88994],[-78.60249,35.8908],[-78.60123,35.89293],[-78.60052,35.89388],[-78.59666,35.89234],[-78.59457,35.89099],[-78.59278,35.8887],[-78.59062,35.88405],[-78.58916,35.88404],[-78.58147,35.88483],[-78.57639,35.88397],[-78.57512,35.88356],[-78.57466,35.88322],[-78.57429,35.88254],[-78.57413,35.88077],[-78.57273,35.87987]]]},"properties":{"id":80,"geoid":"37183054017","name":"Harps Mills Woods","tract":"540.17","pop":3166,"pop65":361,"popU18":809,"hh":1366,"hhNoVeh":62,"pov":238,"povUniverse":3083,"disab":418,"lep":154,"hhNoNet":36,"pop65Alone":214,"atRisk":578,"hazardShare":0.183,"floodShare":0.064,"areaKm2":3.03,"hvi":null,"lon":-78.58567,"lat":35.87894}},{"type":"Feature","geometry":{"type":"Polygon","coordinates":[[[-78.57669,35.87517],[-78.58062,35.87047],[-78.5815,35.86872],[-78.58204,35.86643],[-78.58203,35.86464],[-78.5798,35.8445],[-78.58166,35.84466],[-78.59062,35.84629],[-78.59015,35.8477],[-78.59025,35.84852],[-78.59274,35.84782],[-78.59489,35.84798],[-78.59983,35.84865],[-78.60159,35.84905],[-78.60447,35.85006],[-78.60588,35.85011],[-78.60247,35.85429],[-78.60239,35.85491],[-78.60291,35.85664],[-78.60273,35.85817],[-78.60224,35.85852],[-78.60127,35.85867],[-78.60125,35.85956],[-78.60069,35.86092],[-78.59848,35.86315],[-78.59822,35.86487],[-78.5957,35.86466],[-78.59333,35.87172],[-78.59203,35.87388],[-78.58959,35.87653],[-78.58733,35.87838],[-78.5855,35.87729],[-78.58345,35.87655],[-78.57669,35.87517]]]},"properties":{"id":81,"geoid":"37183054018","name":"Mini City","tract":"540.18","pop":4327,"pop65":409,"popU18":985,"hh":2137,"hhNoVeh":249,"pov":585,"povUniverse":4327,"disab":511,"lep":173,"hhNoNet":153,"pop65Alone":160,"atRisk":253,"hazardShare":0.058,"floodShare":0.022,"areaKm2":5.35,"hvi":null,"lon":-78.59075,"lat":35.86168}},{"type":"Feature","geometry":{"type":"Polygon","coordinates":[[[-78.57447,35.92362],[-78.57334,35.92269],[-78.57044,35.91948],[-78.57036,35.91931],[-78.57101,35.91905],[-78.57152,35.91855],[-78.57169,35.9179],[-78.57153,35.91748],[-78.57282,35.91682],[-78.57431,35.91644],[-78.57539,35.91504],[-78.57622,35.91484],[-78.57733,35.91494],[-78.57804,35.91471],[-78.57945,35.9134],[-78.58008,35.9132],[-78.58179,35.91322],[-78.58315,35.91286],[-78.58496,35.91302],[-78.58675,35.912],[-78.58721,35.91147],[-78.58734,35.91087],[-78.58774,35.91061],[-78.58758,35.91027],[-78.58706,35.9102],[-78.58677,35.90941],[-78.58814,35.90651],[-78.58838,35.90461],[-78.59091,35.90527],[-78.59672,35.90739],[-78.59936,35.90758],[-78.60066,35.90807],[-78.59574,35.91309],[-78.59422,35.91674],[-78.59252,35.91963],[-78.58788,35.92566],[-78.58732,35.92775],[-78.58687,35.9285],[-78.58298,35.93116],[-78.58117,35.93191],[-78.57912,35.93327],[-78.5789,35.93294],[-78.57854,35.93287],[-78.57666,35.93298],[-78.57676,35.93224],[-78.57599,35.93131],[-78.57341,35.93096],[-78.5718,35.92961],[-78.57187,35.92918],[-78.5726,35.92912],[-78.57324,35.92883],[-78.57495,35.92697],[-78.57517,35.9266],[-78.57531,35.92527],[-78.576,35.92452],[-78.5764,35.92442],[-78.57627,35.92416],[-78.57592,35.92426],[-78.57447,35.92362]]]},"properties":{"id":82,"geoid":"37183054019","name":"Wood Spring","tract":"540.19","pop":4938,"pop65":932,"popU18":1216,"hh":1976,"hhNoVeh":191,"pov":367,"povUniverse":4938,"disab":437,"lep":84,"hhNoNet":84,"pop65Alone":328,"atRisk":0,"hazardShare":0.0,"floodShare":0.0,"areaKm2":3.87,"hvi":null,"lon":-78.5821,"lat":35.91891}},{"type":"Feature","geometry":{"type":"Polygon","coordinates":[[[-78.55471,35.9089],[-78.55684,35.90627],[-78.55774,35.90448],[-78.55804,35.90314],[-78.55885,35.89526],[-78.55958,35.89321],[-78.56907,35.89704],[-78.57224,35.89797],[-78.57422,35.89836],[-78.57666,35.90002],[-78.57996,35.90141],[-78.58268,35.90295],[-78.58838,35.90461],[-78.58814,35.90651],[-78.58677,35.90941],[-78.58706,35.9102],[-78.58758,35.91027],[-78.58774,35.91061],[-78.58734,35.91087],[-78.58721,35.91147],[-78.58675,35.912],[-78.58496,35.91302],[-78.58315,35.91286],[-78.58179,35.91322],[-78.58008,35.9132],[-78.57945,35.9134],[-78.57804,35.91471],[-78.57733,35.91494],[-78.57622,35.91484],[-78.57539,35.91504],[-78.57431,35.91644],[-78.57282,35.91682],[-78.57153,35.91748],[-78.57169,35.9179],[-78.57152,35.91855],[-78.57101,35.91905],[-78.57036,35.91931],[-78.57324,35.92258],[-78.57447,35.92362],[-78.57413,35.92401],[-78.57357,35.92422],[-78.5721,35.92425],[-78.5719,35.92493],[-78.57157,35.92482],[-78.57092,35.92552],[-78.57005,35.92505],[-78.56718,35.92489],[-78.56693,35.92635],[-78.56562,35.92583],[-78.56414,35.92441],[-78.56359,35.92365],[-78.56342,35.92281],[-78.56317,35.92282],[-78.56282,35.92326],[-78.56079,35.92385],[-78.56021,35.92421],[-78.55969,35.92509],[-78.5595,35.92717],[-78.55924,35.92711],[-78.55903,35.93195],[-78.55789,35.9309],[-78.55656,35.93029],[-78.55393,35.92849],[-78.5536,35.92772],[-78.55372,35.92654],[-78.55489,35.92452],[-78.55557,35.92191],[-78.55602,35.92092],[-78.55993,35.91587],[-78.55963,35.91428],[-78.55976,35.91268],[-78.55999,35.91268],[-78.55939,35.91137],[-78.55807,35.90977],[-78.55749,35.90982],[-78.55471,35.9089]]]},"properties":{"id":83,"geoid":"37183054020","name":"Falls River","tract":"540.20","pop":4030,"pop65":734,"popU18":919,"hh":1901,"hhNoVeh":45,"pov":250,"povUniverse":4009,"disab":359,"lep":89,"hhNoNet":14,"pop65Alone":218,"atRisk":672,"hazardShare":0.167,"floodShare":0.136,"areaKm2":6.46,"hvi":null,"lon":-78.57114,"lat":35.91285}},{"type":"Feature","geometry":{"type":"Polygon","coordinates":[[[-78.57315,35.93774],[-78.57106,35.93643],[-78.56858,35.93408],[-78.56742,35.93389],[-78.56559,35.93429],[-78.56415,35.93424],[-78.56147,35.93342],[-78.55903,35.93195],[-78.55924,35.92711],[-78.5595,35.92717],[-78.55961,35.92681],[-78.55979,35.92479],[-78.56051,35.92399],[-78.56282,35.92326],[-78.56317,35.92282],[-78.56342,35.92281],[-78.56359,35.92365],[-78.56414,35.92441],[-78.56562,35.92583],[-78.56693,35.92635],[-78.56718,35.92489],[-78.57005,35.92505],[-78.57092,35.92552],[-78.57157,35.92482],[-78.5719,35.92493],[-78.5721,35.92425],[-78.57374,35.92418],[-78.57447,35.92362],[-78.57592,35.92426],[-78.57634,35.9242],[-78.57637,35.92448],[-78.576,35.92452],[-78.57525,35.92538],[-78.57519,35.9265],[-78.57495,35.92697],[-78.57324,35.92883],[-78.5726,35.92912],[-78.57187,35.92918],[-78.57175,35.92947],[-78.57341,35.93096],[-78.57599,35.93131],[-78.57676,35.93224],[-78.57666,35.93298],[-78.57854,35.93287],[-78.5789,35.93294],[-78.57912,35.93327],[-78.57977,35.93281],[-78.58023,35.93313],[-78.58006,35.93548],[-78.57938,35.93647],[-78.57927,35.93704],[-78.57962,35.93973],[-78.58005,35.94129],[-78.57756,35.94105],[-78.57566,35.94021],[-78.57315,35.93774]]]},"properties":{"id":84,"geoid":"37183054021","name":"Bedford at Falls River","tract":"540.21","pop":2746,"pop65":349,"popU18":881,"hh":948,"hhNoVeh":18,"pov":50,"povUniverse":2708,"disab":292,"lep":40,"hhNoNet":0,"pop65Alone":140,"atRisk":486,"hazardShare":0.177,"floodShare":0.138,"areaKm2":1.98,"hvi":null,"lon":-78.56785,"lat":35.93188}},{"type":"Feature","geometry":{"type":"Polygon","coordinates":[[[-78.5404,35.87604],[-78.54329,35.87295],[-78.54416,35.87177],[-78.54673,35.86559],[-78.54901,35.86198],[-78.55591,35.86836],[-78.55853,35.87028],[-78.56038,35.87121],[-78.56422,35.87262],[-78.57669,35.87517],[-78.56962,35.8835],[-78.56103,35.89107],[-78.5594,35.89312],[-78.55712,35.89081],[-78.55336,35.88542],[-78.55191,35.88388],[-78.54972,35.88205],[-78.54812,35.88031],[-78.54699,35.87943],[-78.54465,35.87856],[-78.5404,35.87604]]]},"properties":{"id":85,"geoid":"37183054022","name":"Bentley Woods","tract":"540.22","pop":5219,"pop65":605,"popU18":1495,"hh":1875,"hhNoVeh":133,"pov":1097,"povUniverse":5219,"disab":514,"lep":508,"hhNoNet":57,"pop65Alone":277,"atRisk":1721,"hazardShare":0.33,"floodShare":0.159,"areaKm2":4.8,"hvi":null,"lon":-78.55835,"lat":35.87753}},{"type":"Feature","geometry":{"type":"Polygon","coordinates":[[[-78.53896,35.90909],[-78.53806,35.90692],[-78.53606,35.90514],[-78.53523,35.90413],[-78.53566,35.90157],[-78.53543,35.89963],[-78.53378,35.89619],[-78.53324,35.89443],[-78.53319,35.89328],[-78.53417,35.89009],[-78.53476,35.88956],[-78.53676,35.88881],[-78.53943,35.88688],[-78.54099,35.8849],[-78.54166,35.88301],[-78.54161,35.88238],[-78.54117,35.88161],[-78.54029,35.88093],[-78.53764,35.88011],[-78.53575,35.88012],[-78.53481,35.88037],[-78.53403,35.88104],[-78.53335,35.88361],[-78.53263,35.88478],[-78.53157,35.88559],[-78.53052,35.88585],[-78.52969,35.88585],[-78.52807,35.88427],[-78.53336,35.87975],[-78.53845,35.87734],[-78.5404,35.87604],[-78.54465,35.87856],[-78.54699,35.87943],[-78.54812,35.88031],[-78.54972,35.88205],[-78.55289,35.88489],[-78.55564,35.88849],[-78.55733,35.89108],[-78.55958,35.89321],[-78.55885,35.89526],[-78.55804,35.90314],[-78.55774,35.90448],[-78.55684,35.90627],[-78.55471,35.9089],[-78.55436,35.90866],[-78.55293,35.90833],[-78.55071,35.90824],[-78.54967,35.90778],[-78.54735,35.90629],[-78.54469,35.90569],[-78.54437,35.90548],[-78.54425,35.9056],[-78.54303,35.90546],[-78.54231,35.90568],[-78.54087,35.90683],[-78.54043,35.90841],[-78.54,35.90898],[-78.53936,35.90925],[-78.53896,35.90909]]]},"properties":{"id":86,"geoid":"37183054023","name":"Riverside","tract":"540.23","pop":9308,"pop65":530,"popU18":2334,"hh":3224,"hhNoVeh":216,"pov":567,"povUniverse":9191,"disab":1162,"lep":587,"hhNoNet":10,"pop65Alone":83,"atRisk":2380,"hazardShare":0.256,"floodShare":0.348,"areaKm2":5.83,"hvi":null,"lon":-78.54636,"lat":35.89278}},{"type":"Feature","geometry":{"type":"Polygon","coordinates":[[[-78.56998,35.799],[-78.55773,35.79797],[-78.55617,35.79763],[-78.54663,35.79273],[-78.54531,35.79221],[-78.54361,35.79197],[-78.54229,35.79207],[-78.54083,35.79249],[-78.53906,35.79338],[-78.5374,35.79237],[-78.53665,35.79166],[-78.53623,35.79101],[-78.53638,35.79003],[-78.5353,35.78904],[-78.53665,35.78532],[-78.53687,35.7837],[-78.5373,35.78237],[-78.53727,35.77894],[-78.53811,35.77692],[-78.53933,35.77521],[-78.53973,35.77408],[-78.53973,35.77309],[-78.53875,35.77057],[-78.53876,35.76944],[-78.53915,35.76759],[-78.53966,35.76642],[-78.53924,35.76214],[-78.53875,35.76115],[-78.53798,35.76056],[-78.53621,35.76051],[-78.53467,35.75964],[-78.5328,35.75729],[-78.53214,35.75586],[-78.53226,35.75558],[-78.53198,35.75456],[-78.53393,35.75444],[-78.53571,35.75462],[-78.54612,35.75766],[-78.54966,35.75898],[-78.55244,35.76082],[-78.55581,35.76275],[-78.55626,35.7624],[-78.55698,35.7622],[-78.56309,35.76232],[-78.5639,35.76248],[-78.56865,35.76554],[-78.57031,35.7672],[-78.57061,35.76776],[-78.57305,35.76792],[-78.57828,35.76788],[-78.58149,35.76939],[-78.58232,35.77],[-78.58328,35.77106],[-78.58306,35.77197],[-78.58337,35.77383],[-78.58332,35.77625],[-78.58121,35.77695],[-78.58043,35.77781],[-78.57756,35.77804],[-78.57663,35.77835],[-78.57618,35.77888],[-78.5769,35.78079],[-78.57693,35.78111],[-78.57671,35.78124],[-78.57862,35.78153],[-78.57923,35.78171],[-78.5795,35.78198],[-78.57933,35.78288],[-78.57833,35.78328],[-78.57794,35.78373],[-78.57848,35.7877],[-78.57823,35.79011],[-78.57907,35.79041],[-78.58023,35.7905],[-78.58206,35.78988],[-78.58289,35.78983],[-78.58493,35.79065],[-78.58644,35.79096],[-78.5857,35.79238],[-78.58476,35.79322],[-78.5793,35.7967],[-78.57777,35.7975],[-78.57768,35.7973],[-78.57558,35.79796],[-78.56998,35.799]]]},"properties":{"id":87,"geoid":"37183054106","name":"Riverview Estates","tract":"541.06","pop":9648,"pop65":659,"popU18":3144,"hh":3263,"hhNoVeh":187,"pov":1265,"povUniverse":9476,"disab":1388,"lep":1566,"hhNoNet":66,"pop65Alone":127,"atRisk":2088,"hazardShare":0.216,"floodShare":0.136,"areaKm2":14.87,"hvi":null,"lon":-78.55972,"lat":35.77681}},{"type":"Feature","geometry":{"type":"Polygon","coordinates":[[[-78.52978,35.84904],[-78.53029,35.84566],[-78.53063,35.84566],[-78.53094,35.84375],[-78.53084,35.83996],[-78.53169,35.83633],[-78.53112,35.83388],[-78.53075,35.83412],[-78.53064,35.83403],[-78.5307,35.83322],[-78.53115,35.83201],[-78.53226,35.83084],[-78.53475,35.83094],[-78.53597,35.83072],[-78.53633,35.83091],[-78.53593,35.8326],[-78.53638,35.83318],[-78.5367,35.835],[-78.53737,35.83578],[-78.53838,35.83784],[-78.539,35.83839],[-78.5413,35.83877],[-78.54273,35.83938],[-78.54434,35.83584],[-78.54489,35.83514],[-78.54597,35.83465],[-78.54891,35.83429],[-78.54907,35.83496],[-78.54837,35.83555],[-78.54786,35.83866],[-78.54702,35.84124],[-78.54684,35.84293],[-78.54744,35.84359],[-78.55005,35.84357],[-78.55088,35.84377],[-78.55213,35.84485],[-78.55211,35.84534],[-78.55154,35.84615],[-78.55096,35.84822],[-78.55098,35.84888],[-78.55125,35.84935],[-78.55298,35.84871],[-78.55589,35.84885],[-78.55646,35.8482],[-78.55904,35.84695],[-78.56,35.84662],[-78.56215,35.84632],[-78.56236,35.84773],[-78.56316,35.84847],[-78.55948,35.85214],[-78.5519,35.85873],[-78.54967,35.86114],[-78.54806,35.86333],[-78.54673,35.86559],[-78.54416,35.87177],[-78.54116,35.87532],[-78.53875,35.87718],[-78.53447,35.87912],[-78.53314,35.8799],[-78.52807,35.88427],[-78.52621,35.88273],[-78.52622,35.88192],[-78.52744,35.88106],[-78.52817,35.8794],[-78.52951,35.87801],[-78.53179,35.87671],[-78.53251,35.87604],[-78.53254,35.87571],[-78.53333,35.87502],[-78.5349,35.87294],[-78.53563,35.87164],[-78.53558,35.8706],[-78.53393,35.86825],[-78.53206,35.86676],[-78.52753,35.86485],[-78.52703,35.86449],[-78.52688,35.86414],[-78.52721,35.86005],[-78.52839,35.85868],[-78.52873,35.8576],[-78.52859,35.85738],[-78.52879,35.85733],[-78.52897,35.85534],[-78.53036,35.85332],[-78.52982,35.85089],[-78.52978,35.84904]]]},"properties":{"id":88,"geoid":"37183054116","name":"5401 North","tract":"541.16","pop":8919,"pop65":336,"popU18":2166,"hh":3451,"hhNoVeh":96,"pov":782,"povUniverse":8830,"disab":427,"lep":865,"hhNoNet":61,"pop65Alone":41,"atRisk":2473,"hazardShare":0.277,"floodShare":0.156,"areaKm2":8.42,"hvi":null,"lon":-78.54069,"lat":35.85774}},{"type":"Feature","geometry":{"type":"Polygon","coordinates":[[[-78.54891,35.83429],[-78.5563,35.83399],[-78.56331,35.83154],[-78.5681,35.83139],[-78.56925,35.8312],[-78.56922,35.8352],[-78.57062,35.83736],[-78.57367,35.84296],[-78.56524,35.84679],[-78.56316,35.84847],[-78.56236,35.84773],[-78.56215,35.84632],[-78.56,35.84662],[-78.55904,35.84695],[-78.55646,35.8482],[-78.55589,35.84885],[-78.55298,35.84871],[-78.55125,35.84935],[-78.55098,35.84888],[-78.55096,35.84822],[-78.55154,35.84615],[-78.55211,35.84534],[-78.55213,35.84485],[-78.55088,35.84377],[-78.55005,35.84357],[-78.54744,35.84359],[-78.54684,35.84293],[-78.54702,35.84124],[-78.54786,35.83866],[-78.54837,35.83555],[-78.54907,35.83496],[-78.54891,35.83429]]]},"properties":{"id":89,"geoid":"37183054117","name":"Winchester","tract":"541.17","pop":5917,"pop65":682,"popU18":1276,"hh":2058,"hhNoVeh":18,"pov":184,"povUniverse":5915,"disab":492,"lep":986,"hhNoNet":0,"pop65Alone":46,"atRisk":996,"hazardShare":0.168,"floodShare":0.085,"areaKm2":3.19,"hvi":null,"lon":-78.5599,"lat":35.84008}},{"type":"Feature","geometry":{"type":"Polygon","coordinates":[[[-78.54023,35.80478],[-78.53943,35.80193],[-78.53845,35.8017],[-78.53846,35.80148],[-78.53963,35.8],[-78.53975,35.79946],[-78.54115,35.79694],[-78.54148,35.79621],[-78.5416,35.795],[-78.53937,35.79344],[-78.53893,35.79367],[-78.53871,35.79357],[-78.54083,35.79249],[-78.54229,35.79207],[-78.54414,35.792],[-78.54556,35.79229],[-78.55617,35.79763],[-78.55773,35.79797],[-78.56285,35.79845],[-78.56275,35.80064],[-78.56458,35.80429],[-78.56468,35.80776],[-78.56578,35.81135],[-78.56355,35.81289],[-78.5603,35.81447],[-78.55924,35.81532],[-78.55783,35.81708],[-78.55536,35.81925],[-78.5552,35.82029],[-78.55061,35.82068],[-78.55075,35.81948],[-78.54933,35.81832],[-78.54906,35.81742],[-78.54862,35.81744],[-78.54802,35.81697],[-78.54785,35.81623],[-78.5473,35.81612],[-78.54741,35.81538],[-78.54785,35.81482],[-78.54742,35.8132],[-78.54757,35.81306],[-78.54862,35.81306],[-78.5478,35.81229],[-78.54813,35.81164],[-78.54801,35.81119],[-78.54693,35.81115],[-78.54703,35.81038],[-78.54681,35.80867],[-78.54642,35.80832],[-78.54474,35.80793],[-78.54344,35.80725],[-78.54155,35.80552],[-78.5421,35.80534],[-78.54136,35.80433],[-78.54099,35.80467],[-78.54023,35.80478]]]},"properties":{"id":90,"geoid":"37183054118","name":"Hedingham","tract":"541.18","pop":5274,"pop65":414,"popU18":1090,"hh":2307,"hhNoVeh":0,"pov":934,"povUniverse":5256,"disab":344,"lep":338,"hhNoNet":93,"pop65Alone":178,"atRisk":423,"hazardShare":0.08,"floodShare":0.047,"areaKm2":4.53,"hvi":null,"lon":-78.55349,"lat":35.80642}},{"type":"Feature","geometry":{"type":"Polygon","coordinates":[[[-78.51821,35.88524],[-78.50237,35.88104],[-78.50229,35.87926],[-78.50029,35.87292],[-78.50168,35.87236],[-78.50342,35.87229],[-78.50421,35.87197],[-78.50549,35.87197],[-78.50689,35.8714],[-78.50744,35.87089],[-78.50812,35.86956],[-78.5089,35.86866],[-78.51115,35.86688],[-78.51167,35.86536],[-78.51236,35.86487],[-78.51382,35.86507],[-78.51452,35.86485],[-78.51395,35.86322],[-78.51356,35.86102],[-78.5126,35.85867],[-78.51291,35.8548],[-78.51224,35.85195],[-78.51154,35.85028],[-78.51142,35.84933],[-78.51154,35.84787],[-78.51205,35.84657],[-78.51276,35.84547],[-78.51397,35.84462],[-78.52997,35.84819],[-78.52978,35.84904],[-78.52982,35.85089],[-78.53036,35.85332],[-78.52897,35.85534],[-78.52879,35.85733],[-78.52859,35.85738],[-78.52873,35.8576],[-78.52839,35.85868],[-78.52721,35.86005],[-78.52688,35.86414],[-78.52703,35.86449],[-78.52753,35.86485],[-78.53206,35.86676],[-78.53393,35.86825],[-78.53558,35.8706],[-78.53563,35.87164],[-78.5349,35.87294],[-78.53333,35.87502],[-78.53254,35.87571],[-78.53251,35.87604],[-78.53179,35.87671],[-78.52951,35.87801],[-78.52817,35.8794],[-78.52744,35.88106],[-78.52622,35.88192],[-78.52621,35.88273],[-78.52807,35.88427],[-78.52597,35.88611],[-78.5253,35.88542],[-78.52423,35.88502],[-78.52316,35.88494],[-78.51821,35.88524]]]},"properties":{"id":91,"geoid":"37183054121","name":"Massey Preserve","tract":"541.21","pop":10170,"pop65":742,"popU18":2654,"hh":3392,"hhNoVeh":0,"pov":617,"povUniverse":10170,"disab":780,"lep":887,"hhNoNet":11,"pop65Alone":56,"atRisk":3714,"hazardShare":0.365,"floodShare":0.195,"areaKm2":8.13,"hvi":null,"lon":-78.52052,"lat":35.86537}},{"type":"Feature","geometry":{"type":"Polygon","coordinates":[[[-78.53915,35.94594],[-78.54509,35.94579],[-78.55265,35.9453],[-78.5516,35.94813],[-78.55113,35.95052],[-78.55034,35.95264],[-78.54884,35.95439],[-78.54856,35.95496],[-78.54645,35.95623],[-78.54591,35.95719],[-78.54582,35.95806],[-78.54704,35.96118],[-78.54797,35.96231],[-78.54987,35.9639],[-78.54982,35.96423],[-78.55003,35.9644],[-78.55045,35.96435],[-78.55053,35.96389],[-78.554,35.96183],[-78.55456,35.96131],[-78.55488,35.9605],[-78.5549,35.95941],[-78.55533,35.95841],[-78.55527,35.95692],[-78.5555,35.95543],[-78.55652,35.95377],[-78.55827,35.95234],[-78.56035,35.95158],[-78.56297,35.95143],[-78.56421,35.95185],[-78.5662,35.95339],[-78.56717,35.95389],[-78.56333,35.96042],[-78.56245,35.96501],[-78.56268,35.9665],[-78.56253,35.96745],[-78.56121,35.96965],[-78.55864,35.97046],[-78.56072,35.97564],[-78.56017,35.97547],[-78.55435,35.97495],[-78.55263,35.9739],[-78.55176,35.9748],[-78.55015,35.97559],[-78.53932,35.97905],[-78.54214,35.96349],[-78.54226,35.96168],[-78.54183,35.95852],[-78.53939,35.95057],[-78.53911,35.94832],[-78.53915,35.94594]]]},"properties":{"id":92,"geoid":"37183054212","name":"Crenshaw Manor","tract":"542.12","pop":7832,"pop65":779,"popU18":1418,"hh":3569,"hhNoVeh":270,"pov":1213,"povUniverse":7832,"disab":1468,"lep":119,"hhNoNet":87,"pop65Alone":349,"atRisk":1412,"hazardShare":0.18,"floodShare":0.058,"areaKm2":5.14,"hvi":null,"lon":-78.55803,"lat":35.96244}},{"type":"Feature","geometry":{"type":"Polygon","coordinates":[[[-78.55265,35.9453],[-78.55471,35.94491],[-78.55726,35.944],[-78.56524,35.93939],[-78.56961,35.93893],[-78.57081,35.93846],[-78.57239,35.93731],[-78.57315,35.93774],[-78.57566,35.94021],[-78.57756,35.94105],[-78.58005,35.94129],[-78.57996,35.94259],[-78.57841,35.9454],[-78.5776,35.94601],[-78.57576,35.94663],[-78.57494,35.94709],[-78.57141,35.95024],[-78.56807,35.95283],[-78.56717,35.95389],[-78.5662,35.95339],[-78.56421,35.95185],[-78.56261,35.95138],[-78.56136,35.95143],[-78.5596,35.95176],[-78.55745,35.95289],[-78.55631,35.95402],[-78.55549,35.95544],[-78.55527,35.95692],[-78.55533,35.95841],[-78.5549,35.95941],[-78.55488,35.9605],[-78.55465,35.96117],[-78.554,35.96183],[-78.55053,35.96389],[-78.55055,35.96426],[-78.55012,35.96442],[-78.54982,35.96423],[-78.54987,35.9639],[-78.54797,35.96231],[-78.54704,35.96118],[-78.54582,35.95806],[-78.54591,35.95719],[-78.54645,35.95623],[-78.54856,35.95496],[-78.54884,35.95439],[-78.55034,35.95264],[-78.55113,35.95052],[-78.5516,35.94813],[-78.55265,35.9453]]]},"properties":{"id":93,"geoid":"37183054213","name":"Stratford Hall","tract":"542.13","pop":4216,"pop65":565,"popU18":1226,"hh":1483,"hhNoVeh":66,"pov":176,"povUniverse":4216,"disab":368,"lep":130,"hhNoNet":11,"pop65Alone":234,"atRisk":778,"hazardShare":0.185,"floodShare":0.054,"areaKm2":3.53,"hvi":null,"lon":-78.56071,"lat":35.95086}},{"type":"Feature","geometry":{"type":"Polygon","coordinates":[[[-78.65131,35.73127],[-78.66331,35.73143],[-78.66254,35.7359],[-78.66274,35.73595],[-78.66265,35.73642],[-78.66291,35.7367],[-78.67191,35.74176],[-78.67762,35.74277],[-78.68036,35.743],[-78.67512,35.74701],[-78.67006,35.75032],[-78.66758,35.7528],[-78.66577,35.75169],[-78.66326,35.75203],[-78.65969,35.75113],[-78.65889,35.75018],[-78.65757,35.74714],[-78.65698,35.74665],[-78.65578,35.74629],[-78.65481,35.74621],[-78.65391,35.74642],[-78.65097,35.74855],[-78.65066,35.74896],[-78.64905,35.74882],[-78.64902,35.74255],[-78.65116,35.73293],[-78.65131,35.73127]]]},"properties":{"id":94,"geoid":"37183054501","name":"Renaissance Park","tract":"545.01","pop":5115,"pop65":462,"popU18":770,"hh":2749,"hhNoVeh":212,"pov":1120,"povUniverse":5109,"disab":681,"lep":570,"hhNoNet":285,"pop65Alone":367,"atRisk":0,"hazardShare":0.0,"floodShare":0.0,"areaKm2":3.69,"hvi":null,"lon":-78.6616,"lat":35.74198}},{"type":"Feature","geometry":{"type":"Polygon","coordinates":[[[-78.63439,35.75665],[-78.63398,35.75346],[-78.63465,35.75007],[-78.63537,35.7483],[-78.63812,35.74389],[-78.63854,35.74231],[-78.63844,35.7411],[-78.63788,35.73977],[-78.63358,35.73284],[-78.6328,35.73206],[-78.63075,35.73086],[-78.63002,35.73023],[-78.6285,35.72831],[-78.62703,35.72589],[-78.62662,35.72499],[-78.62653,35.72419],[-78.62707,35.72182],[-78.62688,35.7206],[-78.625,35.71686],[-78.63051,35.71489],[-78.64668,35.72356],[-78.64778,35.72442],[-78.64858,35.72537],[-78.64877,35.72535],[-78.65049,35.72788],[-78.65097,35.72928],[-78.65132,35.732],[-78.64902,35.74255],[-78.64905,35.74882],[-78.65066,35.74896],[-78.65097,35.74855],[-78.65391,35.74642],[-78.65481,35.74621],[-78.65578,35.74629],[-78.65698,35.74665],[-78.65757,35.74714],[-78.65889,35.75018],[-78.65969,35.75113],[-78.66326,35.75203],[-78.66577,35.75169],[-78.66758,35.7528],[-78.66672,35.75375],[-78.66559,35.75676],[-78.66406,35.75875],[-78.66144,35.76074],[-78.64842,35.76943],[-78.64822,35.77022],[-78.64463,35.76931],[-78.6466,35.76719],[-78.64631,35.76682],[-78.64581,35.76681],[-78.64535,35.76641],[-78.64388,35.76643],[-78.64293,35.76574],[-78.64276,35.76515],[-78.64308,35.76325],[-78.64201,35.76101],[-78.64032,35.75893],[-78.63933,35.75856],[-78.638,35.75665],[-78.63692,35.75596],[-78.6359,35.75604],[-78.63439,35.75665]]]},"properties":{"id":95,"geoid":"37183054502","name":"Caraleigh","tract":"545.02","pop":4205,"pop65":267,"popU18":1218,"hh":1201,"hhNoVeh":71,"pov":1215,"povUniverse":3446,"disab":556,"lep":644,"hhNoNet":23,"pop65Alone":59,"atRisk":1051,"hazardShare":0.25,"floodShare":0.103,"areaKm2":9.49,"hvi":null,"lon":-78.64376,"lat":35.74257}}]}