{"type":"FeatureCollection","features":[{"type":"Feature","properties":{"step":1},"geometry":{"type":"MultiPolygon","coordinates":[[[[-80.24679,25.70169],[-80.24733,25.70232],[-80.24768,25.70347],[-80.2476,25.70389],[-80.24727,25.70427],[-80.24686,25.70444],[-80.24621,25.70443],[-80.2461,25.70454],[-80.24643,25.70743],[-80.24669,25.70773],[-80.24748,25.70823],[-80.24788,25.70862],[-80.24801,25.70891],[-80.24788,25.70928],[-80.248,25.70939],[-80.24893,25.70973],[-80.25048,25.70989],[-80.25161,25.71018],[-80.25228,25.71062],[-80.25249,25.71088],[-80.25256,25.71117],[-80.25211,25.71195],[-80.25168,25.71238],[-80.25028,25.71288],[-80.24915,25.71308],[-80.24913,25.7134],[-80.24973,25.71377],[-80.24993,25.71399],[-80.25007,25.71437],[-80.25004,25.71468],[-80.24924,25.7162],[-80.24798,25.71554],[-80.24789,25.71563],[-80.24793,25.71614],[-80.2489,25.71663],[-80.24815,25.71779],[-80.24791,25.71783],[-80.24629,25.71698],[-80.24551,25.71782],[-80.24548,25.71796],[-80.24689,25.71915],[-80.24685,25.71935],[-80.24526,25.72109],[-80.24326,25.72306],[-80.24188,25.72467],[-80.24081,25.7256],[-80.24003,25.72583],[-80.23929,25.72684],[-80.23864,25.72733],[-80.23797,25.72771],[-80.23727,25.7278],[-80.23686,25.72764],[-80.23621,25.72702],[-80.23591,25.72691],[-80.23539,25.72713],[-80.23485,25.72778],[-80.23412,25.72738],[-80.23382,25.72743],[-80.2336,25.72762],[-80.23352,25.72784],[-80.23376,25.72831],[-80.23378,25.72856],[-80.23355,25.72876],[-80.23301,25.72888],[-80.23288,25.72907],[-80.23295,25.72938],[-80.23324,25.72945],[-80.23353,25.73052],[-80.23358,25.73085],[-80.2334,25.73257],[-80.23322,25.73284],[-80.23241,25.73341],[-80.23153,25.73431],[-80.23021,25.7352],[-80.22888,25.73597],[-80.22773,25.73643],[-80.2274,25.73622],[-80.2264,25.73446],[-80.22632,25.73434],[-80.22617,25.73432],[-80.22134,25.73694],[-80.22087,25.73734],[-80.22029,25.73833],[-80.21889,25.73938],[-80.21849,25.73957],[-80.21721,25.73949],[-80.2166,25.73958],[-80.21584,25.73878],[-80.21436,25.73834],[-80.21116,25.74049],[-80.21081,25.7408],[-80.21075,25.74102],[-80.21081,25.74153],[-80.2106,25.74188],[-80.21042,25.74299],[-80.21059,25.74352],[-80.21057,25.74377],[-80.2102,25.7441],[-80.20985,25.7443],[-80.20966,25.74425],[-80.2096,25.74442],[-80.20937,25.74451],[-80.20918,25.74496],[-80.20907,25.74501],[-80.20908,25.74514],[-80.20879,25.74549],[-80.20806,25.74597],[-80.20677,25.74646],[-80.20635,25.74678],[-80.20586,25.74688],[-80.2042,25.74757],[-80.2031,25.74832],[-80.20228,25.74836],[-80.2022,25.74879],[-80.20155,25.74946],[-80.20109,25.74892],[-80.20075,25.74921],[-80.20124,25.74979],[-80.20054,25.75067],[-80.19989,25.75103],[-80.19971,25.75134],[-80.1984,25.75265],[-80.19675,25.75409],[-80.19577,25.75455],[-80.19518,25.75386],[-80.19465,25.75418],[-80.19519,25.75481],[-80.19353,25.7558],[-80.19246,25.75685],[-80.19114,25.75731],[-80.19045,25.75774],[-80.19006,25.75851],[-80.19009,25.75938],[-80.18998,25.7597],[-80.18958,25.75992],[-80.18895,25.75987],[-80.18872,25.76311],[-80.18887,25.76322],[-80.19105,25.7637],[-80.19118,25.76385],[-80.19079,25.76423],[-80.19002,25.76404],[-80.1891,25.76395],[-80.18892,25.76438],[-80.18888,25.76501],[-80.18872,25.7657],[-80.18836,25.76611],[-80.18794,25.76623],[-80.18673,25.7657],[-80.18542,25.76454],[-80.18488,25.76394],[-80.18459,25.7639],[-80.1844,25.76398],[-80.18284,25.76901],[-80.18286,25.76936],[-80.18307,25.7695],[-80.1834,25.76954],[-80.18645,25.76936],[-80.18825,25.7695],[-80.18884,25.76979],[-80.18898,25.77001],[-80.18898,25.7702],[-80.18889,25.77033],[-80.18732,25.77087],[-80.18718,25.77107],[-80.18517,25.7718],[-80.18511,25.77208],[-80.18518,25.77269],[-80.18542,25.77337],[-80.18551,25.77405],[-80.1856,25.77617],[-80.18555,25.77666],[-80.18527,25.7771],[-80.18452,25.77685],[-80.18437,25.77708],[-80.18499,25.7773],[-80.18454,25.77743],[-80.18414,25.77741],[-80.18321,25.77715],[-80.18248,25.77682],[-80.18302,25.77639],[-80.18332,25.77579],[-80.18345,25.77397],[-80.18341,25.77322],[-80.18314,25.77228],[-80.18212,25.77088],[-80.1818,25.77007],[-80.18183,25.76905],[-80.18216,25.76736],[-80.18247,25.76643],[-80.1831,25.76516],[-80.18382,25.76413],[-80.18445,25.76345],[-80.18478,25.7632],[-80.18525,25.76307],[-80.18647,25.76309],[-80.18689,25.76279],[-80.18696,25.76247],[-80.18681,25.75962],[-80.18706,25.75847],[-80.18745,25.7576],[-80.18858,25.75628],[-80.18926,25.75578],[-80.19057,25.75521],[-80.19213,25.75469],[-80.19307,25.75417],[-80.19414,25.75336],[-80.19553,25.75275],[-80.19625,25.75232],[-80.19715,25.75149],[-80.19825,25.75003],[-80.19879,25.74954],[-80.19924,25.7488],[-80.19927,25.74858],[-80.19919,25.74826],[-80.19859,25.74777],[-80.1971,25.74751],[-80.19389,25.74754],[-80.19033,25.74735],[-80.18731,25.74739],[-80.18377,25.7472],[-80.18295,25.74723],[-80.18196,25.74742],[-80.18139,25.74663],[-80.18145,25.74509],[-80.18407,25.74511],[-80.1893,25.74475],[-80.19293,25.74461],[-80.19543,25.74478],[-80.19934,25.74489],[-80.20041,25.74511],[-80.20216,25.74529],[-80.20399,25.74571],[-80.20479,25.7457],[-80.2054,25.74559],[-80.20589,25.74542],[-80.20651,25.74507],[-80.20704,25.74462],[-80.2074,25.74416],[-80.20841,25.74222],[-80.2091,25.73986],[-80.20969,25.73896],[-80.21174,25.73765],[-80.21435,25.73668],[-80.21524,25.73616],[-80.21572,25.73558],[-80.21649,25.73367],[-80.21691,25.73314],[-80.21741,25.73277],[-80.21861,25.73231],[-80.21969,25.73222],[-80.22039,25.73248],[-80.22139,25.73359],[-80.22219,25.7341],[-80.22305,25.73415],[-80.22364,25.73399],[-80.22413,25.73374],[-80.22473,25.73327],[-80.22512,25.73279],[-80.22562,25.73188],[-80.22587,25.73113],[-80.22596,25.73048],[-80.22588,25.72904],[-80.22596,25.72821],[-80.22613,25.72764],[-80.22655,25.72695],[-80.22663,25.72652],[-80.22652,25.7262],[-80.22598,25.72537],[-80.22586,25.72473],[-80.22589,25.72453],[-80.22655,25.72347],[-80.22722,25.72318],[-80.22778,25.72314],[-80.22842,25.72338],[-80.2297,25.72408],[-80.23035,25.72427],[-80.23082,25.72428],[-80.2312,25.72417],[-80.23181,25.72374],[-80.23296,25.72222],[-80.23348,25.7219],[-80.23508,25.7219],[-80.23748,25.72234],[-80.23864,25.72226],[-80.23948,25.722],[-80.23997,25.72167],[-80.24022,25.72139],[-80.2412,25.71952],[-80.24258,25.71798],[-80.24355,25.71628],[-80.24423,25.71567],[-80.24565,25.71477],[-80.24612,25.71335],[-80.24622,25.71209],[-80.24611,25.71097],[-80.24575,25.71005],[-80.24499,25.70867],[-80.24429,25.70678],[-80.24414,25.70432],[-80.24386,25.70279],[-80.24505,25.7022],[-80.24679,25.70169]],[[-80.23046,25.73397],[-80.23066,25.73398],[-80.23059,25.73388],[-80.23046,25.73397]]],[[[-80.20398,25.73754],[-80.20416,25.73779],[-80.20425,25.73812],[-80.2047,25.73854],[-80.20482,25.73902],[-80.20549,25.73998],[-80.20553,25.74027],[-80.20543,25.74056],[-80.20501,25.74087],[-80.20454,25.7409],[-80.20401,25.74068],[-80.20325,25.73948],[-80.20282,25.739],[-80.20363,25.73738],[-80.20398,25.73754]]],[[[-80.18732,25.79615],[-80.18759,25.79634],[-80.18723,25.79634],[-80.18713,25.79731],[-80.18755,25.79733],[-80.18719,25.79822],[-80.18539,25.79827],[-80.18538,25.79879],[-80.1869,25.7988],[-80.18672,25.79918],[-80.18632,25.79919],[-80.1863,25.79888],[-80.18538,25.79891],[-80.18538,25.80067],[-80.18588,25.80066],[-80.18587,25.80035],[-80.1863,25.80034],[-80.1861,25.80137],[-80.18579,25.80137],[-80.18578,25.80177],[-80.18539,25.80177],[-80.18537,25.80236],[-80.1861,25.8023],[-80.18639,25.80298],[-80.1854,25.80301],[-80.18539,25.80324],[-80.18658,25.80321],[-80.18672,25.80342],[-80.18679,25.80381],[-80.18675,25.80398],[-80.18538,25.80402],[-80.18538,25.8043],[-80.18577,25.80429],[-80.18576,25.80442],[-80.18539,25.80446],[-80.18538,25.8054],[-80.18613,25.80545],[-80.18612,25.80593],[-80.18538,25.80595],[-80.1854,25.80754],[-80.18599,25.80754],[-80.18541,25.80835],[-80.18539,25.8087],[-80.18564,25.80899],[-80.18607,25.80983],[-80.1861,25.81007],[-80.18592,25.81034],[-80.18525,25.81046],[-80.18426,25.81025],[-80.18388,25.81009],[-80.18332,25.80965],[-80.18301,25.80913],[-80.18361,25.8091],[-80.18384,25.80887],[-80.18402,25.80655],[-80.18381,25.80371],[-80.18396,25.80081],[-80.18383,25.79916],[-80.18384,25.7964],[-80.1835,25.79479],[-80.18375,25.79309],[-80.18374,25.79215],[-80.18448,25.79192],[-80.18525,25.79191],[-80.18597,25.79215],[-80.18639,25.7925],[-80.18653,25.7927],[-80.18643,25.79271],[-80.18637,25.793],[-80.18656,25.79304],[-80.18653,25.7935],[-80.18694,25.79353],[-80.18702,25.79412],[-80.18621,25.79413],[-80.18603,25.79429],[-80.18596,25.79462],[-80.18605,25.79548],[-80.18616,25.79558],[-80.18703,25.7957],[-80.18732,25.79615]]],[[[-80.1858,25.81352],[-80.18544,25.81355],[-80.18544,25.81414],[-80.18553,25.81416],[-80.18535,25.81447],[-80.18103,25.818],[-80.18016,25.81881],[-80.17874,25.82072],[-80.17841,25.82148],[-80.17854,25.82223],[-80.17918,25.82343],[-80.17961,25.82468],[-80.17967,25.8255],[-80.1794,25.82687],[-80.17986,25.82836],[-80.17986,25.83049],[-80.1801,25.83116],[-80.1807,25.83214],[-80.18079,25.83267],[-80.1808,25.83343],[-80.18065,25.83435],[-80.17996,25.83652],[-80.18009,25.83729],[-80.17997,25.83798],[-80.17985,25.83818],[-80.17958,25.83832],[-80.17862,25.83861],[-80.17803,25.83892],[-80.17495,25.84135],[-80.17429,25.8423],[-80.17342,25.84473],[-80.17274,25.84473],[-80.17204,25.84486],[-80.17234,25.84397],[-80.17304,25.84245],[-80.17382,25.84112],[-80.17523,25.8394],[-80.17743,25.83731],[-80.17866,25.836],[-80.17927,25.83505],[-80.17958,25.83408],[-80.17974,25.83266],[-80.17961,25.83193],[-80.17903,25.83024],[-80.17894,25.82844],[-80.17761,25.82523],[-80.17709,25.82334],[-80.17698,25.82192],[-80.1772,25.8209],[-80.17783,25.81982],[-80.17854,25.81892],[-80.17925,25.81778],[-80.18242,25.81511],[-80.18345,25.8141],[-80.18403,25.81313],[-80.18403,25.81296],[-80.1838,25.81271],[-80.1848,25.81245],[-80.18544,25.8125],[-80.18572,25.81274],[-80.18589,25.81308],[-80.18591,25.81333],[-80.1858,25.81352]]],[[[-80.17508,25.77121],[-80.17636,25.7708],[-80.17693,25.77076],[-80.17732,25.77083],[-80.17782,25.77109],[-80.1783,25.77147],[-80.17848,25.77182],[-80.17839,25.77226],[-80.17795,25.77283],[-80.178,25.7731],[-80.17822,25.77325],[-80.17908,25.77338],[-80.17946,25.77353],[-80.1801,25.77391],[-80.18041,25.77429],[-80.17818,25.77429],[-80.17764,25.77418],[-80.17643,25.77371],[-80.17581,25.77284],[-80.17535,25.77195],[-80.17508,25.77121]]],[[[-80.17816,25.79631],[-80.17886,25.79642],[-80.17933,25.79677],[-80.1795,25.79721],[-80.17946,25.79793],[-80.17929,25.79855],[-80.17904,25.79902],[-80.1787,25.79956],[-80.17788,25.8005],[-80.17739,25.80136],[-80.1774,25.79825],[-80.17526,25.79836],[-80.17573,25.79744],[-80.17641,25.79679],[-80.17717,25.7964],[-80.17816,25.79631]]],[[[-80.1765,25.80354],[-80.17584,25.80505],[-80.17556,25.80624],[-80.17503,25.80721],[-80.17447,25.8076],[-80.17406,25.80777],[-80.17361,25.8078],[-80.17321,25.80763],[-80.17249,25.80696],[-80.1723,25.80647],[-80.17228,25.80607],[-80.17259,25.8048],[-80.17348,25.80281],[-80.17468,25.80297],[-80.17562,25.80321],[-80.1765,25.80354]]],[[[-80.17359,25.80911],[-80.1758,25.80919],[-80.17689,25.80912],[-80.18027,25.80919],[-80.17903,25.81072],[-80.18063,25.81197],[-80.17914,25.81198],[-80.17813,25.81209],[-80.17624,25.81203],[-80.1738,25.81212],[-80.17578,25.81066],[-80.17554,25.8104],[-80.17359,25.80911]]],[[[-80.1725,25.81634],[-80.17264,25.81671],[-80.17264,25.8176],[-80.17226,25.81892],[-80.17194,25.81947],[-80.17161,25.81974],[-80.1711,25.8199],[-80.1707,25.81986],[-80.17051,25.81976],[-80.17109,25.81838],[-80.1696,25.81835],[-80.16976,25.81769],[-80.17088,25.81613],[-80.17219,25.8161],[-80.1725,25.81634]]],[[[-80.17058,25.82223],[-80.17111,25.82269],[-80.17127,25.8232],[-80.17116,25.82398],[-80.17068,25.82564],[-80.17025,25.8238],[-80.17012,25.82214],[-80.17058,25.82223]]],[[[-80.17677,25.82688],[-80.17724,25.82726],[-80.17745,25.82791],[-80.17736,25.82865],[-80.17685,25.82975],[-80.1767,25.83037],[-80.17676,25.83237],[-80.177,25.83319],[-80.1779,25.83414],[-80.17796,25.83471],[-80.17786,25.83507],[-80.17754,25.83559],[-80.17669,25.8365],[-80.17614,25.83686],[-80.17568,25.83692],[-80.17519,25.83678],[-80.17484,25.83649],[-80.17419,25.83507],[-80.1741,25.83447],[-80.17428,25.83398],[-80.17485,25.83318],[-80.17501,25.83279],[-80.17485,25.83136],[-80.17495,25.83088],[-80.17564,25.82984],[-80.17531,25.82834],[-80.17531,25.82761],[-80.17549,25.82726],[-80.17589,25.82694],[-80.17634,25.82682],[-80.17677,25.82688]]],[[[-80.1686,25.83722],[-80.16924,25.83766],[-80.1695,25.83809],[-80.1695,25.83878],[-80.16914,25.83971],[-80.16912,25.84001],[-80.16925,25.84028],[-80.16977,25.84061],[-80.16988,25.84095],[-80.16975,25.84129],[-80.16892,25.84221],[-80.16851,25.84293],[-80.16832,25.84306],[-80.16801,25.84311],[-80.16781,25.84305],[-80.16746,25.84275],[-80.16714,25.84208],[-80.16717,25.84167],[-80.16749,25.84067],[-80.16755,25.84],[-80.16714,25.83875],[-80.16818,25.83718],[-80.1686,25.83722]]],[[[-80.15893,25.85541],[-80.16097,25.85496],[-80.16506,25.8536],[-80.16476,25.85412],[-80.16422,25.85467],[-80.16385,25.85496],[-80.16337,25.85516],[-80.16267,25.85529],[-80.16173,25.85524],[-80.1613,25.85564],[-80.16092,25.85586],[-80.16024,25.85576],[-80.15893,25.85541]]],[[[-80.16958,25.86266],[-80.1698,25.86109],[-80.16976,25.86033],[-80.1699,25.85881],[-80.16972,25.85748],[-80.16969,25.85636],[-80.16979,25.85476],[-80.17006,25.85361],[-80.17132,25.85463],[-80.17156,25.85499],[-80.17173,25.85553],[-80.17171,25.85599],[-80.17151,25.85674],[-80.17159,25.85896],[-80.17146,25.86017],[-80.17134,25.86019],[-80.17135,25.86062],[-80.1715,25.86062],[-80.17147,25.86124],[-80.17133,25.86283],[-80.16958,25.86266]]]]}},{"type":"Feature","properties":{"step":2},"geometry":{"type":"MultiPolygon","coordinates":[[[[-80.32055,25.7558],[-80.32072,25.75599],[-80.32061,25.75605],[-80.32055,25.7558]]],[[[-80.32143,25.75888],[-80.32131,25.75875],[-80.32079,25.75679],[-80.32087,25.75657],[-80.32108,25.75687],[-80.32118,25.75666],[-80.32128,25.75664],[-80.3209,25.75636],[-80.321,25.75631],[-80.32115,25.7564],[-80.32128,25.7563],[-80.32121,25.75609],[-80.32129,25.75603],[-80.32223,25.75643],[-80.32225,25.75665],[-80.3223,25.75659],[-80.32243,25.75666],[-80.32261,25.75662],[-80.3233,25.75703],[-80.32459,25.75811],[-80.3255,25.75924],[-80.32585,25.75986],[-80.32614,25.76051],[-80.32651,25.76185],[-80.3263,25.76192],[-80.32627,25.76176],[-80.32589,25.76175],[-80.32576,25.76161],[-80.32581,25.76211],[-80.32447,25.76209],[-80.32443,25.76188],[-80.32434,25.76186],[-80.32428,25.76209],[-80.32385,25.76214],[-80.32238,25.76225],[-80.32236,25.76206],[-80.32187,25.76218],[-80.32123,25.76215],[-80.32125,25.76154],[-80.32141,25.76124],[-80.32172,25.76103],[-80.32222,25.76125],[-80.32246,25.76155],[-80.32248,25.76186],[-80.32258,25.76182],[-80.32252,25.76138],[-80.32223,25.76098],[-80.32184,25.76078],[-80.32165,25.76075],[-80.32153,25.76084],[-80.32144,25.7607],[-80.32143,25.75888]]],[[[-80.31573,25.75606],[-80.31591,25.75611],[-80.31608,25.75602],[-80.316,25.75568],[-80.31608,25.75565],[-80.31619,25.75587],[-80.31615,25.75598],[-80.31639,25.75611],[-80.31648,25.756],[-80.31698,25.75615],[-80.31732,25.75612],[-80.31734,25.75628],[-80.31774,25.75644],[-80.31774,25.75637],[-80.31792,25.75641],[-80.31804,25.75661],[-80.31803,25.75647],[-80.31773,25.75623],[-80.31787,25.75618],[-80.31787,25.75627],[-80.31802,25.75635],[-80.31805,25.75617],[-80.31821,25.75613],[-80.31806,25.75606],[-80.31807,25.75598],[-80.3182,25.75598],[-80.31822,25.75611],[-80.3183,25.75606],[-80.31858,25.75619],[-80.31884,25.75642],[-80.31891,25.75618],[-80.31898,25.75632],[-80.31909,25.75619],[-80.31943,25.7564],[-80.31938,25.75625],[-80.31952,25.75614],[-80.31909,25.75585],[-80.31923,25.75583],[-80.31923,25.75569],[-80.319,25.75566],[-80.31893,25.75581],[-80.31871,25.75551],[-80.31862,25.75567],[-80.31855,25.75551],[-80.31841,25.75553],[-80.31836,25.7557],[-80.31822,25.75568],[-80.31812,25.75552],[-80.31813,25.75563],[-80.31799,25.75561],[-80.31801,25.75547],[-80.31769,25.75549],[-80.3176,25.75543],[-80.31897,25.7555],[-80.32009,25.75569],[-80.32054,25.75801],[-80.32014,25.75891],[-80.32016,25.75903],[-80.32001,25.75918],[-80.32005,25.75945],[-80.31993,25.75952],[-80.31974,25.75999],[-80.31983,25.76068],[-80.31979,25.76204],[-80.31985,25.76238],[-80.32004,25.76242],[-80.31978,25.76243],[-80.31982,25.76273],[-80.32114,25.76268],[-80.32234,25.76246],[-80.32656,25.7624],[-80.3265,25.76395],[-80.32613,25.7653],[-80.32526,25.76686],[-80.32423,25.76937],[-80.3235,25.77061],[-80.32286,25.77148],[-80.32196,25.77255],[-80.32098,25.77351],[-80.32099,25.77278],[-80.32122,25.77231],[-80.32105,25.77239],[-80.32097,25.7723],[-80.32094,25.77182],[-80.32137,25.77186],[-80.32156,25.77179],[-80.32163,25.77191],[-80.32194,25.77165],[-80.32211,25.77124],[-80.32196,25.77089],[-80.32186,25.77151],[-80.3217,25.77169],[-80.3214,25.77175],[-80.32102,25.77159],[-80.32092,25.77009],[-80.32062,25.76986],[-80.32089,25.76954],[-80.32058,25.76666],[-80.32059,25.76596],[-80.32078,25.76537],[-80.32066,25.76531],[-80.32071,25.76524],[-80.32061,25.76506],[-80.3207,25.76477],[-80.32116,25.76469],[-80.32094,25.76462],[-80.32075,25.76435],[-80.32097,25.76317],[-80.32072,25.76295],[-80.32041,25.76295],[-80.32016,25.76358],[-80.31977,25.7639],[-80.31959,25.7639],[-80.31926,25.76369],[-80.31935,25.76353],[-80.31903,25.76367],[-80.31971,25.76495],[-80.31942,25.76412],[-80.32014,25.76404],[-80.32009,25.7653],[-80.31988,25.76527],[-80.32003,25.76574],[-80.31966,25.76551],[-80.31961,25.7651],[-80.31933,25.76494],[-80.3193,25.76504],[-80.31924,25.765],[-80.31919,25.76463],[-80.31894,25.7644],[-80.31884,25.76446],[-80.31888,25.7646],[-80.31914,25.76485],[-80.31891,25.76477],[-80.31893,25.76492],[-80.31912,25.76495],[-80.31893,25.76502],[-80.31906,25.7651],[-80.31862,25.76524],[-80.31856,25.76511],[-80.31872,25.76509],[-80.31846,25.76506],[-80.31845,25.76521],[-80.31834,25.76523],[-80.31834,25.76554],[-80.3182,25.76589],[-80.31772,25.7665],[-80.31774,25.76618],[-80.31796,25.76576],[-80.31777,25.76562],[-80.31807,25.76565],[-80.31803,25.76549],[-80.31815,25.76542],[-80.31818,25.76526],[-80.31809,25.76498],[-80.31798,25.76498],[-80.31796,25.76516],[-80.31767,25.76511],[-80.31715,25.76638],[-80.31628,25.76764],[-80.31565,25.76833],[-80.31478,25.76905],[-80.31344,25.76984],[-80.31292,25.77053],[-80.31289,25.7707],[-80.31475,25.77224],[-80.31492,25.77227],[-80.31608,25.77332],[-80.31624,25.7733],[-80.31632,25.77338],[-80.31638,25.77319],[-80.31662,25.77332],[-80.31666,25.77319],[-80.31684,25.77316],[-80.31676,25.77307],[-80.31685,25.77298],[-80.31698,25.77315],[-80.31712,25.77317],[-80.31724,25.77285],[-80.3174,25.77299],[-80.31747,25.77295],[-80.31743,25.77276],[-80.31726,25.77267],[-80.31688,25.77272],[-80.31651,25.77261],[-80.31656,25.77254],[-80.31679,25.77254],[-80.31685,25.77244],[-80.31713,25.77246],[-80.31672,25.77226],[-80.31669,25.77205],[-80.31675,25.77219],[-80.31695,25.77201],[-80.3174,25.77211],[-80.31749,25.77239],[-80.31738,25.77235],[-80.31728,25.77244],[-80.31741,25.77248],[-80.31814,25.7725],[-80.3182,25.77241],[-80.31832,25.77258],[-80.31863,25.77232],[-80.31863,25.77218],[-80.31845,25.77217],[-80.31829,25.77204],[-80.31822,25.77216],[-80.31821,25.77177],[-80.31759,25.77183],[-80.31752,25.77175],[-80.31767,25.77165],[-80.31786,25.77172],[-80.31796,25.77161],[-80.31806,25.7717],[-80.31821,25.7716],[-80.31816,25.77141],[-80.31826,25.77134],[-80.31815,25.77126],[-80.31812,25.77039],[-80.31783,25.77033],[-80.3179,25.7702],[-80.31782,25.77014],[-80.31752,25.77013],[-80.3175,25.77033],[-80.31726,25.77038],[-80.31715,25.77031],[-80.31715,25.77011],[-80.31787,25.76997],[-80.31773,25.7699],[-80.31717,25.76989],[-80.31743,25.76984],[-80.3175,25.76959],[-80.31764,25.76959],[-80.31769,25.76981],[-80.31827,25.76976],[-80.31821,25.76953],[-80.3183,25.7693],[-80.31855,25.76952],[-80.31856,25.76977],[-80.31872,25.76982],[-80.31848,25.76995],[-80.31891,25.77002],[-80.31924,25.77023],[-80.31934,25.77092],[-80.31922,25.77143],[-80.31941,25.77176],[-80.32011,25.77238],[-80.32035,25.77269],[-80.32049,25.77392],[-80.31834,25.77551],[-80.31834,25.77536],[-80.31765,25.77493],[-80.31751,25.77472],[-80.31729,25.77477],[-80.31703,25.77446],[-80.31669,25.77451],[-80.31664,25.77495],[-80.31671,25.7752],[-80.3165,25.77545],[-80.31649,25.77619],[-80.31619,25.77617],[-80.31622,25.77578],[-80.3158,25.77576],[-80.31578,25.77593],[-80.31564,25.77594],[-80.31554,25.77616],[-80.3154,25.77606],[-80.3155,25.77602],[-80.31546,25.77597],[-80.31525,25.776],[-80.31539,25.77613],[-80.31537,25.77629],[-80.31396,25.77645],[-80.31319,25.77636],[-80.31328,25.7765],[-80.31318,25.77657],[-80.31308,25.7762],[-80.31279,25.77613],[-80.31281,25.77571],[-80.31261,25.77557],[-80.3125,25.77574],[-80.31245,25.77554],[-80.31249,25.77528],[-80.31262,25.77532],[-80.31271,25.77523],[-80.31272,25.7748],[-80.3125,25.77452],[-80.31269,25.77451],[-80.31274,25.77438],[-80.31313,25.77452],[-80.3133,25.77445],[-80.31284,25.77418],[-80.31324,25.77406],[-80.31344,25.77412],[-80.31369,25.77398],[-80.31383,25.77405],[-80.31403,25.77374],[-80.31417,25.77407],[-80.31425,25.7739],[-80.31443,25.77389],[-80.31447,25.77373],[-80.31464,25.77373],[-80.3147,25.77388],[-80.31459,25.77408],[-80.31482,25.77411],[-80.31488,25.77381],[-80.31519,25.77395],[-80.31539,25.77387],[-80.3152,25.77373],[-80.31531,25.77352],[-80.31581,25.77369],[-80.31587,25.77388],[-80.31581,25.77396],[-80.31593,25.77407],[-80.31616,25.77407],[-80.31612,25.77358],[-80.31491,25.77256],[-80.31467,25.77246],[-80.31379,25.77164],[-80.31358,25.77164],[-80.31353,25.77143],[-80.31291,25.77092],[-80.31282,25.77094],[-80.3128,25.77084],[-80.3126,25.77095],[-80.3121,25.77088],[-80.31212,25.77094],[-80.31194,25.77095],[-80.3116,25.77071],[-80.31137,25.77071],[-80.31056,25.7711],[-80.31012,25.77134],[-80.31025,25.77155],[-80.31029,25.77244],[-80.31034,25.77503],[-80.31022,25.77504],[-80.31024,25.77544],[-80.31052,25.77552],[-80.3106,25.77575],[-80.31102,25.77574],[-80.31097,25.77549],[-80.31105,25.77568],[-80.31127,25.77582],[-80.31088,25.77589],[-80.31094,25.77603],[-80.31081,25.776],[-80.31091,25.7762],[-80.31069,25.77608],[-80.31073,25.77619],[-80.31059,25.77624],[-80.3106,25.77635],[-80.31085,25.77637],[-80.31087,25.77625],[-80.3111,25.77633],[-80.31109,25.77648],[-80.31076,25.77644],[-80.31073,25.77654],[-80.31056,25.77662],[-80.31008,25.77635],[-80.31009,25.77455],[-80.31007,25.77424],[-80.30996,25.77409],[-80.3098,25.77446],[-80.30966,25.77421],[-80.30966,25.77444],[-80.30978,25.7746],[-80.30975,25.77486],[-80.30951,25.7749],[-80.30944,25.77508],[-80.30946,25.77526],[-80.30952,25.77509],[-80.30963,25.77515],[-80.30959,25.77545],[-80.30946,25.77555],[-80.30926,25.77552],[-80.30904,25.77586],[-80.3091,25.77622],[-80.30919,25.77589],[-80.30939,25.77559],[-80.30943,25.77574],[-80.30934,25.77581],[-80.30927,25.77623],[-80.30917,25.77637],[-80.30902,25.77626],[-80.30895,25.77632],[-80.30883,25.77697],[-80.3087,25.7771],[-80.30843,25.77687],[-80.30837,25.77602],[-80.30843,25.77577],[-80.3083,25.77513],[-80.3081,25.77537],[-80.30822,25.77653],[-80.30818,25.77716],[-80.30804,25.77735],[-80.30785,25.77728],[-80.30776,25.77737],[-80.30756,25.77732],[-80.30708,25.77687],[-80.30711,25.77674],[-80.30699,25.7767],[-80.30652,25.77691],[-80.30615,25.7768],[-80.3058,25.77685],[-80.30596,25.77694],[-80.30599,25.77716],[-80.30587,25.77721],[-80.30561,25.7772],[-80.3055,25.77709],[-80.3053,25.77718],[-80.30523,25.77704],[-80.30512,25.77704],[-80.30509,25.77717],[-80.30524,25.77726],[-80.30434,25.77741],[-80.30436,25.77711],[-80.30443,25.77723],[-80.30463,25.77713],[-80.3048,25.77725],[-80.30483,25.77712],[-80.30464,25.77705],[-80.30473,25.77699],[-80.30447,25.77685],[-80.30417,25.77682],[-80.3041,25.77691],[-80.30372,25.77682],[-80.30348,25.77698],[-80.30339,25.77726],[-80.30324,25.77713],[-80.30312,25.77723],[-80.30322,25.77734],[-80.30283,25.77709],[-80.30291,25.77722],[-80.30286,25.77732],[-80.30309,25.77746],[-80.30295,25.77767],[-80.30313,25.77772],[-80.30285,25.77787],[-80.30306,25.77783],[-80.30339,25.77794],[-80.30246,25.77802],[-80.30178,25.77793],[-80.30227,25.7778],[-80.3019,25.77777],[-80.30191,25.77769],[-80.30291,25.77769],[-80.30278,25.77753],[-80.30236,25.77754],[-80.30232,25.77747],[-80.30247,25.77749],[-80.30252,25.77729],[-80.30229,25.77727],[-80.30218,25.77708],[-80.30223,25.77693],[-80.302,25.77699],[-80.30192,25.77685],[-80.30197,25.77676],[-80.30166,25.77663],[-80.30149,25.77697],[-80.30129,25.77707],[-80.30137,25.77729],[-80.3012,25.7773],[-80.30107,25.77748],[-80.30103,25.77719],[-80.30066,25.77721],[-80.30043,25.77705],[-80.29997,25.77696],[-80.29988,25.77675],[-80.29968,25.77672],[-80.29954,25.77681],[-80.29965,25.77708],[-80.29964,25.77737],[-80.2995,25.77752],[-80.29959,25.77759],[-80.29907,25.77772],[-80.29939,25.77773],[-80.29944,25.77782],[-80.29815,25.7779],[-80.29824,25.77838],[-80.29863,25.77852],[-80.29881,25.77845],[-80.299,25.77895],[-80.29888,25.7795],[-80.2982,25.77951],[-80.29815,25.77975],[-80.29823,25.77985],[-80.29923,25.77982],[-80.29928,25.77989],[-80.29908,25.78001],[-80.29932,25.78001],[-80.29963,25.77988],[-80.30067,25.77985],[-80.30086,25.77972],[-80.30127,25.77965],[-80.30136,25.77978],[-80.30131,25.77999],[-80.30139,25.78005],[-80.30166,25.77981],[-80.30217,25.77971],[-80.30214,25.77954],[-80.302,25.77966],[-80.30161,25.77961],[-80.30157,25.77946],[-80.30168,25.77935],[-80.30196,25.77929],[-80.30214,25.77941],[-80.30254,25.7794],[-80.30276,25.77907],[-80.30329,25.77913],[-80.30338,25.77906],[-80.30345,25.77922],[-80.30377,25.77934],[-80.30414,25.77924],[-80.30399,25.77936],[-80.30417,25.77942],[-80.30434,25.77932],[-80.30747,25.77934],[-80.30769,25.77861],[-80.30744,25.77868],[-80.30676,25.77856],[-80.30663,25.77864],[-80.30614,25.7786],[-80.30604,25.77866],[-80.30584,25.77852],[-80.30573,25.77864],[-80.30443,25.77861],[-80.30436,25.7787],[-80.30435,25.77816],[-80.30446,25.7783],[-80.30482,25.77831],[-80.30492,25.77838],[-80.30503,25.77828],[-80.30572,25.77838],[-80.3058,25.77829],[-80.30609,25.77831],[-80.30627,25.7784],[-80.30655,25.77829],[-80.30684,25.77841],[-80.30698,25.77831],[-80.3076,25.77831],[-80.30775,25.77855],[-80.30795,25.77802],[-80.308,25.77751],[-80.30834,25.77753],[-80.30843,25.7774],[-80.30861,25.77746],[-80.30867,25.77736],[-80.30896,25.77738],[-80.30917,25.77729],[-80.30929,25.77736],[-80.30933,25.77758],[-80.30932,25.77716],[-80.30955,25.77706],[-80.31037,25.77715],[-80.31044,25.77703],[-80.31065,25.77712],[-80.31072,25.77704],[-80.31111,25.77703],[-80.31121,25.7771],[-80.31135,25.77685],[-80.31151,25.77702],[-80.31233,25.77708],[-80.31236,25.77733],[-80.3122,25.7774],[-80.31201,25.77735],[-80.31151,25.77773],[-80.3114,25.77776],[-80.31127,25.77766],[-80.31093,25.77773],[-80.31084,25.77787],[-80.31038,25.77792],[-80.31025,25.77762],[-80.30908,25.77765],[-80.30899,25.77776],[-80.30938,25.77783],[-80.30949,25.778],[-80.30948,25.77824],[-80.30925,25.77828],[-80.30932,25.77842],[-80.30923,25.77861],[-80.3089,25.77848],[-80.30881,25.77853],[-80.30874,25.77878],[-80.30863,25.7783],[-80.30855,25.77881],[-80.30838,25.7786],[-80.30828,25.77866],[-80.30829,25.77963],[-80.30838,25.7798],[-80.30849,25.77973],[-80.30848,25.77923],[-80.30864,25.77924],[-80.30856,25.77944],[-80.30866,25.77962],[-80.30864,25.77988],[-80.30834,25.78],[-80.3083,25.77986],[-80.30829,25.78003],[-80.30741,25.78045],[-80.30095,25.78329],[-80.30081,25.78335],[-80.30069,25.78326],[-80.30057,25.78334],[-80.30035,25.78325],[-80.29999,25.78352],[-80.29983,25.78335],[-80.29962,25.78331],[-80.29894,25.78344],[-80.29884,25.78339],[-80.29854,25.78364],[-80.29801,25.78342],[-80.29774,25.78353],[-80.29779,25.7838],[-80.29851,25.78376],[-80.2988,25.78405],[-80.2996,25.78408],[-80.29915,25.7843],[-80.29516,25.78442],[-80.29323,25.7843],[-80.29319,25.78424],[-80.29345,25.78419],[-80.29502,25.78425],[-80.29509,25.78416],[-80.29535,25.78425],[-80.29565,25.78422],[-80.29576,25.7841],[-80.29568,25.78356],[-80.29577,25.78335],[-80.29555,25.78322],[-80.29572,25.78341],[-80.29553,25.78351],[-80.29542,25.78342],[-80.29511,25.78349],[-80.29488,25.78334],[-80.2942,25.78323],[-80.29373,25.78332],[-80.29366,25.78344],[-80.29342,25.78329],[-80.29293,25.78331],[-80.2929,25.78343],[-80.29309,25.78403],[-80.29302,25.78417],[-80.29293,25.78366],[-80.29288,25.7839],[-80.29283,25.78386],[-80.29279,25.78336],[-80.29219,25.78336],[-80.29211,25.78325],[-80.29187,25.78325],[-80.2918,25.78316],[-80.29173,25.78323],[-80.29164,25.78307],[-80.29153,25.78324],[-80.29143,25.78304],[-80.29118,25.78295],[-80.29114,25.78284],[-80.29124,25.78278],[-80.29118,25.78269],[-80.29137,25.78272],[-80.29136,25.7824],[-80.29107,25.7825],[-80.29114,25.78265],[-80.29101,25.78267],[-80.29101,25.78313],[-80.29086,25.7831],[-80.29095,25.78284],[-80.29087,25.78252],[-80.29067,25.78267],[-80.29061,25.78254],[-80.29047,25.78259],[-80.2905,25.78287],[-80.2906,25.7828],[-80.29072,25.78294],[-80.29061,25.78299],[-80.29051,25.7829],[-80.2906,25.78313],[-80.29038,25.78316],[-80.29056,25.7835],[-80.29084,25.78375],[-80.291,25.78358],[-80.29126,25.78365],[-80.29098,25.78392],[-80.29054,25.78379],[-80.29058,25.78364],[-80.29046,25.78363],[-80.29027,25.7838],[-80.28876,25.78384],[-80.28852,25.78288],[-80.28858,25.78171],[-80.28878,25.78184],[-80.28939,25.78181],[-80.28953,25.78191],[-80.28958,25.78175],[-80.29018,25.78167],[-80.29001,25.7816],[-80.29002,25.78136],[-80.29017,25.78128],[-80.29029,25.781],[-80.29047,25.78104],[-80.29058,25.78089],[-80.29074,25.78094],[-80.2907,25.78109],[-80.29078,25.78115],[-80.29122,25.78112],[-80.29117,25.78089],[-80.29095,25.78067],[-80.29084,25.78069],[-80.29079,25.78082],[-80.29067,25.78082],[-80.2905,25.7806],[-80.28915,25.78083],[-80.2882,25.78087],[-80.28824,25.78114],[-80.28817,25.78139],[-80.28825,25.78171],[-80.28804,25.78185],[-80.2881,25.78208],[-80.28828,25.78211],[-80.28837,25.78226],[-80.28843,25.78255],[-80.28838,25.78325],[-80.2883,25.78315],[-80.2882,25.78214],[-80.28792,25.78217],[-80.28812,25.78251],[-80.28812,25.7827],[-80.28796,25.78271],[-80.2877,25.78236],[-80.28743,25.78226],[-80.2874,25.78213],[-80.2876,25.78208],[-80.28747,25.78199],[-80.28766,25.78194],[-80.28717,25.78184],[-80.28707,25.78139],[-80.28624,25.78143],[-80.28619,25.78159],[-80.28641,25.78168],[-80.28628,25.78171],[-80.28611,25.78161],[-80.28619,25.78201],[-80.28638,25.78181],[-80.28658,25.78201],[-80.28641,25.78212],[-80.28649,25.78237],[-80.28644,25.78244],[-80.28656,25.78247],[-80.28658,25.7826],[-80.28672,25.78267],[-80.28704,25.78249],[-80.28715,25.78255],[-80.28715,25.78269],[-80.287,25.78272],[-80.2872,25.78283],[-80.28742,25.7826],[-80.28772,25.78287],[-80.28772,25.78301],[-80.28743,25.78306],[-80.28723,25.78325],[-80.28771,25.78329],[-80.28793,25.78347],[-80.28794,25.78321],[-80.28835,25.78342],[-80.2883,25.7837],[-80.2884,25.78381],[-80.28834,25.78392],[-80.28694,25.78413],[-80.28525,25.78464],[-80.28285,25.78516],[-80.28104,25.78532],[-80.27957,25.78523],[-80.27859,25.78506],[-80.27647,25.78445],[-80.27549,25.78398],[-80.2754,25.78383],[-80.27526,25.78387],[-80.27469,25.78358],[-80.27441,25.78392],[-80.27454,25.78404],[-80.27644,25.78482],[-80.27776,25.78524],[-80.27803,25.78548],[-80.27809,25.78536],[-80.28081,25.78566],[-80.2806,25.78573],[-80.28061,25.78582],[-80.28047,25.78589],[-80.28002,25.78599],[-80.28119,25.78598],[-80.28148,25.78606],[-80.28381,25.78596],[-80.28392,25.78603],[-80.28249,25.78615],[-80.28247,25.78632],[-80.28229,25.78645],[-80.28139,25.78646],[-80.28143,25.78669],[-80.28203,25.78673],[-80.28192,25.78684],[-80.28144,25.78675],[-80.2813,25.78686],[-80.28085,25.78682],[-80.28063,25.78688],[-80.28053,25.78682],[-80.28053,25.78664],[-80.28038,25.78642],[-80.27991,25.78667],[-80.27986,25.78691],[-80.27932,25.78699],[-80.27631,25.78557],[-80.27588,25.78563],[-80.27516,25.78541],[-80.274,25.78551],[-80.27394,25.78567],[-80.2742,25.78599],[-80.27419,25.78624],[-80.27455,25.78665],[-80.27457,25.78696],[-80.2743,25.78702],[-80.27407,25.78691],[-80.27376,25.7871],[-80.27344,25.78713],[-80.27318,25.78731],[-80.27242,25.78755],[-80.27237,25.78827],[-80.27285,25.78824],[-80.27326,25.78845],[-80.27334,25.78859],[-80.27295,25.78866],[-80.27287,25.78874],[-80.27289,25.78901],[-80.27267,25.78894],[-80.27255,25.7891],[-80.27217,25.78908],[-80.27205,25.78926],[-80.27177,25.78931],[-80.27165,25.78963],[-80.27187,25.7897],[-80.27198,25.78985],[-80.272,25.79012],[-80.27185,25.79033],[-80.27182,25.79066],[-80.2719,25.79085],[-80.27199,25.79249],[-80.27204,25.79258],[-80.27242,25.79264],[-80.27306,25.79265],[-80.27353,25.79299],[-80.27555,25.79293],[-80.27555,25.79301],[-80.27348,25.79309],[-80.27308,25.79275],[-80.27302,25.79284],[-80.27284,25.79277],[-80.27255,25.79284],[-80.27184,25.79277],[-80.27169,25.79252],[-80.27172,25.79165],[-80.27158,25.79046],[-80.27177,25.78987],[-80.27158,25.78978],[-80.27135,25.78983],[-80.2712,25.78968],[-80.27079,25.78961],[-80.27081,25.78946],[-80.27032,25.78903],[-80.27017,25.78918],[-80.27049,25.78934],[-80.27066,25.78964],[-80.27027,25.78948],[-80.27001,25.78953],[-80.26983,25.78947],[-80.26967,25.78956],[-80.26956,25.78976],[-80.26961,25.78986],[-80.27,25.78998],[-80.27048,25.78987],[-80.27068,25.78999],[-80.27089,25.78981],[-80.27149,25.79002],[-80.27148,25.79016],[-80.27109,25.79033],[-80.27094,25.7905],[-80.27069,25.79107],[-80.27072,25.79127],[-80.27054,25.7914],[-80.2705,25.79181],[-80.27024,25.79231],[-80.27003,25.79234],[-80.26984,25.7927],[-80.26978,25.7918],[-80.26989,25.79172],[-80.26879,25.79133],[-80.26865,25.79115],[-80.26841,25.79122],[-80.26817,25.79162],[-80.2695,25.79216],[-80.26932,25.79226],[-80.26905,25.79271],[-80.26828,25.79254],[-80.26815,25.79258],[-80.26816,25.79283],[-80.26826,25.79278],[-80.26835,25.79297],[-80.2689,25.79347],[-80.26872,25.79358],[-80.26851,25.79349],[-80.26842,25.79358],[-80.26699,25.79364],[-80.26653,25.79405],[-80.26643,25.7939],[-80.26663,25.7937],[-80.26651,25.7936],[-80.26617,25.79423],[-80.26587,25.79446],[-80.26569,25.7948],[-80.26557,25.79526],[-80.26577,25.79527],[-80.2658,25.79555],[-80.2655,25.79577],[-80.26537,25.79628],[-80.26554,25.79632],[-80.26529,25.79639],[-80.26521,25.79672],[-80.26528,25.797],[-80.26512,25.79706],[-80.26508,25.79741],[-80.26512,25.79747],[-80.26523,25.79741],[-80.26529,25.79751],[-80.26521,25.79815],[-80.26513,25.7976],[-80.26486,25.79763],[-80.26489,25.79894],[-80.26496,25.79889],[-80.26513,25.80022],[-80.267,25.80022],[-80.26572,25.80052],[-80.26484,25.80049],[-80.26476,25.79762],[-80.26465,25.7976],[-80.26478,25.80074],[-80.26458,25.8008],[-80.26292,25.80109],[-80.25973,25.80117],[-80.25153,25.80176],[-80.24894,25.80172],[-80.24802,25.80188],[-80.24825,25.80978],[-80.24838,25.8118],[-80.24839,25.81207],[-80.24828,25.81208],[-80.24578,25.81208],[-80.24482,25.81169],[-80.24421,25.8118],[-80.24363,25.81208],[-80.24306,25.81219],[-80.24184,25.81222],[-80.24054,25.81251],[-80.2396,25.81246],[-80.23917,25.81226],[-80.23852,25.81169],[-80.23697,25.81124],[-80.23642,25.81064],[-80.23614,25.8105],[-80.23573,25.81046],[-80.23493,25.81055],[-80.23375,25.81042],[-80.23326,25.81048],[-80.23254,25.8103],[-80.23188,25.80998],[-80.23144,25.81012],[-80.23099,25.81054],[-80.23147,25.81174],[-80.2299,25.81199],[-80.22976,25.81171],[-80.22949,25.81158],[-80.22925,25.81165],[-80.22868,25.81204],[-80.22789,25.81197],[-80.22665,25.81209],[-80.22441,25.81204],[-80.22398,25.81219],[-80.22377,25.81206],[-80.22309,25.81206],[-80.22284,25.81198],[-80.22279,25.81174],[-80.22256,25.81159],[-80.22252,25.81145],[-80.22238,25.8115],[-80.2223,25.81174],[-80.22221,25.81173],[-80.22226,25.81151],[-80.22193,25.81159],[-80.2221,25.81097],[-80.22192,25.81092],[-80.22193,25.81063],[-80.22222,25.81055],[-80.22222,25.81071],[-80.22232,25.81077],[-80.2224,25.81055],[-80.22251,25.81049],[-80.22268,25.81072],[-80.22249,25.8107],[-80.22241,25.81094],[-80.2227,25.81078],[-80.22284,25.81089],[-80.22289,25.81072],[-80.22272,25.8103],[-80.22285,25.81023],[-80.22338,25.81028],[-80.22343,25.81042],[-80.22359,25.8102],[-80.22375,25.81016],[-80.22401,25.81018],[-80.22435,25.81037],[-80.22401,25.8103],[-80.22406,25.81047],[-80.22434,25.81051],[-80.2243,25.81044],[-80.2245,25.81043],[-80.22438,25.81064],[-80.22482,25.81069],[-80.22518,25.81097],[-80.22521,25.8111],[-80.22543,25.811],[-80.22588,25.81109],[-80.22596,25.811],[-80.22611,25.81116],[-80.22614,25.81101],[-80.22629,25.81088],[-80.22647,25.81105],[-80.22672,25.81104],[-80.22685,25.81121],[-80.22709,25.81111],[-80.22715,25.81121],[-80.22743,25.81124],[-80.2263,25.80998],[-80.22673,25.80943],[-80.22657,25.80742],[-80.22667,25.80698],[-80.22738,25.80601],[-80.2272,25.80569],[-80.22659,25.80608],[-80.22579,25.80683],[-80.2247,25.80688],[-80.22406,25.80714],[-80.2231,25.80734],[-80.22188,25.80704],[-80.22189,25.80753],[-80.22181,25.80765],[-80.22163,25.80762],[-80.22162,25.80794],[-80.22187,25.80791],[-80.22193,25.80826],[-80.22233,25.80855],[-80.22283,25.80861],[-80.22266,25.80862],[-80.22268,25.8087],[-80.22233,25.80886],[-80.22234,25.80899],[-80.22187,25.80884],[-80.22191,25.8087],[-80.22168,25.80862],[-80.22165,25.80843],[-80.22149,25.80842],[-80.22128,25.80824],[-80.2212,25.80834],[-80.22112,25.8083],[-80.22097,25.80839],[-80.22093,25.80827],[-80.22054,25.80819],[-80.22038,25.80799],[-80.22012,25.80797],[-80.22027,25.80801],[-80.22021,25.80807],[-80.21989,25.808],[-80.21989,25.80862],[-80.22013,25.80867],[-80.2202,25.80874],[-80.2201,25.80881],[-80.22035,25.80878],[-80.22042,25.80891],[-80.22053,25.80891],[-80.2205,25.80909],[-80.2206,25.8092],[-80.22071,25.80918],[-80.22058,25.80945],[-80.22038,25.8093],[-80.21987,25.80923],[-80.2198,25.80913],[-80.21959,25.80926],[-80.21944,25.80923],[-80.21922,25.80902],[-80.21868,25.80893],[-80.21872,25.80879],[-80.21863,25.8087],[-80.21813,25.80874],[-80.21797,25.80859],[-80.218,25.8085],[-80.21755,25.80851],[-80.21726,25.80827],[-80.21709,25.8084],[-80.21677,25.80837],[-80.21643,25.80802],[-80.21603,25.80794],[-80.21586,25.80765],[-80.21575,25.80763],[-80.21572,25.8077],[-80.21565,25.80717],[-80.21554,25.80736],[-80.21559,25.80769],[-80.21545,25.8076],[-80.21554,25.80751],[-80.21533,25.80748],[-80.21528,25.80814],[-80.21511,25.80827],[-80.21498,25.80752],[-80.21481,25.80766],[-80.21472,25.80751],[-80.21465,25.80761],[-80.21475,25.80768],[-80.21467,25.8077],[-80.21423,25.80765],[-80.21417,25.80746],[-80.2142,25.80736],[-80.21441,25.80728],[-80.21441,25.80717],[-80.21418,25.80712],[-80.21437,25.80703],[-80.21449,25.80705],[-80.2145,25.80723],[-80.21478,25.80727],[-80.21495,25.80718],[-80.21502,25.80708],[-80.215,25.80655],[-80.21511,25.80651],[-80.21522,25.80713],[-80.21547,25.80712],[-80.21541,25.80689],[-80.21557,25.80715],[-80.21573,25.80701],[-80.21579,25.80723],[-80.21608,25.80719],[-80.21627,25.80729],[-80.21637,25.80751],[-80.21668,25.80745],[-80.21682,25.80753],[-80.2174,25.80753],[-80.21745,25.80769],[-80.2176,25.80767],[-80.21774,25.80781],[-80.21776,25.80797],[-80.21808,25.80795],[-80.21839,25.80803],[-80.21845,25.80819],[-80.21858,25.80811],[-80.21875,25.80823],[-80.21902,25.80822],[-80.21921,25.80832],[-80.21932,25.8086],[-80.21912,25.80862],[-80.21907,25.8087],[-80.21921,25.80876],[-80.2194,25.80873],[-80.21935,25.80836],[-80.21947,25.80835],[-80.21952,25.80844],[-80.21961,25.80831],[-80.21938,25.80799],[-80.21965,25.80792],[-80.21959,25.80738],[-80.2198,25.8072],[-80.22001,25.80715],[-80.21973,25.80708],[-80.2201,25.80707],[-80.22047,25.80736],[-80.22098,25.8074],[-80.22099,25.80762],[-80.22121,25.80765],[-80.22125,25.80735],[-80.22147,25.80717],[-80.22068,25.80704],[-80.22013,25.80642],[-80.22003,25.8061],[-80.22005,25.80541],[-80.22062,25.80474],[-80.22063,25.80448],[-80.22043,25.80418],[-80.21943,25.80325],[-80.219,25.80259],[-80.21877,25.80205],[-80.2194,25.80094],[-80.21917,25.79965],[-80.21921,25.79901],[-80.2201,25.79633],[-80.22031,25.79523],[-80.22017,25.79462],[-80.21993,25.79446],[-80.21833,25.79387],[-80.21735,25.79324],[-80.2162,25.79173],[-80.21537,25.79042],[-80.21502,25.78915],[-80.21476,25.7888],[-80.21445,25.78862],[-80.21274,25.78839],[-80.21209,25.78812],[-80.2113,25.78761],[-80.21038,25.78736],[-80.20989,25.78692],[-80.20918,25.7866],[-80.20894,25.78612],[-80.20818,25.78547],[-80.2079,25.78467],[-80.20747,25.78388],[-80.20718,25.78349],[-80.20648,25.7829],[-80.20631,25.78243],[-80.20633,25.78183],[-80.20624,25.7815],[-80.20433,25.77971],[-80.2013,25.77762],[-80.20025,25.77725],[-80.19807,25.77599],[-80.19648,25.77533],[-80.19528,25.77469],[-80.19167,25.77195],[-80.19148,25.77166],[-80.19132,25.77111],[-80.19066,25.77089],[-80.1903,25.77043],[-80.19013,25.77039],[-80.1891,25.77069],[-80.18892,25.77087],[-80.18879,25.77129],[-80.18848,25.77166],[-80.18816,25.77246],[-80.18827,25.77253],[-80.18838,25.77289],[-80.18921,25.7735],[-80.1893,25.77364],[-80.18908,25.77383],[-80.18905,25.77415],[-80.18837,25.77505],[-80.18807,25.77573],[-80.18871,25.7781],[-80.18928,25.77971],[-80.18958,25.78026],[-80.19016,25.78062],[-80.19033,25.78209],[-80.19052,25.78241],[-80.19028,25.78379],[-80.19032,25.78576],[-80.19049,25.78696],[-80.19037,25.78768],[-80.19027,25.79214],[-80.18989,25.79413],[-80.18976,25.79767],[-80.18948,25.79959],[-80.18903,25.80095],[-80.18892,25.80216],[-80.18801,25.80376],[-80.18767,25.80517],[-80.18741,25.8068],[-80.1875,25.80763],[-80.18728,25.80865],[-80.18741,25.80997],[-80.18723,25.81106],[-80.18697,25.81168],[-80.18705,25.813],[-80.18682,25.81395],[-80.1862,25.81478],[-80.18611,25.81515],[-80.18597,25.81715],[-80.18617,25.81786],[-80.18618,25.81867],[-80.18592,25.82043],[-80.18578,25.82092],[-80.18465,25.82344],[-80.18404,25.82577],[-80.18295,25.82822],[-80.18208,25.8311],[-80.18168,25.8337],[-80.18158,25.83545],[-80.18177,25.83651],[-80.18252,25.83794],[-80.18246,25.84042],[-80.18325,25.84209],[-80.18359,25.84394],[-80.18384,25.84447],[-80.18473,25.84506],[-80.18626,25.8452],[-80.18703,25.84545],[-80.18778,25.8461],[-80.18849,25.84716],[-80.18887,25.85102],[-80.18846,25.85225],[-80.18879,25.85244],[-80.18902,25.85286],[-80.18992,25.85284],[-80.19104,25.85331],[-80.19083,25.85285],[-80.19136,25.853],[-80.19169,25.85299],[-80.19198,25.85326],[-80.19249,25.85325],[-80.19264,25.85339],[-80.19243,25.85348],[-80.19311,25.85343],[-80.19369,25.85321],[-80.1936,25.85261],[-80.19421,25.85234],[-80.1944,25.85168],[-80.19471,25.85155],[-80.1952,25.85159],[-80.19533,25.85145],[-80.19562,25.85143],[-80.19592,25.85162],[-80.19599,25.85146],[-80.19616,25.85137],[-80.19598,25.85066],[-80.19625,25.85053],[-80.19666,25.85017],[-80.19658,25.84926],[-80.19686,25.8492],[-80.19698,25.84952],[-80.197,25.85035],[-80.19723,25.85096],[-80.19705,25.85107],[-80.1969,25.85166],[-80.1969,25.85254],[-80.19661,25.85261],[-80.19652,25.8528],[-80.19592,25.85262],[-80.19562,25.85281],[-80.19595,25.85291],[-80.19665,25.85286],[-80.1974,25.85296],[-80.19765,25.85282],[-80.19738,25.85248],[-80.19736,25.85199],[-80.19813,25.85172],[-80.19753,25.85116],[-80.19763,25.85105],[-80.19797,25.85107],[-80.19807,25.85009],[-80.19822,25.85034],[-80.19814,25.85062],[-80.19835,25.85093],[-80.19929,25.8508],[-80.19941,25.85091],[-80.19993,25.85094],[-80.2002,25.85005],[-80.2005,25.85025],[-80.20057,25.85014],[-80.20083,25.85016],[-80.20099,25.84997],[-80.20115,25.85008],[-80.20115,25.85042],[-80.20079,25.85046],[-80.20053,25.85038],[-80.20042,25.85062],[-80.20109,25.85079],[-80.2014,25.85112],[-80.20166,25.85116],[-80.20172,25.85017],[-80.20188,25.85036],[-80.20179,25.85065],[-80.20199,25.85093],[-80.20283,25.85148],[-80.20271,25.85174],[-80.20225,25.85196],[-80.20224,25.85203],[-80.20345,25.85223],[-80.20348,25.85175],[-80.20299,25.85145],[-80.20281,25.85118],[-80.20278,25.85091],[-80.20263,25.85082],[-80.20232,25.85081],[-80.2022,25.85053],[-80.20235,25.85048],[-80.20264,25.85057],[-80.20337,25.8505],[-80.20372,25.85026],[-80.20396,25.85038],[-80.20416,25.85067],[-80.20505,25.85083],[-80.20535,25.85097],[-80.20538,25.85123],[-80.20519,25.85132],[-80.20517,25.85148],[-80.20542,25.8523],[-80.20551,25.85312],[-80.20565,25.85328],[-80.20595,25.85328],[-80.20613,25.85341],[-80.20515,25.85348],[-80.20512,25.8538],[-80.2083,25.85417],[-80.2084,25.8541],[-80.20895,25.85425],[-80.2049,25.85442],[-80.20458,25.85543],[-80.20448,25.85544],[-80.20381,25.85507],[-80.20352,25.85508],[-80.20338,25.85522],[-80.20231,25.85496],[-80.20173,25.85492],[-80.20133,25.85471],[-80.20075,25.85465],[-80.20017,25.85474],[-80.19954,25.85429],[-80.19866,25.85405],[-80.19847,25.85405],[-80.19803,25.85431],[-80.19745,25.85375],[-80.19744,25.85358],[-80.19774,25.85349],[-80.19808,25.85363],[-80.19848,25.85352],[-80.19877,25.85332],[-80.197,25.85312],[-80.19683,25.85324],[-80.19591,25.85335],[-80.19621,25.85357],[-80.19651,25.85364],[-80.19639,25.85377],[-80.19622,25.85372],[-80.19613,25.85382],[-80.19604,25.85459],[-80.19576,25.85459],[-80.19541,25.85445],[-80.19514,25.85418],[-80.1951,25.85391],[-80.19489,25.8538],[-80.19469,25.8539],[-80.19493,25.85417],[-80.19491,25.85437],[-80.19441,25.85431],[-80.19429,25.85445],[-80.1938,25.85457],[-80.19348,25.85417],[-80.1936,25.8539],[-80.19338,25.8537],[-80.1931,25.85362],[-80.19236,25.85369],[-80.19177,25.85365],[-80.19176,25.85372],[-80.19173,25.85364],[-80.19081,25.85346],[-80.1897,25.85305],[-80.18862,25.85317],[-80.18845,25.85301],[-80.18854,25.85272],[-80.18835,25.85249],[-80.18766,25.85395],[-80.18609,25.85471],[-80.1853,25.85546],[-80.1837,25.85639],[-80.18371,25.85657],[-80.1839,25.85691],[-80.18486,25.85815],[-80.18491,25.85849],[-80.1848,25.85869],[-80.18451,25.85868],[-80.18393,25.85838],[-80.18362,25.85838],[-80.1833,25.85855],[-80.18278,25.85924],[-80.18249,25.85935],[-80.18223,25.85926],[-80.18168,25.85885],[-80.18116,25.85889],[-80.18097,25.85871],[-80.18095,25.85832],[-80.1806,25.85783],[-80.1804,25.85709],[-80.18023,25.85694],[-80.17994,25.8569],[-80.17956,25.85703],[-80.17914,25.85751],[-80.17877,25.85814],[-80.17843,25.85844],[-80.17747,25.85906],[-80.17692,25.85913],[-80.17664,25.85891],[-80.17652,25.85855],[-80.1766,25.85792],[-80.17689,25.85736],[-80.17754,25.85671],[-80.17782,25.85625],[-80.17793,25.85554],[-80.17758,25.8543],[-80.17835,25.85207],[-80.17839,25.85177],[-80.1783,25.85137],[-80.17851,25.84998],[-80.17942,25.8484],[-80.17935,25.84813],[-80.17903,25.84787],[-80.17843,25.8477],[-80.1781,25.84743],[-80.1779,25.84739],[-80.17771,25.84834],[-80.17776,25.84893],[-80.17745,25.85001],[-80.17748,25.85076],[-80.17739,25.85147],[-80.17748,25.8519],[-80.1772,25.85322],[-80.17607,25.85527],[-80.17612,25.85555],[-80.17669,25.85615],[-80.17674,25.85638],[-80.17655,25.85663],[-80.17604,25.8567],[-80.1759,25.85681],[-80.17578,25.8575],[-80.17537,25.85798],[-80.17512,25.85885],[-80.17468,25.85968],[-80.17479,25.85991],[-80.17531,25.86022],[-80.1755,25.86044],[-80.17561,25.86122],[-80.17611,25.86188],[-80.17609,25.86237],[-80.17622,25.86268],[-80.17491,25.86272],[-80.17504,25.86248],[-80.17505,25.86202],[-80.17526,25.86137],[-80.17517,25.86121],[-80.17494,25.86114],[-80.17464,25.86126],[-80.17439,25.86163],[-80.17416,25.86274],[-80.17133,25.86283],[-80.1715,25.86062],[-80.17135,25.86062],[-80.17134,25.86019],[-80.17146,25.86017],[-80.17159,25.85887],[-80.17151,25.85674],[-80.17171,25.85599],[-80.17173,25.85553],[-80.17156,25.85499],[-80.17132,25.85463],[-80.17006,25.85361],[-80.1703,25.85136],[-80.17097,25.85042],[-80.17116,25.8499],[-80.17117,25.84954],[-80.171,25.8493],[-80.17067,25.84922],[-80.16989,25.84941],[-80.16814,25.85033],[-80.1672,25.85047],[-80.16529,25.85019],[-80.16345,25.84931],[-80.162,25.84946],[-80.16176,25.84981],[-80.16171,25.85033],[-80.1619,25.85111],[-80.16241,25.85244],[-80.16237,25.85319],[-80.16251,25.85321],[-80.16298,25.85255],[-80.16348,25.85216],[-80.16399,25.85197],[-80.16441,25.85193],[-80.16491,25.8521],[-80.16517,25.85245],[-80.16525,25.85285],[-80.16516,25.85336],[-80.16506,25.8536],[-80.16039,25.85513],[-80.15893,25.85541],[-80.15809,25.85507],[-80.15679,25.8543],[-80.15543,25.85302],[-80.15529,25.85208],[-80.15515,25.85173],[-80.15478,25.85136],[-80.1543,25.85117],[-80.15408,25.85058],[-80.15381,25.84927],[-80.15379,25.84771],[-80.15404,25.8464],[-80.15457,25.8451],[-80.15537,25.84391],[-80.15672,25.84264],[-80.15768,25.84261],[-80.15928,25.84269],[-80.16,25.8428],[-80.16054,25.84308],[-80.16096,25.8436],[-80.16136,25.84456],[-80.16149,25.84523],[-80.16147,25.84656],[-80.16174,25.84682],[-80.16226,25.84704],[-80.16378,25.84713],[-80.1659,25.84698],[-80.16784,25.84643],[-80.16861,25.84637],[-80.16914,25.84648],[-80.17061,25.84738],[-80.17109,25.84741],[-80.17133,25.84729],[-80.17159,25.84678],[-80.17186,25.84597],[-80.17204,25.84486],[-80.17274,25.84473],[-80.17342,25.84473],[-80.17429,25.8423],[-80.17495,25.84135],[-80.17803,25.83892],[-80.17842,25.83869],[-80.17945,25.83837],[-80.17989,25.83814],[-80.18009,25.83739],[-80.17996,25.83652],[-80.18065,25.83435],[-80.1808,25.83343],[-80.18079,25.83267],[-80.1807,25.83214],[-80.1801,25.83116],[-80.17986,25.83049],[-80.17986,25.82836],[-80.1794,25.82687],[-80.17967,25.8255],[-80.17961,25.82468],[-80.17918,25.82343],[-80.17854,25.82223],[-80.17841,25.82148],[-80.17874,25.82072],[-80.18016,25.81881],[-80.18103,25.818],[-80.18535,25.81447],[-80.18553,25.81416],[-80.18544,25.81414],[-80.18544,25.81355],[-80.18584,25.81352],[-80.18592,25.8132],[-80.18572,25.81274],[-80.18532,25.81245],[-80.1844,25.81252],[-80.1838,25.81271],[-80.1824,25.81206],[-80.18188,25.81196],[-80.18063,25.81197],[-80.17911,25.81084],[-80.17902,25.81068],[-80.18027,25.80919],[-80.18087,25.80915],[-80.18301,25.80913],[-80.18345,25.80977],[-80.18419,25.81023],[-80.18533,25.81046],[-80.18586,25.81037],[-80.18605,25.81023],[-80.18607,25.80983],[-80.18564,25.80899],[-80.18539,25.8087],[-80.18541,25.80835],[-80.18599,25.80754],[-80.1854,25.80754],[-80.18538,25.80595],[-80.18612,25.80593],[-80.18613,25.80545],[-80.18538,25.8054],[-80.18539,25.80446],[-80.18576,25.80442],[-80.18577,25.80429],[-80.18538,25.8043],[-80.18538,25.80402],[-80.18675,25.80398],[-80.18679,25.80381],[-80.18672,25.80342],[-80.18658,25.80321],[-80.18539,25.80324],[-80.1854,25.80301],[-80.18639,25.80298],[-80.1861,25.8023],[-80.18537,25.80236],[-80.18539,25.80177],[-80.18578,25.80177],[-80.18579,25.80137],[-80.1861,25.80137],[-80.1863,25.80034],[-80.18587,25.80035],[-80.18588,25.80066],[-80.18538,25.80067],[-80.18538,25.79891],[-80.1863,25.79888],[-80.18632,25.79919],[-80.18672,25.79918],[-80.1869,25.7988],[-80.18538,25.79879],[-80.18539,25.79827],[-80.18719,25.79822],[-80.18755,25.79733],[-80.18713,25.79731],[-80.18723,25.79634],[-80.18759,25.79634],[-80.18757,25.79627],[-80.18738,25.79622],[-80.18703,25.7957],[-80.18616,25.79558],[-80.18605,25.79548],[-80.18596,25.79462],[-80.18603,25.79429],[-80.18621,25.79413],[-80.18702,25.79412],[-80.18694,25.79353],[-80.18653,25.79349],[-80.18656,25.79304],[-80.18637,25.793],[-80.18649,25.79263],[-80.186,25.79217],[-80.18532,25.79192],[-80.1846,25.7919],[-80.18374,25.79215],[-80.18369,25.79112],[-80.18356,25.79105],[-80.18099,25.79116],[-80.17977,25.79184],[-80.17798,25.79221],[-80.1762,25.79215],[-80.1724,25.79235],[-80.16888,25.79238],[-80.16701,25.7926],[-80.16604,25.79287],[-80.16485,25.79341],[-80.16416,25.79424],[-80.16249,25.7948],[-80.16119,25.79596],[-80.16047,25.79632],[-80.15931,25.79502],[-80.15881,25.79424],[-80.15838,25.79331],[-80.15803,25.7922],[-80.15786,25.79123],[-80.15785,25.78996],[-80.15806,25.78874],[-80.1585,25.78748],[-80.15951,25.78579],[-80.15997,25.78523],[-80.1609,25.78439],[-80.16226,25.78349],[-80.16341,25.78298],[-80.16428,25.7827],[-80.16592,25.78239],[-80.16826,25.78225],[-80.17058,25.78223],[-80.17258,25.78203],[-80.17507,25.78198],[-80.17624,25.78212],[-80.17557,25.78055],[-80.17541,25.77985],[-80.17533,25.77843],[-80.17541,25.77772],[-80.17579,25.77634],[-80.17686,25.77421],[-80.17643,25.77371],[-80.17764,25.77418],[-80.17818,25.77429],[-80.18041,25.77429],[-80.18102,25.77543],[-80.18154,25.7768],[-80.18166,25.77692],[-80.18186,25.77696],[-80.18248,25.77682],[-80.18339,25.77721],[-80.18435,25.77743],[-80.18499,25.7773],[-80.18437,25.77708],[-80.18452,25.77685],[-80.18526,25.77711],[-80.18555,25.77666],[-80.1856,25.77617],[-80.18551,25.77405],[-80.18542,25.77337],[-80.18518,25.77269],[-80.18511,25.77208],[-80.18517,25.7718],[-80.18718,25.77107],[-80.18732,25.77087],[-80.18889,25.77033],[-80.18899,25.7701],[-80.18878,25.76973],[-80.1882,25.76949],[-80.18645,25.76936],[-80.1834,25.76954],[-80.18307,25.7695],[-80.18286,25.76936],[-80.18284,25.76901],[-80.18296,25.76859],[-80.1844,25.76398],[-80.18459,25.7639],[-80.18488,25.76394],[-80.18542,25.76454],[-80.18673,25.7657],[-80.18794,25.76623],[-80.18836,25.76611],[-80.18872,25.7657],[-80.18888,25.76501],[-80.18892,25.76438],[-80.1891,25.76395],[-80.19002,25.76404],[-80.19079,25.76423],[-80.19092,25.76412],[-80.19119,25.76383],[-80.19112,25.76373],[-80.18887,25.76322],[-80.18872,25.76311],[-80.18895,25.75987],[-80.18958,25.75992],[-80.18998,25.7597],[-80.19009,25.75938],[-80.19006,25.75851],[-80.19045,25.75774],[-80.19114,25.75731],[-80.19246,25.75685],[-80.19353,25.7558],[-80.19519,25.75481],[-80.19465,25.75418],[-80.19518,25.75386],[-80.19577,25.75455],[-80.19605,25.75444],[-80.19672,25.75412],[-80.19831,25.75274],[-80.19971,25.75134],[-80.19986,25.75106],[-80.20054,25.75067],[-80.20124,25.74979],[-80.20075,25.74921],[-80.20109,25.74892],[-80.20155,25.74946],[-80.2022,25.74879],[-80.20228,25.74836],[-80.2031,25.74832],[-80.2044,25.74747],[-80.20586,25.74688],[-80.20635,25.74678],[-80.20677,25.74646],[-80.20733,25.74626],[-80.20662,25.7467],[-80.20616,25.7472],[-80.20521,25.74748],[-80.2045,25.74785],[-80.2027,25.74948],[-80.20146,25.75023],[-80.20068,25.75082],[-80.20035,25.75118],[-80.19914,25.75204],[-80.19856,25.75275],[-80.19682,25.75424],[-80.19481,25.75532],[-80.19435,25.75578],[-80.19378,25.75663],[-80.19354,25.75717],[-80.19325,25.75868],[-80.19347,25.75914],[-80.19358,25.75992],[-80.19369,25.76009],[-80.19305,25.76246],[-80.19385,25.76367],[-80.19424,25.76392],[-80.19493,25.76405],[-80.19533,25.76443],[-80.19546,25.76537],[-80.19645,25.76568],[-80.19702,25.76597],[-80.19863,25.76736],[-80.19884,25.76744],[-80.19924,25.76735],[-80.19941,25.7674],[-80.20016,25.76836],[-80.20087,25.76854],[-80.20144,25.76858],[-80.20194,25.76894],[-80.20247,25.76899],[-80.20274,25.7689],[-80.20331,25.76847],[-80.20333,25.76821],[-80.20347,25.76815],[-80.20343,25.768],[-80.2039,25.76793],[-80.20421,25.76766],[-80.20429,25.76784],[-80.20465,25.76783],[-80.2054,25.76801],[-80.20504,25.76807],[-80.20505,25.76835],[-80.20587,25.76895],[-80.20892,25.76835],[-80.21114,25.76875],[-80.21161,25.76903],[-80.21241,25.76991],[-80.21312,25.77053],[-80.21439,25.77209],[-80.21535,25.77304],[-80.21626,25.77332],[-80.21683,25.77359],[-80.21714,25.77395],[-80.21773,25.77498],[-80.21861,25.77547],[-80.2193,25.776],[-80.22207,25.77709],[-80.22433,25.77816],[-80.22554,25.779],[-80.22651,25.78011],[-80.22688,25.7804],[-80.22741,25.78042],[-80.22883,25.77976],[-80.22926,25.77973],[-80.23049,25.78058],[-80.23131,25.78143],[-80.23221,25.78211],[-80.23277,25.78235],[-80.23551,25.78292],[-80.23759,25.78272],[-80.23851,25.78245],[-80.23909,25.7821],[-80.2392,25.7822],[-80.23923,25.78248],[-80.23971,25.78224],[-80.24038,25.78213],[-80.24215,25.78244],[-80.24285,25.7822],[-80.24346,25.78187],[-80.24377,25.78183],[-80.24439,25.782],[-80.24484,25.78226],[-80.24523,25.78294],[-80.24591,25.78349],[-80.24671,25.78358],[-80.24749,25.7834],[-80.24885,25.78355],[-80.24957,25.78313],[-80.24975,25.78289],[-80.24976,25.78269],[-80.24957,25.78248],[-80.24929,25.78239],[-80.2488,25.7824],[-80.24872,25.7823],[-80.24878,25.78209],[-80.24916,25.78193],[-80.24931,25.78176],[-80.24953,25.7813],[-80.25033,25.78098],[-80.25081,25.78063],[-80.25249,25.77992],[-80.25277,25.77988],[-80.25365,25.78003],[-80.25419,25.78031],[-80.25466,25.78078],[-80.25531,25.78078],[-80.25723,25.78028],[-80.25736,25.78017],[-80.25763,25.77903],[-80.25788,25.77888],[-80.25842,25.77882],[-80.25873,25.77891],[-80.2592,25.7793],[-80.2596,25.78033],[-80.25979,25.78044],[-80.26002,25.78043],[-80.26012,25.78029],[-80.25957,25.77957],[-80.25959,25.77935],[-80.25977,25.77939],[-80.26027,25.77985],[-80.26049,25.77988],[-80.2611,25.77926],[-80.26238,25.77886],[-80.2623,25.77869],[-80.26233,25.77843],[-80.26219,25.77812],[-80.26159,25.77814],[-80.26132,25.77806],[-80.26131,25.778],[-80.26173,25.77793],[-80.26104,25.77778],[-80.2609,25.7775],[-80.25995,25.77747],[-80.25982,25.77793],[-80.25961,25.77747],[-80.25876,25.77751],[-80.25882,25.7774],[-80.25905,25.77743],[-80.25911,25.77734],[-80.25959,25.77734],[-80.25968,25.77716],[-80.25954,25.77686],[-80.25947,25.77693],[-80.25906,25.77685],[-80.25892,25.77695],[-80.25855,25.77678],[-80.25836,25.77709],[-80.25819,25.77577],[-80.25795,25.7758],[-80.2579,25.7757],[-80.25795,25.7756],[-80.25818,25.7756],[-80.25819,25.7751],[-80.25826,25.77495],[-80.25838,25.77499],[-80.25839,25.77493],[-80.25849,25.77504],[-80.25905,25.77491],[-80.25926,25.77499],[-80.2597,25.77493],[-80.25993,25.77518],[-80.26036,25.77524],[-80.26025,25.77538],[-80.26033,25.77546],[-80.26067,25.77557],[-80.26087,25.77554],[-80.26107,25.77573],[-80.26152,25.7755],[-80.26175,25.77554],[-80.26177,25.77567],[-80.26202,25.77571],[-80.26216,25.77535],[-80.26212,25.77523],[-80.26227,25.77533],[-80.26236,25.77566],[-80.26259,25.77555],[-80.26296,25.77558],[-80.26329,25.77542],[-80.26351,25.77547],[-80.26353,25.77579],[-80.2636,25.77581],[-80.26369,25.77574],[-80.2637,25.77532],[-80.26384,25.77537],[-80.26402,25.77532],[-80.26415,25.77814],[-80.26394,25.77723],[-80.26386,25.77815],[-80.26381,25.77805],[-80.26373,25.77807],[-80.26379,25.77828],[-80.26362,25.77826],[-80.26356,25.77812],[-80.26259,25.77811],[-80.26244,25.77821],[-80.26252,25.77855],[-80.26262,25.77863],[-80.26278,25.77847],[-80.26295,25.77856],[-80.26302,25.77836],[-80.26324,25.77843],[-80.26306,25.77848],[-80.26308,25.77862],[-80.26339,25.77861],[-80.26348,25.77842],[-80.26364,25.77869],[-80.26418,25.77867],[-80.2642,25.77884],[-80.26731,25.7788],[-80.2675,25.77873],[-80.26736,25.77866],[-80.26746,25.77846],[-80.26764,25.77856],[-80.26784,25.77853],[-80.2678,25.77837],[-80.26758,25.77833],[-80.26747,25.77844],[-80.26741,25.7784],[-80.2673,25.77799],[-80.26711,25.77796],[-80.26729,25.77789],[-80.26726,25.77783],[-80.26697,25.77791],[-80.26703,25.77774],[-80.26713,25.77781],[-80.2673,25.77778],[-80.26696,25.77762],[-80.26712,25.77753],[-80.26705,25.77741],[-80.2673,25.77737],[-80.2672,25.77727],[-80.26728,25.77717],[-80.26714,25.77713],[-80.26729,25.77709],[-80.26663,25.77699],[-80.26666,25.77686],[-80.26724,25.77677],[-80.26716,25.77668],[-80.26726,25.77663],[-80.26726,25.7765],[-80.26771,25.77652],[-80.26777,25.77665],[-80.26757,25.77673],[-80.26773,25.77678],[-80.26754,25.77687],[-80.26761,25.77691],[-80.26783,25.77676],[-80.26828,25.77682],[-80.2684,25.77638],[-80.26857,25.77684],[-80.26917,25.77687],[-80.26932,25.77683],[-80.26933,25.77664],[-80.26948,25.77647],[-80.26972,25.77653],[-80.27017,25.77644],[-80.27015,25.77689],[-80.27001,25.7768],[-80.27,25.77666],[-80.26965,25.77658],[-80.26944,25.77662],[-80.26943,25.77689],[-80.26933,25.77695],[-80.2695,25.77714],[-80.27165,25.77718],[-80.27178,25.77711],[-80.27171,25.7769],[-80.27082,25.77701],[-80.27072,25.77686],[-80.27068,25.77699],[-80.27045,25.77694],[-80.27041,25.77676],[-80.27049,25.77667],[-80.27072,25.77676],[-80.27089,25.77667],[-80.27048,25.77656],[-80.27056,25.7763],[-80.27072,25.77623],[-80.27123,25.77646],[-80.27174,25.77643],[-80.27178,25.77634],[-80.27214,25.77639],[-80.2725,25.77627],[-80.27247,25.77612],[-80.27238,25.77627],[-80.27224,25.7762],[-80.2724,25.77599],[-80.27243,25.7761],[-80.27255,25.77595],[-80.27273,25.77611],[-80.27266,25.77597],[-80.27288,25.7758],[-80.27318,25.77591],[-80.27359,25.77582],[-80.27416,25.77593],[-80.27431,25.77589],[-80.27439,25.77561],[-80.27451,25.77575],[-80.27463,25.77622],[-80.27499,25.77618],[-80.27504,25.77606],[-80.27514,25.7762],[-80.27522,25.77605],[-80.27529,25.77617],[-80.27537,25.77603],[-80.27541,25.77617],[-80.27552,25.77603],[-80.27557,25.77615],[-80.27569,25.77616],[-80.27578,25.77603],[-80.27587,25.77617],[-80.27599,25.77581],[-80.27611,25.77587],[-80.27621,25.77613],[-80.27715,25.77615],[-80.27701,25.77632],[-80.27674,25.77631],[-80.2766,25.77639],[-80.27671,25.77652],[-80.27681,25.77647],[-80.27741,25.77661],[-80.27754,25.77656],[-80.27781,25.77685],[-80.27791,25.7768],[-80.27787,25.77666],[-80.27804,25.77659],[-80.2782,25.77679],[-80.27851,25.77684],[-80.27858,25.77694],[-80.27923,25.777],[-80.27925,25.77707],[-80.27911,25.77712],[-80.27921,25.77728],[-80.27964,25.77729],[-80.27982,25.77748],[-80.27926,25.77753],[-80.27942,25.77768],[-80.2794,25.77776],[-80.27936,25.77767],[-80.27929,25.77771],[-80.27931,25.77789],[-80.27942,25.77793],[-80.27929,25.778],[-80.27949,25.77803],[-80.27969,25.77791],[-80.27975,25.77822],[-80.28002,25.77818],[-80.27981,25.7781],[-80.27994,25.77805],[-80.28,25.77751],[-80.28013,25.77776],[-80.28018,25.77751],[-80.28028,25.77754],[-80.28032,25.77817],[-80.28093,25.77816],[-80.28095,25.77751],[-80.28079,25.7774],[-80.28027,25.77747],[-80.28026,25.77737],[-80.28086,25.77731],[-80.2811,25.77718],[-80.28125,25.77721],[-80.28131,25.77742],[-80.28147,25.77751],[-80.28198,25.77735],[-80.28222,25.7775],[-80.28232,25.77734],[-80.2825,25.77737],[-80.28263,25.77696],[-80.28301,25.77691],[-80.28331,25.77696],[-80.28293,25.77735],[-80.28296,25.77742],[-80.28341,25.7774],[-80.28339,25.77761],[-80.28348,25.77757],[-80.28384,25.77773],[-80.2841,25.77774],[-80.28417,25.77744],[-80.28412,25.77717],[-80.28384,25.77707],[-80.28373,25.77688],[-80.28369,25.77624],[-80.28353,25.77613],[-80.28338,25.7762],[-80.28342,25.77641],[-80.28334,25.77661],[-80.28286,25.77646],[-80.28281,25.77597],[-80.28299,25.77572],[-80.28286,25.77556],[-80.28375,25.77548],[-80.28383,25.77557],[-80.28368,25.77563],[-80.2839,25.77594],[-80.28387,25.77608],[-80.28376,25.77606],[-80.28379,25.77618],[-80.28419,25.77641],[-80.28436,25.77674],[-80.28452,25.77673],[-80.28446,25.77684],[-80.28466,25.77681],[-80.28482,25.7771],[-80.28506,25.77712],[-80.28513,25.77736],[-80.2855,25.77743],[-80.28559,25.7776],[-80.28556,25.77787],[-80.28573,25.7779],[-80.2858,25.77764],[-80.28617,25.77764],[-80.28623,25.77743],[-80.28636,25.77766],[-80.28668,25.77765],[-80.28676,25.77789],[-80.28807,25.77789],[-80.28822,25.77782],[-80.28828,25.77752],[-80.28865,25.77766],[-80.28871,25.77778],[-80.28905,25.77786],[-80.2892,25.77758],[-80.28932,25.77761],[-80.28947,25.77792],[-80.28925,25.77802],[-80.28947,25.77807],[-80.28909,25.77812],[-80.28896,25.77832],[-80.28885,25.77824],[-80.28866,25.7783],[-80.28852,25.77848],[-80.28873,25.77865],[-80.28858,25.7787],[-80.28861,25.77882],[-80.28848,25.77905],[-80.28841,25.77853],[-80.2883,25.77854],[-80.28825,25.77884],[-80.28818,25.77874],[-80.28811,25.77883],[-80.28779,25.77885],[-80.28728,25.77865],[-80.28723,25.77826],[-80.28714,25.77815],[-80.28687,25.77821],[-80.28666,25.77918],[-80.28679,25.77935],[-80.28764,25.77936],[-80.28748,25.78031],[-80.2876,25.78048],[-80.28872,25.7806],[-80.2886,25.78044],[-80.28863,25.77986],[-80.28885,25.78029],[-80.28935,25.78022],[-80.28964,25.78043],[-80.29061,25.78025],[-80.29061,25.77896],[-80.29104,25.77888],[-80.29111,25.77894],[-80.29084,25.77901],[-80.29069,25.77917],[-80.29073,25.7794],[-80.29085,25.77945],[-80.29088,25.77977],[-80.29103,25.77978],[-80.29154,25.77962],[-80.29172,25.77939],[-80.29161,25.77924],[-80.29137,25.77918],[-80.29157,25.77896],[-80.29154,25.7788],[-80.29135,25.7787],[-80.29138,25.77864],[-80.29195,25.77872],[-80.29206,25.77867],[-80.29222,25.77887],[-80.29243,25.77891],[-80.29253,25.77914],[-80.29269,25.77915],[-80.29273,25.77897],[-80.29287,25.77923],[-80.29436,25.77851],[-80.29455,25.77838],[-80.29445,25.77821],[-80.29464,25.77816],[-80.29424,25.77809],[-80.29379,25.7782],[-80.29362,25.77807],[-80.29327,25.778],[-80.29309,25.77804],[-80.29295,25.77822],[-80.29281,25.77822],[-80.29273,25.77806],[-80.29247,25.77803],[-80.29171,25.77813],[-80.29135,25.77804],[-80.29133,25.77812],[-80.29126,25.77805],[-80.29142,25.77796],[-80.29133,25.77785],[-80.29149,25.77772],[-80.29147,25.77747],[-80.29159,25.77741],[-80.29151,25.77751],[-80.29167,25.77764],[-80.29182,25.77756],[-80.29158,25.77726],[-80.29115,25.77735],[-80.29104,25.77746],[-80.29092,25.77741],[-80.29086,25.77703],[-80.29078,25.77721],[-80.29045,25.77719],[-80.29026,25.77654],[-80.29018,25.77688],[-80.2901,25.77689],[-80.28993,25.77646],[-80.29,25.77631],[-80.28987,25.77614],[-80.29004,25.77591],[-80.29015,25.7759],[-80.29024,25.77603],[-80.29043,25.77585],[-80.29083,25.77587],[-80.29094,25.77556],[-80.29112,25.77595],[-80.29132,25.77594],[-80.29113,25.77561],[-80.29123,25.77556],[-80.29108,25.77518],[-80.29095,25.77553],[-80.29087,25.77502],[-80.29067,25.7752],[-80.29051,25.77509],[-80.29046,25.77465],[-80.29057,25.77451],[-80.29037,25.77435],[-80.29057,25.77424],[-80.29043,25.77384],[-80.29045,25.77345],[-80.29057,25.77342],[-80.29063,25.77352],[-80.29064,25.77394],[-80.29056,25.77401],[-80.29066,25.77418],[-80.29081,25.77416],[-80.29073,25.77399],[-80.29081,25.77384],[-80.29074,25.77375],[-80.29083,25.77365],[-80.29077,25.77347],[-80.2909,25.77331],[-80.29101,25.77358],[-80.29131,25.77349],[-80.29153,25.77363],[-80.29165,25.77389],[-80.29185,25.77372],[-80.29216,25.77417],[-80.29275,25.77436],[-80.29283,25.77467],[-80.29299,25.77468],[-80.29303,25.77484],[-80.29325,25.77494],[-80.2933,25.77542],[-80.29322,25.77561],[-80.2935,25.77571],[-80.29358,25.77535],[-80.29373,25.77532],[-80.29383,25.77552],[-80.29397,25.775],[-80.29436,25.77473],[-80.29448,25.77446],[-80.29441,25.77438],[-80.29457,25.77442],[-80.29468,25.775],[-80.29491,25.7755],[-80.29474,25.77578],[-80.29496,25.77602],[-80.29472,25.77631],[-80.29478,25.7765],[-80.29471,25.77665],[-80.29482,25.77677],[-80.29507,25.7768],[-80.2952,25.7771],[-80.29506,25.77729],[-80.29536,25.7775],[-80.29468,25.7779],[-80.29507,25.77804],[-80.29521,25.77801],[-80.29641,25.7773],[-80.29638,25.77715],[-80.29611,25.77712],[-80.29595,25.77731],[-80.29575,25.77736],[-80.29575,25.77746],[-80.29543,25.77748],[-80.29547,25.77659],[-80.2954,25.77631],[-80.2955,25.77617],[-80.29562,25.77702],[-80.29588,25.77697],[-80.29597,25.77679],[-80.29575,25.77657],[-80.2959,25.77645],[-80.2958,25.77631],[-80.29593,25.77628],[-80.29591,25.77613],[-80.2956,25.77602],[-80.29557,25.77592],[-80.29606,25.77585],[-80.29607,25.77553],[-80.29618,25.77548],[-80.29594,25.77526],[-80.29596,25.7754],[-80.29586,25.77542],[-80.29577,25.77531],[-80.29582,25.77518],[-80.29574,25.77502],[-80.29589,25.77494],[-80.29577,25.7748],[-80.29576,25.77432],[-80.29552,25.77435],[-80.29569,25.77449],[-80.29555,25.77454],[-80.29548,25.77498],[-80.29531,25.77487],[-80.29531,25.77431],[-80.29492,25.77421],[-80.29524,25.77414],[-80.29535,25.77376],[-80.29547,25.774],[-80.29565,25.77411],[-80.29595,25.77398],[-80.29606,25.77402],[-80.29598,25.77384],[-80.29612,25.77383],[-80.29617,25.77373],[-80.29617,25.77322],[-80.29604,25.77287],[-80.29614,25.77276],[-80.29615,25.77251],[-80.29571,25.77243],[-80.29617,25.77237],[-80.29609,25.77124],[-80.29592,25.77119],[-80.296,25.77153],[-80.29589,25.77161],[-80.29587,25.77176],[-80.29566,25.7719],[-80.29544,25.7718],[-80.2953,25.77194],[-80.29517,25.77144],[-80.29521,25.77069],[-80.29512,25.7706],[-80.29521,25.76993],[-80.29537,25.77028],[-80.2956,25.77015],[-80.29555,25.77005],[-80.29562,25.76997],[-80.29578,25.77005],[-80.29597,25.76992],[-80.29592,25.76979],[-80.29605,25.7692],[-80.2962,25.76931],[-80.29626,25.7698],[-80.29642,25.76995],[-80.29639,25.76975],[-80.29673,25.76933],[-80.29663,25.76924],[-80.29682,25.76923],[-80.29676,25.76928],[-80.29685,25.76937],[-80.29707,25.76908],[-80.29721,25.76912],[-80.29734,25.76932],[-80.29721,25.7701],[-80.29727,25.77034],[-80.2971,25.77023],[-80.29715,25.77007],[-80.29702,25.76989],[-80.29677,25.76997],[-80.29707,25.77033],[-80.29707,25.7707],[-80.29636,25.77078],[-80.29631,25.77087],[-80.29634,25.77102],[-80.29647,25.77105],[-80.2963,25.77125],[-80.29636,25.77229],[-80.29681,25.77235],[-80.29686,25.77244],[-80.29641,25.77252],[-80.29632,25.7727],[-80.29646,25.77351],[-80.2964,25.77388],[-80.29655,25.77406],[-80.29702,25.77409],[-80.29717,25.77402],[-80.29718,25.77326],[-80.29696,25.77336],[-80.29699,25.77362],[-80.2968,25.77393],[-80.29675,25.77373],[-80.29661,25.77364],[-80.29675,25.77355],[-80.29674,25.77345],[-80.29655,25.77344],[-80.29666,25.77316],[-80.29658,25.773],[-80.29669,25.77286],[-80.29703,25.77319],[-80.29732,25.77323],[-80.29747,25.77404],[-80.29821,25.77412],[-80.29828,25.77423],[-80.29745,25.77434],[-80.29753,25.77539],[-80.29785,25.77545],[-80.29778,25.77561],[-80.29788,25.7757],[-80.29816,25.77574],[-80.29825,25.7754],[-80.2982,25.77529],[-80.29765,25.77507],[-80.29774,25.77498],[-80.29785,25.77513],[-80.29825,25.77499],[-80.29823,25.77432],[-80.29838,25.77443],[-80.2985,25.77552],[-80.29924,25.77525],[-80.29915,25.77494],[-80.29923,25.77488],[-80.29925,25.77443],[-80.29883,25.77423],[-80.29835,25.7742],[-80.29845,25.7741],[-80.29913,25.77403],[-80.29924,25.77386],[-80.29921,25.77322],[-80.29932,25.77326],[-80.29946,25.77351],[-80.29939,25.7738],[-80.29946,25.77403],[-80.29995,25.77416],[-80.29943,25.77429],[-80.29942,25.77468],[-80.29953,25.77503],[-80.2997,25.77507],[-80.30027,25.7748],[-80.30023,25.77421],[-80.29996,25.7741],[-80.30024,25.77402],[-80.30027,25.77319],[-80.30037,25.77327],[-80.30036,25.77398],[-80.30084,25.77412],[-80.30039,25.77424],[-80.30049,25.77467],[-80.30097,25.77452],[-80.30106,25.77462],[-80.30049,25.77489],[-80.30042,25.77508],[-80.30064,25.77529],[-80.30179,25.77484],[-80.30236,25.77448],[-80.30222,25.77429],[-80.30205,25.77423],[-80.30141,25.77445],[-80.30136,25.77423],[-80.30141,25.77406],[-80.30177,25.77406],[-80.30215,25.77382],[-80.30204,25.77345],[-80.30218,25.77328],[-80.30216,25.77252],[-80.30208,25.77241],[-80.30176,25.77235],[-80.30215,25.77219],[-80.30206,25.77195],[-80.3022,25.77165],[-80.30235,25.77181],[-80.30243,25.77221],[-80.30315,25.77227],[-80.30324,25.77238],[-80.30322,25.77257],[-80.30314,25.7726],[-80.30291,25.77241],[-80.30248,25.77241],[-80.30245,25.77269],[-80.30259,25.77273],[-80.30261,25.77255],[-80.30275,25.77255],[-80.30286,25.77269],[-80.30275,25.77278],[-80.30308,25.77292],[-80.30301,25.773],[-80.30319,25.77308],[-80.30319,25.77288],[-80.3033,25.77278],[-80.30342,25.77298],[-80.30358,25.77304],[-80.30359,25.77316],[-80.30345,25.77307],[-80.30337,25.77311],[-80.30336,25.77323],[-80.30355,25.77326],[-80.30344,25.77331],[-80.30349,25.77354],[-80.30254,25.77407],[-80.30266,25.77424],[-80.3026,25.77436],[-80.30297,25.77433],[-80.30317,25.77403],[-80.30331,25.77411],[-80.3036,25.77401],[-80.30371,25.77387],[-80.30436,25.77369],[-80.30418,25.77321],[-80.30438,25.7732],[-80.30447,25.77359],[-80.3049,25.77341],[-80.30496,25.7733],[-80.30537,25.77327],[-80.30643,25.77281],[-80.30667,25.77251],[-80.30718,25.77248],[-80.30732,25.7723],[-80.30748,25.77235],[-80.30817,25.77201],[-80.30816,25.77177],[-80.30801,25.77172],[-80.30798,25.77122],[-80.30813,25.771],[-80.30815,25.77121],[-80.30824,25.77125],[-80.30829,25.77066],[-80.3084,25.77178],[-80.30848,25.77184],[-80.30943,25.77147],[-80.30966,25.77123],[-80.30988,25.77125],[-80.31105,25.77075],[-80.31172,25.77034],[-80.31202,25.77045],[-80.31211,25.77059],[-80.31245,25.77061],[-80.31287,25.77023],[-80.31296,25.7699],[-80.31432,25.76919],[-80.31529,25.76844],[-80.31517,25.76834],[-80.31529,25.76831],[-80.31538,25.7681],[-80.31521,25.76792],[-80.31565,25.768],[-80.3157,25.76783],[-80.31596,25.76778],[-80.31683,25.76662],[-80.31729,25.76567],[-80.31696,25.76548],[-80.31677,25.76575],[-80.31692,25.76592],[-80.31666,25.76597],[-80.31663,25.76574],[-80.31655,25.76573],[-80.31651,25.76585],[-80.31661,25.7655],[-80.31657,25.76527],[-80.31634,25.76538],[-80.31633,25.76547],[-80.31623,25.76542],[-80.31619,25.7652],[-80.31626,25.76508],[-80.31611,25.76501],[-80.3163,25.76485],[-80.3162,25.76465],[-80.31642,25.76472],[-80.31639,25.76457],[-80.31661,25.76456],[-80.31681,25.76428],[-80.31665,25.76404],[-80.31648,25.76402],[-80.3166,25.76413],[-80.31641,25.76413],[-80.31639,25.76421],[-80.3163,25.7641],[-80.3162,25.76414],[-80.31609,25.7638],[-80.31595,25.76404],[-80.31581,25.76405],[-80.31575,25.76397],[-80.31601,25.76362],[-80.31621,25.76368],[-80.31629,25.76328],[-80.31642,25.76316],[-80.31629,25.763],[-80.31657,25.7629],[-80.31672,25.76306],[-80.317,25.76312],[-80.31722,25.76333],[-80.31706,25.76311],[-80.31737,25.76312],[-80.31746,25.76301],[-80.31745,25.7632],[-80.318,25.76337],[-80.31816,25.763],[-80.31829,25.76295],[-80.31876,25.7635],[-80.31908,25.76339],[-80.31902,25.76317],[-80.31912,25.76284],[-80.31961,25.76269],[-80.31961,25.7623],[-80.3195,25.76221],[-80.31953,25.76095],[-80.31938,25.76095],[-80.31937,25.76131],[-80.3192,25.76138],[-80.31918,25.76172],[-80.31927,25.76169],[-80.31932,25.76181],[-80.31915,25.76188],[-80.31911,25.76224],[-80.31902,25.7622],[-80.31896,25.76195],[-80.31893,25.76217],[-80.31879,25.76218],[-80.31877,25.76197],[-80.31889,25.76198],[-80.31896,25.76184],[-80.31889,25.76172],[-80.31878,25.76175],[-80.31871,25.76157],[-80.31892,25.76152],[-80.31889,25.76047],[-80.31834,25.76049],[-80.31828,25.76091],[-80.3182,25.76016],[-80.31802,25.75997],[-80.31822,25.7597],[-80.318,25.75941],[-80.31793,25.75938],[-80.31786,25.75956],[-80.31798,25.75964],[-80.31787,25.75976],[-80.31751,25.7599],[-80.31736,25.75976],[-80.31735,25.75937],[-80.31744,25.75952],[-80.31762,25.75955],[-80.31784,25.75936],[-80.31775,25.75922],[-80.31799,25.75926],[-80.31814,25.75919],[-80.31796,25.75888],[-80.31811,25.75884],[-80.31795,25.75845],[-80.31779,25.75849],[-80.31777,25.75866],[-80.31762,25.75841],[-80.31739,25.75845],[-80.31732,25.7586],[-80.31759,25.75868],[-80.31745,25.75879],[-80.31718,25.75853],[-80.3174,25.75817],[-80.31751,25.75819],[-80.31761,25.75835],[-80.31788,25.75835],[-80.31767,25.75828],[-80.3176,25.75819],[-80.31781,25.75814],[-80.31758,25.75798],[-80.31779,25.75785],[-80.31774,25.75721],[-80.31799,25.75716],[-80.31777,25.75707],[-80.31772,25.75686],[-80.31746,25.75679],[-80.31736,25.75708],[-80.31718,25.75695],[-80.31693,25.75695],[-80.31683,25.75688],[-80.31688,25.75672],[-80.31668,25.75654],[-80.3165,25.75676],[-80.31636,25.75674],[-80.31649,25.7569],[-80.31626,25.75667],[-80.31616,25.75679],[-80.31603,25.75677],[-80.3157,25.7565],[-80.31573,25.75606]],[[-80.27874,25.78118],[-80.27841,25.78149],[-80.27798,25.78159],[-80.27782,25.78174],[-80.27821,25.78194],[-80.27811,25.78205],[-80.27846,25.78256],[-80.27842,25.78268],[-80.27891,25.78306],[-80.27884,25.78295],[-80.2789,25.78283],[-80.27906,25.78276],[-80.27914,25.78296],[-80.27927,25.78297],[-80.27937,25.78292],[-80.27938,25.78276],[-80.27956,25.78271],[-80.27938,25.78264],[-80.27932,25.78251],[-80.27942,25.78237],[-80.27919,25.78219],[-80.27916,25.78185],[-80.27899,25.7818],[-80.27921,25.78181],[-80.27926,25.7819],[-80.2793,25.78182],[-80.27962,25.78177],[-80.27968,25.78128],[-80.27912,25.78126],[-80.27904,25.78159],[-80.27896,25.78153],[-80.279,25.78119],[-80.27874,25.78118]],[[-80.27379,25.7838],[-80.27421,25.78339],[-80.27418,25.7833],[-80.27394,25.78318],[-80.2738,25.78317],[-80.2737,25.78326],[-80.2731,25.78316],[-80.2724,25.78301],[-80.27221,25.78285],[-80.27178,25.7829],[-80.2716,25.78278],[-80.27117,25.78284],[-80.27098,25.78277],[-80.27089,25.78284],[-80.27064,25.78271],[-80.27037,25.78281],[-80.27038,25.78287],[-80.26989,25.7829],[-80.26974,25.78307],[-80.26971,25.78335],[-80.26991,25.7835],[-80.27143,25.78345],[-80.27153,25.78338],[-80.27213,25.7835],[-80.27232,25.78346],[-80.27246,25.78358],[-80.27295,25.78357],[-80.27379,25.7838]],[[-80.29588,25.77788],[-80.29506,25.77836],[-80.29509,25.77846],[-80.29536,25.77838],[-80.29549,25.77849],[-80.29542,25.77861],[-80.29516,25.77862],[-80.29496,25.77849],[-80.29477,25.77865],[-80.29459,25.77857],[-80.29431,25.77893],[-80.2944,25.77907],[-80.29423,25.77899],[-80.29417,25.77909],[-80.29423,25.77932],[-80.29353,25.77958],[-80.29351,25.77967],[-80.29339,25.77958],[-80.29343,25.77969],[-80.29328,25.77964],[-80.2934,25.77986],[-80.29332,25.77993],[-80.2935,25.78019],[-80.29363,25.78017],[-80.29378,25.78002],[-80.29365,25.77994],[-80.29376,25.77976],[-80.2943,25.77943],[-80.29439,25.77947],[-80.2948,25.77937],[-80.29504,25.77906],[-80.29533,25.77933],[-80.29602,25.77918],[-80.29634,25.77929],[-80.29727,25.7793],[-80.29754,25.77942],[-80.29762,25.77915],[-80.29754,25.77875],[-80.29725,25.77874],[-80.29718,25.77864],[-80.29767,25.77863],[-80.29776,25.77875],[-80.29784,25.77787],[-80.29798,25.77791],[-80.29843,25.77772],[-80.29812,25.77764],[-80.29826,25.77761],[-80.29811,25.77744],[-80.29805,25.77744],[-80.29807,25.77759],[-80.29789,25.77752],[-80.29788,25.77711],[-80.29812,25.77713],[-80.2983,25.77739],[-80.29838,25.77732],[-80.29843,25.77744],[-80.29871,25.77753],[-80.29906,25.77755],[-80.29907,25.7774],[-80.29945,25.77736],[-80.2994,25.77724],[-80.29916,25.77719],[-80.29919,25.77702],[-80.2993,25.77704],[-80.2992,25.7769],[-80.29932,25.77653],[-80.29959,25.77645],[-80.29961,25.77634],[-80.29945,25.77636],[-80.29948,25.77644],[-80.29932,25.77639],[-80.29834,25.77679],[-80.2984,25.77698],[-80.29824,25.77705],[-80.29814,25.77689],[-80.29792,25.77695],[-80.29792,25.77707],[-80.29768,25.77709],[-80.29762,25.77722],[-80.29723,25.77726],[-80.29685,25.77754],[-80.29588,25.77788]],[[-80.29555,25.78243],[-80.29316,25.78239],[-80.29284,25.78263],[-80.29265,25.78293],[-80.2927,25.78301],[-80.29368,25.78304],[-80.29379,25.7831],[-80.29407,25.78296],[-80.29522,25.78295],[-80.29546,25.78272],[-80.2954,25.78299],[-80.29589,25.78304],[-80.29622,25.78299],[-80.29654,25.78275],[-80.29666,25.78297],[-80.29726,25.78305],[-80.29739,25.78285],[-80.29736,25.78249],[-80.29745,25.78245],[-80.29739,25.78238],[-80.29647,25.78251],[-80.29636,25.78236],[-80.29566,25.78234],[-80.29555,25.78243]],[[-80.24025,25.80869],[-80.2411,25.80929],[-80.24358,25.80975],[-80.24449,25.81006],[-80.2452,25.81042],[-80.24552,25.81037],[-80.24602,25.81008],[-80.24652,25.80993],[-80.24714,25.80943],[-80.24699,25.80896],[-80.24643,25.8087],[-80.24581,25.80797],[-80.24421,25.80752],[-80.24349,25.80712],[-80.2426,25.80686],[-80.24177,25.80697],[-80.24087,25.80747],[-80.24013,25.80749],[-80.24025,25.80869]],[[-80.24012,25.8064],[-80.24149,25.80579],[-80.24177,25.80517],[-80.24174,25.80502],[-80.24101,25.80477],[-80.24101,25.80454],[-80.2412,25.80427],[-80.24192,25.80399],[-80.24323,25.8032],[-80.24413,25.80291],[-80.24423,25.8028],[-80.24422,25.80253],[-80.24362,25.80174],[-80.24337,25.80156],[-80.24318,25.80161],[-80.24263,25.8021],[-80.24223,25.80189],[-80.24203,25.80119],[-80.24202,25.79999],[-80.24162,25.79951],[-80.24098,25.799],[-80.23996,25.79857],[-80.23993,25.80238],[-80.24012,25.80505],[-80.24012,25.8064]],[[-80.22035,25.78369],[-80.22143,25.78342],[-80.22203,25.78346],[-80.22274,25.78389],[-80.22282,25.78462],[-80.22292,25.78475],[-80.22556,25.78541],[-80.22629,25.7854],[-80.22687,25.78526],[-80.22749,25.78488],[-80.22766,25.78448],[-80.22764,25.78423],[-80.22713,25.78367],[-80.226,25.78287],[-80.22468,25.78228],[-80.2238,25.78214],[-80.22295,25.78213],[-80.22135,25.7823],[-80.22068,25.78198],[-80.21949,25.78164],[-80.21882,25.78112],[-80.21843,25.78038],[-80.21793,25.77987],[-80.21707,25.77918],[-80.21646,25.77887],[-80.21555,25.77868],[-80.21448,25.77864],[-80.2141,25.77882],[-80.21368,25.7792],[-80.21357,25.77945],[-80.21358,25.77968],[-80.21411,25.78063],[-80.21493,25.7816],[-80.21583,25.78225],[-80.21641,25.78254],[-80.21826,25.78302],[-80.22009,25.78365],[-80.22035,25.78369]],[[-80.28123,25.78343],[-80.2813,25.78354],[-80.28157,25.78359],[-80.28163,25.7831],[-80.28206,25.78287],[-80.28231,25.78284],[-80.28236,25.78266],[-80.28259,25.78273],[-80.2829,25.78263],[-80.28321,25.78265],[-80.28377,25.78211],[-80.28342,25.78199],[-80.28255,25.78196],[-80.28288,25.78191],[-80.28286,25.78173],[-80.28307,25.78193],[-80.28316,25.78186],[-80.28304,25.78168],[-80.28355,25.78175],[-80.28391,25.78167],[-80.28499,25.78195],[-80.2852,25.78171],[-80.28473,25.78166],[-80.28418,25.78142],[-80.28356,25.78145],[-80.2834,25.78135],[-80.28312,25.78146],[-80.28304,25.78134],[-80.28325,25.78133],[-80.28318,25.78126],[-80.28243,25.78122],[-80.28241,25.78112],[-80.28233,25.78121],[-80.28196,25.78126],[-80.28026,25.78126],[-80.28029,25.7815],[-80.2802,25.7818],[-80.27984,25.78189],[-80.28,25.78191],[-80.2802,25.78208],[-80.28037,25.78177],[-80.28048,25.7819],[-80.28074,25.7819],[-80.28087,25.78179],[-80.28102,25.7819],[-80.2813,25.78193],[-80.28137,25.78178],[-80.28249,25.78182],[-80.28236,25.78189],[-80.28243,25.78206],[-80.28222,25.78199],[-80.28122,25.78228],[-80.28044,25.78231],[-80.28045,25.78252],[-80.28026,25.78261],[-80.28039,25.78288],[-80.28027,25.78304],[-80.2801,25.78309],[-80.28042,25.78335],[-80.28123,25.78343]],[[-80.18075,25.78609],[-80.18334,25.78614],[-80.18371,25.7861],[-80.18382,25.78601],[-80.18374,25.7834],[-80.1836,25.7832],[-80.18278,25.78267],[-80.18231,25.78171],[-80.1819,25.78134],[-80.18159,25.78118],[-80.18115,25.7811],[-80.18028,25.78111],[-80.17985,25.78128],[-80.17947,25.7816],[-80.17922,25.78206],[-80.1792,25.78248],[-80.1799,25.7843],[-80.17998,25.78495],[-80.1803,25.78583],[-80.18075,25.78609]],[[-80.18099,25.85148],[-80.18079,25.85219],[-80.18058,25.85244],[-80.17999,25.85263],[-80.17975,25.85282],[-80.17916,25.85392],[-80.17846,25.85446],[-80.1784,25.85475],[-80.17861,25.85514],[-80.17887,25.85516],[-80.17908,25.855],[-80.17977,25.85367],[-80.18005,25.85338],[-80.18034,25.85323],[-80.181,25.85324],[-80.18124,25.85344],[-80.18106,25.85387],[-80.18049,25.85435],[-80.1805,25.85455],[-80.18062,25.85469],[-80.18136,25.85485],[-80.18224,25.85458],[-80.18246,25.85433],[-80.18254,25.85365],[-80.18276,25.85325],[-80.18303,25.85307],[-80.18372,25.85285],[-80.18409,25.85259],[-80.18415,25.85229],[-80.18394,25.85169],[-80.18335,25.85118],[-80.1832,25.85092],[-80.18321,25.85035],[-80.1834,25.8497],[-80.18333,25.84947],[-80.18275,25.84933],[-80.18233,25.84949],[-80.18198,25.84977],[-80.18165,25.85023],[-80.18151,25.85094],[-80.18099,25.85148]]],[[[-80.32001,25.76139],[-80.32009,25.76124],[-80.32009,25.76072],[-80.31998,25.76052],[-80.32005,25.76016],[-80.32016,25.76001],[-80.32048,25.75995],[-80.3207,25.76012],[-80.32079,25.76034],[-80.32069,25.76091],[-80.32054,25.76108],[-80.32064,25.7612],[-80.3205,25.76127],[-80.32056,25.76146],[-80.32046,25.76146],[-80.32039,25.76164],[-80.32027,25.76165],[-80.32013,25.76161],[-80.32001,25.76139]]],[[[-80.31909,25.76854],[-80.31924,25.76853],[-80.31929,25.76881],[-80.31938,25.76886],[-80.31932,25.76904],[-80.31952,25.76905],[-80.31958,25.76894],[-80.31947,25.76882],[-80.31957,25.76852],[-80.31983,25.7685],[-80.31984,25.76819],[-80.31975,25.7681],[-80.31962,25.76822],[-80.31936,25.76799],[-80.31945,25.76793],[-80.31938,25.76753],[-80.31944,25.76714],[-80.31957,25.76727],[-80.31954,25.76745],[-80.31972,25.76754],[-80.31953,25.7678],[-80.31961,25.76792],[-80.3198,25.7679],[-80.31988,25.76778],[-80.3197,25.76767],[-80.31988,25.76723],[-80.31999,25.76715],[-80.31999,25.76652],[-80.31994,25.76633],[-80.31977,25.76632],[-80.31971,25.76617],[-80.31997,25.76579],[-80.32009,25.76591],[-80.32016,25.76628],[-80.3202,25.76964],[-80.32011,25.76964],[-80.32014,25.76948],[-80.31999,25.76966],[-80.31994,25.76957],[-80.31959,25.76949],[-80.31914,25.76974],[-80.31916,25.76915],[-80.31905,25.76886],[-80.31909,25.76854]]],[[[-80.31909,25.76854],[-80.31886,25.76822],[-80.31881,25.76835],[-80.31869,25.76836],[-80.31859,25.76824],[-80.31864,25.76816],[-80.31834,25.76799],[-80.31893,25.76799],[-80.3191,25.76785],[-80.31927,25.7681],[-80.31923,25.76839],[-80.31909,25.76854]]],[[[-80.31392,25.76878],[-80.31366,25.76843],[-80.31333,25.76841],[-80.31313,25.76847],[-80.313,25.76863],[-80.31265,25.76851],[-80.31253,25.76862],[-80.3125,25.76842],[-80.31267,25.76848],[-80.31267,25.7683],[-80.31294,25.76828],[-80.31361,25.76788],[-80.31373,25.76798],[-80.31369,25.76784],[-80.31378,25.76771],[-80.31374,25.76787],[-80.31386,25.76797],[-80.31371,25.76817],[-80.31418,25.7683],[-80.3147,25.76811],[-80.31479,25.76799],[-80.31515,25.76796],[-80.31453,25.76859],[-80.31456,25.7688],[-80.31437,25.76871],[-80.31367,25.76906],[-80.31367,25.76897],[-80.31392,25.76878]]],[[[-80.31981,25.77183],[-80.31955,25.77169],[-80.31946,25.77152],[-80.3194,25.77025],[-80.31972,25.76998],[-80.32028,25.76996],[-80.32021,25.77011],[-80.32028,25.77147],[-80.32004,25.77183],[-80.32036,25.77182],[-80.32037,25.77235],[-80.31991,25.77207],[-80.31981,25.77183]]],[[[-80.31153,25.77858],[-80.31156,25.77834],[-80.31189,25.77828],[-80.3121,25.77805],[-80.31233,25.77815],[-80.31234,25.77822],[-80.31195,25.7784],[-80.31153,25.77858]]],[[[-80.28914,25.77964],[-80.28868,25.77961],[-80.28858,25.7792],[-80.28884,25.7791],[-80.28895,25.77846],[-80.28908,25.77855],[-80.28909,25.77888],[-80.28915,25.77875],[-80.2896,25.77883],[-80.28968,25.77879],[-80.28942,25.77871],[-80.28928,25.77857],[-80.28934,25.77838],[-80.28963,25.77826],[-80.28998,25.77827],[-80.29005,25.77871],[-80.2898,25.77868],[-80.28973,25.7788],[-80.29018,25.77882],[-80.29025,25.77912],[-80.29017,25.7794],[-80.28976,25.77953],[-80.28962,25.7793],[-80.28954,25.77937],[-80.28958,25.77949],[-80.28914,25.77964]]],[[[-80.30871,25.77985],[-80.30876,25.77949],[-80.30893,25.77976],[-80.30871,25.77985]]],[[[-80.2999,25.78391],[-80.29983,25.78378],[-80.30005,25.78383],[-80.2999,25.78391]]],[[[-80.29475,25.78645],[-80.29446,25.78652],[-80.29423,25.78645],[-80.29416,25.78653],[-80.29373,25.78639],[-80.29179,25.78641],[-80.29144,25.78611],[-80.29136,25.78594],[-80.29156,25.78579],[-80.29153,25.78569],[-80.29162,25.7856],[-80.2919,25.78548],[-80.29256,25.78551],[-80.29317,25.7854],[-80.29301,25.78532],[-80.29311,25.78526],[-80.29308,25.78516],[-80.29236,25.78529],[-80.29127,25.78534],[-80.28949,25.78532],[-80.29111,25.78451],[-80.29283,25.78471],[-80.29435,25.78478],[-80.2986,25.78461],[-80.298,25.78493],[-80.2964,25.78507],[-80.29634,25.78522],[-80.29612,25.78506],[-80.29405,25.78522],[-80.29406,25.78532],[-80.29505,25.78547],[-80.29519,25.78529],[-80.29536,25.78542],[-80.29541,25.78558],[-80.29634,25.78533],[-80.29712,25.78537],[-80.29475,25.78645]]],[[[-80.28789,25.78779],[-80.28846,25.78762],[-80.28858,25.78774],[-80.28873,25.78762],[-80.28905,25.78758],[-80.29126,25.78751],[-80.28934,25.7878],[-80.28789,25.78779]]],[[[-80.26775,25.70829],[-80.2678,25.7081],[-80.26844,25.7077],[-80.26893,25.70762],[-80.26922,25.70769],[-80.26969,25.70755],[-80.26971,25.70767],[-80.26878,25.70801],[-80.26855,25.7081],[-80.2685,25.70824],[-80.26819,25.70833],[-80.26744,25.70901],[-80.26719,25.70907],[-80.26698,25.70899],[-80.26675,25.70912],[-80.26588,25.71013],[-80.26632,25.71033],[-80.26664,25.71017],[-80.26702,25.71026],[-80.26726,25.71075],[-80.26719,25.71094],[-80.26756,25.71143],[-80.26741,25.71204],[-80.26725,25.7123],[-80.26741,25.71233],[-80.26771,25.71283],[-80.26795,25.71279],[-80.26789,25.7125],[-80.26773,25.71234],[-80.26798,25.71201],[-80.26785,25.71189],[-80.268,25.71188],[-80.26805,25.71204],[-80.26814,25.71201],[-80.26794,25.71242],[-80.26849,25.71332],[-80.26837,25.71348],[-80.26833,25.71428],[-80.26814,25.71434],[-80.26828,25.71448],[-80.26793,25.71443],[-80.26769,25.7145],[-80.26758,25.71463],[-80.26764,25.71479],[-80.26799,25.71482],[-80.26794,25.71494],[-80.26767,25.715],[-80.26789,25.71537],[-80.26784,25.71546],[-80.26754,25.71555],[-80.26766,25.71562],[-80.26754,25.71563],[-80.26752,25.71598],[-80.26766,25.71601],[-80.26751,25.71606],[-80.26767,25.7161],[-80.26778,25.71626],[-80.26766,25.71667],[-80.2677,25.71702],[-80.26787,25.71735],[-80.26781,25.7175],[-80.26796,25.71763],[-80.26798,25.71746],[-80.26811,25.71749],[-80.26821,25.71773],[-80.2684,25.71778],[-80.26834,25.71805],[-80.26863,25.71817],[-80.26864,25.71824],[-80.26856,25.71819],[-80.26863,25.7184],[-80.26879,25.71845],[-80.26894,25.71874],[-80.26909,25.71879],[-80.26916,25.71888],[-80.2692,25.71899],[-80.26908,25.71902],[-80.26914,25.71887],[-80.26883,25.71878],[-80.2688,25.71864],[-80.26851,25.71857],[-80.26859,25.71877],[-80.26822,25.71887],[-80.26849,25.71913],[-80.2685,25.71904],[-80.26862,25.71907],[-80.26857,25.71893],[-80.26872,25.7189],[-80.26866,25.71915],[-80.26849,25.71917],[-80.26883,25.71953],[-80.26855,25.71954],[-80.26844,25.71939],[-80.26841,25.71957],[-80.26832,25.71958],[-80.26832,25.71929],[-80.26815,25.71915],[-80.2682,25.71895],[-80.26803,25.71847],[-80.26814,25.71815],[-80.26788,25.71785],[-80.26773,25.71827],[-80.26779,25.71854],[-80.26773,25.71902],[-80.2679,25.71932],[-80.26777,25.71955],[-80.26764,25.71951],[-80.26757,25.71989],[-80.26758,25.72002],[-80.26774,25.7201],[-80.26755,25.7201],[-80.26723,25.72077],[-80.26695,25.72101],[-80.26696,25.72108],[-80.26687,25.72108],[-80.26691,25.72128],[-80.26706,25.72141],[-80.26705,25.72159],[-80.26666,25.72129],[-80.26668,25.72137],[-80.26648,25.72148],[-80.26646,25.72174],[-80.26626,25.7217],[-80.26619,25.72176],[-80.26633,25.72216],[-80.26653,25.72237],[-80.2665,25.72258],[-80.26639,25.7224],[-80.26617,25.72243],[-80.26633,25.72274],[-80.26647,25.72274],[-80.26636,25.72288],[-80.26655,25.72307],[-80.26654,25.72318],[-80.26684,25.72337],[-80.26737,25.72403],[-80.26774,25.72495],[-80.26801,25.72534],[-80.26966,25.72654],[-80.26952,25.72787],[-80.26925,25.72796],[-80.26918,25.7281],[-80.26943,25.72825],[-80.26941,25.72834],[-80.26911,25.72859],[-80.26886,25.72867],[-80.26865,25.72859],[-80.2686,25.72868],[-80.26842,25.72864],[-80.26844,25.72874],[-80.26807,25.72894],[-80.26792,25.72887],[-80.26799,25.72901],[-80.2677,25.72916],[-80.26751,25.7294],[-80.26719,25.72943],[-80.26666,25.72984],[-80.26625,25.73001],[-80.26427,25.7301],[-80.26422,25.72984],[-80.26585,25.72977],[-80.26642,25.72963],[-80.26692,25.72915],[-80.26715,25.72906],[-80.26725,25.72874],[-80.26738,25.72872],[-80.26749,25.72855],[-80.26767,25.72852],[-80.26769,25.72839],[-80.26794,25.72827],[-80.26815,25.72796],[-80.26796,25.72777],[-80.26809,25.72773],[-80.26819,25.72749],[-80.26838,25.72747],[-80.26861,25.72762],[-80.26822,25.7277],[-80.26817,25.72789],[-80.26825,25.72796],[-80.26842,25.72796],[-80.26846,25.72779],[-80.26858,25.72784],[-80.26877,25.72765],[-80.26902,25.72764],[-80.26871,25.72741],[-80.26858,25.72752],[-80.26843,25.72745],[-80.26856,25.72724],[-80.26875,25.72715],[-80.26868,25.72703],[-80.26877,25.72701],[-80.26867,25.72688],[-80.26847,25.72682],[-80.2694,25.72691],[-80.26882,25.72649],[-80.26869,25.72662],[-80.26845,25.72667],[-80.268,25.72636],[-80.26782,25.72632],[-80.26777,25.72618],[-80.26802,25.72628],[-80.26799,25.72612],[-80.26807,25.72609],[-80.26797,25.72595],[-80.26782,25.72594],[-80.26738,25.7253],[-80.2672,25.72533],[-80.26729,25.725],[-80.26721,25.72466],[-80.26705,25.72458],[-80.26696,25.72422],[-80.26704,25.72414],[-80.2667,25.7239],[-80.26682,25.72393],[-80.26671,25.72381],[-80.2668,25.72374],[-80.26657,25.72341],[-80.26616,25.72303],[-80.26602,25.72311],[-80.26574,25.72271],[-80.26554,25.72278],[-80.26556,25.72286],[-80.26578,25.72307],[-80.26581,25.72323],[-80.26601,25.72313],[-80.26548,25.72361],[-80.26568,25.7236],[-80.26567,25.72382],[-80.26508,25.7243],[-80.26505,25.72445],[-80.26502,25.72424],[-80.26481,25.72417],[-80.26466,25.72431],[-80.26472,25.72445],[-80.26448,25.72466],[-80.26455,25.7247],[-80.26452,25.72481],[-80.26439,25.72486],[-80.26423,25.72513],[-80.26375,25.72527],[-80.26361,25.72541],[-80.26342,25.72535],[-80.26325,25.72544],[-80.2626,25.72607],[-80.26245,25.72601],[-80.26279,25.72565],[-80.26266,25.72564],[-80.26247,25.72583],[-80.26231,25.72582],[-80.26287,25.72537],[-80.26294,25.72527],[-80.26288,25.72519],[-80.26243,25.72549],[-80.26231,25.72543],[-80.2619,25.72572],[-80.26206,25.72557],[-80.26209,25.72507],[-80.26233,25.72492],[-80.26215,25.72491],[-80.26206,25.72502],[-80.26202,25.72486],[-80.26212,25.72487],[-80.26203,25.72471],[-80.26214,25.72458],[-80.26231,25.72462],[-80.26244,25.72455],[-80.26229,25.72448],[-80.26204,25.72455],[-80.26201,25.72467],[-80.26196,25.72449],[-80.26171,25.7245],[-80.26169,25.72463],[-80.26159,25.72461],[-80.26144,25.72473],[-80.26145,25.72493],[-80.2612,25.7247],[-80.26115,25.72448],[-80.26127,25.72432],[-80.26119,25.72412],[-80.26131,25.72413],[-80.2613,25.72399],[-80.2615,25.72411],[-80.26161,25.72399],[-80.26191,25.72403],[-80.26215,25.72394],[-80.26223,25.72382],[-80.26261,25.72388],[-80.2625,25.72381],[-80.26246,25.72357],[-80.26239,25.72364],[-80.26234,25.72352],[-80.26261,25.7235],[-80.26292,25.72311],[-80.26333,25.72302],[-80.26312,25.72284],[-80.26374,25.72257],[-80.26346,25.72236],[-80.26369,25.72234],[-80.2637,25.7222],[-80.26345,25.72216],[-80.26347,25.72209],[-80.2636,25.72201],[-80.26384,25.72221],[-80.26383,25.7225],[-80.26405,25.72273],[-80.26445,25.72277],[-80.26472,25.72269],[-80.26492,25.7226],[-80.26496,25.72244],[-80.26517,25.72228],[-80.26519,25.72211],[-80.26532,25.72224],[-80.26558,25.72207],[-80.26576,25.72153],[-80.26629,25.72102],[-80.26636,25.72082],[-80.26678,25.72057],[-80.26714,25.72047],[-80.26706,25.7204],[-80.26719,25.72012],[-80.26711,25.71998],[-80.26722,25.71985],[-80.26721,25.71952],[-80.26712,25.7194],[-80.26719,25.7193],[-80.26692,25.71908],[-80.26706,25.71892],[-80.26699,25.71823],[-80.26714,25.71776],[-80.26694,25.71741],[-80.26713,25.71721],[-80.26702,25.71718],[-80.26707,25.71714],[-80.26691,25.71694],[-80.267,25.7168],[-80.26685,25.7163],[-80.26692,25.71615],[-80.26683,25.71563],[-80.26699,25.71546],[-80.26689,25.71537],[-80.26682,25.71499],[-80.2669,25.71465],[-80.26706,25.71465],[-80.26701,25.71348],[-80.2669,25.71344],[-80.26702,25.71341],[-80.26693,25.71242],[-80.26699,25.71226],[-80.26678,25.71215],[-80.2667,25.71234],[-80.26645,25.71242],[-80.26651,25.71217],[-80.26677,25.7121],[-80.26656,25.7117],[-80.26663,25.71122],[-80.2659,25.71066],[-80.26557,25.7107],[-80.26533,25.71047],[-80.26509,25.71048],[-80.26513,25.7104],[-80.26502,25.7104],[-80.26505,25.71033],[-80.26478,25.71014],[-80.26433,25.70998],[-80.2639,25.70942],[-80.26389,25.70913],[-80.26349,25.70908],[-80.26339,25.70874],[-80.263,25.70827],[-80.26289,25.70772],[-80.26252,25.70725],[-80.26239,25.70733],[-80.26247,25.70722],[-80.26191,25.70666],[-80.26107,25.70622],[-80.26042,25.70616],[-80.25961,25.70555],[-80.25935,25.70545],[-80.25808,25.70541],[-80.25803,25.70577],[-80.2579,25.70583],[-80.25783,25.70547],[-80.25665,25.70676],[-80.25557,25.70846],[-80.25439,25.7093],[-80.25392,25.70979],[-80.25217,25.71242],[-80.25052,25.71436],[-80.24991,25.7157],[-80.2492,25.71662],[-80.24864,25.71767],[-80.24661,25.71977],[-80.24471,25.72202],[-80.24311,25.7235],[-80.24204,25.72481],[-80.24054,25.7261],[-80.23957,25.72729],[-80.238,25.72849],[-80.23687,25.72974],[-80.23588,25.73061],[-80.23539,25.73135],[-80.23483,25.73192],[-80.23329,25.73303],[-80.23116,25.73475],[-80.22821,25.7366],[-80.22612,25.73763],[-80.22509,25.73868],[-80.22421,25.73903],[-80.22299,25.73935],[-80.22065,25.7406],[-80.21875,25.74178],[-80.21605,25.74294],[-80.21317,25.74451],[-80.21291,25.74449],[-80.21275,25.74402],[-80.2123,25.74407],[-80.2101,25.74517],[-80.20806,25.74597],[-80.20879,25.74549],[-80.20901,25.74524],[-80.20937,25.74451],[-80.2096,25.74442],[-80.20966,25.74425],[-80.20985,25.7443],[-80.2102,25.7441],[-80.21057,25.74377],[-80.21059,25.74352],[-80.21043,25.74292],[-80.2106,25.74188],[-80.21081,25.74153],[-80.21075,25.74102],[-80.21084,25.74076],[-80.21436,25.73834],[-80.21584,25.73878],[-80.2166,25.73958],[-80.21721,25.73949],[-80.21849,25.73957],[-80.21889,25.73938],[-80.22029,25.73833],[-80.22087,25.73734],[-80.22134,25.73694],[-80.22617,25.73432],[-80.22632,25.73434],[-80.2264,25.73446],[-80.2274,25.73622],[-80.22773,25.73643],[-80.22888,25.73597],[-80.23133,25.73444],[-80.23241,25.73341],[-80.23322,25.73284],[-80.2334,25.73257],[-80.23358,25.73085],[-80.23353,25.73052],[-80.23324,25.72945],[-80.23295,25.72938],[-80.23288,25.72907],[-80.23301,25.72888],[-80.23355,25.72876],[-80.23378,25.72856],[-80.23376,25.72831],[-80.23352,25.72784],[-80.2336,25.72762],[-80.23382,25.72743],[-80.23412,25.72738],[-80.23485,25.72778],[-80.23539,25.72713],[-80.23591,25.72691],[-80.23621,25.72702],[-80.23686,25.72764],[-80.23727,25.7278],[-80.23797,25.72771],[-80.23864,25.72733],[-80.23929,25.72684],[-80.24003,25.72583],[-80.24081,25.7256],[-80.24188,25.72467],[-80.24326,25.72306],[-80.24526,25.72109],[-80.24685,25.71935],[-80.24689,25.71915],[-80.24548,25.71796],[-80.24551,25.71782],[-80.24629,25.71698],[-80.24791,25.71783],[-80.24815,25.71779],[-80.2489,25.71663],[-80.24793,25.71614],[-80.24789,25.71563],[-80.24798,25.71554],[-80.24924,25.7162],[-80.25004,25.71468],[-80.25007,25.71437],[-80.24993,25.71399],[-80.24973,25.71377],[-80.24913,25.7134],[-80.24915,25.71308],[-80.25028,25.71288],[-80.25168,25.71238],[-80.25211,25.71195],[-80.25256,25.71117],[-80.25249,25.71088],[-80.25228,25.71062],[-80.25161,25.71018],[-80.25048,25.70989],[-80.24893,25.70973],[-80.248,25.70939],[-80.24788,25.70928],[-80.24801,25.70891],[-80.24788,25.70862],[-80.24748,25.70823],[-80.24669,25.70773],[-80.24643,25.70743],[-80.2461,25.70454],[-80.24621,25.70443],[-80.24686,25.70444],[-80.24727,25.70427],[-80.2476,25.70389],[-80.24768,25.70347],[-80.24733,25.70232],[-80.24679,25.70168],[-80.24886,25.7015],[-80.25025,25.70093],[-80.25099,25.70074],[-80.25253,25.70056],[-80.25932,25.70039],[-80.26111,25.7007],[-80.26171,25.70072],[-80.26075,25.70272],[-80.25988,25.7037],[-80.25896,25.70451],[-80.25886,25.70475],[-80.25981,25.70507],[-80.26044,25.70559],[-80.26084,25.70579],[-80.26084,25.70593],[-80.26104,25.70589],[-80.26118,25.70569],[-80.26158,25.70557],[-80.26212,25.70597],[-80.2624,25.70643],[-80.26279,25.70675],[-80.26285,25.70693],[-80.26276,25.70697],[-80.2629,25.70716],[-80.26316,25.70726],[-80.26365,25.70771],[-80.26371,25.70809],[-80.264,25.70869],[-80.26429,25.70887],[-80.2646,25.70879],[-80.2652,25.70931],[-80.26533,25.70921],[-80.26538,25.70898],[-80.26524,25.70877],[-80.26528,25.70856],[-80.26541,25.70862],[-80.26535,25.70886],[-80.26554,25.70884],[-80.26548,25.70872],[-80.26571,25.70842],[-80.26621,25.70859],[-80.26629,25.70868],[-80.26617,25.70881],[-80.26623,25.70903],[-80.26647,25.70915],[-80.2674,25.70854],[-80.26735,25.70846],[-80.26745,25.70851],[-80.26775,25.70829]]],[[[-80.261,25.71189],[-80.26016,25.71179],[-80.25911,25.71186],[-80.25899,25.71153],[-80.25901,25.71098],[-80.25926,25.71092],[-80.25943,25.71101],[-80.25975,25.71081],[-80.26056,25.71086],[-80.26063,25.71081],[-80.26083,25.71093],[-80.26106,25.71167],[-80.26107,25.71223],[-80.261,25.71189]]],[[[-80.2607,25.7311],[-80.26087,25.73122],[-80.26091,25.73153],[-80.26057,25.73153],[-80.26029,25.73137],[-80.2603,25.73116],[-80.2607,25.7311]]],[[[-80.25715,25.7379],[-80.25699,25.73754],[-80.25701,25.73733],[-80.25687,25.7372],[-80.25684,25.73704],[-80.25673,25.73705],[-80.2567,25.73734],[-80.25649,25.73711],[-80.25623,25.73729],[-80.25614,25.73769],[-80.25594,25.73719],[-80.25613,25.73702],[-80.25631,25.73707],[-80.25629,25.73686],[-80.25646,25.73664],[-80.25637,25.73644],[-80.25644,25.73643],[-80.2564,25.73563],[-80.25651,25.73558],[-80.25647,25.73547],[-80.25675,25.73556],[-80.25697,25.73596],[-80.25713,25.73603],[-80.25733,25.73645],[-80.25764,25.73667],[-80.25764,25.73717],[-80.25742,25.73709],[-80.2575,25.73724],[-80.25734,25.73722],[-80.25725,25.73731],[-80.25735,25.73774],[-80.25714,25.738],[-80.25719,25.73814],[-80.2571,25.73808],[-80.25715,25.7379]]],[[[-80.25655,25.74013],[-80.25665,25.74013],[-80.25662,25.74002],[-80.25631,25.73969],[-80.25662,25.73976],[-80.25661,25.73938],[-80.2563,25.73908],[-80.25634,25.73896],[-80.25647,25.73893],[-80.25664,25.73902],[-80.25658,25.73887],[-80.25678,25.73897],[-80.25691,25.73925],[-80.25706,25.73932],[-80.25696,25.7394],[-80.2569,25.73927],[-80.25678,25.73925],[-80.25682,25.73946],[-80.25671,25.73944],[-80.25687,25.7397],[-80.25716,25.73965],[-80.25717,25.73945],[-80.25727,25.73941],[-80.25745,25.73953],[-80.25747,25.73967],[-80.25735,25.73985],[-80.25721,25.73978],[-80.25676,25.73983],[-80.25669,25.73993],[-80.25686,25.74002],[-80.25691,25.74024],[-80.25678,25.74017],[-80.25668,25.74032],[-80.25655,25.74013]]],[[[-80.26096,25.74863],[-80.26077,25.74896],[-80.26077,25.7492],[-80.26069,25.74914],[-80.26062,25.74924],[-80.26054,25.74864],[-80.25921,25.74872],[-80.25903,25.74866],[-80.25902,25.74857],[-80.25917,25.74857],[-80.2592,25.74864],[-80.25921,25.74856],[-80.25943,25.74857],[-80.25968,25.74843],[-80.25983,25.74852],[-80.26012,25.7485],[-80.26011,25.74832],[-80.25981,25.74828],[-80.2598,25.74821],[-80.26039,25.74816],[-80.26038,25.7479],[-80.25971,25.74792],[-80.25971,25.74819],[-80.25912,25.74841],[-80.25899,25.74822],[-80.25904,25.74795],[-80.25874,25.74797],[-80.25867,25.74819],[-80.25874,25.74828],[-80.25867,25.74824],[-80.25865,25.74744],[-80.25872,25.74779],[-80.25897,25.74779],[-80.25902,25.74735],[-80.25925,25.74725],[-80.2595,25.74735],[-80.25973,25.74728],[-80.25978,25.74714],[-80.26044,25.74702],[-80.26071,25.74716],[-80.26074,25.74729],[-80.2611,25.74739],[-80.26249,25.74726],[-80.26254,25.74853],[-80.26096,25.74863]]],[[[-80.26255,25.74904],[-80.2624,25.74905],[-80.26255,25.7489],[-80.26255,25.74904]]],[[[-80.25492,25.75677],[-80.25499,25.75676],[-80.2549,25.75611],[-80.25505,25.75612],[-80.25506,25.75593],[-80.2552,25.75596],[-80.25521,25.75583],[-80.25549,25.7559],[-80.25563,25.75575],[-80.2557,25.7559],[-80.25587,25.75596],[-80.25609,25.75591],[-80.25609,25.75576],[-80.2562,25.75579],[-80.25629,25.75562],[-80.25675,25.7556],[-80.25674,25.75544],[-80.25625,25.75539],[-80.25615,25.75548],[-80.25598,25.75531],[-80.2562,25.75521],[-80.25625,25.75508],[-80.25673,25.75496],[-80.25679,25.75469],[-80.25687,25.75487],[-80.25695,25.75445],[-80.25704,25.75452],[-80.25748,25.75446],[-80.25768,25.75452],[-80.25755,25.75462],[-80.25764,25.75494],[-80.25734,25.75505],[-80.25739,25.7552],[-80.25821,25.7552],[-80.25813,25.75506],[-80.25823,25.75498],[-80.25834,25.75503],[-80.2584,25.75525],[-80.25813,25.75533],[-80.25848,25.75575],[-80.25841,25.75586],[-80.25869,25.75585],[-80.25868,25.75528],[-80.25884,25.75544],[-80.2589,25.75526],[-80.25924,25.75525],[-80.25956,25.75512],[-80.2596,25.75493],[-80.25967,25.75505],[-80.25982,25.75494],[-80.26002,25.75509],[-80.26001,25.75517],[-80.26014,25.75513],[-80.26037,25.75545],[-80.26,25.75528],[-80.25968,25.75528],[-80.25965,25.75555],[-80.26005,25.75552],[-80.26024,25.75577],[-80.26066,25.75574],[-80.26097,25.75588],[-80.26105,25.75581],[-80.26123,25.75585],[-80.26101,25.75594],[-80.26091,25.75626],[-80.26064,25.75653],[-80.26068,25.75664],[-80.26054,25.75664],[-80.26061,25.75697],[-80.26053,25.75716],[-80.2604,25.7572],[-80.26035,25.75674],[-80.26015,25.75676],[-80.26026,25.75685],[-80.26026,25.75705],[-80.25998,25.75709],[-80.26,25.7573],[-80.2601,25.7573],[-80.26012,25.75718],[-80.26026,25.75717],[-80.26029,25.75729],[-80.26041,25.75724],[-80.2605,25.75735],[-80.2606,25.75731],[-80.26061,25.75714],[-80.26085,25.75714],[-80.26087,25.75703],[-80.26092,25.75713],[-80.26083,25.75722],[-80.26106,25.75733],[-80.26107,25.75719],[-80.26114,25.75722],[-80.26114,25.75752],[-80.26099,25.75762],[-80.2607,25.75755],[-80.26061,25.75762],[-80.26058,25.758],[-80.26034,25.7577],[-80.26028,25.75827],[-80.26015,25.75821],[-80.25984,25.75827],[-80.25969,25.7585],[-80.25987,25.75858],[-80.26023,25.75852],[-80.26026,25.75844],[-80.26037,25.75861],[-80.26053,25.75854],[-80.26049,25.75843],[-80.26069,25.75865],[-80.26068,25.75894],[-80.26077,25.75905],[-80.26065,25.7591],[-80.26063,25.75924],[-80.26048,25.75905],[-80.26037,25.7595],[-80.26023,25.75954],[-80.26051,25.75971],[-80.26036,25.75997],[-80.26041,25.76028],[-80.26027,25.76027],[-80.26024,25.75985],[-80.26012,25.75986],[-80.26008,25.76004],[-80.25996,25.75981],[-80.25952,25.75968],[-80.25948,25.75961],[-80.25959,25.75965],[-80.25963,25.75948],[-80.25959,25.75938],[-80.25938,25.75932],[-80.25936,25.75963],[-80.25925,25.75962],[-80.25938,25.75919],[-80.25958,25.75914],[-80.25916,25.75909],[-80.25911,25.75925],[-80.25897,25.75892],[-80.25876,25.75932],[-80.25856,25.75925],[-80.25851,25.75911],[-80.25838,25.75917],[-80.25752,25.75909],[-80.25745,25.75893],[-80.25765,25.7589],[-80.25763,25.75875],[-80.25715,25.75877],[-80.25712,25.75888],[-80.25701,25.7589],[-80.25663,25.75849],[-80.25618,25.75846],[-80.25616,25.7586],[-80.25603,25.75843],[-80.2558,25.7585],[-80.25568,25.75843],[-80.25577,25.75859],[-80.25566,25.75856],[-80.25562,25.75844],[-80.25509,25.75844],[-80.255,25.75857],[-80.25506,25.75871],[-80.25515,25.7587],[-80.25516,25.75856],[-80.25551,25.75854],[-80.25537,25.75858],[-80.25531,25.75876],[-80.25503,25.75875],[-80.255,25.75889],[-80.25496,25.7584],[-80.25518,25.75831],[-80.25499,25.7583],[-80.25492,25.75677]]],[[[-80.26326,25.76129],[-80.26333,25.76135],[-80.26332,25.76242],[-80.26311,25.76242],[-80.26288,25.75896],[-80.26292,25.7583],[-80.26322,25.75855],[-80.26316,25.75871],[-80.26326,25.76129]]],[[[-80.25552,25.7699],[-80.25584,25.76972],[-80.25562,25.76958],[-80.25567,25.76951],[-80.25641,25.76938],[-80.25677,25.76917],[-80.25687,25.76923],[-80.25697,25.76917],[-80.25701,25.76927],[-80.2573,25.76924],[-80.25761,25.76895],[-80.25762,25.76905],[-80.2576,25.76922],[-80.25739,25.76946],[-80.25672,25.7699],[-80.25606,25.77012],[-80.25511,25.77006],[-80.25524,25.76995],[-80.25528,25.7695],[-80.25504,25.76557],[-80.25502,25.76483],[-80.25513,25.76468],[-80.25527,25.76475],[-80.25526,25.76527],[-80.25537,25.76536],[-80.25528,25.76556],[-80.25538,25.76618],[-80.25534,25.76665],[-80.2555,25.76674],[-80.25536,25.76694],[-80.25544,25.76875],[-80.25563,25.76884],[-80.25562,25.76895],[-80.25545,25.76899],[-80.25552,25.7699]]],[[[-80.28269,25.78556],[-80.28581,25.78484],[-80.28731,25.7846],[-80.28828,25.78451],[-80.28844,25.78464],[-80.2884,25.78472],[-80.28824,25.78472],[-80.28838,25.78478],[-80.28836,25.78491],[-80.28821,25.78491],[-80.28824,25.7848],[-80.28815,25.78475],[-80.28706,25.78471],[-80.28682,25.78487],[-80.28688,25.78509],[-80.28673,25.78506],[-80.28663,25.78514],[-80.28627,25.78505],[-80.2859,25.78513],[-80.28542,25.78504],[-80.28384,25.78547],[-80.28304,25.78559],[-80.28269,25.78556]]],[[[-80.28728,25.78516],[-80.28799,25.78513],[-80.28806,25.78533],[-80.28775,25.78548],[-80.28722,25.78546],[-80.28709,25.78531],[-80.28728,25.78516]]],[[[-80.27436,25.79287],[-80.27394,25.7928],[-80.27388,25.79261],[-80.27378,25.79284],[-80.27366,25.7928],[-80.27347,25.79246],[-80.2737,25.7924],[-80.27382,25.79256],[-80.27386,25.79252],[-80.27385,25.79163],[-80.2736,25.7917],[-80.27352,25.79159],[-80.27375,25.7915],[-80.27384,25.79136],[-80.27374,25.79081],[-80.27412,25.79077],[-80.27418,25.79193],[-80.27425,25.7923],[-80.27439,25.79242],[-80.27436,25.79287]]],[[[-80.27614,25.79291],[-80.27565,25.793],[-80.27564,25.79292],[-80.27614,25.79291]]],[[[-80.26832,25.79971],[-80.26833,25.7997],[-80.26831,25.79972],[-80.26832,25.79971]]],[[[-80.26812,25.7998],[-80.26817,25.79975],[-80.26823,25.79975],[-80.26812,25.7998]]],[[[-80.23066,25.73398],[-80.23046,25.73397],[-80.23059,25.73388],[-80.23066,25.73398]]],[[[-80.2134,25.75863],[-80.21353,25.75872],[-80.21341,25.759],[-80.21324,25.75915],[-80.21307,25.75905],[-80.21292,25.75916],[-80.21306,25.75936],[-80.21316,25.7594],[-80.21377,25.75902],[-80.21382,25.75908],[-80.21377,25.75931],[-80.21337,25.75958],[-80.21343,25.75975],[-80.21329,25.75986],[-80.21332,25.75993],[-80.21301,25.75979],[-80.21258,25.76017],[-80.21245,25.7602],[-80.2125,25.76036],[-80.21236,25.76049],[-80.21217,25.76045],[-80.21167,25.76062],[-80.21167,25.76046],[-80.21199,25.76019],[-80.2117,25.75974],[-80.2134,25.75863]]],[[[-80.2113,25.76507],[-80.21098,25.76505],[-80.21091,25.76514],[-80.21076,25.765],[-80.2109,25.76487],[-80.21078,25.7647],[-80.21087,25.7646],[-80.21074,25.76448],[-80.21074,25.76413],[-80.21037,25.76398],[-80.21063,25.76391],[-80.21066,25.76371],[-80.21021,25.76334],[-80.21045,25.76337],[-80.21052,25.76315],[-80.20996,25.76315],[-80.20943,25.763],[-80.21011,25.76288],[-80.21017,25.76274],[-80.21003,25.76268],[-80.20966,25.76216],[-80.20934,25.76212],[-80.20958,25.76179],[-80.20975,25.76181],[-80.21015,25.76148],[-80.21031,25.76147],[-80.2103,25.76133],[-80.21003,25.76101],[-80.21011,25.76088],[-80.21054,25.76129],[-80.2104,25.76136],[-80.21044,25.76158],[-80.21027,25.76165],[-80.21027,25.76179],[-80.21005,25.76171],[-80.20983,25.76199],[-80.20983,25.76211],[-80.21036,25.76245],[-80.21028,25.76249],[-80.21046,25.76254],[-80.21045,25.76267],[-80.21081,25.76288],[-80.21119,25.76287],[-80.21125,25.76297],[-80.21091,25.76324],[-80.21115,25.76337],[-80.21107,25.76386],[-80.21137,25.76387],[-80.2113,25.76405],[-80.2112,25.76404],[-80.21118,25.76432],[-80.2113,25.76445],[-80.21136,25.76408],[-80.21145,25.76428],[-80.21155,25.76492],[-80.21148,25.76568],[-80.21136,25.76586],[-80.2113,25.76507]]],[[[-80.25405,25.76394],[-80.25464,25.76434],[-80.25463,25.76476],[-80.25424,25.76476],[-80.25424,25.76505],[-80.25462,25.76505],[-80.25463,25.76525],[-80.25486,25.76542],[-80.25475,25.76548],[-80.25462,25.76533],[-80.25463,25.76561],[-80.2545,25.76568],[-80.25451,25.76586],[-80.25442,25.76591],[-80.25442,25.76648],[-80.25422,25.76678],[-80.25474,25.76696],[-80.2544,25.76701],[-80.25465,25.76704],[-80.25464,25.76736],[-80.25436,25.76706],[-80.25418,25.76736],[-80.25402,25.7673],[-80.25398,25.76707],[-80.25366,25.76708],[-80.25384,25.76737],[-80.25374,25.76739],[-80.25357,25.76727],[-80.25364,25.76738],[-80.25347,25.76739],[-80.25343,25.76757],[-80.2536,25.76775],[-80.25338,25.76781],[-80.25325,25.76796],[-80.25305,25.7679],[-80.2529,25.76811],[-80.25262,25.76818],[-80.25273,25.76825],[-80.25274,25.76839],[-80.25251,25.7685],[-80.25203,25.76838],[-80.25199,25.76784],[-80.2519,25.76789],[-80.25193,25.76801],[-80.25178,25.76788],[-80.2514,25.76786],[-80.25129,25.76818],[-80.25135,25.76828],[-80.25086,25.76832],[-80.25107,25.76825],[-80.25084,25.76805],[-80.25085,25.76756],[-80.25075,25.76728],[-80.25101,25.76734],[-80.25101,25.76646],[-80.25088,25.76627],[-80.25044,25.76614],[-80.25033,25.76621],[-80.25034,25.76608],[-80.25062,25.76602],[-80.25072,25.76611],[-80.25074,25.76604],[-80.25057,25.7659],[-80.25025,25.76585],[-80.25017,25.76567],[-80.25053,25.76559],[-80.25052,25.76529],[-80.25069,25.76525],[-80.25077,25.76504],[-80.25096,25.76498],[-80.25098,25.76518],[-80.25137,25.76531],[-80.25132,25.76546],[-80.25144,25.76539],[-80.25158,25.76545],[-80.25178,25.76512],[-80.25187,25.76523],[-80.252,25.76522],[-80.25202,25.76491],[-80.25206,25.76507],[-80.25228,25.76524],[-80.25232,25.76546],[-80.25245,25.76547],[-80.25236,25.76534],[-80.25247,25.76522],[-80.2526,25.76533],[-80.25289,25.76533],[-80.25304,25.76514],[-80.25297,25.76483],[-80.25322,25.76475],[-80.253,25.76469],[-80.25307,25.7642],[-80.25322,25.76434],[-80.25323,25.76464],[-80.25345,25.76464],[-80.2537,25.76395],[-80.25405,25.76394]]],[[[-80.21602,25.76781],[-80.21581,25.76776],[-80.2157,25.76783],[-80.21553,25.76772],[-80.21565,25.7676],[-80.21606,25.76747],[-80.21598,25.76728],[-80.2158,25.76724],[-80.21582,25.76697],[-80.21596,25.76707],[-80.21594,25.76696],[-80.21613,25.76677],[-80.21545,25.76689],[-80.21534,25.76727],[-80.21541,25.76739],[-80.21531,25.76752],[-80.21515,25.76734],[-80.21517,25.76683],[-80.21497,25.76675],[-80.21514,25.76656],[-80.21466,25.7664],[-80.21468,25.76631],[-80.21493,25.76623],[-80.21491,25.76592],[-80.21506,25.76593],[-80.21503,25.76632],[-80.2152,25.76624],[-80.21532,25.76633],[-80.21529,25.76643],[-80.21546,25.76641],[-80.21536,25.76655],[-80.21608,25.76667],[-80.21603,25.76672],[-80.21615,25.76677],[-80.21623,25.76696],[-80.21633,25.76748],[-80.21687,25.76759],[-80.21666,25.7678],[-80.21632,25.7678],[-80.2162,25.76806],[-80.21607,25.76801],[-80.21602,25.76781]]],[[[-80.22019,25.77393],[-80.21998,25.77364],[-80.21989,25.77373],[-80.21994,25.7736],[-80.21973,25.77362],[-80.21955,25.77347],[-80.21924,25.77344],[-80.21933,25.77338],[-80.21922,25.77331],[-80.21936,25.77304],[-80.21927,25.77289],[-80.21899,25.77284],[-80.21885,25.77259],[-80.21843,25.77248],[-80.21843,25.77205],[-80.21827,25.7719],[-80.21806,25.77187],[-80.21811,25.77156],[-80.21789,25.77163],[-80.21776,25.7715],[-80.21788,25.77123],[-80.21774,25.77118],[-80.2178,25.77104],[-80.21764,25.77082],[-80.21784,25.77067],[-80.21783,25.77052],[-80.21875,25.77038],[-80.21875,25.77024],[-80.21851,25.76999],[-80.21929,25.76998],[-80.21939,25.76974],[-80.2192,25.76984],[-80.21909,25.7697],[-80.21887,25.76966],[-80.21859,25.76976],[-80.2184,25.76968],[-80.21801,25.76967],[-80.21802,25.76986],[-80.21847,25.77001],[-80.21843,25.7701],[-80.218,25.77018],[-80.21789,25.77042],[-80.2178,25.77013],[-80.21754,25.77002],[-80.21754,25.7698],[-80.21774,25.76984],[-80.21784,25.76963],[-80.21763,25.76959],[-80.21769,25.76937],[-80.21744,25.76907],[-80.21734,25.76918],[-80.21713,25.76919],[-80.21689,25.76932],[-80.2166,25.76922],[-80.21651,25.76928],[-80.21636,25.76908],[-80.2163,25.76928],[-80.21638,25.76944],[-80.21676,25.76953],[-80.21663,25.7697],[-80.21618,25.76983],[-80.21595,25.76954],[-80.21613,25.76941],[-80.21608,25.76883],[-80.21578,25.76868],[-80.21575,25.76849],[-80.21552,25.76818],[-80.21567,25.76788],[-80.21605,25.76831],[-80.21611,25.76809],[-80.21622,25.76809],[-80.21636,25.76844],[-80.21676,25.76842],[-80.21658,25.76827],[-80.21671,25.7681],[-80.2171,25.76849],[-80.21767,25.76854],[-80.21787,25.76847],[-80.21798,25.7686],[-80.21783,25.7688],[-80.21803,25.76889],[-80.21794,25.76907],[-80.21805,25.76923],[-80.21847,25.76932],[-80.21858,25.76927],[-80.21871,25.76936],[-80.21867,25.76923],[-80.21881,25.76911],[-80.21895,25.76912],[-80.21902,25.76889],[-80.21926,25.76885],[-80.21925,25.76876],[-80.21894,25.76864],[-80.21837,25.76869],[-80.21808,25.76855],[-80.21842,25.76843],[-80.21939,25.76843],[-80.21951,25.76807],[-80.21966,25.76835],[-80.22011,25.76849],[-80.2198,25.76863],[-80.21991,25.7687],[-80.21992,25.76887],[-80.22011,25.76884],[-80.2205,25.7691],[-80.22076,25.76913],[-80.22117,25.76948],[-80.22033,25.7696],[-80.22031,25.76988],[-80.21997,25.76998],[-80.22003,25.77006],[-80.2198,25.77028],[-80.21978,25.77039],[-80.21988,25.77047],[-80.21979,25.77072],[-80.21985,25.77088],[-80.2203,25.77084],[-80.22104,25.77118],[-80.22133,25.77113],[-80.22158,25.77128],[-80.22262,25.77126],[-80.22258,25.77136],[-80.22242,25.7714],[-80.22165,25.77144],[-80.22158,25.77164],[-80.2215,25.77155],[-80.22146,25.77169],[-80.22167,25.77174],[-80.22155,25.77179],[-80.22159,25.77197],[-80.22129,25.77211],[-80.22107,25.77202],[-80.22143,25.77222],[-80.2213,25.77231],[-80.22135,25.77239],[-80.22149,25.77235],[-80.22132,25.77255],[-80.22111,25.77249],[-80.22111,25.77241],[-80.22096,25.77247],[-80.22099,25.77257],[-80.22089,25.7726],[-80.22083,25.77245],[-80.22012,25.77249],[-80.22004,25.77263],[-80.22018,25.77278],[-80.22038,25.77289],[-80.22061,25.77283],[-80.22056,25.7729],[-80.2207,25.77313],[-80.22097,25.77321],[-80.22111,25.77318],[-80.22126,25.77292],[-80.22121,25.77263],[-80.22142,25.77254],[-80.22151,25.77238],[-80.22161,25.77241],[-80.22164,25.77267],[-80.22171,25.77248],[-80.2218,25.7727],[-80.2215,25.77283],[-80.2214,25.77299],[-80.22146,25.77322],[-80.22174,25.7732],[-80.22182,25.77326],[-80.22117,25.77332],[-80.22172,25.77335],[-80.22171,25.77361],[-80.22162,25.77345],[-80.22141,25.7736],[-80.22142,25.77389],[-80.22125,25.77381],[-80.22127,25.77359],[-80.22114,25.77376],[-80.22088,25.77377],[-80.22081,25.77351],[-80.22072,25.77381],[-80.22052,25.77401],[-80.22019,25.77393]]],[[[-80.253,25.77897],[-80.25338,25.77878],[-80.25344,25.77892],[-80.25393,25.7789],[-80.25399,25.77877],[-80.25409,25.77878],[-80.25411,25.77889],[-80.25437,25.77889],[-80.25437,25.77874],[-80.25423,25.77865],[-80.25431,25.77857],[-80.2546,25.77854],[-80.25479,25.77839],[-80.25495,25.77847],[-80.25505,25.77832],[-80.2552,25.77831],[-80.25512,25.77817],[-80.25558,25.77799],[-80.25566,25.7781],[-80.25573,25.77799],[-80.25579,25.77805],[-80.25583,25.77878],[-80.25571,25.77893],[-80.25545,25.77882],[-80.25448,25.77893],[-80.253,25.77897]]],[[[-80.21537,25.80604],[-80.21513,25.80577],[-80.21465,25.80567],[-80.21454,25.80534],[-80.2147,25.80519],[-80.21524,25.8052],[-80.21522,25.805],[-80.21486,25.805],[-80.21544,25.8047],[-80.21552,25.80499],[-80.21559,25.80472],[-80.21575,25.80487],[-80.21574,25.80534],[-80.21604,25.80536],[-80.21633,25.80525],[-80.21643,25.8053],[-80.2165,25.80513],[-80.21674,25.80513],[-80.21683,25.80553],[-80.21712,25.80566],[-80.2169,25.80572],[-80.21683,25.80583],[-80.21643,25.80578],[-80.21585,25.80595],[-80.21565,25.80628],[-80.21558,25.8061],[-80.21551,25.80628],[-80.21529,25.80613],[-80.21537,25.80604]]],[[[-80.24289,25.81286],[-80.24265,25.81283],[-80.24247,25.81321],[-80.2414,25.81326],[-80.24126,25.81297],[-80.24089,25.81279],[-80.24122,25.81263],[-80.24209,25.81267],[-80.24223,25.81259],[-80.24235,25.81269],[-80.24351,25.81254],[-80.24377,25.8126],[-80.24372,25.81251],[-80.24404,25.8125],[-80.24434,25.81261],[-80.24476,25.81258],[-80.24473,25.81272],[-80.24449,25.81284],[-80.24444,25.81336],[-80.24402,25.81327],[-80.24422,25.81315],[-80.24412,25.81299],[-80.24402,25.81301],[-80.24405,25.81285],[-80.24371,25.81309],[-80.24358,25.81284],[-80.24325,25.81302],[-80.24301,25.81297],[-80.24296,25.81329],[-80.24318,25.81338],[-80.24279,25.81341],[-80.24289,25.81286]]],[[[-80.24812,25.81418],[-80.24788,25.81396],[-80.24781,25.81404],[-80.2479,25.81411],[-80.24777,25.81409],[-80.24764,25.81383],[-80.24769,25.81376],[-80.24746,25.81389],[-80.24722,25.81379],[-80.24693,25.81385],[-80.24684,25.81399],[-80.24673,25.81399],[-80.24661,25.81383],[-80.24663,25.81377],[-80.24681,25.81387],[-80.24667,25.81369],[-80.24673,25.81362],[-80.24662,25.81366],[-80.24654,25.81351],[-80.24669,25.81326],[-80.24658,25.81325],[-80.24646,25.81336],[-80.24582,25.81332],[-80.24593,25.81307],[-80.24615,25.81298],[-80.24601,25.81273],[-80.24605,25.81263],[-80.24625,25.81253],[-80.2484,25.81249],[-80.2482,25.81394],[-80.24812,25.81418]]],[[[-80.2481,25.81422],[-80.24812,25.8142],[-80.2481,25.81425],[-80.2481,25.81422]]],[[[-80.22857,25.82025],[-80.22841,25.82058],[-80.22827,25.82038],[-80.22818,25.82045],[-80.22805,25.82003],[-80.22775,25.82011],[-80.2276,25.82],[-80.22766,25.8197],[-80.2272,25.81975],[-80.22696,25.81959],[-80.22706,25.81931],[-80.22681,25.81935],[-80.22698,25.81942],[-80.22679,25.81949],[-80.22689,25.81954],[-80.22688,25.81975],[-80.22665,25.81979],[-80.22677,25.81957],[-80.2267,25.81917],[-80.22683,25.81909],[-80.22679,25.81886],[-80.22657,25.81874],[-80.22666,25.81864],[-80.22676,25.81876],[-80.22684,25.81865],[-80.2273,25.81866],[-80.22752,25.81855],[-80.22789,25.81859],[-80.22797,25.81868],[-80.22794,25.81897],[-80.228,25.81891],[-80.22814,25.81896],[-80.22826,25.81883],[-80.22808,25.81874],[-80.22804,25.81849],[-80.22752,25.81853],[-80.2276,25.8183],[-80.22743,25.81821],[-80.22721,25.81826],[-80.22708,25.81818],[-80.22688,25.81826],[-80.227,25.81838],[-80.22746,25.81839],[-80.22749,25.81844],[-80.22726,25.81841],[-80.22675,25.81861],[-80.22642,25.8186],[-80.22656,25.81847],[-80.22648,25.81839],[-80.22678,25.81834],[-80.22674,25.8181],[-80.22697,25.81809],[-80.22682,25.81801],[-80.22689,25.81783],[-80.22675,25.81764],[-80.22694,25.8176],[-80.22685,25.81736],[-80.22668,25.8174],[-80.22663,25.81717],[-80.22648,25.81713],[-80.22647,25.81724],[-80.22627,25.81732],[-80.22623,25.81749],[-80.22618,25.81727],[-80.22608,25.81738],[-80.22604,25.8173],[-80.22613,25.81715],[-80.22533,25.8171],[-80.2253,25.8172],[-80.22519,25.81721],[-80.22513,25.81702],[-80.22553,25.81694],[-80.22567,25.817],[-80.22591,25.81688],[-80.22571,25.81671],[-80.22549,25.81679],[-80.22527,25.81659],[-80.22514,25.81675],[-80.22518,25.8165],[-80.22526,25.81645],[-80.22541,25.81662],[-80.22549,25.81641],[-80.22466,25.81628],[-80.22469,25.81589],[-80.22427,25.81578],[-80.2242,25.81551],[-80.22413,25.81566],[-80.22397,25.81561],[-80.22385,25.8155],[-80.22401,25.81546],[-80.22388,25.81525],[-80.2238,25.81527],[-80.22383,25.81546],[-80.2235,25.81539],[-80.22343,25.815],[-80.22349,25.81487],[-80.22338,25.81479],[-80.22352,25.81466],[-80.22329,25.81455],[-80.22317,25.81432],[-80.2233,25.81417],[-80.22309,25.81396],[-80.22333,25.81393],[-80.22326,25.81382],[-80.22345,25.81362],[-80.22355,25.81366],[-80.22343,25.81384],[-80.2236,25.81381],[-80.22376,25.81367],[-80.22381,25.81343],[-80.22329,25.81341],[-80.22314,25.8133],[-80.22376,25.81324],[-80.2238,25.81313],[-80.22368,25.81297],[-80.22346,25.81306],[-80.22323,25.81294],[-80.22314,25.81298],[-80.22311,25.81287],[-80.22326,25.81273],[-80.22304,25.8127],[-80.22305,25.81283],[-80.22285,25.81267],[-80.22328,25.81254],[-80.22334,25.8126],[-80.22403,25.81253],[-80.2249,25.81261],[-80.22593,25.81252],[-80.22627,25.81252],[-80.22646,25.81268],[-80.22664,25.81256],[-80.22681,25.81263],[-80.22701,25.81247],[-80.22741,25.81242],[-80.22818,25.81247],[-80.22816,25.81299],[-80.22804,25.81289],[-80.22749,25.81292],[-80.22754,25.81319],[-80.22729,25.81322],[-80.22743,25.81351],[-80.22741,25.81368],[-80.22734,25.81367],[-80.22742,25.8139],[-80.22765,25.81393],[-80.22748,25.81405],[-80.22757,25.8143],[-80.22771,25.8142],[-80.22767,25.814],[-80.22774,25.81391],[-80.22764,25.81384],[-80.22755,25.81353],[-80.2276,25.81317],[-80.22791,25.81338],[-80.22786,25.81356],[-80.22804,25.81346],[-80.22817,25.81365],[-80.22794,25.81385],[-80.22801,25.81391],[-80.22818,25.81379],[-80.22803,25.81393],[-80.22821,25.81404],[-80.22817,25.81472],[-80.22825,25.81482],[-80.2282,25.81518],[-80.2283,25.81598],[-80.22841,25.81595],[-80.22833,25.81573],[-80.22837,25.81518],[-80.22884,25.81515],[-80.22884,25.81494],[-80.22896,25.81499],[-80.22889,25.81523],[-80.22907,25.81538],[-80.2293,25.81538],[-80.22912,25.81553],[-80.2293,25.8157],[-80.2292,25.81594],[-80.22919,25.81638],[-80.22929,25.81655],[-80.22942,25.81656],[-80.2294,25.81676],[-80.22966,25.81671],[-80.2297,25.81678],[-80.23013,25.81678],[-80.23022,25.8167],[-80.23014,25.81664],[-80.23021,25.81655],[-80.23044,25.81663],[-80.23052,25.81698],[-80.23066,25.81692],[-80.231,25.81715],[-80.23143,25.81715],[-80.23151,25.81722],[-80.23161,25.81692],[-80.23156,25.81641],[-80.23177,25.81673],[-80.23209,25.8166],[-80.23225,25.81672],[-80.23238,25.81767],[-80.23231,25.81832],[-80.2322,25.81848],[-80.23234,25.8186],[-80.23244,25.81948],[-80.23236,25.81976],[-80.23252,25.82025],[-80.23259,25.8199],[-80.23253,25.81887],[-80.23277,25.81893],[-80.23267,25.81904],[-80.23276,25.81918],[-80.23284,25.81894],[-80.23298,25.81882],[-80.23318,25.81884],[-80.23321,25.81874],[-80.23268,25.81866],[-80.23257,25.8188],[-80.23259,25.81837],[-80.23265,25.81856],[-80.23324,25.81851],[-80.2333,25.81819],[-80.23344,25.8183],[-80.23358,25.81813],[-80.23352,25.81789],[-80.23297,25.81772],[-80.2332,25.81771],[-80.2332,25.81747],[-80.23307,25.81726],[-80.23284,25.81722],[-80.23268,25.81707],[-80.23263,25.81728],[-80.23278,25.8175],[-80.23261,25.81762],[-80.23254,25.81824],[-80.23249,25.81756],[-80.2324,25.81745],[-80.23247,25.81678],[-80.23257,25.81666],[-80.233,25.81661],[-80.23309,25.81668],[-80.23344,25.81657],[-80.23354,25.81674],[-80.23342,25.81686],[-80.23342,25.81717],[-80.23387,25.81722],[-80.23391,25.81737],[-80.23413,25.81755],[-80.23432,25.81752],[-80.23418,25.81762],[-80.23456,25.81806],[-80.23455,25.81847],[-80.23504,25.81844],[-80.23521,25.81858],[-80.2348,25.81872],[-80.2348,25.81893],[-80.23499,25.81892],[-80.23501,25.81899],[-80.2351,25.81944],[-80.23498,25.81954],[-80.23536,25.81965],[-80.23494,25.81973],[-80.23486,25.81997],[-80.23494,25.82012],[-80.23538,25.82008],[-80.2357,25.82026],[-80.23609,25.82032],[-80.23647,25.82019],[-80.23674,25.81999],[-80.23682,25.82014],[-80.23661,25.82017],[-80.23655,25.82034],[-80.23666,25.82066],[-80.23693,25.82053],[-80.23709,25.82087],[-80.23741,25.82083],[-80.23757,25.8206],[-80.23764,25.82061],[-80.23793,25.8211],[-80.23778,25.821],[-80.23746,25.821],[-80.23754,25.82119],[-80.23812,25.82117],[-80.23823,25.82108],[-80.23818,25.82098],[-80.23843,25.82095],[-80.23835,25.82116],[-80.23843,25.82119],[-80.23856,25.82091],[-80.23851,25.8204],[-80.23824,25.82035],[-80.23802,25.82045],[-80.23794,25.82038],[-80.23811,25.82024],[-80.23851,25.8202],[-80.23854,25.81966],[-80.23859,25.81975],[-80.23893,25.81977],[-80.23887,25.82007],[-80.23872,25.8202],[-80.23912,25.82028],[-80.23927,25.82016],[-80.23954,25.82016],[-80.23967,25.81973],[-80.23981,25.81972],[-80.2398,25.82011],[-80.2394,25.82021],[-80.23935,25.82039],[-80.2397,25.82034],[-80.23973,25.82051],[-80.23996,25.82067],[-80.23999,25.82083],[-80.24011,25.82086],[-80.2401,25.82071],[-80.24018,25.82073],[-80.24027,25.82097],[-80.24043,25.82094],[-80.24051,25.82077],[-80.24065,25.82308],[-80.24031,25.8225],[-80.24039,25.82232],[-80.24017,25.82219],[-80.23981,25.82223],[-80.23978,25.82212],[-80.23962,25.82211],[-80.23974,25.82229],[-80.23957,25.8222],[-80.23935,25.82237],[-80.23927,25.82228],[-80.23941,25.82219],[-80.23906,25.82222],[-80.23886,25.82215],[-80.23881,25.82236],[-80.23829,25.82211],[-80.23766,25.82226],[-80.23756,25.8221],[-80.23805,25.82205],[-80.23825,25.82175],[-80.23806,25.82167],[-80.23811,25.82183],[-80.23793,25.82185],[-80.23794,25.82175],[-80.23768,25.82148],[-80.23739,25.82168],[-80.23731,25.82144],[-80.23701,25.82141],[-80.23687,25.82168],[-80.23693,25.82201],[-80.23699,25.82215],[-80.23716,25.82217],[-80.23682,25.82219],[-80.23667,25.82192],[-80.23646,25.82188],[-80.23635,25.82205],[-80.2361,25.82208],[-80.23588,25.82194],[-80.23579,25.82177],[-80.23564,25.82203],[-80.23556,25.82203],[-80.23558,25.82187],[-80.23549,25.82195],[-80.23534,25.82189],[-80.2351,25.82219],[-80.23506,25.82196],[-80.23484,25.82208],[-80.23463,25.82198],[-80.23397,25.82196],[-80.23388,25.82216],[-80.2338,25.82209],[-80.23384,25.82201],[-80.23364,25.82194],[-80.23372,25.82184],[-80.23397,25.82191],[-80.23431,25.82179],[-80.23418,25.82171],[-80.2341,25.82185],[-80.23403,25.82172],[-80.23396,25.82185],[-80.23386,25.82174],[-80.23343,25.82187],[-80.23296,25.82185],[-80.23274,25.82169],[-80.23283,25.82159],[-80.23266,25.82133],[-80.23273,25.82122],[-80.23259,25.82107],[-80.23246,25.82143],[-80.23233,25.82118],[-80.23241,25.82102],[-80.23206,25.82105],[-80.23198,25.82094],[-80.23184,25.82112],[-80.23161,25.82121],[-80.23169,25.82104],[-80.23144,25.82088],[-80.23143,25.82121],[-80.23125,25.82119],[-80.23111,25.82105],[-80.23103,25.82108],[-80.23113,25.82121],[-80.23102,25.82123],[-80.23062,25.82103],[-80.23085,25.82098],[-80.23088,25.82082],[-80.23067,25.82082],[-80.23056,25.82096],[-80.23047,25.8209],[-80.23058,25.82076],[-80.23052,25.82054],[-80.23047,25.82064],[-80.23025,25.82061],[-80.23024,25.82071],[-80.23009,25.82062],[-80.22978,25.82073],[-80.22948,25.82069],[-80.2294,25.82084],[-80.22929,25.82082],[-80.22929,25.82089],[-80.22917,25.82091],[-80.22907,25.82082],[-80.2291,25.82061],[-80.22884,25.82049],[-80.22873,25.82026],[-80.22867,25.82031],[-80.22857,25.82025]]],[[[-80.24212,25.81934],[-80.24193,25.81923],[-80.24191,25.81905],[-80.24158,25.81892],[-80.2414,25.81904],[-80.24124,25.81892],[-80.24132,25.81882],[-80.24182,25.8188],[-80.24181,25.81847],[-80.24205,25.81854],[-80.24233,25.8189],[-80.24233,25.81882],[-80.24271,25.81865],[-80.24305,25.81858],[-80.24319,25.81839],[-80.24333,25.81846],[-80.24355,25.81834],[-80.24421,25.81827],[-80.24429,25.8181],[-80.24493,25.81826],[-80.24388,25.81882],[-80.24315,25.8191],[-80.24212,25.81934]]],[[[-80.2269,25.82527],[-80.22591,25.82502],[-80.22582,25.8249],[-80.22587,25.82463],[-80.2256,25.82435],[-80.22651,25.82404],[-80.22648,25.82381],[-80.22599,25.82356],[-80.22541,25.82298],[-80.22543,25.82279],[-80.22561,25.82259],[-80.22572,25.82272],[-80.22625,25.82297],[-80.22645,25.82326],[-80.22652,25.8237],[-80.22668,25.82382],[-80.22721,25.82387],[-80.22728,25.8238],[-80.2272,25.82355],[-80.22743,25.82348],[-80.22801,25.82354],[-80.22831,25.82383],[-80.22896,25.82399],[-80.22953,25.82437],[-80.22937,25.82473],[-80.22909,25.82478],[-80.22866,25.82511],[-80.22828,25.82486],[-80.22824,25.82538],[-80.22809,25.82547],[-80.22772,25.82544],[-80.2274,25.82552],[-80.2269,25.82527]]],[[[-80.24024,25.82516],[-80.24027,25.82479],[-80.23991,25.82476],[-80.23984,25.82516],[-80.23924,25.82509],[-80.23927,25.825],[-80.2391,25.82477],[-80.23886,25.82472],[-80.23886,25.82453],[-80.23864,25.82458],[-80.23853,25.82431],[-80.23842,25.82447],[-80.23839,25.82417],[-80.23802,25.8241],[-80.23827,25.82403],[-80.23811,25.82401],[-80.23817,25.824],[-80.24061,25.82394],[-80.24065,25.82408],[-80.24059,25.824],[-80.24038,25.82409],[-80.24001,25.8241],[-80.23959,25.82432],[-80.24005,25.82458],[-80.24032,25.82459],[-80.24034,25.82484],[-80.24059,25.82504],[-80.24057,25.82515],[-80.2404,25.82504],[-80.24035,25.82519],[-80.24024,25.82516]]],[[[-80.22471,25.82673],[-80.2255,25.82738],[-80.2249,25.82759],[-80.22475,25.82792],[-80.22511,25.8282],[-80.22512,25.82832],[-80.22467,25.82842],[-80.22448,25.8282],[-80.2246,25.82787],[-80.22455,25.82766],[-80.22414,25.82737],[-80.22441,25.82713],[-80.22458,25.82674],[-80.22471,25.82673]]],[[[-80.23043,25.82947],[-80.23012,25.8291],[-80.22984,25.82907],[-80.22967,25.82919],[-80.22933,25.82905],[-80.22907,25.82879],[-80.22909,25.82867],[-80.22964,25.8286],[-80.22964,25.82849],[-80.22983,25.8283],[-80.23018,25.82871],[-80.23034,25.82867],[-80.23037,25.82843],[-80.23109,25.82935],[-80.23074,25.82953],[-80.23043,25.82947]]],[[[-80.21307,25.83431],[-80.21248,25.83399],[-80.21205,25.83364],[-80.21228,25.83345],[-80.21248,25.83305],[-80.21278,25.83337],[-80.21344,25.83364],[-80.21338,25.83392],[-80.21358,25.83419],[-80.21307,25.83431]]],[[[-80.21847,25.83611],[-80.21875,25.83579],[-80.21875,25.83543],[-80.21855,25.83471],[-80.21794,25.83459],[-80.21777,25.83422],[-80.21782,25.83411],[-80.21818,25.83388],[-80.21861,25.83401],[-80.21863,25.83317],[-80.21886,25.83322],[-80.21914,25.83368],[-80.21901,25.83449],[-80.21903,25.83547],[-80.21891,25.83569],[-80.21913,25.83601],[-80.21944,25.83603],[-80.21955,25.83614],[-80.21961,25.83659],[-80.21943,25.83669],[-80.2186,25.83642],[-80.21847,25.83611]]],[[[-80.20835,25.8292],[-80.20855,25.82912],[-80.2088,25.82917],[-80.20866,25.82874],[-80.20886,25.8282],[-80.20933,25.82867],[-80.20942,25.82895],[-80.2093,25.82922],[-80.20946,25.82949],[-80.20966,25.82925],[-80.20958,25.82905],[-80.20969,25.82888],[-80.2095,25.82856],[-80.20926,25.8284],[-80.20946,25.82812],[-80.20978,25.82835],[-80.21029,25.82833],[-80.2108,25.82816],[-80.21081,25.82785],[-80.2105,25.82705],[-80.2107,25.82672],[-80.21098,25.82683],[-80.2113,25.82681],[-80.21153,25.82733],[-80.21188,25.8275],[-80.21216,25.82727],[-80.21221,25.82696],[-80.21229,25.82731],[-80.21251,25.82748],[-80.21302,25.82745],[-80.21373,25.82758],[-80.21338,25.82782],[-80.21328,25.82814],[-80.2139,25.82829],[-80.21433,25.82807],[-80.21451,25.82843],[-80.21489,25.82866],[-80.215,25.82846],[-80.21555,25.82868],[-80.21614,25.82869],[-80.21646,25.82807],[-80.21661,25.82844],[-80.21704,25.82875],[-80.21737,25.82872],[-80.21767,25.8289],[-80.21827,25.829],[-80.21858,25.82886],[-80.21875,25.82895],[-80.21875,25.82917],[-80.21897,25.82953],[-80.2195,25.82991],[-80.21979,25.82985],[-80.21986,25.83011],[-80.22039,25.83083],[-80.22069,25.8308],[-80.22098,25.8311],[-80.22131,25.83122],[-80.22151,25.83223],[-80.22137,25.83239],[-80.22142,25.83258],[-80.2219,25.83313],[-80.22221,25.83286],[-80.22233,25.83313],[-80.22226,25.83343],[-80.22242,25.83397],[-80.22298,25.83424],[-80.22311,25.8344],[-80.22322,25.83534],[-80.22318,25.8359],[-80.2234,25.83644],[-80.22369,25.83673],[-80.22369,25.83699],[-80.22382,25.83724],[-80.22429,25.8376],[-80.22459,25.83798],[-80.22491,25.8381],[-80.22527,25.83844],[-80.22543,25.83915],[-80.2254,25.84049],[-80.22506,25.84046],[-80.22488,25.84073],[-80.22428,25.84063],[-80.22367,25.84077],[-80.2236,25.84052],[-80.22384,25.84042],[-80.22397,25.84003],[-80.22369,25.83968],[-80.22359,25.83968],[-80.22351,25.83989],[-80.22307,25.83954],[-80.22159,25.83893],[-80.22152,25.83863],[-80.22034,25.83792],[-80.22027,25.8378],[-80.22038,25.83753],[-80.22014,25.8367],[-80.22031,25.8359],[-80.22016,25.83506],[-80.21995,25.83478],[-80.22019,25.83462],[-80.22019,25.83452],[-80.21931,25.83394],[-80.21919,25.83368],[-80.21935,25.8334],[-80.21916,25.8331],[-80.21825,25.83308],[-80.21792,25.83292],[-80.21764,25.83301],[-80.21728,25.83258],[-80.21702,25.83251],[-80.21702,25.83286],[-80.21744,25.83311],[-80.21766,25.8334],[-80.21751,25.83381],[-80.21733,25.83381],[-80.21704,25.83372],[-80.21663,25.83337],[-80.21615,25.83274],[-80.21583,25.83267],[-80.2155,25.83247],[-80.21544,25.83284],[-80.21551,25.83309],[-80.21527,25.83316],[-80.21525,25.83339],[-80.21499,25.83364],[-80.21494,25.8339],[-80.21519,25.83412],[-80.2155,25.83424],[-80.21552,25.8345],[-80.2153,25.83474],[-80.2155,25.83503],[-80.21543,25.8353],[-80.21519,25.83553],[-80.21472,25.83569],[-80.21474,25.83601],[-80.21429,25.83614],[-80.21398,25.83612],[-80.21383,25.83653],[-80.2137,25.83659],[-80.21343,25.83646],[-80.21357,25.83712],[-80.21328,25.83715],[-80.21316,25.83732],[-80.21306,25.83835],[-80.21309,25.83859],[-80.21334,25.83908],[-80.21364,25.83919],[-80.21434,25.83923],[-80.21456,25.83913],[-80.21492,25.83919],[-80.21511,25.83908],[-80.21513,25.83881],[-80.21543,25.83875],[-80.21578,25.8388],[-80.21588,25.83926],[-80.21582,25.83943],[-80.21608,25.83955],[-80.21619,25.83977],[-80.21589,25.83982],[-80.21579,25.84029],[-80.21544,25.84008],[-80.21506,25.84017],[-80.21512,25.8405],[-80.21408,25.84035],[-80.21394,25.84051],[-80.21367,25.84056],[-80.21358,25.8408],[-80.21333,25.84103],[-80.21303,25.84092],[-80.21266,25.841],[-80.21212,25.84088],[-80.21171,25.84106],[-80.21187,25.84125],[-80.21164,25.84125],[-80.21092,25.84093],[-80.21065,25.84049],[-80.21047,25.84038],[-80.2104,25.84077],[-80.21029,25.84086],[-80.21019,25.8408],[-80.20991,25.84023],[-80.20939,25.83992],[-80.20891,25.84009],[-80.20825,25.84001],[-80.20833,25.84077],[-80.20815,25.84093],[-80.20774,25.84093],[-80.20749,25.84131],[-80.20657,25.84131],[-80.20664,25.84104],[-80.20624,25.84094],[-80.20617,25.84103],[-80.20622,25.84121],[-80.20547,25.84134],[-80.20562,25.84183],[-80.20573,25.84194],[-80.20571,25.84282],[-80.20516,25.84293],[-80.2047,25.84283],[-80.20454,25.84298],[-80.20457,25.84323],[-80.20512,25.84364],[-80.20532,25.84398],[-80.2051,25.84398],[-80.20481,25.8438],[-80.20475,25.8435],[-80.20449,25.84326],[-80.20419,25.84342],[-80.20375,25.84336],[-80.20383,25.8435],[-80.20375,25.84374],[-80.20357,25.84387],[-80.20328,25.84349],[-80.20352,25.84321],[-80.20336,25.84267],[-80.20347,25.84231],[-80.20363,25.84214],[-80.20355,25.84184],[-80.20331,25.84153],[-80.20297,25.84137],[-80.20231,25.84151],[-80.20036,25.84164],[-80.20022,25.84156],[-80.2002,25.84128],[-80.19994,25.84098],[-80.20047,25.84062],[-80.20046,25.84023],[-80.20029,25.83964],[-80.20038,25.83945],[-80.20057,25.83935],[-80.20088,25.83961],[-80.20115,25.83959],[-80.2011,25.83935],[-80.20121,25.8388],[-80.20111,25.83797],[-80.20149,25.83767],[-80.20179,25.83768],[-80.20182,25.83745],[-80.20214,25.83723],[-80.20231,25.83677],[-80.20246,25.83663],[-80.20242,25.83632],[-80.20283,25.83591],[-80.20313,25.8358],[-80.20323,25.83542],[-80.20363,25.83518],[-80.20371,25.83497],[-80.20358,25.83466],[-80.20365,25.83416],[-80.20381,25.83401],[-80.20386,25.83375],[-80.20368,25.83306],[-80.20389,25.83295],[-80.20405,25.83259],[-80.20403,25.83222],[-80.20419,25.83212],[-80.20502,25.83222],[-80.20494,25.83229],[-80.20513,25.83273],[-80.20468,25.83314],[-80.20481,25.83333],[-80.20483,25.83383],[-80.20476,25.83388],[-80.20518,25.83442],[-80.20541,25.83437],[-80.20547,25.83407],[-80.20553,25.83579],[-80.20561,25.83594],[-80.20549,25.83607],[-80.20578,25.83635],[-80.20575,25.8371],[-80.20556,25.83687],[-80.20554,25.83634],[-80.20538,25.8358],[-80.20516,25.83557],[-80.20497,25.83562],[-80.20496,25.83582],[-80.20543,25.83639],[-80.20536,25.83658],[-80.20482,25.83655],[-80.20474,25.83745],[-80.20485,25.8377],[-80.20507,25.83768],[-80.20507,25.83741],[-80.20516,25.83734],[-80.20535,25.83762],[-80.20533,25.83772],[-80.20545,25.83778],[-80.20549,25.838],[-80.20542,25.83809],[-80.20514,25.83778],[-80.20488,25.83775],[-80.20471,25.838],[-80.20497,25.83829],[-80.20539,25.83855],[-80.20551,25.83883],[-80.20574,25.83902],[-80.20605,25.83917],[-80.20636,25.83911],[-80.20667,25.83948],[-80.20703,25.83945],[-80.20692,25.83911],[-80.20711,25.83894],[-80.20709,25.83837],[-80.20667,25.83774],[-80.20645,25.83699],[-80.20667,25.83696],[-80.20689,25.83709],[-80.20691,25.8369],[-80.20672,25.83663],[-80.20676,25.83644],[-80.20743,25.83679],[-80.20752,25.83657],[-80.20729,25.83596],[-80.20698,25.83582],[-80.20668,25.83599],[-80.20652,25.83595],[-80.20647,25.8361],[-80.20663,25.83658],[-80.20637,25.83651],[-80.20637,25.83552],[-80.20694,25.83472],[-80.20666,25.83449],[-80.20669,25.83422],[-80.20702,25.83469],[-80.20728,25.83488],[-80.2075,25.8349],[-80.20749,25.8347],[-80.2076,25.83466],[-80.20772,25.83482],[-80.2077,25.83499],[-80.20805,25.83529],[-80.20808,25.83543],[-80.20791,25.83546],[-80.20729,25.83526],[-80.20713,25.83556],[-80.20729,25.8357],[-80.2074,25.83562],[-80.2082,25.83575],[-80.20828,25.83609],[-80.20875,25.83658],[-80.20881,25.83692],[-80.20912,25.83714],[-80.20928,25.83708],[-80.20932,25.83683],[-80.20935,25.83637],[-80.20922,25.83608],[-80.20928,25.83574],[-80.21018,25.83555],[-80.21011,25.83509],[-80.21035,25.835],[-80.21017,25.83458],[-80.2105,25.83432],[-80.21047,25.83374],[-80.21065,25.8335],[-80.21104,25.83363],[-80.21075,25.83373],[-80.21085,25.83418],[-80.21116,25.83447],[-80.21108,25.83458],[-80.21078,25.8346],[-80.21093,25.83485],[-80.21114,25.83492],[-80.21215,25.83495],[-80.2125,25.83476],[-80.2138,25.83485],[-80.21394,25.83474],[-80.21397,25.83449],[-80.21378,25.8342],[-80.214,25.83397],[-80.2143,25.83394],[-80.21447,25.8338],[-80.21429,25.8333],[-80.21365,25.83298],[-80.21331,25.83302],[-80.2132,25.83319],[-80.21309,25.83319],[-80.21279,25.83283],[-80.2134,25.8326],[-80.21384,25.83267],[-80.21406,25.83261],[-80.21399,25.83241],[-80.21366,25.83225],[-80.21381,25.8321],[-80.21364,25.83171],[-80.21331,25.83164],[-80.2133,25.83194],[-80.21309,25.83194],[-80.21279,25.83181],[-80.2125,25.83184],[-80.21187,25.83163],[-80.21157,25.83132],[-80.2111,25.83125],[-80.21087,25.83143],[-80.21065,25.83147],[-80.20841,25.83076],[-80.20835,25.8292]],[[-80.20908,25.83923],[-80.20943,25.83968],[-80.20969,25.83983],[-80.20983,25.83979],[-80.20989,25.83966],[-80.20932,25.83913],[-80.20929,25.83884],[-80.2087,25.83829],[-80.20819,25.83813],[-80.20788,25.83881],[-80.20754,25.83853],[-80.20758,25.83866],[-80.20781,25.83883],[-80.20767,25.83893],[-80.20788,25.83957],[-80.20818,25.83963],[-80.20862,25.83953],[-80.20861,25.83923],[-80.20879,25.83932],[-80.20908,25.83923]]],[[[-80.23323,25.83911],[-80.23307,25.83891],[-80.23323,25.83889],[-80.23323,25.83911]]],[[[-80.22071,25.84239],[-80.22097,25.84197],[-80.22104,25.84166],[-80.22157,25.84142],[-80.22187,25.84141],[-80.2225,25.84117],[-80.22308,25.84141],[-80.2234,25.84121],[-80.2235,25.84097],[-80.22366,25.84089],[-80.22427,25.84107],[-80.22455,25.84097],[-80.22488,25.841],[-80.22529,25.84141],[-80.22536,25.84195],[-80.22518,25.84227],[-80.22488,25.84216],[-80.22449,25.84216],[-80.22377,25.84231],[-80.22367,25.84254],[-80.22274,25.84235],[-80.22259,25.84251],[-80.22276,25.84267],[-80.22305,25.84273],[-80.22305,25.84281],[-80.22276,25.8429],[-80.22244,25.84266],[-80.22192,25.84279],[-80.22154,25.84301],[-80.2212,25.84302],[-80.22125,25.84311],[-80.22152,25.84315],[-80.22156,25.84334],[-80.22132,25.8434],[-80.22118,25.84355],[-80.22073,25.84332],[-80.22059,25.84303],[-80.22082,25.84294],[-80.22071,25.84239]]],[[[-80.2288,25.84548],[-80.22852,25.84555],[-80.22855,25.84571],[-80.22758,25.84603],[-80.22737,25.84508],[-80.22757,25.84415],[-80.22741,25.84317],[-80.22745,25.84279],[-80.22701,25.84229],[-80.2267,25.84212],[-80.22598,25.84141],[-80.22552,25.84114],[-80.22609,25.84102],[-80.22661,25.84113],[-80.22696,25.84143],[-80.22735,25.84161],[-80.22826,25.84252],[-80.22958,25.84271],[-80.22979,25.84258],[-80.23034,25.84261],[-80.23066,25.84297],[-80.23099,25.84284],[-80.23109,25.84266],[-80.23134,25.84261],[-80.23157,25.84182],[-80.23187,25.8421],[-80.23202,25.84186],[-80.23227,25.8418],[-80.23219,25.84163],[-80.23188,25.84158],[-80.23165,25.84145],[-80.23187,25.84117],[-80.23219,25.84118],[-80.23249,25.84138],[-80.23283,25.84139],[-80.23206,25.8429],[-80.23112,25.84403],[-80.22994,25.84498],[-80.22894,25.84553],[-80.2288,25.84548]]],[[[-80.20933,25.8488],[-80.20846,25.84906],[-80.2084,25.84929],[-80.20835,25.8481],[-80.20843,25.84715],[-80.20874,25.8472],[-80.20893,25.84739],[-80.20887,25.84777],[-80.20858,25.84779],[-80.2086,25.84819],[-80.20873,25.84837],[-80.20903,25.84841],[-80.2092,25.84834],[-80.20915,25.84767],[-80.20921,25.84751],[-80.20933,25.8488]]],[[[-80.21299,25.85258],[-80.21268,25.85226],[-80.21234,25.85212],[-80.21189,25.85219],[-80.21175,25.85238],[-80.21084,25.85206],[-80.21268,25.85198],[-80.21306,25.8519],[-80.21327,25.85176],[-80.21356,25.85186],[-80.21374,25.85113],[-80.21445,25.85108],[-80.21361,25.85205],[-80.21299,25.85258]]],[[[-80.21274,25.85276],[-80.2124,25.85267],[-80.21234,25.85278],[-80.21229,25.85258],[-80.21266,25.85249],[-80.21287,25.85267],[-80.21274,25.85276]]],[[[-80.2114,25.85348],[-80.21053,25.85337],[-80.21046,25.85316],[-80.21021,25.85288],[-80.21022,25.85262],[-80.21052,25.85281],[-80.21092,25.85288],[-80.21098,25.85315],[-80.21113,25.85333],[-80.21129,25.85331],[-80.21128,25.85304],[-80.21142,25.85294],[-80.21172,25.85317],[-80.21204,25.85305],[-80.21217,25.85314],[-80.2114,25.85348]]],[[[-80.20991,25.85399],[-80.20989,25.85339],[-80.21009,25.85333],[-80.21051,25.85347],[-80.21071,25.85382],[-80.21006,25.85402],[-80.20991,25.85399]]],[[[-80.20549,25.7669],[-80.20527,25.76681],[-80.20529,25.7665],[-80.20501,25.76623],[-80.20497,25.76578],[-80.20485,25.76565],[-80.2043,25.76553],[-80.20408,25.76566],[-80.20394,25.76561],[-80.20375,25.76568],[-80.20385,25.76584],[-80.20347,25.76588],[-80.20322,25.76607],[-80.20342,25.76582],[-80.2034,25.76543],[-80.20326,25.76531],[-80.20265,25.76523],[-80.20278,25.76513],[-80.20265,25.76475],[-80.20275,25.76475],[-80.20282,25.76509],[-80.20295,25.76505],[-80.20307,25.76449],[-80.20295,25.76434],[-80.20314,25.76433],[-80.20312,25.76415],[-80.20334,25.76408],[-80.20346,25.76391],[-80.20332,25.76357],[-80.20335,25.76338],[-80.20271,25.76328],[-80.20272,25.76307],[-80.20287,25.76316],[-80.20326,25.76305],[-80.20335,25.76279],[-80.20354,25.76264],[-80.20346,25.7626],[-80.2031,25.76277],[-80.20324,25.76259],[-80.20355,25.76249],[-80.20365,25.76233],[-80.20397,25.76253],[-80.20398,25.76241],[-80.2038,25.76229],[-80.20398,25.7621],[-80.20405,25.76215],[-80.20399,25.76232],[-80.2042,25.76241],[-80.20416,25.7625],[-80.20427,25.76261],[-80.20424,25.76271],[-80.20423,25.76259],[-80.20413,25.76261],[-80.20415,25.76278],[-80.20436,25.763],[-80.20478,25.76307],[-80.20516,25.76301],[-80.20522,25.76293],[-80.20506,25.76285],[-80.20499,25.76271],[-80.20505,25.76261],[-80.20523,25.76282],[-80.20516,25.76289],[-80.20546,25.76301],[-80.20563,25.76279],[-80.20591,25.76265],[-80.206,25.76278],[-80.20574,25.76297],[-80.20581,25.76308],[-80.20643,25.76312],[-80.20632,25.7632],[-80.20583,25.7632],[-80.20571,25.76331],[-80.20579,25.76353],[-80.20597,25.76356],[-80.20608,25.76368],[-80.20615,25.76396],[-80.20652,25.76413],[-80.20609,25.76422],[-80.20611,25.7645],[-80.20593,25.76473],[-80.20617,25.76508],[-80.20601,25.7653],[-80.20611,25.76546],[-80.20591,25.76566],[-80.20593,25.76591],[-80.20577,25.76605],[-80.20594,25.76605],[-80.20592,25.76688],[-80.20606,25.76703],[-80.20586,25.76727],[-80.20571,25.7673],[-80.20529,25.76704],[-80.20528,25.76696],[-80.20549,25.7669]]],[[[-80.20534,25.78901],[-80.20507,25.78891],[-80.20491,25.78899],[-80.20473,25.78893],[-80.20444,25.78836],[-80.20518,25.78832],[-80.20576,25.78849],[-80.2058,25.78879],[-80.20597,25.78878],[-80.2059,25.78908],[-80.20598,25.7892],[-80.20587,25.7892],[-80.20582,25.78902],[-80.20534,25.78901]]],[[[-80.20535,25.7901],[-80.20496,25.78947],[-80.20507,25.78937],[-80.20566,25.78942],[-80.20535,25.7901]]],[[[-80.20422,25.79006],[-80.20375,25.78966],[-80.20357,25.78953],[-80.20344,25.78954],[-80.20315,25.78926],[-80.20369,25.7892],[-80.20406,25.78944],[-80.20454,25.7901],[-80.20451,25.79029],[-80.20441,25.79035],[-80.2042,25.79031],[-80.20422,25.79006]]],[[[-80.19926,25.79233],[-80.19946,25.79211],[-80.1997,25.79209],[-80.19994,25.79168],[-80.2002,25.7917],[-80.20025,25.79199],[-80.20035,25.7921],[-80.20024,25.79211],[-80.20023,25.79239],[-80.19971,25.79259],[-80.19966,25.79299],[-80.19933,25.79333],[-80.19913,25.79319],[-80.19915,25.79268],[-80.19926,25.79233]]],[[[-80.20194,25.79431],[-80.20152,25.79385],[-80.2016,25.79352],[-80.2015,25.79341],[-80.20221,25.79335],[-80.20223,25.79322],[-80.20201,25.79313],[-80.20221,25.79296],[-80.20245,25.79293],[-80.20254,25.79323],[-80.20264,25.79322],[-80.20262,25.79312],[-80.20272,25.79306],[-80.20262,25.79287],[-80.20246,25.79281],[-80.20262,25.79261],[-80.20242,25.79246],[-80.20255,25.79232],[-80.20264,25.79185],[-80.20253,25.79189],[-80.20222,25.79176],[-80.20216,25.79181],[-80.20196,25.79172],[-80.20207,25.7916],[-80.20273,25.79147],[-80.20284,25.79137],[-80.20284,25.79152],[-80.20293,25.79156],[-80.20351,25.79148],[-80.20361,25.79154],[-80.20393,25.79152],[-80.20394,25.79107],[-80.2043,25.79152],[-80.20456,25.79141],[-80.20503,25.79141],[-80.20533,25.79153],[-80.20517,25.79167],[-80.20497,25.79162],[-80.20473,25.79173],[-80.20466,25.79162],[-80.20449,25.79166],[-80.20438,25.79181],[-80.20489,25.79273],[-80.20495,25.7932],[-80.20485,25.79316],[-80.20455,25.79338],[-80.20427,25.79344],[-80.20432,25.79355],[-80.20379,25.79376],[-80.20374,25.79389],[-80.20334,25.79382],[-80.20333,25.79406],[-80.20292,25.79412],[-80.20288,25.7943],[-80.20272,25.79408],[-80.2026,25.79411],[-80.20252,25.79437],[-80.20235,25.79435],[-80.20224,25.79421],[-80.20206,25.79439],[-80.20206,25.79432],[-80.20194,25.79431]]],[[[-80.20258,25.80559],[-80.20267,25.80551],[-80.20315,25.80548],[-80.20313,25.80494],[-80.20267,25.80538],[-80.20265,25.8052],[-80.20286,25.80492],[-80.20315,25.80484],[-80.20309,25.80469],[-80.20295,25.80467],[-80.20342,25.80465],[-80.2034,25.80416],[-80.20344,25.80436],[-80.2035,25.80415],[-80.20342,25.80395],[-80.20353,25.80376],[-80.20343,25.80365],[-80.20376,25.80349],[-80.20384,25.80327],[-80.20405,25.80314],[-80.20416,25.80287],[-80.20402,25.80278],[-80.20405,25.80259],[-80.20418,25.80244],[-80.20451,25.80235],[-80.20467,25.80214],[-80.20482,25.80234],[-80.20497,25.80227],[-80.20507,25.80182],[-80.20526,25.80189],[-80.20528,25.80161],[-80.20536,25.80328],[-80.20541,25.80351],[-80.2056,25.80367],[-80.2054,25.80392],[-80.20541,25.80545],[-80.20535,25.80547],[-80.2052,25.80524],[-80.20531,25.80515],[-80.20521,25.80511],[-80.20514,25.80474],[-80.20486,25.80491],[-80.205,25.80507],[-80.20492,25.80518],[-80.20476,25.80508],[-80.20468,25.80528],[-80.20479,25.80537],[-80.20438,25.80543],[-80.20428,25.80561],[-80.20408,25.80555],[-80.20398,25.80563],[-80.20391,25.80547],[-80.20375,25.8054],[-80.2037,25.80508],[-80.20354,25.80486],[-80.20345,25.80494],[-80.20345,25.80522],[-80.20348,25.8055],[-80.2036,25.80562],[-80.2035,25.80571],[-80.20348,25.80615],[-80.20342,25.80621],[-80.20336,25.80573],[-80.20323,25.80583],[-80.20319,25.80616],[-80.20297,25.80584],[-80.20311,25.80575],[-80.20309,25.80568],[-80.20281,25.80567],[-80.20295,25.80591],[-80.20282,25.80605],[-80.20291,25.8062],[-80.20289,25.80633],[-80.20258,25.80559]]],[[[-80.2009,25.80944],[-80.20111,25.80933],[-80.20102,25.80915],[-80.20122,25.80897],[-80.20123,25.80837],[-80.20136,25.8082],[-80.20146,25.80831],[-80.20169,25.80828],[-80.2016,25.808],[-80.20175,25.80782],[-80.20181,25.80754],[-80.20195,25.80759],[-80.20188,25.80739],[-80.20218,25.80732],[-80.20203,25.80713],[-80.20219,25.8069],[-80.20228,25.80701],[-80.20258,25.80681],[-80.20281,25.80699],[-80.20285,25.80694],[-80.20281,25.80679],[-80.20252,25.80659],[-80.20228,25.80665],[-80.20193,25.80657],[-80.2022,25.80636],[-80.20228,25.80613],[-80.2026,25.806],[-80.20273,25.80645],[-80.20321,25.8064],[-80.20318,25.80657],[-80.20301,25.8066],[-80.20324,25.80672],[-80.20336,25.80696],[-80.20332,25.80704],[-80.20299,25.80711],[-80.203,25.80735],[-80.20322,25.80736],[-80.20323,25.80713],[-80.20334,25.80709],[-80.20331,25.80721],[-80.20343,25.80716],[-80.20346,25.80693],[-80.20359,25.80687],[-80.20366,25.807],[-80.20352,25.80717],[-80.20367,25.80733],[-80.20385,25.8072],[-80.20397,25.80723],[-80.20415,25.80703],[-80.20432,25.80699],[-80.2043,25.80692],[-80.20506,25.8069],[-80.20515,25.80667],[-80.20504,25.80655],[-80.2037,25.80652],[-80.20362,25.80645],[-80.205,25.80626],[-80.20509,25.80596],[-80.20526,25.80613],[-80.20527,25.80574],[-80.20532,25.80565],[-80.20539,25.80568],[-80.20549,25.80624],[-80.20569,25.80645],[-80.20546,25.8066],[-80.20546,25.80824],[-80.2052,25.80848],[-80.20442,25.8085],[-80.20425,25.80859],[-80.20398,25.80851],[-80.20396,25.80843],[-80.20389,25.80849],[-80.20368,25.80831],[-80.20399,25.80824],[-80.20402,25.80813],[-80.20418,25.80821],[-80.20413,25.80796],[-80.20385,25.80778],[-80.20372,25.80754],[-80.20356,25.80752],[-80.20344,25.80794],[-80.20333,25.808],[-80.20316,25.80788],[-80.20323,25.80779],[-80.20335,25.80782],[-80.20334,25.80769],[-80.20324,25.80771],[-80.20324,25.80753],[-80.20293,25.80749],[-80.20295,25.80766],[-80.20283,25.80767],[-80.20278,25.80754],[-80.20246,25.80794],[-80.20256,25.8081],[-80.2024,25.8083],[-80.20303,25.80825],[-80.20322,25.80839],[-80.20298,25.80832],[-80.20276,25.80845],[-80.20261,25.80841],[-80.20238,25.80868],[-80.2024,25.80857],[-80.20227,25.80854],[-80.20244,25.80891],[-80.20237,25.8092],[-80.20257,25.80923],[-80.20149,25.80929],[-80.20119,25.80946],[-80.2009,25.80944]]],[[[-80.20235,25.83007],[-80.20212,25.83028],[-80.20159,25.83032],[-80.20151,25.83054],[-80.20115,25.83074],[-80.20067,25.83082],[-80.20033,25.83106],[-80.20023,25.8309],[-80.1995,25.83133],[-80.19943,25.83173],[-80.19924,25.83176],[-80.19913,25.83216],[-80.19893,25.83231],[-80.19911,25.8327],[-80.19971,25.8329],[-80.20024,25.83331],[-80.20055,25.83386],[-80.20087,25.83412],[-80.20052,25.83434],[-80.20077,25.83539],[-80.20071,25.83577],[-80.20079,25.83609],[-80.20061,25.83625],[-80.19998,25.83633],[-80.20009,25.83668],[-80.1999,25.83764],[-80.19993,25.83912],[-80.19981,25.83945],[-80.19936,25.83961],[-80.19886,25.83962],[-80.1987,25.83986],[-80.19874,25.84016],[-80.19819,25.84021],[-80.19816,25.84046],[-80.19791,25.8405],[-80.19694,25.84016],[-80.19662,25.8399],[-80.19616,25.83975],[-80.19589,25.83975],[-80.19572,25.83995],[-80.19548,25.83987],[-80.19511,25.83959],[-80.19479,25.83968],[-80.19468,25.83958],[-80.19472,25.83877],[-80.1948,25.83849],[-80.195,25.83838],[-80.19511,25.83808],[-80.19518,25.83823],[-80.19576,25.83856],[-80.19592,25.83841],[-80.19631,25.83849],[-80.19646,25.83836],[-80.19662,25.83837],[-80.19693,25.83879],[-80.19723,25.83901],[-80.19734,25.83887],[-80.19766,25.83889],[-80.19802,25.8387],[-80.19845,25.83888],[-80.19867,25.83878],[-80.19867,25.83851],[-80.19839,25.83823],[-80.19792,25.83748],[-80.19816,25.83751],[-80.19855,25.83723],[-80.1985,25.83686],[-80.19816,25.83679],[-80.19778,25.83659],[-80.19744,25.83593],[-80.19756,25.83595],[-80.19772,25.83577],[-80.19767,25.83558],[-80.19787,25.83567],[-80.19817,25.83494],[-80.19786,25.8347],[-80.19756,25.83478],[-80.19756,25.83438],[-80.19778,25.83429],[-80.19788,25.83414],[-80.19818,25.83435],[-80.19847,25.83437],[-80.19828,25.83411],[-80.19837,25.83347],[-80.1982,25.83312],[-80.19784,25.83296],[-80.19733,25.83295],[-80.19712,25.83311],[-80.19666,25.83374],[-80.19641,25.83388],[-80.19635,25.83408],[-80.19607,25.83438],[-80.19583,25.83445],[-80.19574,25.83456],[-80.19528,25.83453],[-80.19501,25.83465],[-80.19892,25.83159],[-80.2014,25.83016],[-80.20221,25.83003],[-80.20235,25.83007]]],[[[-80.20914,25.84666],[-80.20881,25.84665],[-80.20843,25.84651],[-80.20833,25.84673],[-80.20813,25.84667],[-80.20806,25.84545],[-80.20782,25.84515],[-80.2078,25.84489],[-80.20752,25.84461],[-80.2074,25.84398],[-80.20753,25.84387],[-80.20796,25.84406],[-80.20824,25.84433],[-80.20834,25.84545],[-80.20875,25.84638],[-80.20891,25.84643],[-80.2089,25.84628],[-80.20911,25.8459],[-80.20914,25.84666]]],[[[-80.20612,25.84634],[-80.20574,25.84571],[-80.2058,25.84516],[-80.20572,25.84469],[-80.2054,25.84463],[-80.20519,25.84433],[-80.20519,25.84411],[-80.20542,25.84413],[-80.20571,25.84453],[-80.20579,25.84436],[-80.20575,25.84409],[-80.20601,25.84398],[-80.20632,25.8443],[-80.20636,25.84461],[-80.20662,25.84485],[-80.20667,25.84516],[-80.20696,25.84543],[-80.20692,25.84655],[-80.20658,25.8465],[-80.2063,25.84689],[-80.20612,25.84634]]],[[[-80.20811,25.85184],[-80.20778,25.85205],[-80.20772,25.85176],[-80.20779,25.85149],[-80.20809,25.85167],[-80.20815,25.85154],[-80.2084,25.85165],[-80.20854,25.85205],[-80.20881,25.85232],[-80.20863,25.85283],[-80.20885,25.85317],[-80.20876,25.85344],[-80.20916,25.85371],[-80.20905,25.85376],[-80.20916,25.85398],[-80.20901,25.85408],[-80.20867,25.8541],[-80.20825,25.85371],[-80.20826,25.85232],[-80.20811,25.85184]]],[[[-80.18196,25.74742],[-80.18145,25.74746],[-80.18139,25.74663],[-80.18196,25.74742]]],[[[-80.15231,25.80889],[-80.15675,25.80875],[-80.15801,25.80878],[-80.1613,25.80908],[-80.16532,25.80916],[-80.16871,25.80909],[-80.1717,25.80919],[-80.17359,25.80911],[-80.17554,25.8104],[-80.17578,25.81066],[-80.1738,25.81212],[-80.17229,25.81215],[-80.16961,25.81204],[-80.16879,25.8121],[-80.16066,25.81205],[-80.15933,25.81254],[-80.15749,25.81263],[-80.1567,25.81281],[-80.15612,25.81283],[-80.1553,25.8126],[-80.1547,25.81218],[-80.15431,25.81203],[-80.15254,25.81207],[-80.15205,25.81201],[-80.15198,25.81062],[-80.15222,25.80924],[-80.15231,25.80889]]]]}},{"type":"Feature","properties":{"step":3},"geometry":{"type":"MultiPolygon","coordinates":[[[[-80.26341,25.70528],[-80.26324,25.7051],[-80.26329,25.70489],[-80.26317,25.70475],[-80.26326,25.70469],[-80.26342,25.70477],[-80.26339,25.7044],[-80.26365,25.7045],[-80.26375,25.70436],[-80.26388,25.70441],[-80.26397,25.7043],[-80.2642,25.7043],[-80.2643,25.70419],[-80.26443,25.70419],[-80.26445,25.70402],[-80.26423,25.70392],[-80.26479,25.70379],[-80.26482,25.70342],[-80.26511,25.70373],[-80.2651,25.70427],[-80.26528,25.7044],[-80.26518,25.70463],[-80.26539,25.70477],[-80.26551,25.70476],[-80.26554,25.70467],[-80.26554,25.70477],[-80.26574,25.70492],[-80.26582,25.70476],[-80.26596,25.7047],[-80.26597,25.70449],[-80.26574,25.70429],[-80.26592,25.70394],[-80.26608,25.70389],[-80.26622,25.70395],[-80.26629,25.70412],[-80.26644,25.70408],[-80.26632,25.70377],[-80.26601,25.70353],[-80.26611,25.70337],[-80.26629,25.70344],[-80.26641,25.70328],[-80.26633,25.70315],[-80.26612,25.70317],[-80.26635,25.70311],[-80.26639,25.70298],[-80.26616,25.70274],[-80.26589,25.70288],[-80.26523,25.70282],[-80.26511,25.70288],[-80.26514,25.70303],[-80.26504,25.703],[-80.26509,25.70312],[-80.26503,25.70317],[-80.26463,25.70284],[-80.26459,25.70306],[-80.26449,25.70281],[-80.2642,25.70293],[-80.26411,25.7028],[-80.26395,25.70276],[-80.26456,25.70254],[-80.26463,25.70264],[-80.2648,25.70264],[-80.2649,25.70222],[-80.26473,25.70194],[-80.26523,25.70183],[-80.26545,25.70195],[-80.26559,25.70204],[-80.26547,25.70197],[-80.26532,25.70205],[-80.26507,25.702],[-80.26512,25.70263],[-80.2656,25.70257],[-80.2657,25.70264],[-80.26568,25.70242],[-80.26589,25.70223],[-80.267,25.70314],[-80.26702,25.70343],[-80.2671,25.70343],[-80.26711,25.70325],[-80.26724,25.7034],[-80.26717,25.70357],[-80.26689,25.70359],[-80.26713,25.70384],[-80.2668,25.70366],[-80.26673,25.70388],[-80.26684,25.70402],[-80.26668,25.70408],[-80.26663,25.70437],[-80.26685,25.70438],[-80.26703,25.70413],[-80.26741,25.70409],[-80.26751,25.70397],[-80.26771,25.70406],[-80.26758,25.70378],[-80.26862,25.70513],[-80.26746,25.70516],[-80.2663,25.70522],[-80.26623,25.70521],[-80.26638,25.7052],[-80.26629,25.70515],[-80.26597,25.70524],[-80.26571,25.70512],[-80.26566,25.70522],[-80.26583,25.70524],[-80.26471,25.70528],[-80.26448,25.70519],[-80.2643,25.70529],[-80.26341,25.70528]]],[[[-80.26685,25.7082],[-80.26679,25.70797],[-80.26658,25.70795],[-80.26604,25.70813],[-80.2659,25.70795],[-80.26565,25.70788],[-80.26559,25.70773],[-80.26535,25.70772],[-80.26513,25.70745],[-80.26521,25.70725],[-80.26536,25.70748],[-80.26582,25.70752],[-80.26581,25.70746],[-80.26559,25.7075],[-80.26555,25.70739],[-80.26561,25.70712],[-80.26578,25.70697],[-80.26576,25.70669],[-80.266,25.70689],[-80.26601,25.70722],[-80.26595,25.70725],[-80.26603,25.70764],[-80.26656,25.70789],[-80.26671,25.70784],[-80.26653,25.70746],[-80.2667,25.70712],[-80.26653,25.70703],[-80.2666,25.70689],[-80.26635,25.7068],[-80.26658,25.70676],[-80.26667,25.70662],[-80.26639,25.70648],[-80.26659,25.7062],[-80.26651,25.70603],[-80.26661,25.70594],[-80.26647,25.70571],[-80.2666,25.70531],[-80.26674,25.70532],[-80.26676,25.70548],[-80.26699,25.70567],[-80.26677,25.70639],[-80.26683,25.70656],[-80.26675,25.7066],[-80.26697,25.70683],[-80.26686,25.70695],[-80.26675,25.70693],[-80.26692,25.70705],[-80.26675,25.70725],[-80.26685,25.70764],[-80.26681,25.70785],[-80.26699,25.70808],[-80.26699,25.70824],[-80.26685,25.7082]]],[[[-80.26574,25.71996],[-80.26534,25.7199],[-80.26523,25.71972],[-80.26539,25.71964],[-80.26551,25.71943],[-80.2652,25.7193],[-80.26496,25.71891],[-80.2651,25.71872],[-80.26493,25.7186],[-80.26491,25.71847],[-80.265,25.71838],[-80.26529,25.7184],[-80.26549,25.71824],[-80.26538,25.71813],[-80.2653,25.71826],[-80.26509,25.71805],[-80.26521,25.71788],[-80.26548,25.71792],[-80.26549,25.71775],[-80.26539,25.71763],[-80.26515,25.71772],[-80.26507,25.71748],[-80.26495,25.71742],[-80.26506,25.71737],[-80.26525,25.71745],[-80.26524,25.71734],[-80.26494,25.71723],[-80.26498,25.71733],[-80.26488,25.71741],[-80.26477,25.71729],[-80.26493,25.71709],[-80.2649,25.71698],[-80.26506,25.71706],[-80.26509,25.71694],[-80.26495,25.7168],[-80.26497,25.71654],[-80.26488,25.71655],[-80.26466,25.71632],[-80.26465,25.7162],[-80.26493,25.71598],[-80.26493,25.71579],[-80.26505,25.7157],[-80.26471,25.71551],[-80.26467,25.7156],[-80.26449,25.71559],[-80.26434,25.7157],[-80.26413,25.71567],[-80.26424,25.71544],[-80.26447,25.71551],[-80.26482,25.71538],[-80.26478,25.71514],[-80.26492,25.71521],[-80.26509,25.71509],[-80.26523,25.71532],[-80.2653,25.71521],[-80.26506,25.71505],[-80.26502,25.71491],[-80.26479,25.71492],[-80.26464,25.71482],[-80.26427,25.71498],[-80.26402,25.7149],[-80.26385,25.71501],[-80.26342,25.71447],[-80.26357,25.71442],[-80.26364,25.71461],[-80.2638,25.7147],[-80.26403,25.71468],[-80.2641,25.71453],[-80.26433,25.7147],[-80.26473,25.71461],[-80.26487,25.71469],[-80.26501,25.71458],[-80.2654,25.71457],[-80.2654,25.71418],[-80.26524,25.71409],[-80.26504,25.71417],[-80.26497,25.71412],[-80.26508,25.71393],[-80.26521,25.71402],[-80.2653,25.7139],[-80.26537,25.71378],[-80.26526,25.71359],[-80.26537,25.7135],[-80.26518,25.71339],[-80.26494,25.71342],[-80.26497,25.71327],[-80.26487,25.71322],[-80.26521,25.71313],[-80.26549,25.71277],[-80.26565,25.71289],[-80.26556,25.71307],[-80.26546,25.713],[-80.26554,25.71309],[-80.26549,25.71317],[-80.26586,25.71325],[-80.26598,25.71355],[-80.26608,25.71347],[-80.26636,25.71352],[-80.2663,25.71375],[-80.266,25.71358],[-80.26593,25.71362],[-80.26591,25.71385],[-80.266,25.71398],[-80.2658,25.71394],[-80.26569,25.71404],[-80.26567,25.71433],[-80.26581,25.71455],[-80.26595,25.7146],[-80.26587,25.7148],[-80.26573,25.71477],[-80.26575,25.71509],[-80.26584,25.71531],[-80.26599,25.71527],[-80.26609,25.71536],[-80.26589,25.7154],[-80.26603,25.71552],[-80.26578,25.7157],[-80.26596,25.71582],[-80.26619,25.71554],[-80.26618,25.71539],[-80.26634,25.71545],[-80.26633,25.71534],[-80.26642,25.71534],[-80.26646,25.71549],[-80.26665,25.7154],[-80.26674,25.71559],[-80.26655,25.71568],[-80.26674,25.71606],[-80.26664,25.71619],[-80.26656,25.71666],[-80.26671,25.71685],[-80.26658,25.71693],[-80.26657,25.71706],[-80.26585,25.71713],[-80.26615,25.71734],[-80.26613,25.71743],[-80.2659,25.71741],[-80.26591,25.71757],[-80.26583,25.71756],[-80.266,25.71774],[-80.26599,25.71804],[-80.26609,25.71819],[-80.26571,25.71838],[-80.26607,25.71872],[-80.26598,25.71878],[-80.2661,25.71895],[-80.26593,25.71902],[-80.26585,25.7192],[-80.26583,25.7195],[-80.26595,25.71974],[-80.26577,25.71971],[-80.26574,25.71996]]],[[[-80.26269,25.75294],[-80.26262,25.75288],[-80.26268,25.75285],[-80.26269,25.75294]]],[[[-80.26274,25.75511],[-80.26272,25.75502],[-80.26273,25.75497],[-80.26274,25.75511]]],[[[-80.30076,25.75597],[-80.30053,25.75606],[-80.30047,25.75598],[-80.30076,25.75597]]],[[[-80.29808,25.75604],[-80.29801,25.75611],[-80.29784,25.75604],[-80.29808,25.75604]]],[[[-80.29779,25.75604],[-80.29766,25.7563],[-80.29754,25.75622],[-80.29756,25.75613],[-80.29728,25.75609],[-80.29779,25.75604]]],[[[-80.29479,25.75613],[-80.29475,25.75619],[-80.29469,25.75613],[-80.29479,25.75613]]],[[[-80.31571,25.75679],[-80.31543,25.75686],[-80.31504,25.75673],[-80.31509,25.75699],[-80.31535,25.75702],[-80.31531,25.75713],[-80.31513,25.7571],[-80.31518,25.75729],[-80.31484,25.757],[-80.31442,25.7571],[-80.31381,25.75703],[-80.31374,25.75691],[-80.31366,25.75694],[-80.31362,25.75672],[-80.31343,25.75669],[-80.31337,25.7566],[-80.31332,25.75667],[-80.31303,25.75663],[-80.31252,25.75672],[-80.31208,25.75665],[-80.31208,25.75672],[-80.31175,25.75691],[-80.31164,25.75686],[-80.31162,25.75673],[-80.31142,25.75672],[-80.31131,25.75656],[-80.31127,25.75663],[-80.31077,25.75653],[-80.31061,25.75672],[-80.31077,25.75699],[-80.31154,25.7569],[-80.31174,25.75709],[-80.31009,25.75717],[-80.30992,25.75712],[-80.30993,25.75705],[-80.31022,25.75697],[-80.31033,25.75686],[-80.31038,25.75634],[-80.31047,25.75636],[-80.31043,25.75623],[-80.31026,25.7562],[-80.30984,25.75696],[-80.30965,25.75707],[-80.30935,25.75686],[-80.30921,25.75692],[-80.30921,25.75708],[-80.30905,25.75708],[-80.30897,25.75683],[-80.30836,25.75699],[-80.30806,25.75683],[-80.30787,25.75688],[-80.30782,25.75733],[-80.30775,25.75676],[-80.30746,25.75649],[-80.30726,25.75661],[-80.30729,25.75676],[-80.30714,25.75663],[-80.30695,25.75661],[-80.30661,25.75669],[-80.30591,25.75641],[-80.30628,25.75632],[-80.30625,25.75612],[-80.30615,25.75621],[-80.30588,25.75616],[-80.30581,25.75638],[-80.3056,25.75618],[-80.30536,25.7563],[-80.30526,25.75626],[-80.30519,25.75615],[-80.30533,25.75614],[-80.30533,25.75607],[-80.30516,25.75587],[-80.30492,25.75584],[-80.30514,25.75606],[-80.30512,25.75615],[-80.30463,25.75614],[-80.30459,25.75585],[-80.30482,25.75602],[-80.30493,25.75593],[-80.30475,25.75584],[-80.31569,25.7555],[-80.31571,25.75679]]],[[[-80.29485,25.75612],[-80.29723,25.75609],[-80.2969,25.75618],[-80.2958,25.7562],[-80.29583,25.75684],[-80.29616,25.757],[-80.29585,25.757],[-80.29571,25.75726],[-80.29568,25.75756],[-80.29564,25.75706],[-80.29539,25.75691],[-80.29557,25.75682],[-80.29561,25.75635],[-80.29551,25.75621],[-80.29485,25.75612]]],[[[-80.30043,25.75602],[-80.30035,25.7561],[-80.30015,25.75604],[-80.30001,25.7561],[-80.30046,25.75623],[-80.30087,25.75623],[-80.30111,25.75615],[-80.30157,25.75621],[-80.30164,25.75594],[-80.30182,25.75594],[-80.30177,25.75619],[-80.30206,25.75649],[-80.30213,25.75639],[-80.30221,25.7564],[-80.30219,25.75631],[-80.30233,25.75637],[-80.30243,25.75614],[-80.30254,25.75636],[-80.30252,25.75661],[-80.30267,25.75663],[-80.30275,25.75677],[-80.30288,25.75669],[-80.30304,25.75679],[-80.30303,25.75689],[-80.30288,25.75689],[-80.30292,25.75755],[-80.30359,25.75751],[-80.30351,25.75726],[-80.30357,25.75687],[-80.30322,25.75682],[-80.30308,25.75667],[-80.30318,25.7566],[-80.30349,25.75662],[-80.30364,25.7565],[-80.30372,25.7566],[-80.30378,25.75642],[-80.30399,25.75654],[-80.30375,25.75674],[-80.3038,25.75713],[-80.30398,25.75725],[-80.30381,25.75743],[-80.30383,25.75788],[-80.30398,25.75797],[-80.30383,25.75818],[-80.30387,25.75858],[-80.30402,25.75867],[-80.30401,25.75878],[-80.30385,25.75885],[-80.30387,25.7593],[-80.3041,25.75938],[-80.30411,25.75947],[-80.30395,25.75951],[-80.30385,25.75964],[-80.30378,25.75952],[-80.30371,25.75961],[-80.30364,25.75951],[-80.30288,25.75962],[-80.30294,25.75976],[-80.30285,25.75974],[-80.30281,25.75986],[-80.30284,25.76058],[-80.30289,25.76074],[-80.30307,25.76088],[-80.3029,25.7609],[-80.30284,25.76109],[-80.30297,25.76117],[-80.30282,25.76118],[-80.30317,25.76126],[-80.30319,25.76133],[-80.30245,25.76141],[-80.30252,25.76151],[-80.30248,25.76176],[-80.30228,25.7623],[-80.30265,25.76237],[-80.30275,25.7625],[-80.30198,25.76289],[-80.30241,25.7629],[-80.30242,25.76296],[-80.30199,25.76302],[-80.30193,25.76284],[-80.30185,25.76283],[-80.30178,25.76302],[-80.30163,25.76303],[-80.3015,25.763],[-80.30148,25.76285],[-80.30128,25.7629],[-80.30122,25.76276],[-80.30122,25.76302],[-80.30145,25.76305],[-80.30019,25.76309],[-80.30035,25.76303],[-80.30027,25.7628],[-80.30002,25.76279],[-80.30014,25.76277],[-80.29997,25.76248],[-80.29966,25.76234],[-80.29958,25.76242],[-80.29862,25.76241],[-80.29863,25.7626],[-80.2985,25.76274],[-80.2982,25.76276],[-80.29801,25.76266],[-80.29814,25.76291],[-80.29806,25.76296],[-80.29794,25.76255],[-80.29801,25.76249],[-80.29785,25.7622],[-80.29799,25.76227],[-80.29883,25.76217],[-80.29899,25.76224],[-80.29914,25.76211],[-80.29921,25.76218],[-80.2997,25.76221],[-80.29988,25.76236],[-80.29994,25.76221],[-80.30005,25.76223],[-80.30003,25.76215],[-80.30019,25.76218],[-80.30036,25.7621],[-80.30004,25.76183],[-80.29994,25.76186],[-80.29982,25.76216],[-80.29976,25.76175],[-80.29966,25.76163],[-80.29877,25.7616],[-80.29889,25.76145],[-80.29906,25.76156],[-80.29914,25.76148],[-80.2997,25.76144],[-80.29978,25.76135],[-80.29976,25.76097],[-80.29959,25.76083],[-80.29885,25.76097],[-80.29845,25.76083],[-80.29831,25.76094],[-80.29795,25.76088],[-80.29788,25.76117],[-80.29795,25.76148],[-80.29829,25.76145],[-80.29843,25.76152],[-80.29866,25.76143],[-80.29875,25.76158],[-80.29832,25.76161],[-80.2983,25.76169],[-80.2982,25.76161],[-80.29785,25.76168],[-80.29793,25.76181],[-80.29789,25.76214],[-80.2977,25.7617],[-80.2971,25.7616],[-80.29733,25.76153],[-80.29766,25.76157],[-80.29775,25.76135],[-80.29767,25.76118],[-80.2977,25.76095],[-80.29753,25.76089],[-80.29668,25.76103],[-80.29653,25.76097],[-80.29605,25.76101],[-80.29593,25.76109],[-80.2959,25.76139],[-80.29615,25.76161],[-80.29619,25.76154],[-80.29683,25.76156],[-80.29691,25.76163],[-80.29646,25.76164],[-80.29642,25.76174],[-80.29624,25.76177],[-80.29601,25.76171],[-80.29586,25.76184],[-80.29586,25.76278],[-80.29571,25.76268],[-80.29572,25.76255],[-80.29546,25.76248],[-80.29558,25.76234],[-80.29549,25.76212],[-80.29527,25.76212],[-80.29524,25.76226],[-80.29511,25.76227],[-80.29504,25.76213],[-80.29488,25.76211],[-80.29487,25.76247],[-80.29531,25.76245],[-80.29536,25.76255],[-80.29522,25.76265],[-80.29488,25.76263],[-80.29484,25.76273],[-80.29457,25.76277],[-80.29449,25.76311],[-80.29437,25.7631],[-80.29436,25.76286],[-80.2942,25.76288],[-80.29397,25.76262],[-80.29395,25.76241],[-80.29374,25.7623],[-80.29369,25.7625],[-80.29353,25.76249],[-80.29336,25.76277],[-80.29308,25.76286],[-80.29292,25.76281],[-80.29289,25.76294],[-80.29257,25.76291],[-80.29261,25.7626],[-80.29285,25.76251],[-80.29286,25.76219],[-80.2932,25.762],[-80.29323,25.7618],[-80.2934,25.76195],[-80.29339,25.76184],[-80.29349,25.76183],[-80.29368,25.76153],[-80.29371,25.76124],[-80.29357,25.76117],[-80.29374,25.76106],[-80.29383,25.76113],[-80.2943,25.761],[-80.29424,25.76091],[-80.29399,25.76088],[-80.29412,25.76076],[-80.29429,25.7608],[-80.29458,25.76065],[-80.29473,25.7607],[-80.29474,25.76054],[-80.2944,25.76049],[-80.29439,25.76035],[-80.29516,25.76018],[-80.29566,25.76023],[-80.29567,25.75977],[-80.29557,25.75971],[-80.29519,25.75973],[-80.29525,25.75964],[-80.29535,25.7597],[-80.29568,25.75963],[-80.29563,25.75923],[-80.29575,25.75901],[-80.29576,25.75923],[-80.29567,25.7592],[-80.29577,25.75941],[-80.29591,25.75945],[-80.29583,25.75956],[-80.29582,25.75992],[-80.29594,25.76004],[-80.29768,25.75995],[-80.29763,25.75965],[-80.29739,25.75949],[-80.29717,25.75954],[-80.29681,25.75941],[-80.29631,25.75944],[-80.29611,25.75934],[-80.29618,25.75926],[-80.29632,25.75932],[-80.29708,25.75916],[-80.29741,25.75919],[-80.29732,25.75899],[-80.29717,25.75893],[-80.2972,25.75882],[-80.29733,25.75878],[-80.29759,25.75887],[-80.29732,25.75871],[-80.29642,25.75863],[-80.29642,25.7585],[-80.29692,25.75844],[-80.29669,25.7583],[-80.29677,25.75805],[-80.29726,25.75814],[-80.29741,25.75801],[-80.29756,25.75824],[-80.29766,25.75804],[-80.29763,25.75794],[-80.29725,25.75787],[-80.29668,25.75788],[-80.29687,25.75773],[-80.29728,25.75768],[-80.29727,25.75759],[-80.29724,25.75766],[-80.29708,25.75766],[-80.29685,25.75756],[-80.29687,25.75738],[-80.29708,25.75717],[-80.29736,25.75727],[-80.29729,25.75754],[-80.29736,25.75763],[-80.29758,25.75769],[-80.29768,25.75755],[-80.2976,25.75704],[-80.29711,25.75699],[-80.29699,25.75692],[-80.297,25.75683],[-80.29714,25.75691],[-80.29719,25.75685],[-80.2976,25.75683],[-80.29772,25.75666],[-80.29778,25.75679],[-80.29794,25.75684],[-80.29931,25.75676],[-80.29956,25.75682],[-80.29962,25.75654],[-80.29954,25.7561],[-80.29901,25.75611],[-80.29893,25.75619],[-80.29816,25.75611],[-80.29812,25.75604],[-80.30043,25.75602]],[[-80.29799,25.75845],[-80.29831,25.75844],[-80.29854,25.75833],[-80.29875,25.75838],[-80.29875,25.7583],[-80.29856,25.7583],[-80.29847,25.75815],[-80.29837,25.75818],[-80.29838,25.75809],[-80.29862,25.75805],[-80.29886,25.75806],[-80.29898,25.75827],[-80.29889,25.75831],[-80.29905,25.75843],[-80.29912,25.75835],[-80.29933,25.75838],[-80.29943,25.75815],[-80.29955,25.75817],[-80.29947,25.75824],[-80.2996,25.7583],[-80.29966,25.7578],[-80.29979,25.75776],[-80.2996,25.7577],[-80.29964,25.75728],[-80.29955,25.75694],[-80.29893,25.757],[-80.29887,25.7569],[-80.29863,25.75688],[-80.2982,25.75694],[-80.29818,25.75703],[-80.29794,25.75699],[-80.29797,25.75711],[-80.29776,25.75704],[-80.29785,25.75723],[-80.2978,25.75747],[-80.29787,25.75772],[-80.2979,25.75764],[-80.29838,25.75773],[-80.29915,25.75766],[-80.29925,25.75773],[-80.29938,25.75766],[-80.29958,25.75777],[-80.29883,25.75785],[-80.29872,25.75794],[-80.29851,25.75785],[-80.29791,25.75786],[-80.29782,25.75795],[-80.29799,25.75845]]],[[[-80.27324,25.76391],[-80.2732,25.764],[-80.27326,25.76384],[-80.27343,25.76387],[-80.27331,25.76363],[-80.27356,25.76354],[-80.27369,25.76335],[-80.27368,25.76325],[-80.27355,25.7632],[-80.2735,25.76291],[-80.27361,25.76232],[-80.27315,25.76177],[-80.273,25.76134],[-80.27302,25.761],[-80.2729,25.7608],[-80.27264,25.76066],[-80.27275,25.76045],[-80.27275,25.76017],[-80.27251,25.76001],[-80.27259,25.75955],[-80.27205,25.75934],[-80.27208,25.75918],[-80.27236,25.75913],[-80.27185,25.75903],[-80.27111,25.75859],[-80.27109,25.75829],[-80.27124,25.75814],[-80.27126,25.75796],[-80.27099,25.75795],[-80.27103,25.75782],[-80.27116,25.75785],[-80.27102,25.75741],[-80.27088,25.75728],[-80.27102,25.75706],[-80.2707,25.75697],[-80.2726,25.75689],[-80.2726,25.75708],[-80.27285,25.75722],[-80.2727,25.7572],[-80.27271,25.75734],[-80.27253,25.7576],[-80.27304,25.75781],[-80.2731,25.75774],[-80.27332,25.75782],[-80.27348,25.75769],[-80.27364,25.75777],[-80.27353,25.75763],[-80.27362,25.75751],[-80.27381,25.75765],[-80.27351,25.75719],[-80.27363,25.75708],[-80.27372,25.75712],[-80.27374,25.75704],[-80.27388,25.75704],[-80.27403,25.75714],[-80.27391,25.75712],[-80.27416,25.7577],[-80.27513,25.7577],[-80.27538,25.7574],[-80.27569,25.75779],[-80.27621,25.75772],[-80.27639,25.75778],[-80.27645,25.75798],[-80.27665,25.75804],[-80.27705,25.75786],[-80.27751,25.7581],[-80.27788,25.75785],[-80.27799,25.75799],[-80.27818,25.75792],[-80.27844,25.75802],[-80.27869,25.75797],[-80.27872,25.75783],[-80.27874,25.758],[-80.27885,25.75807],[-80.27934,25.75809],[-80.27941,25.75792],[-80.27956,25.75802],[-80.27964,25.75795],[-80.28009,25.7582],[-80.28014,25.75808],[-80.28042,25.75818],[-80.28052,25.75802],[-80.28078,25.75819],[-80.28103,25.75811],[-80.28132,25.75817],[-80.28137,25.75806],[-80.28188,25.75806],[-80.28205,25.75783],[-80.28258,25.7583],[-80.28276,25.75824],[-80.28275,25.75807],[-80.28298,25.7584],[-80.28316,25.75845],[-80.28323,25.75839],[-80.28317,25.75826],[-80.28343,25.75818],[-80.28345,25.75797],[-80.28364,25.75795],[-80.28349,25.7578],[-80.28382,25.75799],[-80.28409,25.75791],[-80.28456,25.75803],[-80.28456,25.75796],[-80.28479,25.7579],[-80.28495,25.75806],[-80.28523,25.75801],[-80.2853,25.75776],[-80.28513,25.75774],[-80.28534,25.75756],[-80.28545,25.75736],[-80.2854,25.75727],[-80.28569,25.75731],[-80.28612,25.75697],[-80.28604,25.75682],[-80.28613,25.7568],[-80.28606,25.75673],[-80.28619,25.75654],[-80.28616,25.7564],[-80.28645,25.75638],[-80.28645,25.75651],[-80.28634,25.75646],[-80.28635,25.75667],[-80.28673,25.75667],[-80.28661,25.75652],[-80.28671,25.75638],[-80.28686,25.75637],[-80.28687,25.75658],[-80.28714,25.7565],[-80.28739,25.75655],[-80.28751,25.75708],[-80.28731,25.75722],[-80.28742,25.75731],[-80.28726,25.75731],[-80.28718,25.75769],[-80.28727,25.7578],[-80.28726,25.75797],[-80.28738,25.75804],[-80.28753,25.75799],[-80.28747,25.75772],[-80.28754,25.75774],[-80.28757,25.75837],[-80.28727,25.75829],[-80.28728,25.75852],[-80.28743,25.75867],[-80.2874,25.75882],[-80.2869,25.75885],[-80.28691,25.75902],[-80.28706,25.75914],[-80.28679,25.75913],[-80.28665,25.75903],[-80.28675,25.75916],[-80.28668,25.75932],[-80.28648,25.75923],[-80.28638,25.75929],[-80.28622,25.75918],[-80.28621,25.75925],[-80.28603,25.75905],[-80.28578,25.75898],[-80.28571,25.75914],[-80.28552,25.75916],[-80.28533,25.75934],[-80.28521,25.75925],[-80.28528,25.75909],[-80.28543,25.75907],[-80.28524,25.75895],[-80.28493,25.75904],[-80.2847,25.75898],[-80.28472,25.75914],[-80.2844,25.75905],[-80.28447,25.75922],[-80.28436,25.75925],[-80.28428,25.75918],[-80.28432,25.75905],[-80.28409,25.75897],[-80.28397,25.75913],[-80.28367,25.75914],[-80.28372,25.75926],[-80.28351,25.75903],[-80.28319,25.75906],[-80.28304,25.75898],[-80.28289,25.75941],[-80.28281,25.75922],[-80.28268,25.7592],[-80.28264,25.7593],[-80.28253,25.75931],[-80.28236,25.7592],[-80.2823,25.75945],[-80.2822,25.75945],[-80.28224,25.75954],[-80.28215,25.75959],[-80.28228,25.75974],[-80.28221,25.75983],[-80.28136,25.75972],[-80.28116,25.75989],[-80.28091,25.75987],[-80.28085,25.76001],[-80.28111,25.76019],[-80.28109,25.76036],[-80.2809,25.76034],[-80.28078,25.76047],[-80.28085,25.76057],[-80.28076,25.76052],[-80.28069,25.7606],[-80.2806,25.76042],[-80.28044,25.7604],[-80.28031,25.76051],[-80.28014,25.76047],[-80.28028,25.76063],[-80.28008,25.7607],[-80.28001,25.76048],[-80.27968,25.76041],[-80.28022,25.76022],[-80.28049,25.76024],[-80.2806,25.76007],[-80.28053,25.75973],[-80.28038,25.75968],[-80.28024,25.75977],[-80.28016,25.75962],[-80.28005,25.75971],[-80.27995,25.75964],[-80.28008,25.75952],[-80.28051,25.75962],[-80.28059,25.75953],[-80.2805,25.75942],[-80.2807,25.75938],[-80.28057,25.75921],[-80.2806,25.75913],[-80.28009,25.75891],[-80.28024,25.75885],[-80.28049,25.759],[-80.28049,25.75878],[-80.28041,25.7587],[-80.28021,25.75881],[-80.27979,25.75868],[-80.27986,25.75898],[-80.27968,25.75899],[-80.27965,25.75909],[-80.27947,25.75899],[-80.27944,25.75913],[-80.27932,25.75913],[-80.27909,25.75934],[-80.27887,25.7591],[-80.27883,25.75923],[-80.2785,25.7592],[-80.27838,25.75943],[-80.27819,25.75935],[-80.27814,25.75948],[-80.27796,25.75955],[-80.27784,25.75943],[-80.27798,25.7593],[-80.27795,25.75915],[-80.27768,25.75912],[-80.27758,25.75927],[-80.27738,25.75912],[-80.27727,25.75924],[-80.27703,25.75926],[-80.27701,25.75948],[-80.27689,25.75949],[-80.27674,25.75925],[-80.27649,25.75922],[-80.27648,25.75944],[-80.27636,25.75944],[-80.27634,25.75957],[-80.27651,25.75975],[-80.27646,25.75982],[-80.27658,25.75997],[-80.27642,25.7599],[-80.27631,25.76004],[-80.27636,25.76033],[-80.27623,25.76051],[-80.27637,25.76074],[-80.27631,25.76103],[-80.27615,25.76117],[-80.27627,25.76129],[-80.27623,25.76145],[-80.2761,25.76145],[-80.27592,25.76131],[-80.27563,25.76131],[-80.2757,25.7615],[-80.27549,25.76161],[-80.27545,25.76191],[-80.27527,25.76171],[-80.27515,25.7617],[-80.27517,25.76181],[-80.27509,25.76167],[-80.27499,25.76169],[-80.27522,25.76202],[-80.27536,25.76208],[-80.2754,25.762],[-80.27558,25.76217],[-80.27571,25.76217],[-80.27566,25.76232],[-80.27574,25.7626],[-80.27566,25.76261],[-80.27569,25.7629],[-80.27582,25.76309],[-80.27571,25.76314],[-80.27581,25.76333],[-80.27583,25.76373],[-80.27552,25.76365],[-80.27532,25.76392],[-80.27491,25.76394],[-80.27478,25.76383],[-80.27468,25.76396],[-80.27344,25.764],[-80.2734,25.76391],[-80.27324,25.76391]]],[[[-80.28078,25.76191],[-80.28021,25.76165],[-80.28065,25.76162],[-80.28074,25.76137],[-80.28065,25.76116],[-80.28009,25.76116],[-80.27995,25.76127],[-80.27969,25.76113],[-80.27925,25.76117],[-80.27908,25.76103],[-80.27915,25.76098],[-80.27907,25.76088],[-80.27917,25.76076],[-80.27911,25.76064],[-80.27932,25.76075],[-80.27933,25.76089],[-80.27948,25.76098],[-80.27964,25.76083],[-80.27954,25.7607],[-80.27963,25.76063],[-80.27967,25.76077],[-80.28015,25.76097],[-80.28014,25.76088],[-80.28037,25.76082],[-80.28054,25.76095],[-80.28065,25.76094],[-80.28071,25.76089],[-80.28063,25.76079],[-80.28043,25.76075],[-80.28066,25.76069],[-80.28091,25.761],[-80.28097,25.76088],[-80.28114,25.76087],[-80.28113,25.76114],[-80.28092,25.76115],[-80.28088,25.76103],[-80.28066,25.76102],[-80.28088,25.76125],[-80.28078,25.76128],[-80.28089,25.76147],[-80.28082,25.76166],[-80.2811,25.76155],[-80.28136,25.76171],[-80.28139,25.76155],[-80.28158,25.76154],[-80.28164,25.76173],[-80.2813,25.76173],[-80.281,25.76189],[-80.28085,25.76179],[-80.28078,25.76191]]],[[[-80.26319,25.75945],[-80.26322,25.75855],[-80.26316,25.75843],[-80.26334,25.75845],[-80.26347,25.75836],[-80.26363,25.75857],[-80.26353,25.7587],[-80.26326,25.75878],[-80.26322,25.75908],[-80.2633,25.7592],[-80.26351,25.7591],[-80.2636,25.75921],[-80.26398,25.75929],[-80.26415,25.75923],[-80.26426,25.7593],[-80.26414,25.75947],[-80.26364,25.75942],[-80.26343,25.75956],[-80.26346,25.75964],[-80.2638,25.75977],[-80.26393,25.75967],[-80.26381,25.75961],[-80.26383,25.7595],[-80.26405,25.75976],[-80.26417,25.75975],[-80.26421,25.75962],[-80.26439,25.75971],[-80.2644,25.75982],[-80.26425,25.75977],[-80.26434,25.75987],[-80.26452,25.75986],[-80.26444,25.75976],[-80.26451,25.75964],[-80.26458,25.75981],[-80.26478,25.75983],[-80.2647,25.75956],[-80.26489,25.75956],[-80.26494,25.75943],[-80.26436,25.75938],[-80.26427,25.75924],[-80.26452,25.75921],[-80.26468,25.75931],[-80.26474,25.75918],[-80.26497,25.75917],[-80.26505,25.7589],[-80.26495,25.75875],[-80.26517,25.7586],[-80.26516,25.75842],[-80.26527,25.7585],[-80.26532,25.75835],[-80.26548,25.75847],[-80.26573,25.75838],[-80.26577,25.75855],[-80.26563,25.75859],[-80.26564,25.75874],[-80.26554,25.75876],[-80.26598,25.7589],[-80.26592,25.75905],[-80.26599,25.75932],[-80.26596,25.75943],[-80.26581,25.75934],[-80.26558,25.75944],[-80.26575,25.75955],[-80.26579,25.75942],[-80.26589,25.75942],[-80.26604,25.75967],[-80.26585,25.75963],[-80.26585,25.75977],[-80.26542,25.75986],[-80.26553,25.76009],[-80.2654,25.76026],[-80.26529,25.76023],[-80.26521,25.76055],[-80.26558,25.76082],[-80.26539,25.76091],[-80.26569,25.76102],[-80.26574,25.76118],[-80.2661,25.76121],[-80.26636,25.76103],[-80.26649,25.76104],[-80.26647,25.76096],[-80.26683,25.761],[-80.26693,25.76083],[-80.2667,25.76079],[-80.2668,25.7607],[-80.26674,25.76061],[-80.2671,25.76059],[-80.2673,25.76041],[-80.26745,25.76067],[-80.26728,25.76066],[-80.2673,25.76092],[-80.26737,25.7608],[-80.26755,25.76092],[-80.26776,25.76087],[-80.2681,25.76098],[-80.26811,25.76106],[-80.26799,25.76105],[-80.26826,25.76133],[-80.26817,25.76167],[-80.26803,25.76168],[-80.26781,25.76154],[-80.26787,25.76171],[-80.26781,25.76175],[-80.26775,25.76162],[-80.2674,25.7616],[-80.26725,25.76201],[-80.26707,25.76207],[-80.26704,25.76219],[-80.26691,25.7622],[-80.26686,25.76229],[-80.26659,25.76226],[-80.26643,25.76245],[-80.26612,25.76253],[-80.26599,25.76245],[-80.26606,25.76255],[-80.26586,25.76267],[-80.26571,25.7625],[-80.26557,25.76248],[-80.26526,25.76272],[-80.26511,25.76247],[-80.26485,25.76257],[-80.26464,25.76288],[-80.26444,25.76295],[-80.26448,25.76315],[-80.26415,25.76329],[-80.26428,25.76342],[-80.26419,25.7636],[-80.26397,25.76337],[-80.26397,25.76313],[-80.26339,25.76306],[-80.26341,25.76337],[-80.26349,25.76343],[-80.26361,25.76337],[-80.26373,25.76352],[-80.26405,25.76355],[-80.26426,25.76371],[-80.2643,25.76396],[-80.26412,25.764],[-80.26414,25.76406],[-80.26442,25.76413],[-80.26463,25.76389],[-80.26468,25.76419],[-80.26462,25.76427],[-80.26345,25.7643],[-80.26328,25.764],[-80.26328,25.76287],[-80.26317,25.76242],[-80.26332,25.76242],[-80.26334,25.76144],[-80.26326,25.76129],[-80.26319,25.75945]]],[[[-80.26669,25.76417],[-80.26666,25.76323],[-80.26678,25.76318],[-80.26681,25.763],[-80.26728,25.76274],[-80.26719,25.76259],[-80.26733,25.76268],[-80.26747,25.76254],[-80.26806,25.76249],[-80.26827,25.76256],[-80.26826,25.76286],[-80.26834,25.76293],[-80.26827,25.76296],[-80.26827,25.76322],[-80.26811,25.76336],[-80.26817,25.76349],[-80.26804,25.76341],[-80.26799,25.76351],[-80.2679,25.76343],[-80.26775,25.76366],[-80.26751,25.76355],[-80.26753,25.76374],[-80.26735,25.76363],[-80.26724,25.76381],[-80.26691,25.76384],[-80.26697,25.76392],[-80.26687,25.76394],[-80.26684,25.76412],[-80.26669,25.76417]]],[[[-80.301,25.76525],[-80.30096,25.76531],[-80.30087,25.76517],[-80.30049,25.76525],[-80.30017,25.76507],[-80.30045,25.76489],[-80.30037,25.76459],[-80.30071,25.76464],[-80.30065,25.76485],[-80.30055,25.76487],[-80.30083,25.76494],[-80.30078,25.76424],[-80.30034,25.76451],[-80.30032,25.7644],[-80.30041,25.76433],[-80.30039,25.76393],[-80.30068,25.76408],[-80.30075,25.7639],[-80.30044,25.76385],[-80.30034,25.76372],[-80.30069,25.76369],[-80.3009,25.76333],[-80.30123,25.7637],[-80.30109,25.76408],[-80.30108,25.76453],[-80.30129,25.76464],[-80.30144,25.76505],[-80.30128,25.76521],[-80.30114,25.76517],[-80.30111,25.76532],[-80.301,25.76525]]],[[[-80.27366,25.76652],[-80.27278,25.76637],[-80.2728,25.76621],[-80.27296,25.7662],[-80.27286,25.76601],[-80.27298,25.76589],[-80.27292,25.76555],[-80.27315,25.76544],[-80.27323,25.76521],[-80.27337,25.76523],[-80.27336,25.76503],[-80.273,25.76491],[-80.27342,25.76463],[-80.27322,25.76451],[-80.27366,25.76434],[-80.27372,25.76474],[-80.27475,25.76471],[-80.2751,25.76479],[-80.27508,25.76488],[-80.27462,25.765],[-80.27456,25.76524],[-80.27442,25.76527],[-80.27448,25.76505],[-80.27432,25.76501],[-80.2743,25.76515],[-80.27414,25.76529],[-80.27386,25.76524],[-80.2739,25.76539],[-80.27443,25.76552],[-80.27479,25.76548],[-80.27484,25.76555],[-80.27466,25.76564],[-80.27414,25.76568],[-80.27388,25.76635],[-80.27366,25.76652]]],[[[-80.31074,25.77018],[-80.31048,25.77005],[-80.3106,25.76993],[-80.31055,25.76987],[-80.3105,25.76994],[-80.31038,25.76981],[-80.31047,25.76937],[-80.31027,25.76879],[-80.31037,25.76858],[-80.31002,25.76847],[-80.31003,25.76832],[-80.31031,25.76832],[-80.31042,25.76823],[-80.31036,25.76765],[-80.31044,25.76759],[-80.31036,25.7675],[-80.31043,25.76695],[-80.31056,25.7672],[-80.31081,25.76735],[-80.31104,25.76726],[-80.31115,25.76731],[-80.31117,25.76723],[-80.31137,25.76737],[-80.31073,25.76741],[-80.31058,25.76753],[-80.31062,25.76794],[-80.31052,25.76798],[-80.3106,25.76808],[-80.31054,25.76819],[-80.31061,25.76848],[-80.3109,25.76843],[-80.31111,25.76831],[-80.31118,25.76816],[-80.31205,25.76799],[-80.31197,25.76813],[-80.31176,25.76818],[-80.31174,25.76828],[-80.31073,25.76871],[-80.31069,25.76897],[-80.31077,25.76907],[-80.31069,25.76919],[-80.31085,25.76932],[-80.31094,25.76909],[-80.31115,25.76919],[-80.31142,25.76892],[-80.31196,25.76886],[-80.312,25.76875],[-80.31206,25.76899],[-80.31145,25.76942],[-80.31122,25.76945],[-80.31102,25.76982],[-80.31079,25.76973],[-80.31074,25.77018]]],[[[-80.27703,25.77053],[-80.27708,25.77041],[-80.27729,25.77048],[-80.27729,25.77037],[-80.27718,25.77039],[-80.27721,25.7703],[-80.27734,25.77023],[-80.27746,25.77028],[-80.27752,25.76979],[-80.27774,25.77024],[-80.27787,25.77031],[-80.2779,25.76999],[-80.2782,25.76999],[-80.27827,25.76905],[-80.27816,25.76826],[-80.27805,25.768],[-80.27829,25.7678],[-80.27843,25.76793],[-80.27837,25.76901],[-80.27848,25.76982],[-80.27841,25.76985],[-80.2787,25.76996],[-80.27868,25.77009],[-80.2785,25.77007],[-80.27855,25.77035],[-80.27849,25.77042],[-80.27892,25.77044],[-80.27906,25.77028],[-80.27895,25.77024],[-80.27893,25.77013],[-80.27912,25.7698],[-80.27927,25.77052],[-80.27953,25.77042],[-80.27972,25.77014],[-80.27966,25.76991],[-80.27945,25.76988],[-80.27941,25.77],[-80.27935,25.76987],[-80.27967,25.76975],[-80.27973,25.76936],[-80.27962,25.7693],[-80.27972,25.76925],[-80.27967,25.76902],[-80.2798,25.76831],[-80.27994,25.76846],[-80.27995,25.76904],[-80.28019,25.76937],[-80.28006,25.76948],[-80.28021,25.76968],[-80.28009,25.76984],[-80.28024,25.77006],[-80.28059,25.76991],[-80.28051,25.76984],[-80.28051,25.76958],[-80.28063,25.76874],[-80.28075,25.76887],[-80.28087,25.76951],[-80.28125,25.7697],[-80.28128,25.76988],[-80.2814,25.76994],[-80.28148,25.76929],[-80.28157,25.76939],[-80.28163,25.77005],[-80.28134,25.77024],[-80.2814,25.77036],[-80.2817,25.77036],[-80.28174,25.77024],[-80.2819,25.77017],[-80.28235,25.77038],[-80.28278,25.77034],[-80.28286,25.77043],[-80.28199,25.77055],[-80.28178,25.77047],[-80.28149,25.77051],[-80.28083,25.77068],[-80.28084,25.77084],[-80.2816,25.77085],[-80.28173,25.77095],[-80.28072,25.77096],[-80.28061,25.77082],[-80.28036,25.77081],[-80.28034,25.77065],[-80.28016,25.7707],[-80.2802,25.77063],[-80.28002,25.77029],[-80.28002,25.77073],[-80.28008,25.77084],[-80.28024,25.77085],[-80.28024,25.77096],[-80.28016,25.77087],[-80.28003,25.771],[-80.27978,25.77096],[-80.27974,25.77049],[-80.27957,25.77056],[-80.27948,25.77073],[-80.27952,25.7709],[-80.27968,25.77101],[-80.27939,25.77094],[-80.27944,25.77067],[-80.27937,25.77054],[-80.27908,25.77065],[-80.27902,25.77084],[-80.27898,25.77059],[-80.27832,25.77061],[-80.27811,25.77026],[-80.27798,25.77054],[-80.27777,25.77055],[-80.27782,25.7707],[-80.27771,25.77077],[-80.27762,25.77111],[-80.27746,25.77086],[-80.27703,25.77053]]],[[[-80.28856,25.77081],[-80.28843,25.77066],[-80.28827,25.77063],[-80.28884,25.77065],[-80.28886,25.77043],[-80.28824,25.77047],[-80.2884,25.77042],[-80.28854,25.77021],[-80.28866,25.77032],[-80.28882,25.77025],[-80.28896,25.76985],[-80.28912,25.77002],[-80.28915,25.77024],[-80.28936,25.77032],[-80.28924,25.76999],[-80.28938,25.76992],[-80.28967,25.76999],[-80.28974,25.76946],[-80.28967,25.76931],[-80.2898,25.76936],[-80.28984,25.76923],[-80.29071,25.76928],[-80.29037,25.76941],[-80.29002,25.76935],[-80.28985,25.76944],[-80.29006,25.7698],[-80.29013,25.76969],[-80.29025,25.76989],[-80.29017,25.77006],[-80.29004,25.76998],[-80.28997,25.77004],[-80.29025,25.77045],[-80.2901,25.77052],[-80.29011,25.77066],[-80.29057,25.7707],[-80.2906,25.77081],[-80.29073,25.77086],[-80.28927,25.77086],[-80.289,25.77108],[-80.28888,25.7709],[-80.28856,25.77081]]],[[[-80.26193,25.70075],[-80.26138,25.70158],[-80.26077,25.70298],[-80.25991,25.7039],[-80.25916,25.70452],[-80.25907,25.70482],[-80.25886,25.70475],[-80.25896,25.70451],[-80.25988,25.7037],[-80.26075,25.70272],[-80.26171,25.70072],[-80.26193,25.70075]]],[[[-80.25808,25.70541],[-80.25841,25.70539],[-80.2587,25.7054],[-80.25803,25.70561],[-80.25808,25.70541]]],[[[-80.25295,25.7113],[-80.2542,25.70947],[-80.25557,25.70846],[-80.25665,25.70676],[-80.25783,25.70547],[-80.25786,25.70574],[-80.25699,25.70664],[-80.25622,25.70796],[-80.25497,25.70913],[-80.25412,25.70978],[-80.25341,25.71086],[-80.25295,25.7113]]],[[[-80.24918,25.71667],[-80.24968,25.71604],[-80.24923,25.71702],[-80.24899,25.71737],[-80.24868,25.71764],[-80.24918,25.71667]]],[[[-80.25891,25.72635],[-80.25903,25.72637],[-80.25909,25.72627],[-80.25891,25.72612],[-80.25917,25.72594],[-80.25925,25.72598],[-80.25921,25.72567],[-80.25932,25.72543],[-80.25945,25.72553],[-80.25934,25.72554],[-80.2594,25.72563],[-80.25955,25.7256],[-80.25976,25.7257],[-80.25967,25.72554],[-80.25981,25.72555],[-80.2599,25.7254],[-80.26022,25.72557],[-80.25989,25.7256],[-80.25985,25.72572],[-80.25973,25.72574],[-80.26023,25.72586],[-80.25993,25.72599],[-80.25985,25.72614],[-80.25948,25.72625],[-80.25946,25.72667],[-80.25959,25.72676],[-80.25941,25.72696],[-80.25918,25.72671],[-80.2591,25.7264],[-80.25906,25.72689],[-80.25894,25.72697],[-80.25891,25.72635]]],[[[-80.25535,25.7297],[-80.25505,25.72951],[-80.25482,25.72954],[-80.25469,25.72963],[-80.25474,25.72975],[-80.25461,25.72981],[-80.25446,25.72967],[-80.25462,25.72934],[-80.25456,25.72917],[-80.25466,25.72914],[-80.25478,25.72921],[-80.25472,25.72913],[-80.2549,25.72892],[-80.25481,25.72877],[-80.25505,25.72872],[-80.25509,25.72849],[-80.25545,25.72832],[-80.25534,25.7281],[-80.25539,25.72796],[-80.25571,25.72787],[-80.25584,25.72812],[-80.2559,25.72775],[-80.25617,25.72766],[-80.25617,25.72756],[-80.25644,25.72762],[-80.25624,25.72755],[-80.25616,25.72724],[-80.25644,25.72737],[-80.25673,25.72734],[-80.25681,25.72721],[-80.25695,25.72718],[-80.25685,25.72701],[-80.2571,25.72698],[-80.25699,25.72681],[-80.25704,25.72673],[-80.25714,25.72676],[-80.25707,25.72687],[-80.25719,25.72699],[-80.25766,25.7269],[-80.25787,25.72736],[-80.2581,25.72759],[-80.2583,25.72764],[-80.25792,25.72767],[-80.25779,25.72783],[-80.25782,25.72791],[-80.2577,25.72797],[-80.2573,25.72779],[-80.25713,25.72802],[-80.25733,25.72817],[-80.25698,25.72824],[-80.25695,25.72838],[-80.2569,25.72824],[-80.25678,25.72834],[-80.25687,25.72872],[-80.25662,25.72878],[-80.25661,25.72894],[-80.25628,25.7291],[-80.2562,25.72934],[-80.25609,25.72934],[-80.25613,25.72946],[-80.25592,25.72953],[-80.25581,25.72976],[-80.25564,25.72977],[-80.2555,25.72994],[-80.25535,25.7297]]],[[[-80.25859,25.73028],[-80.25854,25.73037],[-80.25853,25.73011],[-80.25868,25.72985],[-80.2586,25.72974],[-80.25904,25.72937],[-80.25927,25.72935],[-80.2594,25.72908],[-80.2599,25.72866],[-80.26002,25.72871],[-80.25998,25.72861],[-80.26039,25.72827],[-80.26046,25.72847],[-80.26068,25.72862],[-80.26047,25.72876],[-80.26041,25.72858],[-80.26039,25.72884],[-80.26002,25.72904],[-80.25997,25.72918],[-80.25938,25.72965],[-80.25906,25.72969],[-80.25919,25.72957],[-80.25931,25.72959],[-80.2592,25.72943],[-80.25889,25.72968],[-80.25907,25.72983],[-80.25887,25.7298],[-80.25884,25.72996],[-80.25873,25.72996],[-80.25875,25.73016],[-80.25888,25.73015],[-80.25906,25.72994],[-80.25933,25.73008],[-80.25928,25.73029],[-80.25976,25.73022],[-80.26008,25.72994],[-80.26024,25.72993],[-80.26003,25.72983],[-80.26001,25.72965],[-80.26032,25.72971],[-80.25998,25.72955],[-80.26021,25.7294],[-80.26033,25.72947],[-80.26029,25.72934],[-80.2605,25.72933],[-80.26059,25.72946],[-80.26084,25.72931],[-80.26069,25.72913],[-80.26074,25.72893],[-80.26092,25.72879],[-80.26111,25.72901],[-80.26125,25.72879],[-80.26145,25.72875],[-80.26158,25.72883],[-80.26137,25.7292],[-80.26155,25.72947],[-80.26173,25.72945],[-80.26175,25.72923],[-80.26172,25.72974],[-80.26158,25.72985],[-80.26159,25.73],[-80.26171,25.73002],[-80.2612,25.73018],[-80.26116,25.73027],[-80.26034,25.73027],[-80.26029,25.73019],[-80.26047,25.73016],[-80.26047,25.73007],[-80.26079,25.73009],[-80.26096,25.72996],[-80.2606,25.7297],[-80.25977,25.73027],[-80.25956,25.73029],[-80.2596,25.73039],[-80.25878,25.7305],[-80.25883,25.73041],[-80.25859,25.73028]]],[[[-80.25417,25.73257],[-80.25444,25.73213],[-80.254,25.73242],[-80.25432,25.73212],[-80.25439,25.73194],[-80.25421,25.73186],[-80.25448,25.73174],[-80.25435,25.73162],[-80.25451,25.73171],[-80.25449,25.73158],[-80.25471,25.7315],[-80.25483,25.73157],[-80.25499,25.73148],[-80.25499,25.73135],[-80.25475,25.73134],[-80.25472,25.73142],[-80.25464,25.73112],[-80.2539,25.73104],[-80.25389,25.73085],[-80.2541,25.73083],[-80.25414,25.73072],[-80.25424,25.73086],[-80.25443,25.73092],[-80.2545,25.73081],[-80.2546,25.73094],[-80.25477,25.73066],[-80.25508,25.73076],[-80.25509,25.73048],[-80.25523,25.73054],[-80.25502,25.7303],[-80.2551,25.73016],[-80.25501,25.73009],[-80.25543,25.73],[-80.25558,25.73009],[-80.25558,25.7303],[-80.25549,25.73034],[-80.25536,25.73021],[-80.25521,25.73023],[-80.25538,25.73045],[-80.25535,25.73058],[-80.25523,25.73061],[-80.25523,25.73081],[-80.25564,25.73086],[-80.25572,25.73097],[-80.25536,25.73106],[-80.25536,25.73117],[-80.25518,25.73118],[-80.25519,25.73125],[-80.25572,25.73126],[-80.25593,25.73146],[-80.25586,25.73144],[-80.25584,25.73154],[-80.25598,25.73178],[-80.25578,25.73169],[-80.25576,25.73159],[-80.2556,25.73157],[-80.25559,25.7317],[-80.25535,25.73182],[-80.25518,25.73181],[-80.25486,25.732],[-80.25417,25.73257]]],[[[-80.25571,25.73246],[-80.25569,25.7321],[-80.2562,25.73167],[-80.2567,25.73127],[-80.25682,25.73128],[-80.25716,25.73106],[-80.25747,25.73066],[-80.25756,25.73081],[-80.25757,25.73067],[-80.25777,25.73054],[-80.25797,25.73059],[-80.25797,25.73069],[-80.2571,25.73134],[-80.25709,25.73151],[-80.25701,25.73146],[-80.25691,25.73153],[-80.25685,25.73182],[-80.25651,25.73185],[-80.25613,25.7323],[-80.25598,25.73233],[-80.25594,25.7325],[-80.2558,25.73254],[-80.25571,25.73246]]],[[[-80.25777,25.74126],[-80.2579,25.74104],[-80.25795,25.74115],[-80.25823,25.74109],[-80.25826,25.74066],[-80.25796,25.74046],[-80.25829,25.7403],[-80.25833,25.73981],[-80.25822,25.73974],[-80.25809,25.73988],[-80.25787,25.73978],[-80.25771,25.73982],[-80.25753,25.73958],[-80.25771,25.73952],[-80.25769,25.73923],[-80.25783,25.73914],[-80.2578,25.73907],[-80.25763,25.73908],[-80.25756,25.73898],[-80.25773,25.73893],[-80.25791,25.73913],[-80.25793,25.73923],[-80.25775,25.73936],[-80.25786,25.7395],[-80.25774,25.73953],[-80.25794,25.73973],[-80.25804,25.73961],[-80.25791,25.73946],[-80.25805,25.73935],[-80.25808,25.73919],[-80.25788,25.73897],[-80.25793,25.73889],[-80.25805,25.73893],[-80.25801,25.73876],[-80.25765,25.73854],[-80.25749,25.73864],[-80.2574,25.73842],[-80.25754,25.73802],[-80.25745,25.7379],[-80.25772,25.73801],[-80.25769,25.73793],[-80.25779,25.73793],[-80.25737,25.73766],[-80.25752,25.73773],[-80.25765,25.73762],[-80.25779,25.73779],[-80.25767,25.73759],[-80.25769,25.73732],[-80.25761,25.73728],[-80.25763,25.73737],[-80.25753,25.73722],[-80.25791,25.73721],[-80.25814,25.737],[-80.25831,25.73706],[-80.25832,25.73731],[-80.25818,25.73732],[-80.25833,25.73743],[-80.25829,25.7377],[-80.25855,25.73759],[-80.25849,25.73745],[-80.25861,25.73703],[-80.2588,25.73728],[-80.25886,25.73711],[-80.25909,25.73709],[-80.25906,25.73724],[-80.2589,25.73722],[-80.25894,25.73763],[-80.25915,25.73766],[-80.25906,25.73747],[-80.25917,25.73732],[-80.25933,25.73748],[-80.25931,25.73769],[-80.25953,25.73771],[-80.25943,25.73784],[-80.25931,25.73779],[-80.25919,25.73785],[-80.25938,25.73805],[-80.25928,25.73824],[-80.25939,25.73832],[-80.26007,25.73837],[-80.25996,25.7384],[-80.25992,25.73858],[-80.25977,25.73843],[-80.25947,25.73857],[-80.25925,25.73856],[-80.2592,25.73865],[-80.25961,25.73878],[-80.2596,25.7389],[-80.25948,25.73887],[-80.25959,25.73899],[-80.26016,25.73901],[-80.26013,25.73754],[-80.26032,25.73762],[-80.26055,25.73762],[-80.26061,25.73751],[-80.26078,25.73759],[-80.26092,25.73751],[-80.26101,25.73759],[-80.26112,25.73757],[-80.26071,25.73734],[-80.26069,25.73749],[-80.26055,25.73736],[-80.26055,25.73721],[-80.26071,25.73712],[-80.2605,25.73693],[-80.2608,25.73687],[-80.26083,25.73671],[-80.26102,25.73651],[-80.26124,25.7366],[-80.26148,25.73654],[-80.2612,25.73625],[-80.26129,25.73616],[-80.26144,25.73624],[-80.26152,25.73616],[-80.26182,25.73615],[-80.26214,25.73636],[-80.26222,25.73629],[-80.26234,25.73633],[-80.26233,25.73718],[-80.26229,25.73724],[-80.26222,25.73702],[-80.26214,25.7372],[-80.26207,25.73704],[-80.2621,25.73771],[-80.26188,25.73776],[-80.26195,25.73792],[-80.26186,25.73792],[-80.26188,25.73801],[-80.26179,25.73797],[-80.26177,25.7377],[-80.26143,25.73773],[-80.26122,25.73812],[-80.26117,25.73784],[-80.26098,25.7377],[-80.26074,25.73784],[-80.26056,25.73784],[-80.26048,25.73814],[-80.2606,25.73839],[-80.26025,25.73846],[-80.26031,25.73892],[-80.26044,25.73891],[-80.2605,25.73873],[-80.26059,25.73879],[-80.26061,25.73899],[-80.26082,25.73893],[-80.26074,25.73881],[-80.26076,25.73874],[-80.26083,25.7389],[-80.26143,25.739],[-80.26154,25.73892],[-80.26157,25.73909],[-80.26139,25.7391],[-80.26135,25.73936],[-80.26129,25.73938],[-80.2612,25.73927],[-80.26121,25.73908],[-80.26093,25.73915],[-80.26091,25.73935],[-80.26076,25.73916],[-80.26064,25.73916],[-80.26069,25.73934],[-80.26055,25.73918],[-80.26046,25.73918],[-80.2604,25.73961],[-80.26085,25.73975],[-80.26078,25.73993],[-80.26047,25.73993],[-80.26037,25.73986],[-80.26032,25.73994],[-80.26009,25.73979],[-80.25979,25.73981],[-80.25989,25.73964],[-80.26007,25.73971],[-80.26021,25.73966],[-80.26014,25.73916],[-80.26,25.73917],[-80.26003,25.73928],[-80.25994,25.73932],[-80.26006,25.73947],[-80.25974,25.73931],[-80.25993,25.73947],[-80.25973,25.73957],[-80.25943,25.73946],[-80.25946,25.73956],[-80.25917,25.73925],[-80.25924,25.73939],[-80.25902,25.73955],[-80.25901,25.73927],[-80.25876,25.73923],[-80.2587,25.74027],[-80.25859,25.74042],[-80.25869,25.74047],[-80.25887,25.74031],[-80.25893,25.7401],[-80.25908,25.74017],[-80.25912,25.74052],[-80.25895,25.74059],[-80.25892,25.74084],[-80.2588,25.74082],[-80.25884,25.7407],[-80.25857,25.74075],[-80.25848,25.74118],[-80.25844,25.74097],[-80.25835,25.74094],[-80.2582,25.74136],[-80.25783,25.74129],[-80.25786,25.74145],[-80.25777,25.74126]]],[[[-80.25406,25.7397],[-80.25402,25.739],[-80.25392,25.73893],[-80.2539,25.73875],[-80.25402,25.73868],[-80.25399,25.73768],[-80.2542,25.73776],[-80.25419,25.73748],[-80.25434,25.738],[-80.25454,25.73795],[-80.25496,25.73835],[-80.25486,25.73859],[-80.25492,25.73891],[-80.25504,25.73886],[-80.2551,25.73858],[-80.25533,25.73892],[-80.25559,25.73901],[-80.25576,25.7389],[-80.25611,25.73896],[-80.25614,25.73882],[-80.25616,25.73921],[-80.25602,25.73915],[-80.25598,25.73929],[-80.25609,25.73946],[-80.25597,25.73944],[-80.25579,25.73959],[-80.25606,25.73962],[-80.25635,25.73982],[-80.25639,25.73997],[-80.25596,25.73998],[-80.25577,25.7399],[-80.2556,25.74004],[-80.25549,25.73999],[-80.25567,25.74014],[-80.25605,25.74006],[-80.2561,25.74021],[-80.25584,25.74017],[-80.25576,25.74027],[-80.25594,25.74042],[-80.25623,25.74048],[-80.25628,25.74063],[-80.25597,25.7407],[-80.25556,25.74063],[-80.25552,25.74053],[-80.25566,25.74044],[-80.25578,25.74051],[-80.25574,25.74035],[-80.25552,25.74029],[-80.25535,25.74036],[-80.25515,25.74027],[-80.25506,25.74002],[-80.25458,25.73993],[-80.25472,25.73972],[-80.25456,25.73957],[-80.25461,25.73936],[-80.25453,25.73925],[-80.25438,25.73925],[-80.25423,25.73939],[-80.25415,25.73927],[-80.25406,25.7397]]],[[[-80.25445,25.74986],[-80.25439,25.74813],[-80.25431,25.74804],[-80.25438,25.74789],[-80.25433,25.74632],[-80.25425,25.74614],[-80.25432,25.74603],[-80.25423,25.7454],[-80.25429,25.74526],[-80.2542,25.74311],[-80.25385,25.74306],[-80.25382,25.74295],[-80.25419,25.7429],[-80.2542,25.74259],[-80.25439,25.74262],[-80.25447,25.74447],[-80.25472,25.74442],[-80.25486,25.74473],[-80.25485,25.74458],[-80.2551,25.74452],[-80.25539,25.74451],[-80.25548,25.74462],[-80.25489,25.74475],[-80.25512,25.74501],[-80.25493,25.74512],[-80.25493,25.74529],[-80.25508,25.74529],[-80.25516,25.7452],[-80.25547,25.74525],[-80.25557,25.74535],[-80.25579,25.74531],[-80.25496,25.74557],[-80.25501,25.74567],[-80.2554,25.74571],[-80.25554,25.74584],[-80.25502,25.74591],[-80.25535,25.74605],[-80.25526,25.74613],[-80.25532,25.74632],[-80.25563,25.74639],[-80.25592,25.74629],[-80.25604,25.74636],[-80.25594,25.74619],[-80.25559,25.74613],[-80.25583,25.74601],[-80.25605,25.74603],[-80.2561,25.74577],[-80.25621,25.74606],[-80.25605,25.74626],[-80.2564,25.74645],[-80.25615,25.74647],[-80.25637,25.74686],[-80.25626,25.74689],[-80.25629,25.74716],[-80.25642,25.74715],[-80.2566,25.74647],[-80.25642,25.74632],[-80.25644,25.74614],[-80.25666,25.74634],[-80.2571,25.74634],[-80.25699,25.74647],[-80.2572,25.74648],[-80.25723,25.7468],[-80.25772,25.74669],[-80.25773,25.74654],[-80.2579,25.74665],[-80.25787,25.74685],[-80.25765,25.74683],[-80.25766,25.74706],[-80.25786,25.74713],[-80.25748,25.74717],[-80.2577,25.74725],[-80.25746,25.74725],[-80.25744,25.74735],[-80.25735,25.74726],[-80.25672,25.74729],[-80.25668,25.74755],[-80.2566,25.7474],[-80.25654,25.74764],[-80.25645,25.74753],[-80.25632,25.74774],[-80.25603,25.74775],[-80.25591,25.74787],[-80.25565,25.74793],[-80.2556,25.74769],[-80.25519,25.74769],[-80.25516,25.74761],[-80.25571,25.74757],[-80.25583,25.74762],[-80.25583,25.74737],[-80.25509,25.74737],[-80.25504,25.74721],[-80.25518,25.74715],[-80.25489,25.74704],[-80.25484,25.74681],[-80.2547,25.74677],[-80.25455,25.74653],[-80.2547,25.74646],[-80.25468,25.74633],[-80.25487,25.74605],[-80.2548,25.7459],[-80.25453,25.74592],[-80.25455,25.74876],[-80.25464,25.74868],[-80.25469,25.74899],[-80.25484,25.74921],[-80.25462,25.74932],[-80.25457,25.74924],[-80.25467,25.74981],[-80.25445,25.74986]]],[[[-80.26248,25.74693],[-80.26243,25.74684],[-80.26248,25.74684],[-80.26248,25.74693]]],[[[-80.26265,25.75279],[-80.26245,25.75278],[-80.26253,25.75286],[-80.2623,25.75294],[-80.26217,25.75285],[-80.26148,25.7529],[-80.26145,25.753],[-80.26129,25.7528],[-80.26112,25.75276],[-80.26267,25.75263],[-80.26265,25.75279]]],[[[-80.24997,25.7574],[-80.2546,25.75727],[-80.2547,25.75715],[-80.25451,25.75179],[-80.2543,25.7517],[-80.25428,25.75158],[-80.25451,25.75146],[-80.25447,25.75001],[-80.25484,25.75001],[-80.25479,25.7499],[-80.25491,25.74983],[-80.25512,25.74999],[-80.25523,25.74996],[-80.25506,25.74983],[-80.2554,25.74991],[-80.25545,25.75001],[-80.25509,25.75003],[-80.25516,25.75015],[-80.25544,25.75007],[-80.25547,25.75019],[-80.25533,25.75033],[-80.25541,25.75046],[-80.25536,25.75058],[-80.25526,25.75057],[-80.25531,25.75068],[-80.2552,25.75081],[-80.25568,25.75123],[-80.25586,25.75105],[-80.2558,25.75089],[-80.25624,25.75112],[-80.2564,25.75135],[-80.25675,25.75151],[-80.25682,25.75085],[-80.25687,25.75132],[-80.25716,25.7513],[-80.25732,25.75143],[-80.25713,25.75176],[-80.2574,25.75206],[-80.25747,25.75195],[-80.25856,25.75196],[-80.25855,25.7517],[-80.25829,25.75177],[-80.25813,25.75168],[-80.25855,25.75163],[-80.25855,25.75136],[-80.25804,25.75136],[-80.25813,25.75122],[-80.25855,25.75118],[-80.25853,25.75093],[-80.2584,25.75088],[-80.25852,25.75085],[-80.25855,25.7507],[-80.25868,25.75083],[-80.25872,25.75147],[-80.25877,25.75026],[-80.25881,25.75041],[-80.25902,25.75043],[-80.25925,25.75027],[-80.25937,25.75049],[-80.25883,25.75059],[-80.25889,25.75117],[-80.25917,25.75115],[-80.2591,25.75098],[-80.2592,25.75094],[-80.2592,25.75077],[-80.25935,25.75072],[-80.25953,25.75079],[-80.26047,25.75071],[-80.26062,25.75084],[-80.26077,25.75067],[-80.26092,25.75105],[-80.26089,25.75137],[-80.26076,25.75117],[-80.2607,25.7517],[-80.26066,25.75153],[-80.25889,25.75167],[-80.25893,25.75195],[-80.26047,25.75184],[-80.25937,25.75206],[-80.25925,25.75213],[-80.25936,25.75227],[-80.25957,25.75226],[-80.2597,25.75212],[-80.25974,25.7522],[-80.2596,25.75227],[-80.25891,25.75234],[-80.25891,25.75261],[-80.2587,25.75252],[-80.25863,25.75269],[-80.25857,25.75235],[-80.25765,25.7529],[-80.25753,25.75287],[-80.25756,25.75274],[-80.25776,25.75263],[-80.25783,25.75249],[-80.25811,25.7524],[-80.25811,25.75233],[-80.25785,25.75245],[-80.25717,25.75233],[-80.25741,25.75231],[-80.25747,25.75221],[-80.25734,25.75206],[-80.25735,25.75219],[-80.25701,25.75218],[-80.2568,25.75191],[-80.25664,25.75196],[-80.25669,25.75169],[-80.25649,25.75152],[-80.25482,25.75176],[-80.25486,25.75216],[-80.25499,25.75224],[-80.25537,25.7522],[-80.25554,25.75231],[-80.25532,25.75242],[-80.25537,25.75252],[-80.25528,25.7526],[-80.25487,25.75267],[-80.25487,25.75328],[-80.2552,25.75326],[-80.25521,25.75311],[-80.25529,25.7531],[-80.25536,25.75326],[-80.25589,25.75327],[-80.25576,25.75333],[-80.25592,25.75351],[-80.25573,25.75365],[-80.25562,25.754],[-80.25547,25.75403],[-80.25565,25.75417],[-80.25551,25.75417],[-80.25555,25.7543],[-80.25527,25.75417],[-80.25515,25.75446],[-80.25525,25.7546],[-80.25514,25.75478],[-80.25489,25.75478],[-80.25491,25.75494],[-80.25529,25.75493],[-80.25513,25.75536],[-80.2549,25.75564],[-80.25488,25.75586],[-80.25481,25.75562],[-80.25474,25.75595],[-80.25478,25.75646],[-80.25481,25.75653],[-80.2549,25.75611],[-80.25491,25.75665],[-80.25499,25.75669],[-80.25492,25.75677],[-80.25499,25.7583],[-80.25518,25.75831],[-80.25496,25.7584],[-80.255,25.75889],[-80.25488,25.75894],[-80.25483,25.75908],[-80.25469,25.75899],[-80.25426,25.75914],[-80.25394,25.75915],[-80.25394,25.75922],[-80.25407,25.75925],[-80.25403,25.75933],[-80.25369,25.75908],[-80.25376,25.75935],[-80.25356,25.75931],[-80.25346,25.75942],[-80.25352,25.75954],[-80.25371,25.75959],[-80.25375,25.75973],[-80.25359,25.75975],[-80.25345,25.7599],[-80.2536,25.76],[-80.2536,25.76016],[-80.25343,25.7602],[-80.25331,25.7601],[-80.25316,25.76017],[-80.25327,25.76036],[-80.25344,25.76035],[-80.25347,25.76049],[-80.25341,25.76053],[-80.25329,25.76043],[-80.2531,25.76054],[-80.2532,25.7607],[-80.25312,25.76087],[-80.25318,25.76103],[-80.25303,25.76103],[-80.25302,25.76111],[-80.25326,25.76132],[-80.25322,25.76159],[-80.2536,25.76172],[-80.25369,25.76186],[-80.25357,25.76191],[-80.25317,25.76186],[-80.25312,25.76175],[-80.25322,25.76163],[-80.25287,25.76143],[-80.25262,25.76103],[-80.25264,25.76041],[-80.25282,25.76028],[-80.25276,25.75992],[-80.25265,25.75983],[-80.25208,25.75978],[-80.25226,25.75964],[-80.25273,25.75959],[-80.25266,25.75946],[-80.25273,25.7592],[-80.25263,25.75908],[-80.25277,25.7591],[-80.25275,25.75904],[-80.25218,25.75898],[-80.25212,25.75886],[-80.25208,25.75901],[-80.25197,25.75895],[-80.25208,25.75875],[-80.25231,25.75885],[-80.25276,25.75873],[-80.25262,25.75851],[-80.25251,25.75861],[-80.25218,25.75855],[-80.25221,25.75844],[-80.25228,25.75854],[-80.25239,25.75851],[-80.25235,25.75841],[-80.25245,25.75845],[-80.25251,25.75832],[-80.25272,25.7584],[-80.25274,25.75833],[-80.25259,25.75823],[-80.25213,25.75823],[-80.25211,25.75833],[-80.25184,25.75819],[-80.25152,25.7582],[-80.2517,25.75803],[-80.25203,25.75804],[-80.25214,25.75812],[-80.25237,25.75801],[-80.25222,25.75786],[-80.2522,25.75793],[-80.25176,25.75796],[-80.25145,25.75792],[-80.25132,25.75771],[-80.25124,25.75776],[-80.2513,25.75788],[-80.251,25.75776],[-80.25093,25.758],[-80.25118,25.75821],[-80.25107,25.75817],[-80.25091,25.75827],[-80.25085,25.75901],[-80.25065,25.75874],[-80.25077,25.75841],[-80.25054,25.75834],[-80.25049,25.75844],[-80.25039,25.75838],[-80.25015,25.75843],[-80.25014,25.75832],[-80.25026,25.75825],[-80.25,25.75814],[-80.2499,25.75757],[-80.24997,25.7574]]],[[[-80.25395,25.76389],[-80.25393,25.76357],[-80.25374,25.76338],[-80.25376,25.76324],[-80.25404,25.76313],[-80.25417,25.76325],[-80.2544,25.76324],[-80.25425,25.76298],[-80.25424,25.76267],[-80.25386,25.76227],[-80.25364,25.76221],[-80.25321,25.76226],[-80.25314,25.76214],[-80.25325,25.76206],[-80.25364,25.7621],[-80.25394,25.76199],[-80.25401,25.7622],[-80.25408,25.76209],[-80.25414,25.76219],[-80.25416,25.76249],[-80.25429,25.76261],[-80.2545,25.76243],[-80.25469,25.76197],[-80.25486,25.7619],[-80.25483,25.76049],[-80.25467,25.76047],[-80.25472,25.76059],[-80.25458,25.76052],[-80.25472,25.76081],[-80.25457,25.76069],[-80.25444,25.76072],[-80.25436,25.76059],[-80.2545,25.76058],[-80.25453,25.76049],[-80.2544,25.76054],[-80.25423,25.76035],[-80.25426,25.76023],[-80.25439,25.76023],[-80.25445,25.76014],[-80.25441,25.75995],[-80.25478,25.75971],[-80.25488,25.76024],[-80.25494,25.76031],[-80.25506,25.7602],[-80.25511,25.76051],[-80.25532,25.76064],[-80.25534,25.76073],[-80.25524,25.76079],[-80.25513,25.76073],[-80.25511,25.76079],[-80.25539,25.76118],[-80.25526,25.7612],[-80.25524,25.76106],[-80.25514,25.76106],[-80.25513,25.76133],[-80.25534,25.76139],[-80.25511,25.76149],[-80.25508,25.76192],[-80.255,25.76139],[-80.25493,25.76228],[-80.25476,25.76251],[-80.25481,25.76272],[-80.25472,25.76272],[-80.25474,25.76284],[-80.25491,25.76296],[-80.25484,25.7631],[-80.25448,25.76313],[-80.25455,25.7636],[-80.25423,25.76385],[-80.2543,25.7641],[-80.25395,25.76389]]],[[[-80.25538,25.76618],[-80.2553,25.76594],[-80.25528,25.76562],[-80.25538,25.76598],[-80.25561,25.76596],[-80.25579,25.76605],[-80.25577,25.76597],[-80.25603,25.76594],[-80.25588,25.76583],[-80.25585,25.7657],[-80.25618,25.76551],[-80.2555,25.76544],[-80.25556,25.76529],[-80.25574,25.76532],[-80.25581,25.76506],[-80.25593,25.76529],[-80.25668,25.76528],[-80.25679,25.76524],[-80.25688,25.76504],[-80.25712,25.76513],[-80.25716,25.76523],[-80.25705,25.76525],[-80.25722,25.76538],[-80.25681,25.76545],[-80.25698,25.76575],[-80.25675,25.7659],[-80.25726,25.76606],[-80.25685,25.76614],[-80.25687,25.76635],[-80.25666,25.76616],[-80.2562,25.76614],[-80.25614,25.76628],[-80.25628,25.76644],[-80.25604,25.76648],[-80.25603,25.76634],[-80.25588,25.76623],[-80.25586,25.76644],[-80.25566,25.76653],[-80.25554,25.76638],[-80.25568,25.7662],[-80.25551,25.76613],[-80.25538,25.76618]]],[[[-80.25534,25.76663],[-80.25573,25.76666],[-80.25589,25.76676],[-80.25582,25.76669],[-80.25598,25.76666],[-80.25615,25.76676],[-80.25615,25.76682],[-80.25599,25.76685],[-80.25573,25.76676],[-80.25575,25.76683],[-80.25559,25.76688],[-80.2561,25.76711],[-80.25588,25.76725],[-80.25564,25.76724],[-80.25596,25.76752],[-80.2555,25.76754],[-80.25539,25.76762],[-80.25536,25.76691],[-80.25549,25.76685],[-80.2555,25.76674],[-80.25536,25.76669],[-80.25534,25.76663]]],[[[-80.25684,25.76984],[-80.2572,25.76979],[-80.25682,25.76997],[-80.25669,25.77016],[-80.25745,25.7702],[-80.25752,25.77027],[-80.2572,25.77021],[-80.25715,25.77029],[-80.25631,25.77034],[-80.25638,25.77051],[-80.2565,25.7705],[-80.25671,25.77069],[-80.25657,25.77079],[-80.25642,25.7707],[-80.25624,25.77082],[-80.25639,25.77093],[-80.25654,25.77085],[-80.25662,25.77095],[-80.25685,25.77092],[-80.25689,25.77106],[-80.25664,25.77097],[-80.25656,25.77104],[-80.25602,25.77098],[-80.25597,25.77105],[-80.25554,25.77097],[-80.2553,25.77082],[-80.25525,25.77125],[-80.25506,25.77105],[-80.25513,25.77083],[-80.25495,25.77072],[-80.25476,25.771],[-80.25499,25.77115],[-80.255,25.77133],[-80.25493,25.77136],[-80.2547,25.77116],[-80.25474,25.77171],[-80.25419,25.77179],[-80.25385,25.77168],[-80.25383,25.77178],[-80.25369,25.77179],[-80.25381,25.77176],[-80.25381,25.77162],[-80.25356,25.77162],[-80.25351,25.77184],[-80.25338,25.77179],[-80.25334,25.7712],[-80.25357,25.7713],[-80.25374,25.77124],[-80.25395,25.77086],[-80.25434,25.77085],[-80.2543,25.77062],[-80.25457,25.77065],[-80.25473,25.77039],[-80.25484,25.77043],[-80.25512,25.77022],[-80.25525,25.77044],[-80.25533,25.77039],[-80.25541,25.77048],[-80.25547,25.77029],[-80.25597,25.7702],[-80.25684,25.76984]]],[[[-80.26196,25.7718],[-80.26224,25.77176],[-80.26192,25.77167],[-80.26224,25.77162],[-80.26241,25.77144],[-80.26206,25.77121],[-80.26209,25.77097],[-80.26182,25.77084],[-80.26198,25.77088],[-80.26185,25.77067],[-80.26196,25.77049],[-80.26167,25.77048],[-80.26167,25.77074],[-80.26158,25.77073],[-80.26154,25.77083],[-80.26146,25.77075],[-80.26148,25.77047],[-80.26122,25.77049],[-80.26094,25.77036],[-80.2613,25.77035],[-80.26157,25.77021],[-80.2618,25.77034],[-80.26211,25.77025],[-80.26244,25.7703],[-80.26252,25.77037],[-80.26235,25.77051],[-80.26256,25.77048],[-80.26262,25.77059],[-80.26259,25.77042],[-80.26271,25.77025],[-80.26324,25.77023],[-80.26326,25.77037],[-80.26314,25.77046],[-80.26324,25.77052],[-80.26333,25.77041],[-80.26343,25.77044],[-80.26347,25.77092],[-80.26317,25.77096],[-80.26316,25.77111],[-80.26348,25.77106],[-80.26349,25.77158],[-80.26365,25.77168],[-80.26344,25.77183],[-80.26196,25.77186],[-80.26196,25.7718]]],[[[-80.2549,25.7775],[-80.25485,25.77722],[-80.25517,25.777],[-80.25503,25.77653],[-80.25482,25.77646],[-80.25475,25.77652],[-80.25481,25.77643],[-80.25473,25.77628],[-80.25503,25.77615],[-80.25503,25.77608],[-80.25523,25.77607],[-80.25527,25.7758],[-80.25516,25.77566],[-80.25488,25.77554],[-80.25469,25.7752],[-80.25451,25.7754],[-80.2543,25.7753],[-80.2546,25.77513],[-80.25451,25.7748],[-80.25467,25.77461],[-80.25451,25.7745],[-80.25466,25.77419],[-80.25484,25.77456],[-80.25539,25.77446],[-80.2554,25.77471],[-80.25554,25.77492],[-80.25567,25.77465],[-80.25562,25.77449],[-80.25572,25.77455],[-80.25575,25.77617],[-80.2556,25.77561],[-80.25552,25.77606],[-80.25547,25.77594],[-80.25532,25.77593],[-80.25559,25.7764],[-80.25565,25.77617],[-80.25576,25.7762],[-80.25579,25.77726],[-80.25559,25.77734],[-80.25546,25.7773],[-80.2553,25.7775],[-80.25511,25.77749],[-80.25506,25.77735],[-80.2549,25.7775]]],[[[-80.2069,25.74649],[-80.2101,25.74517],[-80.2123,25.74407],[-80.21279,25.74405],[-80.21295,25.74452],[-80.21333,25.74444],[-80.21605,25.74294],[-80.21875,25.74178],[-80.22065,25.7406],[-80.22299,25.73935],[-80.22421,25.73903],[-80.22509,25.73868],[-80.22624,25.73756],[-80.22821,25.7366],[-80.23126,25.73468],[-80.23505,25.73172],[-80.23588,25.73061],[-80.23687,25.72974],[-80.238,25.72849],[-80.23957,25.72729],[-80.24054,25.7261],[-80.24204,25.72481],[-80.24311,25.7235],[-80.24464,25.7221],[-80.24661,25.71977],[-80.24848,25.71786],[-80.24547,25.72126],[-80.24465,25.72235],[-80.24335,25.72349],[-80.24221,25.72493],[-80.24113,25.7257],[-80.23977,25.72728],[-80.23655,25.73026],[-80.23592,25.73093],[-80.23522,25.73192],[-80.2331,25.73341],[-80.23156,25.73464],[-80.22879,25.73642],[-80.2265,25.73762],[-80.22497,25.73897],[-80.22428,25.73927],[-80.22298,25.73948],[-80.22101,25.74054],[-80.21859,25.742],[-80.21411,25.74411],[-80.21304,25.74477],[-80.21278,25.74476],[-80.21247,25.74433],[-80.21191,25.7444],[-80.21003,25.74535],[-80.20865,25.74584],[-80.20671,25.74678],[-80.20624,25.74735],[-80.20541,25.74752],[-80.20497,25.74772],[-80.20337,25.74906],[-80.20308,25.74945],[-80.20197,25.7504],[-80.20074,25.75089],[-80.20005,25.75155],[-80.19897,25.75226],[-80.19918,25.75201],[-80.20035,25.75118],[-80.20068,25.75082],[-80.20146,25.75023],[-80.2027,25.74948],[-80.2045,25.74785],[-80.20521,25.74748],[-80.20616,25.7472],[-80.2069,25.74649]]],[[[-80.1951,25.75514],[-80.19573,25.75479],[-80.19545,25.75527],[-80.19488,25.75585],[-80.19438,25.75675],[-80.19399,25.75711],[-80.19377,25.75756],[-80.19359,25.75854],[-80.19388,25.75943],[-80.19369,25.76009],[-80.19358,25.75992],[-80.19347,25.75914],[-80.19325,25.75868],[-80.19357,25.75706],[-80.19435,25.75578],[-80.1951,25.75514]]],[[[-80.18871,25.77139],[-80.18892,25.77087],[-80.1891,25.77069],[-80.19018,25.77039],[-80.19018,25.77063],[-80.18971,25.77071],[-80.18936,25.77098],[-80.18868,25.77169],[-80.18849,25.77211],[-80.18861,25.77274],[-80.18946,25.77344],[-80.18959,25.77366],[-80.18954,25.77446],[-80.18892,25.7751],[-80.18858,25.77565],[-80.18851,25.77593],[-80.18928,25.77774],[-80.19098,25.78025],[-80.19129,25.78032],[-80.19213,25.78015],[-80.19334,25.78009],[-80.19343,25.78082],[-80.19333,25.78094],[-80.19129,25.78098],[-80.19121,25.78105],[-80.19215,25.78801],[-80.19197,25.79221],[-80.19181,25.79368],[-80.19141,25.79477],[-80.19082,25.79544],[-80.19063,25.79584],[-80.19042,25.79761],[-80.19002,25.79911],[-80.19003,25.8012],[-80.1896,25.80269],[-80.18929,25.80328],[-80.1886,25.80367],[-80.18825,25.80483],[-80.18764,25.81044],[-80.18731,25.81122],[-80.18721,25.81175],[-80.18718,25.81383],[-80.18704,25.81416],[-80.18662,25.81462],[-80.18629,25.81528],[-80.18641,25.81624],[-80.18638,25.81731],[-80.18695,25.81926],[-80.18695,25.81996],[-80.18556,25.82268],[-80.18404,25.82629],[-80.18377,25.82721],[-80.1835,25.82906],[-80.18222,25.8331],[-80.18172,25.83507],[-80.18186,25.83599],[-80.1821,25.83644],[-80.18272,25.83722],[-80.18275,25.84008],[-80.18304,25.84074],[-80.18381,25.84166],[-80.18396,25.84396],[-80.18408,25.84443],[-80.18431,25.84472],[-80.18483,25.84494],[-80.18716,25.84498],[-80.18748,25.84519],[-80.18802,25.84581],[-80.1886,25.84703],[-80.18875,25.84714],[-80.18885,25.84709],[-80.18895,25.85024],[-80.18887,25.85102],[-80.18855,25.84735],[-80.18778,25.8461],[-80.1872,25.84556],[-80.18661,25.84528],[-80.18473,25.84506],[-80.18395,25.84459],[-80.18368,25.84422],[-80.18325,25.84209],[-80.18246,25.84042],[-80.18252,25.83794],[-80.18177,25.83651],[-80.18158,25.83541],[-80.18168,25.8337],[-80.18221,25.83054],[-80.18308,25.82788],[-80.18404,25.82577],[-80.18467,25.82337],[-80.18578,25.82092],[-80.18592,25.8204],[-80.18618,25.81867],[-80.18617,25.81786],[-80.18597,25.81715],[-80.18611,25.81515],[-80.1862,25.81478],[-80.18682,25.81395],[-80.18705,25.813],[-80.18697,25.81168],[-80.18723,25.81106],[-80.18741,25.80997],[-80.18728,25.80865],[-80.1875,25.80763],[-80.18741,25.8068],[-80.18767,25.80517],[-80.18801,25.80376],[-80.18892,25.80216],[-80.18903,25.80095],[-80.18948,25.79959],[-80.18976,25.79767],[-80.18989,25.79413],[-80.19027,25.79214],[-80.19037,25.78768],[-80.19049,25.78696],[-80.19032,25.78576],[-80.19028,25.78379],[-80.19052,25.78245],[-80.19033,25.78209],[-80.19016,25.78062],[-80.18958,25.78026],[-80.18928,25.77971],[-80.18874,25.77818],[-80.18808,25.77585],[-80.18807,25.7756],[-80.1883,25.77515],[-80.18903,25.77418],[-80.18908,25.77383],[-80.1893,25.77364],[-80.18921,25.7735],[-80.18838,25.77289],[-80.18827,25.77253],[-80.18816,25.77246],[-80.18848,25.77166],[-80.18871,25.77139]]],[[[-80.2221,25.78321],[-80.22162,25.78272],[-80.22092,25.78227],[-80.21921,25.78176],[-80.21889,25.78135],[-80.21853,25.78114],[-80.21802,25.78033],[-80.21719,25.77968],[-80.21645,25.77924],[-80.21549,25.77883],[-80.21489,25.77879],[-80.21438,25.77892],[-80.21391,25.77929],[-80.21379,25.77959],[-80.21381,25.77988],[-80.21555,25.78182],[-80.21681,25.78246],[-80.21842,25.78287],[-80.22046,25.78366],[-80.22009,25.78365],[-80.21826,25.78302],[-80.21624,25.78248],[-80.21493,25.7816],[-80.21445,25.78107],[-80.21364,25.77985],[-80.21356,25.77953],[-80.21364,25.77927],[-80.21407,25.77884],[-80.21448,25.77864],[-80.21555,25.77868],[-80.21646,25.77887],[-80.21707,25.77918],[-80.21793,25.77987],[-80.21843,25.78038],[-80.21882,25.78112],[-80.21949,25.78164],[-80.22068,25.78198],[-80.22135,25.7823],[-80.22295,25.78213],[-80.2238,25.78214],[-80.22468,25.78228],[-80.226,25.78287],[-80.22713,25.78367],[-80.22764,25.78423],[-80.22765,25.78454],[-80.22743,25.78494],[-80.22667,25.78533],[-80.22591,25.78543],[-80.22495,25.78529],[-80.22288,25.78473],[-80.2227,25.78385],[-80.22203,25.78346],[-80.22154,25.78341],[-80.22201,25.7833],[-80.2221,25.78321]],[[-80.22384,25.78269],[-80.22312,25.78285],[-80.22281,25.783],[-80.22271,25.78318],[-80.22285,25.78343],[-80.2237,25.78373],[-80.22476,25.7844],[-80.2255,25.7847],[-80.22646,25.78498],[-80.22677,25.78499],[-80.22694,25.78489],[-80.22714,25.78452],[-80.22706,25.78424],[-80.22598,25.78311],[-80.22512,25.78272],[-80.22384,25.78269]]],[[[-80.23993,25.7986],[-80.24089,25.79894],[-80.24119,25.79914],[-80.24202,25.79999],[-80.24203,25.80119],[-80.24223,25.80189],[-80.24263,25.8021],[-80.24322,25.80158],[-80.24343,25.80158],[-80.24417,25.80238],[-80.24423,25.80276],[-80.24405,25.80295],[-80.24323,25.8032],[-80.24192,25.80399],[-80.2412,25.80427],[-80.24101,25.80454],[-80.24101,25.80477],[-80.24174,25.80502],[-80.24178,25.80512],[-80.24158,25.80568],[-80.24141,25.80585],[-80.24012,25.8064],[-80.24012,25.80505],[-80.23994,25.80271],[-80.23993,25.7986]]],[[[-80.24027,25.80872],[-80.24013,25.80749],[-80.24072,25.8075],[-80.24113,25.80736],[-80.24177,25.80697],[-80.24234,25.80686],[-80.24273,25.80688],[-80.24366,25.80719],[-80.24421,25.80752],[-80.24581,25.80797],[-80.24643,25.8087],[-80.24699,25.80896],[-80.24714,25.80943],[-80.24652,25.80993],[-80.24602,25.81008],[-80.24552,25.81037],[-80.24515,25.81041],[-80.24449,25.81006],[-80.24358,25.80975],[-80.241,25.80925],[-80.24027,25.80872]]],[[[-80.23749,25.81139],[-80.23805,25.81155],[-80.23846,25.81166],[-80.23837,25.81176],[-80.23826,25.81169],[-80.23804,25.81183],[-80.23737,25.81183],[-80.23736,25.81163],[-80.23748,25.81163],[-80.23749,25.81139]]],[[[-80.24347,25.81211],[-80.24421,25.8118],[-80.24482,25.81169],[-80.24577,25.81208],[-80.24347,25.81211]]],[[[-80.21757,25.84657],[-80.21743,25.84632],[-80.2177,25.84577],[-80.2171,25.84522],[-80.21696,25.84471],[-80.21664,25.84466],[-80.21656,25.8443],[-80.21667,25.84413],[-80.21713,25.84402],[-80.21727,25.84387],[-80.21757,25.84429],[-80.21817,25.84438],[-80.2184,25.84413],[-80.21814,25.84383],[-80.21812,25.84353],[-80.21824,25.84359],[-80.21825,25.84385],[-80.21847,25.84404],[-80.21889,25.84395],[-80.219,25.84376],[-80.21881,25.84341],[-80.21849,25.84335],[-80.21841,25.84324],[-80.21906,25.84326],[-80.2194,25.84379],[-80.2197,25.84378],[-80.21981,25.84385],[-80.21969,25.84399],[-80.21925,25.844],[-80.21937,25.84433],[-80.21969,25.84437],[-80.22016,25.84469],[-80.22013,25.8449],[-80.22,25.84501],[-80.21969,25.84484],[-80.21925,25.84486],[-80.21929,25.84521],[-80.21913,25.84528],[-80.21911,25.84548],[-80.21918,25.84629],[-80.21901,25.84653],[-80.21757,25.84657]]],[[[-80.20921,25.84751],[-80.20959,25.84765],[-80.20965,25.84788],[-80.20973,25.84772],[-80.20946,25.84739],[-80.20942,25.84719],[-80.20947,25.84694],[-80.20972,25.84683],[-80.20914,25.84666],[-80.20911,25.8459],[-80.20924,25.84558],[-80.20936,25.84548],[-80.20995,25.84596],[-80.21051,25.84596],[-80.21068,25.84583],[-80.21069,25.84556],[-80.21085,25.84542],[-80.21082,25.84518],[-80.21056,25.84489],[-80.21058,25.84458],[-80.21067,25.84469],[-80.21066,25.84491],[-80.21153,25.84499],[-80.21171,25.84492],[-80.21111,25.84455],[-80.21087,25.84455],[-80.21066,25.84436],[-80.21108,25.84381],[-80.21078,25.84353],[-80.21087,25.84326],[-80.21119,25.84306],[-80.2117,25.84317],[-80.21181,25.84301],[-80.21086,25.84245],[-80.21067,25.84201],[-80.21111,25.84181],[-80.21113,25.84153],[-80.21134,25.84144],[-80.21164,25.84146],[-80.21172,25.84134],[-80.21164,25.84125],[-80.21187,25.84125],[-80.21231,25.84216],[-80.2124,25.84267],[-80.21233,25.84299],[-80.21272,25.84329],[-80.21323,25.84408],[-80.21319,25.84436],[-80.21331,25.84465],[-80.21339,25.84492],[-80.21392,25.84543],[-80.21442,25.84539],[-80.21441,25.84511],[-80.21483,25.84508],[-80.21502,25.84521],[-80.21511,25.84546],[-80.21473,25.84535],[-80.21438,25.84563],[-80.21331,25.84538],[-80.21317,25.84518],[-80.21329,25.84465],[-80.2129,25.84439],[-80.2127,25.84396],[-80.21241,25.84402],[-80.2121,25.84389],[-80.2116,25.8439],[-80.21167,25.84425],[-80.21161,25.84464],[-80.21179,25.84486],[-80.2124,25.84507],[-80.21271,25.84577],[-80.21278,25.84555],[-80.21323,25.84569],[-80.21331,25.8456],[-80.21374,25.84642],[-80.21336,25.84634],[-80.21329,25.84641],[-80.21301,25.84621],[-80.21293,25.84628],[-80.213,25.84646],[-80.21342,25.84683],[-80.21337,25.84714],[-80.21359,25.84753],[-80.21377,25.84727],[-80.21422,25.84727],[-80.21438,25.8474],[-80.21445,25.84773],[-80.2147,25.84787],[-80.21482,25.84785],[-80.2151,25.84829],[-80.21541,25.84851],[-80.21568,25.84812],[-80.21524,25.84969],[-80.21515,25.84988],[-80.21482,25.84963],[-80.21489,25.84942],[-80.21479,25.84915],[-80.2145,25.84888],[-80.21426,25.84884],[-80.21377,25.84896],[-80.21312,25.84888],[-80.21282,25.84893],[-80.21261,25.84899],[-80.21237,25.84921],[-80.21207,25.84909],[-80.21176,25.84949],[-80.21145,25.84898],[-80.21121,25.84909],[-80.20991,25.84882],[-80.20973,25.84884],[-80.20963,25.84907],[-80.20937,25.84883],[-80.20921,25.84751]]],[[[-80.21582,25.84498],[-80.2164,25.84523],[-80.21664,25.84545],[-80.2168,25.8459],[-80.21666,25.84605],[-80.21665,25.84633],[-80.21515,25.84549],[-80.21534,25.84521],[-80.21582,25.84498]]],[[[-80.18045,25.85278],[-80.18092,25.8531],[-80.18126,25.85304],[-80.18149,25.85288],[-80.18185,25.8521],[-80.18195,25.85144],[-80.18299,25.85026],[-80.18286,25.84967],[-80.18271,25.84954],[-80.18253,25.84953],[-80.18183,25.85022],[-80.18161,25.85091],[-80.18143,25.85113],[-80.18119,25.85127],[-80.18153,25.85089],[-80.18169,25.85014],[-80.18211,25.84965],[-80.18253,25.84939],[-80.18291,25.84933],[-80.18328,25.84944],[-80.1834,25.8497],[-80.18321,25.85035],[-80.18321,25.85097],[-80.18394,25.85169],[-80.18415,25.85229],[-80.18409,25.85259],[-80.18372,25.85285],[-80.18303,25.85307],[-80.18276,25.85325],[-80.18254,25.85365],[-80.18246,25.85433],[-80.18224,25.85458],[-80.18136,25.85485],[-80.18062,25.85469],[-80.1805,25.85455],[-80.18049,25.85435],[-80.18106,25.85387],[-80.18124,25.85344],[-80.181,25.85324],[-80.18034,25.85323],[-80.18005,25.85338],[-80.17977,25.85367],[-80.17908,25.855],[-80.17887,25.85516],[-80.17861,25.85514],[-80.1784,25.85475],[-80.17846,25.85446],[-80.17916,25.85392],[-80.17964,25.85296],[-80.17988,25.8527],[-80.18049,25.8525],[-80.18045,25.85278]]],[[[-80.18744,25.85403],[-80.18725,25.8545],[-80.18607,25.85502],[-80.18566,25.85553],[-80.18456,25.85617],[-80.18449,25.85628],[-80.18468,25.85636],[-80.18507,25.85633],[-80.1869,25.8555],[-80.18704,25.85584],[-80.18743,25.85583],[-80.18751,25.85559],[-80.18767,25.85548],[-80.18801,25.85566],[-80.18834,25.85549],[-80.18861,25.85579],[-80.18865,25.85552],[-80.18848,25.85525],[-80.18852,25.85516],[-80.1889,25.85515],[-80.18911,25.85524],[-80.18914,25.85554],[-80.18953,25.85584],[-80.19082,25.85591],[-80.19104,25.85563],[-80.19118,25.85649],[-80.19099,25.85664],[-80.19094,25.85707],[-80.19043,25.85693],[-80.18967,25.85704],[-80.18935,25.85747],[-80.18947,25.85796],[-80.18932,25.85812],[-80.18954,25.85851],[-80.18971,25.85845],[-80.18959,25.85804],[-80.1901,25.85788],[-80.1904,25.85807],[-80.19087,25.85814],[-80.19096,25.85801],[-80.19081,25.85781],[-80.19108,25.858],[-80.19115,25.85828],[-80.19094,25.85856],[-80.19118,25.85883],[-80.19067,25.85879],[-80.19037,25.85901],[-80.19009,25.85898],[-80.18989,25.85908],[-80.19012,25.85939],[-80.18951,25.86021],[-80.18919,25.85998],[-80.18909,25.8601],[-80.18911,25.86042],[-80.18887,25.86048],[-80.18845,25.86038],[-80.18804,25.86101],[-80.18814,25.86121],[-80.18603,25.86128],[-80.18582,25.86117],[-80.18574,25.86129],[-80.18551,25.8613],[-80.18552,25.86074],[-80.1857,25.8606],[-80.18578,25.8604],[-80.18613,25.86062],[-80.18636,25.86065],[-80.1865,25.86044],[-80.18716,25.85991],[-80.18713,25.8597],[-80.18811,25.86004],[-80.18767,25.85947],[-80.18736,25.85948],[-80.18705,25.8596],[-80.18683,25.85936],[-80.18673,25.85908],[-80.18706,25.85895],[-80.18736,25.85926],[-80.18761,25.8593],[-80.18753,25.85883],[-80.1876,25.85875],[-80.18758,25.85852],[-80.18815,25.85826],[-80.18798,25.85822],[-80.18781,25.858],[-80.18799,25.85778],[-80.18877,25.85791],[-80.18902,25.85783],[-80.1889,25.85766],[-80.18862,25.85753],[-80.18796,25.85764],[-80.18738,25.85723],[-80.18713,25.8572],[-80.18706,25.85732],[-80.18648,25.85705],[-80.18622,25.85718],[-80.18553,25.85681],[-80.18535,25.85681],[-80.18519,25.85695],[-80.18518,25.85712],[-80.18586,25.85788],[-80.18547,25.85872],[-80.18455,25.85894],[-80.18385,25.85867],[-80.18344,25.8587],[-80.18285,25.85943],[-80.18223,25.85996],[-80.182,25.86004],[-80.18188,25.85996],[-80.18193,25.85957],[-80.18144,25.85937],[-80.18105,25.85903],[-80.18077,25.85842],[-80.18043,25.85805],[-80.18012,25.85732],[-80.17999,25.85713],[-80.17982,25.85708],[-80.17947,25.85736],[-80.17787,25.86001],[-80.17738,25.86152],[-80.1773,25.8622],[-80.17736,25.86263],[-80.17622,25.86268],[-80.17609,25.86237],[-80.17611,25.86188],[-80.17561,25.86122],[-80.1755,25.86044],[-80.17531,25.86022],[-80.17479,25.85991],[-80.17468,25.85968],[-80.17512,25.85885],[-80.17537,25.85798],[-80.17578,25.8575],[-80.1759,25.85681],[-80.17604,25.8567],[-80.17655,25.85663],[-80.17674,25.85638],[-80.17669,25.85615],[-80.17612,25.85555],[-80.17607,25.85527],[-80.1772,25.85322],[-80.17748,25.8519],[-80.17739,25.85147],[-80.17748,25.85076],[-80.17745,25.85001],[-80.17776,25.84893],[-80.17771,25.84834],[-80.1779,25.84739],[-80.1781,25.84743],[-80.17843,25.8477],[-80.17903,25.84787],[-80.17935,25.84813],[-80.17942,25.8484],[-80.1785,25.85003],[-80.1783,25.85137],[-80.17839,25.85177],[-80.17835,25.85207],[-80.17757,25.85433],[-80.17792,25.85545],[-80.17791,25.85591],[-80.17771,25.85648],[-80.17696,25.85728],[-80.17662,25.85785],[-80.1765,25.85848],[-80.17661,25.85886],[-80.17679,25.85906],[-80.177,25.85914],[-80.17738,25.85909],[-80.17805,25.8587],[-80.17869,25.85823],[-80.17956,25.85703],[-80.18004,25.8569],[-80.18027,25.85696],[-80.1804,25.85709],[-80.1806,25.85783],[-80.18095,25.85832],[-80.18094,25.85864],[-80.18113,25.85888],[-80.18168,25.85885],[-80.18223,25.85926],[-80.18249,25.85935],[-80.18278,25.85924],[-80.1833,25.85855],[-80.18362,25.85838],[-80.18393,25.85838],[-80.18451,25.85868],[-80.18477,25.85871],[-80.18491,25.85853],[-80.18488,25.85819],[-80.1839,25.85691],[-80.18371,25.85657],[-80.1837,25.85639],[-80.1853,25.85546],[-80.18606,25.85473],[-80.18744,25.85403]],[[-80.17795,25.84831],[-80.17758,25.84985],[-80.17766,25.8504],[-80.17752,25.85134],[-80.1776,25.85224],[-80.1774,25.85269],[-80.17727,25.85343],[-80.17658,25.8548],[-80.17667,25.8552],[-80.17722,25.85605],[-80.17743,25.85618],[-80.17768,25.85595],[-80.17776,25.85557],[-80.17764,25.8552],[-80.17727,25.85467],[-80.17725,25.85444],[-80.17773,25.85341],[-80.17777,25.85278],[-80.1781,25.85189],[-80.178,25.85071],[-80.17807,25.84998],[-80.17857,25.84882],[-80.17852,25.84836],[-80.17835,25.84809],[-80.17809,25.84807],[-80.17795,25.84831]]],[[[-80.19284,25.85801],[-80.1915,25.85773],[-80.19161,25.85771],[-80.1915,25.85732],[-80.19201,25.85718],[-80.19138,25.85691],[-80.192,25.85674],[-80.19225,25.85676],[-80.19247,25.85663],[-80.19212,25.85635],[-80.19227,25.85624],[-80.19255,25.85645],[-80.19258,25.85611],[-80.19294,25.85617],[-80.19321,25.85639],[-80.19315,25.85822],[-80.19284,25.85801]]],[[[-80.17416,25.86274],[-80.17431,25.86183],[-80.17456,25.86136],[-80.17482,25.86115],[-80.17514,25.8612],[-80.17526,25.86143],[-80.17505,25.86202],[-80.17504,25.86248],[-80.17491,25.86272],[-80.17416,25.86274]]],[[[-80.18123,25.86252],[-80.1814,25.86188],[-80.18155,25.8618],[-80.1817,25.86189],[-80.18205,25.8625],[-80.18123,25.86252]]],[[[-80.1757,25.86265],[-80.17583,25.86269],[-80.17557,25.8627],[-80.1757,25.86265]]]]}}]}