{"type":"FeatureCollection","features":[{"type":"Feature","geometry":{"type":"LineString","coordinates":[[-122.74163222903316,37.97969228788389],[-122.74629219309996,37.983336824828406],[-122.7490995756865,37.98574958263047]]},"properties":{"name":"nan","kind":"fault"}},{"type":"Feature","geometry":{"type":"LineString","coordinates":[[-122.73376153389837,37.97349457966832],[-122.735454203814,37.97544635073053],[-122.74228907683319,37.98197272415931],[-122.74573393499419,37.98576924365247],[-122.75115892911066,37.99070163708695]]},"properties":{"name":"San Andreas Fault","kind":"fault"}},{"type":"Feature","geometry":{"type":"LineString","coordinates":[[-122.73059780217388,37.96661194279734],[-122.73178757418812,37.968651696226225],[-122.7328083677044,37.969966063302635]]},"properties":{"name":"San Andreas Fault","kind":"fault"}},{"type":"Feature","geometry":{"type":"LineString","coordinates":[[-122.72988617088473,37.966732549121346],[-122.73178177470258,37.97090197025905]]},"properties":{"name":"San Andreas Fault","kind":"fault"}},{"type":"Feature","geometry":{"type":"LineString","coordinates":[[-122.72448126245136,37.960075295522095],[-122.7289883641313,37.96454591229993],[-122.73061787705458,37.96649660943625],[-122.73252054456286,37.96826193041402],[-122.73396896296887,37.97005832705148],[-122.73500663652048,37.971735086062566],[-122.73659606527578,37.973647625107986]]},"properties":{"name":"San Andreas Fault","kind":"fault"}},{"type":"Feature","geometry":{"type":"LineString","coordinates":[[-122.71616215875092,37.95237805479479],[-122.71932104958783,37.956937199795284],[-122.72185298451497,37.95948623820564],[-122.72348281740523,37.96162110652033]]},"properties":{"name":"San Andreas Fault","kind":"fault"}},{"type":"Feature","geometry":{"type":"LineString","coordinates":[[-122.71064015175226,37.94497362749283],[-122.71248726144309,37.94731118755826],[-122.7153159611027,37.95137329776036],[-122.71739491789694,37.95358061157684]]},"properties":{"name":"San Andreas Fault","kind":"fault"}},{"type":"Feature","geometry":{"type":"LineString","coordinates":[[-122.70491138795221,37.93862604455892],[-122.7111173552268,37.945976773385354]]},"properties":{"name":"San Andreas Fault","kind":"fault"}},{"type":"Feature","geometry":{"type":"LineString","coordinates":[[-122.70553447489365,37.929803279011786],[-122.70792595464562,37.93318243334308],[-122.71034351894043,37.93555441953279],[-122.71192320431705,37.93758241532378]]},"properties":{"name":"nan","kind":"fault"}},{"type":"Feature","geometry":{"type":"LineString","coordinates":[[-122.69657091903372,37.928931703681414],[-122.69920597475608,37.931346470970176],[-122.70008508706499,37.93274840744948]]},"properties":{"name":"San Andreas Fault","kind":"fault"}},{"type":"Feature","geometry":{"type":"LineString","coordinates":[[-122.67531145293403,37.90617317155165],[-122.67682060089173,37.907789699849786]]},"properties":{"name":"San Andreas Fault","kind":"fault"}},{"type":"Feature","geometry":{"type":"LineString","coordinates":[[-122.68033037927344,37.911526268958944],[-122.6821264144609,37.913622112644255]]},"properties":{"name":"San Andreas Fault","kind":"fault"}},{"type":"Feature","geometry":{"type":"LineString","coordinates":[[-122.68718702617161,37.90420244870373],[-122.69275461182751,37.91137484150601],[-122.69459164346475,37.91428064191887]]},"properties":{"name":"nan","kind":"fault"}},{"type":"Feature","geometry":{"type":"LineString","coordinates":[[-122.68871139671114,37.92054132846666],[-122.69088705161984,37.92279234856745]]},"properties":{"name":"San Andreas Fault","kind":"fault"}},{"type":"Feature","geometry":{"type":"LineString","coordinates":[[-122.69727408470594,37.917983153335726],[-122.69967161437673,37.92046834658095],[-122.70173104058878,37.9243742054722],[-122.70404263701488,37.9278489063993],[-122.70551069201586,37.929663135857986]]},"properties":{"name":"nan","kind":"fault"}},{"type":"Feature","geometry":{"type":"LineString","coordinates":[[-122.69554811203395,37.927508333282695],[-122.69702983534519,37.929327846870784]]},"properties":{"name":"San Andreas Fault","kind":"fault"}},{"type":"Feature","geometry":{"type":"LineString","coordinates":[[-122.69750282929228,37.929272451285925],[-122.70009869210202,37.931951236992425],[-122.70175741465589,37.933977891982096]]},"properties":{"name":"San Andreas Fault","kind":"fault"}},{"type":"Feature","geometry":{"type":"LineString","coordinates":[[-122.69613575421673,37.92963495500269],[-122.69925305150817,37.9324042674639],[-122.70242670838614,37.93564314357068],[-122.7048308081195,37.938521913146474]]},"properties":{"name":"San Andreas Fault","kind":"fault"}},{"type":"Feature","geometry":{"type":"LineString","coordinates":[[-122.69846810285866,37.93331675763466],[-122.70312612521953,37.93762784042966],[-122.70534372072139,37.93921294988795]]},"properties":{"name":"San Andreas Fault","kind":"fault"}},{"type":"Feature","geometry":{"type":"LineString","coordinates":[[-122.7003946868849,37.93290342670907],[-122.70181779020561,37.935019905137516]]},"properties":{"name":"San Andreas Fault","kind":"fault"}},{"type":"Feature","geometry":{"type":"LineString","coordinates":[[-122.71196144400041,37.937746364936345],[-122.7127744742222,37.9392566348997],[-122.71313501271455,37.94098430965205],[-122.71360809605892,37.94221044298677],[-122.71553303070347,37.944656795681276]]},"properties":{"name":"nan","kind":"fault"}},{"type":"Feature","geometry":{"type":"LineString","coordinates":[[-122.71599461972063,37.94533243843531],[-122.7167352746383,37.94622110682318]]},"properties":{"name":"nan","kind":"fault"}},{"type":"Feature","geometry":{"type":"LineString","coordinates":[[-122.71364700673831,37.94778192329344],[-122.7161956326021,37.95166051267126],[-122.7179195444694,37.95386903409631],[-122.72967855076719,37.96364821511627]]},"properties":{"name":"San Andreas Fault","kind":"fault"}},{"type":"Feature","geometry":{"type":"LineString","coordinates":[[-122.72667250867832,37.96156187226788],[-122.72716581604834,37.96269824824811]]},"properties":{"name":"San Andreas Fault","kind":"fault"}},{"type":"Feature","geometry":{"type":"LineString","coordinates":[[-122.7178180356049,37.94746220092656],[-122.71925813258683,37.949235624707924],[-122.72334896969843,37.95529721958701],[-122.72533130733116,37.95855479167858],[-122.72639209656381,37.96075159286612]]},"properties":{"name":"nan","kind":"fault"}},{"type":"Feature","geometry":{"type":"LineString","coordinates":[[-122.72106435238527,37.96050535292428],[-122.72414144794328,37.96470395797111],[-122.72691166822105,37.967952120604814],[-122.73373852403085,37.97712463396266],[-122.73769615706202,37.98180492419282],[-122.74337783758504,37.9878194389596],[-122.7466515978602,37.9906886661885],[-122.75117304771993,37.99413681042728]]},"properties":{"name":"nan","kind":"fault"}},{"type":"Feature","geometry":{"type":"LineString","coordinates":[[-122.74836546451446,37.98852944512837],[-122.7511185203726,37.99121271146368]]},"properties":{"name":"San Andreas Fault","kind":"fault"}},{"type":"Feature","geometry":{"type":"LineString","coordinates":[[-122.74929346615075,37.98602629354958],[-122.75115604931894,37.98795908355842]]},"properties":{"name":"nan","kind":"fault"}},{"type":"Feature","geometry":{"type":"LineString","coordinates":[[-122.74249339898788,37.98094202375574],[-122.74063074491379,37.97870152236723],[-122.73776875589294,37.97579483232592],[-122.73289724367451,37.97014769186436]]},"properties":{"name":"San Andreas Fault","kind":"fault"}},{"type":"Feature","geometry":{"type":"LineString","coordinates":[[-122.73367608964435,37.973394442551566],[-122.72806659811914,37.968020469226786],[-122.72592452805237,37.96530421774613],[-122.72365073417133,37.96178960501639]]},"properties":{"name":"San Andreas Fault","kind":"fault"}},{"type":"Feature","geometry":{"type":"LineString","coordinates":[[-122.72876322839832,37.96433500281052],[-122.72971197031866,37.966486505887914]]},"properties":{"name":"San Andreas Fault","kind":"fault"}},{"type":"Feature","geometry":{"type":"LineString","coordinates":[[-122.71742840516593,37.95365066561278],[-122.71972829924034,37.95546776555008]]},"properties":{"name":"San Andreas Fault","kind":"fault"}},{"type":"Feature","geometry":{"type":"LineString","coordinates":[[-122.69310397942414,37.92079933153564],[-122.6925949547532,37.91625329717518]]},"properties":{"name":"San Andreas Fault","kind":"fault"}},{"type":"Feature","geometry":{"type":"LineString","coordinates":[[-122.7168929894248,37.94637815448657],[-122.7177539127283,37.9473189329228]]},"properties":{"name":"nan","kind":"fault"}},{"type":"Feature","geometry":{"type":"LineString","coordinates":[[-122.71562183359251,37.94483843782931],[-122.71587172526694,37.94522444668133]]},"properties":{"name":"nan","kind":"fault"}},{"type":"Feature","geometry":{"type":"LineString","coordinates":[[-122.69100694048464,37.92293382009056],[-122.69249772149372,37.92446971701697]]},"properties":{"name":"San Andreas Fault","kind":"fault"}},{"type":"Feature","geometry":{"type":"LineString","coordinates":[[-122.69249772149372,37.92446971701697],[-122.69365695464685,37.925701837513266]]},"properties":{"name":"San Andreas Fault","kind":"fault"}},{"type":"Feature","geometry":{"type":"LineString","coordinates":[[-122.69365695464685,37.925701837513266],[-122.69481244286791,37.92683925663932]]},"properties":{"name":"San Andreas Fault","kind":"fault"}},{"type":"Feature","geometry":{"type":"LineString","coordinates":[[-122.69481244286791,37.92683925663932],[-122.69547627262672,37.92743354850869]]},"properties":{"name":"San Andreas Fault","kind":"fault"}},{"type":"Feature","geometry":{"type":"LineString","coordinates":[[-122.68236938787662,37.913915887312314],[-122.68378881252521,37.91537165213784]]},"properties":{"name":"San Andreas Fault","kind":"fault"}},{"type":"Feature","geometry":{"type":"LineString","coordinates":[[-122.68378881252521,37.91537165213784],[-122.68505125326745,37.91665554027129]]},"properties":{"name":"San Andreas Fault","kind":"fault"}},{"type":"Feature","geometry":{"type":"LineString","coordinates":[[-122.68505125326745,37.91665554027129],[-122.6863347699351,37.91808737997006]]},"properties":{"name":"San Andreas Fault","kind":"fault"}},{"type":"Feature","geometry":{"type":"LineString","coordinates":[[-122.6863347699351,37.91808737997006],[-122.68720984609979,37.91893412599636]]},"properties":{"name":"San Andreas Fault","kind":"fault"}},{"type":"Feature","geometry":{"type":"LineString","coordinates":[[-122.68720984609979,37.91893412599636],[-122.68777043405224,37.919489980581005]]},"properties":{"name":"San Andreas Fault","kind":"fault"}},{"type":"Feature","geometry":{"type":"LineString","coordinates":[[-122.68777043405224,37.919489980581005],[-122.68861241235722,37.920376942791194]]},"properties":{"name":"San Andreas Fault","kind":"fault"}},{"type":"Feature","geometry":{"type":"LineString","coordinates":[[-122.67698375620695,37.9080041761392],[-122.6777420056389,37.908919940534325]]},"properties":{"name":"San Andreas Fault","kind":"fault"}},{"type":"Feature","geometry":{"type":"LineString","coordinates":[[-122.6777420056389,37.908919940534325],[-122.67853162898753,37.90976832344641]]},"properties":{"name":"San Andreas Fault","kind":"fault"}},{"type":"Feature","geometry":{"type":"LineString","coordinates":[[-122.67853162898753,37.90976832344641],[-122.6793018276407,37.91052229939116]]},"properties":{"name":"San Andreas Fault","kind":"fault"}},{"type":"Feature","geometry":{"type":"LineString","coordinates":[[-122.6793018276407,37.91052229939116],[-122.6801580905404,37.91130186874374]]},"properties":{"name":"San Andreas Fault","kind":"fault"}},{"type":"Feature","geometry":{"type":"LineString","coordinates":[[-122.67426383686436,37.90511591753911],[-122.67471758789165,37.90551223891024]]},"properties":{"name":"San Andreas Fault","kind":"fault"}},{"type":"Feature","geometry":{"type":"LineString","coordinates":[[-122.67471758789165,37.90551223891024],[-122.67522623483603,37.90604192125766]]},"properties":{"name":"San Andreas Fault","kind":"fault"}},{"type":"Feature","geometry":{"type":"LineString","coordinates":[[-122.69660946561066,37.91699586485061],[-122.69719535112317,37.91784092327761]]},"properties":{"name":"nan","kind":"fault"}},{"type":"Feature","geometry":{"type":"LineString","coordinates":[[-122.69493728112379,37.91446374405053],[-122.69443053543311,37.91460131337451]]},"properties":{"name":"nan","kind":"fault"}},{"type":"Feature","geometry":{"type":"LineString","coordinates":[[-122.6846399915608,37.9111173498045],[-122.6854975275924,37.91210424259327],[-122.6880005712216,37.91439741449825]]},"properties":{"name":"San Andreas Fault","kind":"fault"}},{"type":"Feature","geometry":{"type":"LineString","coordinates":[[-122.69480551872846,37.914748917866596],[-122.6965334672099,37.916846592334906]]},"properties":{"name":"nan","kind":"fault"}},{"type":"Feature","geometry":{"type":"LineString","coordinates":[[-122.69640889063908,37.916646183000445],[-122.6965330538611,37.91683261878392]]},"properties":{"name":"nan","kind":"fault"}},{"type":"Feature","geometry":{"type":"LineString","coordinates":[[-122.70269871750668,37.92469871115441],[-122.7003017107814,37.920686528631784]]},"properties":{"name":"nan","kind":"fault"}},{"type":"Feature","geometry":{"type":"LineString","coordinates":[[-122.6959684792262,37.921373738279684],[-122.69927773957724,37.922296316085806]]},"properties":{"name":"San Andreas Fault","kind":"fault"}},{"type":"Feature","geometry":{"type":"LineString","coordinates":[[-122.69902658510323,37.92589488713416],[-122.70350637776507,37.927886866506526]]},"properties":{"name":"San Andreas Fault","kind":"fault"}},{"type":"Feature","geometry":{"type":"LineString","coordinates":[[-122.70348326984636,37.93357523939753],[-122.70584241429663,37.933988731707984]]},"properties":{"name":"San Andreas Fault","kind":"fault"}},{"type":"Feature","geometry":{"type":"LineString","coordinates":[[-122.70728377128245,37.93440689066163],[-122.70883502197005,37.93676789404589],[-122.70932616069507,37.938010794142805],[-122.71119217808479,37.94519709852403]]},"properties":{"name":"San Andreas Fault","kind":"fault"}},{"type":"Feature","geometry":{"type":"LineString","coordinates":[[-122.71079916398477,37.94987642814948],[-122.71298621910228,37.9524903501592]]},"properties":{"name":"nan","kind":"fault"}},{"type":"Feature","geometry":{"type":"LineString","coordinates":[[-122.51234519712709,37.51896431385137],[-122.51211141442931,37.518659952258595]]},"properties":{"name":"Seal Cove Fault","kind":"fault"}},{"type":"Feature","geometry":{"type":"LineString","coordinates":[[-122.51417992880822,37.520944123138825],[-122.51494672807938,37.522116585200024]]},"properties":{"name":"Seal Cove Fault","kind":"fault"}},{"type":"Feature","geometry":{"type":"LineString","coordinates":[[-122.49564464077548,37.49995079494049],[-122.4956413391497,37.49994646086725]]},"properties":{"name":"Seal Cove Fault","kind":"fault"}},{"type":"Feature","geometry":{"type":"LineString","coordinates":[[-122.51325885182912,37.519520428675115],[-122.50788060138142,37.511903864437656]]},"properties":{"name":"Seal Cove Fault","kind":"fault"}},{"type":"Feature","geometry":{"type":"LineString","coordinates":[[-122.50788060138142,37.511903864437656],[-122.5072638874767,37.51085293047873]]},"properties":{"name":"Seal Cove Fault","kind":"fault"}},{"type":"Feature","geometry":{"type":"LineString","coordinates":[[-122.76052331898104,37.99987577600106],[-122.75974953508538,37.99890099709107],[-122.7531921170354,37.993334116824734]]},"properties":{"name":"San Andreas Fault","kind":"fault"}},{"type":"Feature","geometry":{"type":"LineString","coordinates":[[-122.75570714734387,37.99589447123788],[-122.75372597586804,37.99400902681214]]},"properties":{"name":"San Andreas Fault","kind":"fault"}},{"type":"Feature","geometry":{"type":"LineString","coordinates":[[-122.75321860275467,37.993333612431535],[-122.75125497242334,37.991181379164466]]},"properties":{"name":"San Andreas Fault","kind":"fault"}},{"type":"Feature","geometry":{"type":"LineString","coordinates":[[-122.75375207074315,37.99402794814847],[-122.7531921170354,37.993334116824734]]},"properties":{"name":"San Andreas Fault","kind":"fault"}},{"type":"Feature","geometry":{"type":"LineString","coordinates":[[-122.75848975760633,37.997116816831],[-122.75575798821735,37.99418005290131],[-122.75389567323316,37.99284459660638],[-122.75333284576597,37.99205606044065],[-122.75298645582643,37.99076785391068]]},"properties":{"name":"San Andreas Fault","kind":"fault"}},{"type":"Feature","geometry":{"type":"LineString","coordinates":[[-122.75496865475873,37.99352865705318],[-122.75364781172497,37.99144033866447],[-122.75157701703185,37.989119271100556]]},"properties":{"name":"San Andreas Fault","kind":"fault"}},{"type":"Feature","geometry":{"type":"LineString","coordinates":[[-122.76093397363394,37.99988735514386],[-122.7613329892962,37.99951778401824],[-122.76129238418919,37.99902378617441]]},"properties":{"name":"nan","kind":"fault"}},{"type":"Feature","geometry":{"type":"LineString","coordinates":[[-122.76119901362888,37.99847331899381],[-122.76062618511139,37.99736111171671]]},"properties":{"name":"nan","kind":"fault"}},{"type":"Feature","geometry":{"type":"LineString","coordinates":[[-122.75985682379289,37.999907913827],[-122.75578752771611,37.995987700624006]]},"properties":{"name":"San Andreas Fault","kind":"fault"}},{"type":"Feature","geometry":{"type":"LineString","coordinates":[[-122.75106210618674,37.9941358133473],[-122.75292497106805,37.99548994263452],[-122.75607543283763,37.99870462865908],[-122.75700859100543,37.999886108408916]]},"properties":{"name":"nan","kind":"fault"}},{"type":"Feature","geometry":{"type":"LineString","coordinates":[[-122.76033321516434,37.99702416924521],[-122.7582054742882,37.99622745250876]]},"properties":{"name":"San Andreas Fault","kind":"fault"}},{"type":"Feature","geometry":{"type":"LineString","coordinates":[[-122.75727368102956,37.99595938297448],[-122.75636838098268,37.99569080113055]]},"properties":{"name":"San Andreas Fault","kind":"fault"}},{"type":"Feature","geometry":{"type":"LineString","coordinates":[[-122.75869998919123,37.99728368663203],[-122.76009468231088,37.99927500575205]]},"properties":{"name":"San Andreas Fault","kind":"fault"}},{"type":"Feature","geometry":{"type":"LineString","coordinates":[[-122.76030538842355,37.99694858077434],[-122.75915749994785,37.99548538865359],[-122.7563480938343,37.99251205902616],[-122.75113695462142,37.98813809283132]]},"properties":{"name":"nan","kind":"fault"}},{"type":"Feature","geometry":{"type":"LineString","coordinates":[[-122.12170923915757,38.130061165021054],[-122.12271452735544,38.13238114039353]]},"properties":{"name":"Green Valley Fault","kind":"fault"}},{"type":"Feature","geometry":{"type":"LineString","coordinates":[[-122.11735809008242,38.12517447635694],[-122.12015365943103,38.1298492714393],[-122.12253411911425,38.136461324719654],[-122.12262243605362,38.138411057142534],[-122.12356613947627,38.142346917531185],[-122.12360076899624,38.144617770569404]]},"properties":{"name":"Green Valley Fault","kind":"fault"}},{"type":"Feature","geometry":{"type":"LineString","coordinates":[[-122.12296448403427,38.133054542344084],[-122.1244279640499,38.1367965604257]]},"properties":{"name":"Green Valley Fault","kind":"fault"}},{"type":"Feature","geometry":{"type":"LineString","coordinates":[[-122.12003153050581,38.126612092165836],[-122.12082306165406,38.12851742897727]]},"properties":{"name":"Green Valley Fault","kind":"fault"}},{"type":"Feature","geometry":{"type":"LineString","coordinates":[[-122.12106845976687,38.128327935085046],[-122.1214251903224,38.12919370384618]]},"properties":{"name":"Green Valley Fault","kind":"fault"}},{"type":"Feature","geometry":{"type":"LineString","coordinates":[[-122.12063567924415,38.12667616819331],[-122.1196856862225,38.124889065447874]]},"properties":{"name":"Green Valley Fault","kind":"fault"}},{"type":"Feature","geometry":{"type":"LineString","coordinates":[[-122.12276296599639,38.13256628660711],[-122.12296552067035,38.13306262840664]]},"properties":{"name":"Green Valley Fault","kind":"fault"}},{"type":"Feature","geometry":{"type":"LineString","coordinates":[[-122.12151764897939,38.12937880430306],[-122.12162995273349,38.12979517870322]]},"properties":{"name":"Green Valley Fault","kind":"fault"}},{"type":"Feature","geometry":{"type":"LineString","coordinates":[[-122.12435826568954,37.72388749681432],[-122.12602770506464,37.72618356145873]]},"properties":{"name":"Hayward Fault","kind":"fault"}},{"type":"Feature","geometry":{"type":"LineString","coordinates":[[-122.12344230798129,37.721703748562604],[-122.12234831094403,37.71955816901979],[-122.12081328810224,37.715118208661984],[-122.11961130013941,37.71253994200368],[-122.11833198179019,37.71022290195582],[-122.11691848372107,37.70834028347508],[-122.11563293966378,37.70613436201151],[-122.11443107844316,37.704672863766945]]},"properties":{"name":"Hayward Fault","kind":"fault"}},{"type":"Feature","geometry":{"type":"LineString","coordinates":[[-122.10978658431388,37.70032734615256],[-122.10760694076542,37.697077305274014],[-122.1031485273482,37.69198263765448],[-122.09178183391603,37.68047612003569],[-122.0901514771532,37.678538649304166],[-122.08483453429115,37.67344324699856]]},"properties":{"name":"Hayward Fault","kind":"fault"}},{"type":"Feature","geometry":{"type":"LineString","coordinates":[[-122.08574573966365,37.673880666000976],[-122.08498475490855,37.67338530758899]]},"properties":{"name":"Hayward Fault","kind":"fault"}},{"type":"Feature","geometry":{"type":"LineString","coordinates":[[-122.08478059682521,37.67329640936335],[-122.08014666259778,37.66862809047634]]},"properties":{"name":"Hayward Fault","kind":"fault"}},{"type":"Feature","geometry":{"type":"LineString","coordinates":[[-122.08239907959675,37.67135340465225],[-122.07971248219366,37.66856479132571]]},"properties":{"name":"Hayward Fault","kind":"fault"}},{"type":"Feature","geometry":{"type":"LineString","coordinates":[[-122.07653776990075,37.66527783152045],[-122.07386779842466,37.66260769407554],[-122.07178616375893,37.66021623255964],[-122.06376445878085,37.652495957132246]]},"properties":{"name":"Hayward Fault","kind":"fault"}},{"type":"Feature","geometry":{"type":"LineString","coordinates":[[-122.06385137305546,37.652494802919875],[-122.06335148442808,37.65208826301844]]},"properties":{"name":"Hayward Fault","kind":"fault"}},{"type":"Feature","geometry":{"type":"LineString","coordinates":[[-122.06866387362042,37.65752871691913],[-122.06936406696006,37.65788752066538]]},"properties":{"name":"Hayward Fault","kind":"fault"}},{"type":"Feature","geometry":{"type":"LineString","coordinates":[[-122.06251997809245,37.65170553812405],[-122.05936250881703,37.648237720547726],[-122.05921766882278,37.64775811810444]]},"properties":{"name":"Hayward Fault","kind":"fault"}},{"type":"Feature","geometry":{"type":"LineString","coordinates":[[-122.06106259699916,37.64965820721682],[-122.05645421097272,37.6446671184066]]},"properties":{"name":"Hayward Fault","kind":"fault"}},{"type":"Feature","geometry":{"type":"LineString","coordinates":[[-122.09287237058648,37.68166130439911],[-122.09084846656879,37.680241750356394]]},"properties":{"name":"Hayward Fault","kind":"fault"}},{"type":"Feature","geometry":{"type":"LineString","coordinates":[[-122.0869922650808,37.675424944685176],[-122.08583512799522,37.67399440612336]]},"properties":{"name":"Hayward Fault","kind":"fault"}},{"type":"Feature","geometry":{"type":"LineString","coordinates":[[-122.07851908952222,37.66697934011327],[-122.07776265475827,37.666001578066066]]},"properties":{"name":"Hayward Fault","kind":"fault"}},{"type":"Feature","geometry":{"type":"LineString","coordinates":[[-122.08014666259778,37.66862809047634],[-122.07942140573195,37.667878254268516]]},"properties":{"name":"Hayward Fault","kind":"fault"}},{"type":"Feature","geometry":{"type":"LineString","coordinates":[[-122.06846026940897,37.657463083572836],[-122.0677160326408,37.65686798297199],[-122.06668230493001,37.65528184534275]]},"properties":{"name":"Hayward Fault","kind":"fault"}},{"type":"Feature","geometry":{"type":"LineString","coordinates":[[-122.12608902838043,37.72822763150185],[-122.12559023584318,37.72746329683081]]},"properties":{"name":"Hayward Fault - Eastern Trace","kind":"fault"}},{"type":"Feature","geometry":{"type":"LineString","coordinates":[[-122.11314198151109,37.700133133586235],[-122.11379939413781,37.70033848983051],[-122.11447558143554,37.701363726970484],[-122.11501490042029,37.70153186179967],[-122.11563633741979,37.70147519387598]]},"properties":{"name":"Ashland Fault","kind":"fault"}},{"type":"Feature","geometry":{"type":"LineString","coordinates":[[-122.11563633741979,37.70147519387598],[-122.11696408998657,37.701354469638204],[-122.11758644081048,37.70147485414615],[-122.11804864096877,37.70173723197382]]},"properties":{"name":"Ashland Fault","kind":"fault"}},{"type":"Feature","geometry":{"type":"LineString","coordinates":[[-122.11804864096877,37.70173723197382],[-122.11906691932255,37.702622611039885],[-122.1201062231059,37.70294617358205],[-122.12044795136416,37.70337640100868]]},"properties":{"name":"Ashland Fault","kind":"fault"}},{"type":"Feature","geometry":{"type":"LineString","coordinates":[[-122.12044795136416,37.70337640100868],[-122.12040963837399,37.70399591780953]]},"properties":{"name":"Ashland Fault","kind":"fault"}},{"type":"Feature","geometry":{"type":"LineString","coordinates":[[-122.12042839587806,37.70624794651347],[-122.12133136642095,37.707355460226594],[-122.12189458620868,37.70767545935769],[-122.12256616771327,37.70780912133257],[-122.12402820356346,37.70913259386871]]},"properties":{"name":"Ashland Fault","kind":"fault"}},{"type":"Feature","geometry":{"type":"LineString","coordinates":[[-122.11947098919961,37.721406537557904],[-122.1206857874447,37.723758623669355],[-122.12403393221147,37.72690070068199]]},"properties":{"name":"Hayward Fault - Eastern Trace","kind":"fault"}},{"type":"Feature","geometry":{"type":"LineString","coordinates":[[-122.07672967840787,37.665481851210544],[-122.07752662455721,37.66629753496471]]},"properties":{"name":"Hayward Fault","kind":"fault"}},{"type":"Feature","geometry":{"type":"LineString","coordinates":[[-122.06209256491526,37.65060914639331],[-122.06235811025685,37.65088133370105]]},"properties":{"name":"Hayward Fault","kind":"fault"}},{"type":"Feature","geometry":{"type":"LineString","coordinates":[[-122.06194466413464,37.65045034181372],[-122.06126810910665,37.64981624938446]]},"properties":{"name":"Hayward Fault","kind":"fault"}},{"type":"Feature","geometry":{"type":"LineString","coordinates":[[-122.09294965602578,37.682578257734626],[-122.09246937517193,37.68173509692261]]},"properties":{"name":"Hayward Fault","kind":"fault"}},{"type":"Feature","geometry":{"type":"LineString","coordinates":[[-122.12423778835131,37.723698877320885],[-122.12347331015755,37.72178020968001]]},"properties":{"name":"Hayward Fault","kind":"fault"}},{"type":"Feature","geometry":{"type":"LineString","coordinates":[[-122.12317747018957,37.72148604974344],[-122.12198645461673,37.72054017136424],[-122.1212844727622,37.71969007562552],[-122.1204694574538,37.71800430243579],[-122.12018802431409,37.716934065046324]]},"properties":{"name":"Hayward Fault","kind":"fault"}},{"type":"Feature","geometry":{"type":"LineString","coordinates":[[-122.12171932017371,37.71819914296843],[-122.12054018280045,37.717166879054766],[-122.11965823468357,37.71604198451282],[-122.11826634121897,37.71313701430725],[-122.11722951379976,37.7115396944907],[-122.11622188877922,37.710834336146355],[-122.1143668233494,37.70833331446822]]},"properties":{"name":"Hayward Fault","kind":"fault"}},{"type":"Feature","geometry":{"type":"LineString","coordinates":[[-122.11562843163952,37.709212284137315],[-122.1160932985404,37.7106753327671]]},"properties":{"name":"Hayward Fault","kind":"fault"}},{"type":"Feature","geometry":{"type":"LineString","coordinates":[[-122.11476146155749,37.7053020849929],[-122.11286995592118,37.70363643816254],[-122.10996964791836,37.700475515960974]]},"properties":{"name":"Hayward Fault","kind":"fault"}},{"type":"Feature","geometry":{"type":"LineString","coordinates":[[-122.10462248747334,37.69357257209827],[-122.10440265615908,37.69280590543252],[-122.10394504423189,37.69216207965115],[-122.09802853314682,37.68595159875297],[-122.09645935170327,37.68460130616762],[-122.09509708855663,37.68378330365807]]},"properties":{"name":"Hayward Fault","kind":"fault"}},{"type":"Feature","geometry":{"type":"LineString","coordinates":[[-122.09064931708609,37.680159784334805],[-122.0877624759295,37.676167917126165]]},"properties":{"name":"Hayward Fault","kind":"fault"}},{"type":"Feature","geometry":{"type":"LineString","coordinates":[[-122.08257034464674,37.67150410342558],[-122.0841647627277,37.673147032061785]]},"properties":{"name":"Hayward Fault","kind":"fault"}},{"type":"Feature","geometry":{"type":"LineString","coordinates":[[-122.08053626637609,37.6688007161589],[-122.07851080696449,37.6665887974075]]},"properties":{"name":"Hayward Fault","kind":"fault"}},{"type":"Feature","geometry":{"type":"LineString","coordinates":[[-122.06192086898184,37.651411368577456],[-122.05855949140317,37.648093021288176],[-122.05538465117041,37.64401100480358]]},"properties":{"name":"Hayward Fault","kind":"fault"}},{"type":"Feature","geometry":{"type":"LineString","coordinates":[[-122.11425075822316,37.704516896848524],[-122.11262716167184,37.70294310551813]]},"properties":{"name":"Hayward Fault","kind":"fault"}},{"type":"Feature","geometry":{"type":"LineString","coordinates":[[-122.0792226788014,37.66767588321326],[-122.07869530237525,37.667133861403066]]},"properties":{"name":"Hayward Fault","kind":"fault"}},{"type":"Feature","geometry":{"type":"LineString","coordinates":[[-122.05683508016911,37.64471101311582],[-122.0555988163826,37.642901455167255]]},"properties":{"name":"Hayward Fault","kind":"fault"}},{"type":"Feature","geometry":{"type":"LineString","coordinates":[[-122.12044823425755,37.70433167693954],[-122.12051861954073,37.70558810616826],[-122.12105607357762,37.70625174322625]]},"properties":{"name":"Ashland Fault","kind":"fault"}},{"type":"Feature","geometry":{"type":"LineString","coordinates":[[-122.11865522571073,37.704367184344406],[-122.12026049273231,37.70545108117096]]},"properties":{"name":"Ashland Fault","kind":"fault"}},{"type":"Feature","geometry":{"type":"LineString","coordinates":[[-122.09833658346479,37.6859155787441],[-122.09587369304629,37.68299380986913],[-122.09283844927558,37.68007662343295]]},"properties":{"name":"Hayward Fault","kind":"fault"}},{"type":"Feature","geometry":{"type":"LineString","coordinates":[[-122.10924371810805,37.698593511447044],[-122.10981208079184,37.70024078999883]]},"properties":{"name":"Hayward Fault","kind":"fault"}},{"type":"Feature","geometry":{"type":"LineString","coordinates":[[-122.11550378806467,37.70905477963405],[-122.11447204807295,37.70746125004975]]},"properties":{"name":"Hayward Fault","kind":"fault"}},{"type":"Feature","geometry":{"type":"LineString","coordinates":[[-122.11424220119537,37.70817658484492],[-122.11299375799403,37.70591964584412]]},"properties":{"name":"Hayward Fault","kind":"fault"}},{"type":"Feature","geometry":{"type":"LineString","coordinates":[[-122.11305742199502,37.70011021386702],[-122.11222757794748,37.699751105657626],[-122.11090492936096,37.699609976320865]]},"properties":{"name":"Ashland Fault","kind":"fault"}},{"type":"Feature","geometry":{"type":"LineString","coordinates":[[-122.11875682587149,37.70409473831743],[-122.11863103912867,37.70339049076759]]},"properties":{"name":"Ashland Fault","kind":"fault"}},{"type":"Feature","geometry":{"type":"LineString","coordinates":[[-122.11025531592269,37.69940294448419],[-122.10832599233467,37.69787521121162]]},"properties":{"name":"Hayward Fault","kind":"fault"}},{"type":"Feature","geometry":{"type":"LineString","coordinates":[[-122.1259474324226,37.709096819472066],[-122.12516448841872,37.70852046694065]]},"properties":{"name":"Ashland Fault","kind":"fault"}},{"type":"Feature","geometry":{"type":"LineString","coordinates":[[-122.12479531185554,37.70822343872682],[-122.1226938435548,37.70667112364615]]},"properties":{"name":"Ashland Fault","kind":"fault"}},{"type":"Feature","geometry":{"type":"LineString","coordinates":[[-122.12213820240683,37.70642946625776],[-122.12112239687598,37.70628966319958]]},"properties":{"name":"Ashland Fault","kind":"fault"}},{"type":"Feature","geometry":{"type":"LineString","coordinates":[[-122.11707950713468,37.70324635891299],[-122.1161869882068,37.702524665662295],[-122.11574221494455,37.702389412443274]]},"properties":{"name":"Ashland Fault","kind":"fault"}},{"type":"Feature","geometry":{"type":"LineString","coordinates":[[-122.11506759428231,37.70220294196641],[-122.11418713741541,37.70208064181976],[-122.11286227692835,37.702470792818424],[-122.11153507523473,37.702031498702425]]},"properties":{"name":"Ashland Fault","kind":"fault"}},{"type":"Feature","geometry":{"type":"LineString","coordinates":[[-122.12403393221147,37.72690070068199],[-122.12600909869059,37.729044214981]]},"properties":{"name":"Hayward Fault - Eastern Trace","kind":"fault"}},{"type":"Feature","geometry":{"type":"LineString","coordinates":[[-122.75996273676535,38.000097743159216],[-122.76034708123032,38.00063023054583]]},"properties":{"name":"San Andreas Fault","kind":"fault"}},{"type":"Feature","geometry":{"type":"LineString","coordinates":[[-122.76057127433825,37.99993544474286],[-122.76081430859422,38.00030829339335]]},"properties":{"name":"San Andreas Fault","kind":"fault"}},{"type":"Feature","geometry":{"type":"LineString","coordinates":[[-122.76061758424005,38.00100255473595],[-122.76405022594183,38.004149508399294]]},"properties":{"name":"San Andreas Fault","kind":"fault"}},{"type":"Feature","geometry":{"type":"LineString","coordinates":[[-122.76948495761214,38.00957575752898],[-122.7790980470576,38.021032685089956]]},"properties":{"name":"San Andreas Fault","kind":"fault"}},{"type":"Feature","geometry":{"type":"LineString","coordinates":[[-122.77604477554053,38.01660349598337],[-122.77995359329275,38.021394485097915]]},"properties":{"name":"San Andreas Fault","kind":"fault"}},{"type":"Feature","geometry":{"type":"LineString","coordinates":[[-122.78065106196077,38.01879146936044],[-122.78252771469347,38.02042760486208]]},"properties":{"name":"San Andreas Fault","kind":"fault"}},{"type":"Feature","geometry":{"type":"LineString","coordinates":[[-122.79638089234693,38.04053404733749],[-122.80024831973056,38.046058399240124]]},"properties":{"name":"San Andreas Fault","kind":"fault"}},{"type":"Feature","geometry":{"type":"LineString","coordinates":[[-122.779873627388,38.02090202950433],[-122.78151307378029,38.02283712294352],[-122.78328286296642,38.025334357432],[-122.7869144390072,38.029575884183444],[-122.793743565959,38.038147012137266],[-122.79692225689514,38.042344961524435],[-122.79950978177521,38.04615584319905],[-122.80129053722098,38.049157465162416]]},"properties":{"name":"San Andreas Fault","kind":"fault"}},{"type":"Feature","geometry":{"type":"LineString","coordinates":[[-122.78033785287434,38.030014121027136],[-122.78506019157086,38.03637611500811]]},"properties":{"name":"nan","kind":"fault"}},{"type":"Feature","geometry":{"type":"LineString","coordinates":[[-122.77623744459189,38.01514188736544],[-122.78043509461736,38.01866513830806]]},"properties":{"name":"San Andreas Fault","kind":"fault"}},{"type":"Feature","geometry":{"type":"LineString","coordinates":[[-122.76432922720014,38.00444554287351],[-122.76684793607231,38.00639586943654],[-122.76930382837746,38.00933533706076]]},"properties":{"name":"San Andreas Fault","kind":"fault"}},{"type":"Feature","geometry":{"type":"LineString","coordinates":[[-122.75707998121894,37.999909602555405],[-122.7575538648305,38.00106176994804],[-122.75887958106713,38.00304354087399],[-122.75994167070671,38.005423349716686],[-122.76182881648012,38.008490327372186],[-122.7644418579675,38.01101911295636],[-122.76604319705994,38.01288446409562],[-122.77319318234596,38.021515087451554],[-122.77869799126371,38.02848446839911],[-122.7809227127077,38.03035160890615]]},"properties":{"name":"nan","kind":"fault"}},{"type":"Feature","geometry":{"type":"LineString","coordinates":[[-122.78274551046817,38.020549236444054],[-122.78614457223803,38.023533873027404],[-122.788204648186,38.025918246034806],[-122.78850796164186,38.02661376660596],[-122.78910464974525,38.03035069363618],[-122.78986839777143,38.03313678821162]]},"properties":{"name":"San Andreas Fault","kind":"fault"}},{"type":"Feature","geometry":{"type":"LineString","coordinates":[[-122.78519011380476,38.03657633277373],[-122.7881067877042,38.03990964115502],[-122.79252743042237,38.045621614874285],[-122.79916600228756,38.05469321015028],[-122.80747836783891,38.06389185995056],[-122.81286902102349,38.069108839941244],[-122.8257644204083,38.08038839613204],[-122.83090963354434,38.08559540255176]]},"properties":{"name":"nan","kind":"fault"}},{"type":"Feature","geometry":{"type":"LineString","coordinates":[[-122.36455523267185,37.99995797776199],[-122.36514001532396,38.00076890420493]]},"properties":{"name":"Hayward Fault","kind":"fault"}},{"type":"Feature","geometry":{"type":"LineString","coordinates":[[-122.36521253266392,38.00084231925329],[-122.36647781916464,38.002444012073305]]},"properties":{"name":"Hayward Fault","kind":"fault"}},{"type":"Feature","geometry":{"type":"LineString","coordinates":[[-122.36650512490722,38.00259269862153],[-122.36747937772662,38.00389996136127]]},"properties":{"name":"Hayward Fault","kind":"fault"}},{"type":"Feature","geometry":{"type":"LineString","coordinates":[[-122.44725399736265,37.6248999806647],[-122.44111360489218,37.61770958640909]]},"properties":{"name":"San Andreas Fault","kind":"fault"}},{"type":"Feature","geometry":{"type":"LineString","coordinates":[[-122.442997603405,37.620983419512676],[-122.44240393894053,37.619561736779275]]},"properties":{"name":"San Andreas Fault","kind":"fault"}},{"type":"Feature","geometry":{"type":"LineString","coordinates":[[-122.4421415770149,37.62099753618528],[-122.44189408856171,37.61970684368482]]},"properties":{"name":"San Andreas Fault","kind":"fault"}},{"type":"Feature","geometry":{"type":"LineString","coordinates":[[-122.44318140349583,37.620018045785066],[-122.4425813673179,37.61917589334951]]},"properties":{"name":"San Andreas Fault","kind":"fault"}},{"type":"Feature","geometry":{"type":"LineString","coordinates":[[-122.44240381262999,37.618957459173885],[-122.44160352278438,37.617811804697965]]},"properties":{"name":"San Andreas Fault","kind":"fault"}},{"type":"Feature","geometry":{"type":"LineString","coordinates":[[-122.44122704029174,37.61734111056743],[-122.43845000950115,37.61373786844264],[-122.43529917585249,37.60911467265564]]},"properties":{"name":"San Andreas Fault","kind":"fault"}},{"type":"Feature","geometry":{"type":"LineString","coordinates":[[-122.43870409305609,37.61408398223707],[-122.43722500784295,37.61266363986847],[-122.43603824978823,37.61118099832754]]},"properties":{"name":"San Andreas Fault","kind":"fault"}},{"type":"Feature","geometry":{"type":"LineString","coordinates":[[-122.43526123185046,37.60987181057736],[-122.43080038242697,37.60543001712137]]},"properties":{"name":"San Andreas Fault","kind":"fault"}},{"type":"Feature","geometry":{"type":"LineString","coordinates":[[-122.41070245378083,37.58041849515354],[-122.40645806481719,37.57580529899189],[-122.40459461176286,37.5732288253069],[-122.40098487635062,37.56879080197458],[-122.39901186574183,37.56691737922033],[-122.39486233425343,37.562177195290104],[-122.39408191745986,37.56095478926419]]},"properties":{"name":"San Andreas Fault","kind":"fault"}},{"type":"Feature","geometry":{"type":"LineString","coordinates":[[-122.39470231635711,37.56236928784267],[-122.39282017497653,37.55914282932124],[-122.38995465294673,37.55568203452923]]},"properties":{"name":"San Andreas Fault","kind":"fault"}},{"type":"Feature","geometry":{"type":"LineString","coordinates":[[-122.38836024573723,37.55413323567095],[-122.38673984011555,37.55244114137321],[-122.38287816180087,37.54710019852447]]},"properties":{"name":"San Andreas Fault","kind":"fault"}},{"type":"Feature","geometry":{"type":"LineString","coordinates":[[-122.42693018903348,37.600742277320705],[-122.42552291323783,37.59894624335829]]},"properties":{"name":"San Andreas Fault","kind":"fault"}},{"type":"Feature","geometry":{"type":"LineString","coordinates":[[-122.42867145981191,37.6029172963735],[-122.42884115824624,37.60317471368769]]},"properties":{"name":"San Andreas Fault","kind":"fault"}},{"type":"Feature","geometry":{"type":"LineString","coordinates":[[-122.43066381139391,37.605245846310346],[-122.42923447510698,37.603622646330926]]},"properties":{"name":"San Andreas Fault","kind":"fault"}},{"type":"Feature","geometry":{"type":"LineString","coordinates":[[-122.43592282877194,37.61106017571148],[-122.43431977912606,37.6090725079773]]},"properties":{"name":"San Andreas Fault","kind":"fault"}},{"type":"Feature","geometry":{"type":"LineString","coordinates":[[-122.44101746317514,37.6175799070653],[-122.43777455321191,37.61325810279396]]},"properties":{"name":"San Andreas Fault","kind":"fault"}},{"type":"Feature","geometry":{"type":"LineString","coordinates":[[-122.3898968004295,37.555593641897325],[-122.38850330275321,37.554273078292404]]},"properties":{"name":"San Andreas Fault","kind":"fault"}},{"type":"Feature","geometry":{"type":"LineString","coordinates":[[-122.44218004478032,37.621199622803466],[-122.4422390278599,37.62173923918423]]},"properties":{"name":"San Andreas Fault","kind":"fault"}},{"type":"Feature","geometry":{"type":"LineString","coordinates":[[-122.44312887159978,37.62111174063244],[-122.4434564018699,37.621538964335095]]},"properties":{"name":"San Andreas Fault","kind":"fault"}},{"type":"Feature","geometry":{"type":"LineString","coordinates":[[-122.42919210403221,37.603494406397715],[-122.42891615294695,37.60331873017326]]},"properties":{"name":"San Andreas Fault","kind":"fault"}},{"type":"Feature","geometry":{"type":"LineString","coordinates":[[-122.42853827908307,37.60271287248373],[-122.42699673696013,37.60089963669471]]},"properties":{"name":"San Andreas Fault","kind":"fault"}},{"type":"Feature","geometry":{"type":"LineString","coordinates":[[-122.4254020725693,37.598727634249975],[-122.42241300036171,37.5951733159534]]},"properties":{"name":"San Andreas Fault","kind":"fault"}},{"type":"Feature","geometry":{"type":"LineString","coordinates":[[-122.4352635396289,37.60890787689188],[-122.43310361335075,37.6063763257022],[-122.4299037223637,37.603302551747056],[-122.41942327010807,37.59158242936667]]},"properties":{"name":"San Andreas Fault","kind":"fault"}},{"type":"Feature","geometry":{"type":"LineString","coordinates":[[-122.4194624617183,37.59162606248948],[-122.41736786476359,37.58867218927558],[-122.41087604261094,37.580565582757615]]},"properties":{"name":"San Andreas Fault","kind":"fault"}},{"type":"Feature","geometry":{"type":"LineString","coordinates":[[-122.38278950699302,37.546988994215404],[-122.37609580596202,37.5398709451185]]},"properties":{"name":"San Andreas Fault","kind":"fault"}},{"type":"Feature","geometry":{"type":"LineString","coordinates":[[-122.38150349695911,37.54531633574155],[-122.37610495193563,37.538412143631234]]},"properties":{"name":"San Andreas Fault","kind":"fault"}},{"type":"Feature","geometry":{"type":"LineString","coordinates":[[-122.15015213587894,37.75113932576565],[-122.14859926796585,37.74992460087208]]},"properties":{"name":"Hayward Fault","kind":"fault"}},{"type":"Feature","geometry":{"type":"LineString","coordinates":[[-122.14907377157859,37.751649135269254],[-122.147789614363,37.749935912795706]]},"properties":{"name":"Hayward Fault","kind":"fault"}},{"type":"Feature","geometry":{"type":"LineString","coordinates":[[-122.19168424455854,37.799941126364416],[-122.1902504953645,37.79797109767323]]},"properties":{"name":"Hayward Fault","kind":"fault"}},{"type":"Feature","geometry":{"type":"LineString","coordinates":[[-122.18694985995161,37.79360924137762],[-122.18583317204403,37.79197169545537]]},"properties":{"name":"Hayward Fault","kind":"fault"}},{"type":"Feature","geometry":{"type":"LineString","coordinates":[[-122.25109357666484,37.871630250822925],[-122.24889641471259,37.86798999984007],[-122.24768967800478,37.86642037619408],[-122.24580785399037,37.86442812228177],[-122.24488758114828,37.86287054745462]]},"properties":{"name":"Hayward Fault","kind":"fault"}},{"type":"Feature","geometry":{"type":"LineString","coordinates":[[-122.21500179126262,37.83171474816551],[-122.21559368462127,37.832581440686106]]},"properties":{"name":"Hayward Fault","kind":"fault"}},{"type":"Feature","geometry":{"type":"LineString","coordinates":[[-122.23266955426608,37.850158708155966],[-122.2276197349813,37.84466018400529]]},"properties":{"name":"Hayward Fault","kind":"fault"}},{"type":"Feature","geometry":{"type":"LineString","coordinates":[[-122.2105392814324,37.82715915758601],[-122.20937537754018,37.82521651251493]]},"properties":{"name":"Hayward Fault","kind":"fault"}},{"type":"Feature","geometry":{"type":"LineString","coordinates":[[-122.20357835140675,37.817724804921525],[-122.20156822541192,37.81417108301091]]},"properties":{"name":"Hayward Fault","kind":"fault"}},{"type":"Feature","geometry":{"type":"LineString","coordinates":[[-122.19525760860726,37.804390582557346],[-122.19384278311905,37.80184171557405],[-122.1886489994385,37.79425830537585],[-122.18609624828969,37.79166115892162]]},"properties":{"name":"Hayward Fault","kind":"fault"}},{"type":"Feature","geometry":{"type":"LineString","coordinates":[[-122.1942266736671,37.803180597568776],[-122.19184301853491,37.800122142150144]]},"properties":{"name":"Hayward Fault","kind":"fault"}},{"type":"Feature","geometry":{"type":"LineString","coordinates":[[-122.19013086864379,37.79778951922899],[-122.18710721593709,37.793728926913886]]},"properties":{"name":"Hayward Fault","kind":"fault"}},{"type":"Feature","geometry":{"type":"LineString","coordinates":[[-122.1873124185022,37.79936062862825],[-122.18513205475739,37.7967892045366]]},"properties":{"name":"Hayward Fault","kind":"fault"}},{"type":"Feature","geometry":{"type":"LineString","coordinates":[[-122.18769933406513,37.79941645302394],[-122.18706384068761,37.79862946611992]]},"properties":{"name":"Hayward Fault","kind":"fault"}},{"type":"Feature","geometry":{"type":"LineString","coordinates":[[-122.18583248968511,37.79168278949071],[-122.18371651701939,37.78852870406425]]},"properties":{"name":"Hayward Fault","kind":"fault"}},{"type":"Feature","geometry":{"type":"LineString","coordinates":[[-122.18006210106861,37.783632706788644],[-122.17735395229461,37.779843866653565]]},"properties":{"name":"Hayward Fault","kind":"fault"}},{"type":"Feature","geometry":{"type":"LineString","coordinates":[[-122.15885191615818,37.76091580274736],[-122.15809141962276,37.75967141727478],[-122.15682750358496,37.758311384833775]]},"properties":{"name":"Hayward Fault","kind":"fault"}},{"type":"Feature","geometry":{"type":"LineString","coordinates":[[-122.1563540163813,37.75782796306409],[-122.15410306454135,37.7554099707772]]},"properties":{"name":"Hayward Fault","kind":"fault"}},{"type":"Feature","geometry":{"type":"LineString","coordinates":[[-122.15355439782653,37.755019237470414],[-122.152500976744,37.754452282356745]]},"properties":{"name":"Hayward Fault","kind":"fault"}},{"type":"Feature","geometry":{"type":"LineString","coordinates":[[-122.15154183172652,37.75464978083465],[-122.14928296824888,37.751863674436244]]},"properties":{"name":"Hayward Fault","kind":"fault"}},{"type":"Feature","geometry":{"type":"LineString","coordinates":[[-122.16948273232042,37.7740583356309],[-122.16748023420533,37.772463439107064]]},"properties":{"name":"Hayward Fault","kind":"fault"}},{"type":"Feature","geometry":{"type":"LineString","coordinates":[[-122.15794761872209,37.76107530243735],[-122.157451985006,37.76030172659877],[-122.15499127956997,37.758177942955506]]},"properties":{"name":"Hayward Fault","kind":"fault"}},{"type":"Feature","geometry":{"type":"LineString","coordinates":[[-122.22826508353741,37.84495130783408],[-122.2270010124493,37.84374501409687]]},"properties":{"name":"Hayward Fault","kind":"fault"}},{"type":"Feature","geometry":{"type":"LineString","coordinates":[[-122.21879779510654,37.83617891175454],[-122.21628639694939,37.8343778733239]]},"properties":{"name":"Hayward Fault","kind":"fault"}},{"type":"Feature","geometry":{"type":"LineString","coordinates":[[-122.21569299175297,37.83374342613861],[-122.214269263136,37.83226360574709]]},"properties":{"name":"Hayward Fault","kind":"fault"}},{"type":"Feature","geometry":{"type":"LineString","coordinates":[[-122.21375464180959,37.83168936182482],[-122.21244155907222,37.82999355745552]]},"properties":{"name":"Hayward Fault","kind":"fault"}},{"type":"Feature","geometry":{"type":"LineString","coordinates":[[-122.21201190683199,37.82949340839809],[-122.2108913030095,37.82773344199622]]},"properties":{"name":"Hayward Fault","kind":"fault"}},{"type":"Feature","geometry":{"type":"LineString","coordinates":[[-122.20322049120406,37.81736105681468],[-122.20190397063023,37.81545083087228]]},"properties":{"name":"Hayward Fault","kind":"fault"}},{"type":"Feature","geometry":{"type":"LineString","coordinates":[[-122.19932162385064,37.812211320713125],[-122.19484280090951,37.8080910870778],[-122.18742183244606,37.79943750697742]]},"properties":{"name":"Hayward Fault","kind":"fault"}},{"type":"Feature","geometry":{"type":"LineString","coordinates":[[-122.18784928212301,37.7995541077569],[-122.1889948369405,37.80073221701573]]},"properties":{"name":"Hayward Fault","kind":"fault"}},{"type":"Feature","geometry":{"type":"LineString","coordinates":[[-122.18497936871815,37.796616637048004],[-122.18424772705397,37.79551490863785],[-122.18374388223842,37.79427168233346],[-122.18320045627966,37.79357034721761],[-122.18010185318033,37.79071524086267],[-122.17727323508662,37.78771409057417]]},"properties":{"name":"Hayward Fault","kind":"fault"}},{"type":"Feature","geometry":{"type":"LineString","coordinates":[[-122.18359672710537,37.78833857910652],[-122.18021546353411,37.783793620758686]]},"properties":{"name":"Hayward Fault","kind":"fault"}},{"type":"Feature","geometry":{"type":"LineString","coordinates":[[-122.18691185089372,37.798487957036585],[-122.186555743649,37.798064332076166]]},"properties":{"name":"Hayward Fault","kind":"fault"}},{"type":"Feature","geometry":{"type":"LineString","coordinates":[[-122.17252047644169,37.77956297361201],[-122.17106325043564,37.77820583005126]]},"properties":{"name":"Hayward Fault","kind":"fault"}},{"type":"Feature","geometry":{"type":"LineString","coordinates":[[-122.16970080446056,37.77418339833876],[-122.17277516056065,37.77714008001221]]},"properties":{"name":"Hayward Fault","kind":"fault"}},{"type":"Feature","geometry":{"type":"LineString","coordinates":[[-122.16513131677705,37.76815432559575],[-122.16342894062679,37.76618776795769]]},"properties":{"name":"Hayward Fault","kind":"fault"}},{"type":"Feature","geometry":{"type":"LineString","coordinates":[[-122.16287535063341,37.765582789683904],[-122.16149311412205,37.76410253863877]]},"properties":{"name":"Hayward Fault","kind":"fault"}},{"type":"Feature","geometry":{"type":"LineString","coordinates":[[-122.16098004752035,37.76355833636244],[-122.15923604470818,37.76147037039182]]},"properties":{"name":"Hayward Fault","kind":"fault"}},{"type":"Feature","geometry":{"type":"LineString","coordinates":[[-122.17722794139199,37.77968022973436],[-122.174772485832,37.77636693767243],[-122.17318848269845,37.7746799872126],[-122.17170796902556,37.77341482753404],[-122.16789342223005,37.77099360240767]]},"properties":{"name":"Hayward Fault","kind":"fault"}},{"type":"Feature","geometry":{"type":"LineString","coordinates":[[-122.16734416961398,37.77054158519372],[-122.16572169729362,37.768696641864516]]},"properties":{"name":"Hayward Fault","kind":"fault"}},{"type":"Feature","geometry":{"type":"LineString","coordinates":[[-122.16765811276629,37.77424257364948],[-122.16534886695658,37.771838041637054],[-122.16464283305515,37.770457789853104]]},"properties":{"name":"Hayward Fault","kind":"fault"}},{"type":"Feature","geometry":{"type":"LineString","coordinates":[[-122.24469797262566,37.862972759324705],[-122.24269839806314,37.860631148531745],[-122.23577175905663,37.85356072965732],[-122.23285241636592,37.850313685842096]]},"properties":{"name":"Hayward Fault","kind":"fault"}},{"type":"Feature","geometry":{"type":"LineString","coordinates":[[-122.22749370239836,37.84450514278439],[-122.22572891109274,37.84257066643505],[-122.21926697460097,37.83643692199154],[-122.21498186882044,37.83199696320629]]},"properties":{"name":"Hayward Fault","kind":"fault"}},{"type":"Feature","geometry":{"type":"LineString","coordinates":[[-122.21581334395341,37.832425248444764],[-122.21500536630553,37.831699939890285],[-122.21422738609805,37.83057654413801],[-122.20983781303613,37.825441260202844],[-122.20723457237067,37.822728794505984]]},"properties":{"name":"Hayward Fault","kind":"fault"}},{"type":"Feature","geometry":{"type":"LineString","coordinates":[[-122.20682480497011,37.822536671281945],[-122.20539982453117,37.820899880594695],[-122.20460176883977,37.81940236498916]]},"properties":{"name":"Hayward Fault","kind":"fault"}},{"type":"Feature","geometry":{"type":"LineString","coordinates":[[-122.20443877304453,37.81908318228902],[-122.20334801346554,37.817713371961965]]},"properties":{"name":"Hayward Fault","kind":"fault"}},{"type":"Feature","geometry":{"type":"LineString","coordinates":[[-122.20174099378578,37.815259792777915],[-122.19946295153554,37.81239801365139]]},"properties":{"name":"Hayward Fault","kind":"fault"}},{"type":"Feature","geometry":{"type":"LineString","coordinates":[[-122.20143220941908,37.81400295561644],[-122.19751460395008,37.808319868612365],[-122.19538844737595,37.804590634131856]]},"properties":{"name":"Hayward Fault","kind":"fault"}},{"type":"Feature","geometry":{"type":"LineString","coordinates":[[-122.15991031932424,37.7645473182145],[-122.15925959042129,37.763270328607874]]},"properties":{"name":"Hayward Fault","kind":"fault"}},{"type":"Feature","geometry":{"type":"LineString","coordinates":[[-122.15916183614614,37.763098509082184],[-122.15809201675356,37.76123326440975]]},"properties":{"name":"Hayward Fault","kind":"fault"}},{"type":"Feature","geometry":{"type":"LineString","coordinates":[[-122.15478178630913,37.75803953023268],[-122.15172284452521,37.75491597039787]]},"properties":{"name":"Hayward Fault","kind":"fault"}},{"type":"Feature","geometry":{"type":"LineString","coordinates":[[-122.15180446762884,37.754010799854825],[-122.15043168566663,37.75249611714593]]},"properties":{"name":"Hayward Fault","kind":"fault"}},{"type":"Feature","geometry":{"type":"LineString","coordinates":[[-122.25111395208826,37.87166334556934],[-122.25235764480557,37.87321529870661],[-122.2535079168914,37.87404556197487]]},"properties":{"name":"Hayward Fault","kind":"fault"}},{"type":"Feature","geometry":{"type":"LineString","coordinates":[[-122.25240474029056,37.873259646548036],[-122.25302828646036,37.8741482075356]]},"properties":{"name":"Hayward Fault","kind":"fault"}},{"type":"Feature","geometry":{"type":"LineString","coordinates":[[-122.25332159397676,37.87428753581784],[-122.25378847879983,37.87468213621572]]},"properties":{"name":"Hayward Fault","kind":"fault"}},{"type":"Feature","geometry":{"type":"LineString","coordinates":[[-122.25385011706814,37.87422221926252],[-122.25436703370602,37.8747022836398]]},"properties":{"name":"Hayward Fault","kind":"fault"}},{"type":"Feature","geometry":{"type":"LineString","coordinates":[[-122.25998560675374,37.88356344088041],[-122.25703600818093,37.8807461489695],[-122.25418838041327,37.875600417148085]]},"properties":{"name":"Hayward Fault","kind":"fault"}},{"type":"Feature","geometry":{"type":"LineString","coordinates":[[-122.29631405876549,37.92963230699721],[-122.29436848277778,37.92731403857884],[-122.29330354836509,37.92572796785132]]},"properties":{"name":"Hayward Fault","kind":"fault"}},{"type":"Feature","geometry":{"type":"LineString","coordinates":[[-122.30237319465607,37.936710125689046],[-122.30320650297708,37.937467080521735]]},"properties":{"name":"Hayward Fault","kind":"fault"}},{"type":"Feature","geometry":{"type":"LineString","coordinates":[[-122.30003280934005,37.93458436320329],[-122.29817772291808,37.93309657122575]]},"properties":{"name":"Hayward Fault","kind":"fault"}},{"type":"Feature","geometry":{"type":"LineString","coordinates":[[-122.31856016511402,37.95021364538239],[-122.31234379455347,37.94503796033738],[-122.30731713653101,37.94059712685984]]},"properties":{"name":"Hayward Fault","kind":"fault"}},{"type":"Feature","geometry":{"type":"LineString","coordinates":[[-122.31739172020087,37.94864102958067],[-122.3160858075387,37.94726001678243],[-122.31299383855446,37.944468808624464],[-122.31241821665297,37.94415066314984],[-122.31172883443234,37.94403307977589]]},"properties":{"name":"Hayward Fault","kind":"fault"}},{"type":"Feature","geometry":{"type":"LineString","coordinates":[[-122.3197587574024,37.94941622733632],[-122.321945217296,37.95130243945298],[-122.32370826791724,37.95315708565674]]},"properties":{"name":"Hayward Fault","kind":"fault"}},{"type":"Feature","geometry":{"type":"LineString","coordinates":[[-122.33510984848773,37.96441610873391],[-122.33366064050824,37.96289848954633]]},"properties":{"name":"Hayward Fault","kind":"fault"}},{"type":"Feature","geometry":{"type":"LineString","coordinates":[[-122.33675602021039,37.96501187517627],[-122.33503173129104,37.96379677817227]]},"properties":{"name":"Hayward Fault","kind":"fault"}},{"type":"Feature","geometry":{"type":"LineString","coordinates":[[-122.34107302882428,37.96961552728282],[-122.3397146580612,37.96797230299581]]},"properties":{"name":"Hayward Fault","kind":"fault"}},{"type":"Feature","geometry":{"type":"LineString","coordinates":[[-122.33129748461546,37.962462900676655],[-122.33203541911861,37.96314735066318]]},"properties":{"name":"Hayward Fault","kind":"fault"}},{"type":"Feature","geometry":{"type":"LineString","coordinates":[[-122.33820737822984,37.96949932982567],[-122.34005314132192,37.97180601393212]]},"properties":{"name":"Hayward Fault","kind":"fault"}},{"type":"Feature","geometry":{"type":"LineString","coordinates":[[-122.34165429163826,37.97314799776022],[-122.34045273729436,37.97150156440435]]},"properties":{"name":"Hayward Fault","kind":"fault"}},{"type":"Feature","geometry":{"type":"LineString","coordinates":[[-122.35872942208279,37.99304506008174],[-122.35934457561038,37.99378097672831]]},"properties":{"name":"Hayward Fault","kind":"fault"}},{"type":"Feature","geometry":{"type":"LineString","coordinates":[[-122.36109707228323,37.99611365445874],[-122.3626406620708,37.99821349458464],[-122.36397846642868,37.999620680317356]]},"properties":{"name":"Hayward Fault","kind":"fault"}},{"type":"Feature","geometry":{"type":"LineString","coordinates":[[-122.3642271238938,37.99951735275077],[-122.36303402697256,37.99824458029241]]},"properties":{"name":"Hayward Fault","kind":"fault"}},{"type":"Feature","geometry":{"type":"LineString","coordinates":[[-122.36435707939158,37.99968927355995],[-122.36458247232424,37.99990939707362]]},"properties":{"name":"Hayward Fault","kind":"fault"}},{"type":"Feature","geometry":{"type":"LineString","coordinates":[[-122.28175818338156,37.91167819231585],[-122.28060679220755,37.909409858173845]]},"properties":{"name":"Hayward Fault","kind":"fault"}},{"type":"Feature","geometry":{"type":"LineString","coordinates":[[-122.2803759657145,37.90894113132914],[-122.27903533272693,37.906625926433264]]},"properties":{"name":"Hayward Fault","kind":"fault"}},{"type":"Feature","geometry":{"type":"LineString","coordinates":[[-122.27871045802883,37.906158612049076],[-122.27760726785024,37.904585402643136]]},"properties":{"name":"Hayward Fault","kind":"fault"}},{"type":"Feature","geometry":{"type":"LineString","coordinates":[[-122.277283390125,37.9041180694195],[-122.275759576917,37.90200440474588]]},"properties":{"name":"Hayward Fault","kind":"fault"}},{"type":"Feature","geometry":{"type":"LineString","coordinates":[[-122.27530932853018,37.90153896376362],[-122.27365140988127,37.900370919276824]]},"properties":{"name":"Hayward Fault","kind":"fault"}},{"type":"Feature","geometry":{"type":"LineString","coordinates":[[-122.27656877516776,37.9044021942599],[-122.2746010578431,37.90204665798326]]},"properties":{"name":"Hayward Fault","kind":"fault"}},{"type":"Feature","geometry":{"type":"LineString","coordinates":[[-122.27870114031221,37.9070783074521],[-122.27704045356877,37.90576123380798]]},"properties":{"name":"Hayward Fault","kind":"fault"}},{"type":"Feature","geometry":{"type":"LineString","coordinates":[[-122.27659195784553,37.90537032994995],[-122.2749954725651,37.90415245156111]]},"properties":{"name":"Hayward Fault","kind":"fault"}},{"type":"Feature","geometry":{"type":"LineString","coordinates":[[-122.27445391380161,37.903762937218886],[-122.27327933323724,37.90313439209029]]},"properties":{"name":"Hayward Fault","kind":"fault"}},{"type":"Feature","geometry":{"type":"LineString","coordinates":[[-122.27327388064755,37.89999447162885],[-122.27137397784236,37.89656996808129]]},"properties":{"name":"Hayward Fault","kind":"fault"}},{"type":"Feature","geometry":{"type":"LineString","coordinates":[[-122.27207446770998,37.89832324336706],[-122.27021554032994,37.89661217808618]]},"properties":{"name":"Hayward Fault","kind":"fault"}},{"type":"Feature","geometry":{"type":"LineString","coordinates":[[-122.26994868888008,37.89462872254446],[-122.26900436769304,37.89312683569357]]},"properties":{"name":"Hayward Fault","kind":"fault"}},{"type":"Feature","geometry":{"type":"LineString","coordinates":[[-122.26855462179067,37.892637286498044],[-122.26655396184503,37.890232405437885]]},"properties":{"name":"Hayward Fault","kind":"fault"}},{"type":"Feature","geometry":{"type":"LineString","coordinates":[[-122.26608302982748,37.88975714263406],[-122.26269583836437,37.885658838076814]]},"properties":{"name":"Hayward Fault","kind":"fault"}},{"type":"Feature","geometry":{"type":"LineString","coordinates":[[-122.26227770798025,37.885217722658744],[-122.2604714222065,37.88305836939236]]},"properties":{"name":"Hayward Fault","kind":"fault"}},{"type":"Feature","geometry":{"type":"LineString","coordinates":[[-122.26316719458296,37.88970127237199],[-122.26034651301171,37.88440228635899]]},"properties":{"name":"Hayward Fault","kind":"fault"}},{"type":"Feature","geometry":{"type":"LineString","coordinates":[[-122.35696176373663,37.99064967752636],[-122.35656034846423,37.99029561237534]]},"properties":{"name":"Hayward Fault","kind":"fault"}},{"type":"Feature","geometry":{"type":"LineString","coordinates":[[-122.36093573706363,37.995942222858766],[-122.35947388695935,37.99392806084414]]},"properties":{"name":"Hayward Fault","kind":"fault"}},{"type":"Feature","geometry":{"type":"LineString","coordinates":[[-122.34739325036881,37.97934237233255],[-122.34765301347255,37.97968625358748]]},"properties":{"name":"Hayward Fault","kind":"fault"}},{"type":"Feature","geometry":{"type":"LineString","coordinates":[[-122.34018197253002,37.971976425703794],[-122.34133221650984,37.97404538090373]]},"properties":{"name":"Hayward Fault","kind":"fault"}},{"type":"Feature","geometry":{"type":"LineString","coordinates":[[-122.34127482939314,37.97173574380709],[-122.34068957145512,37.97092471179651]]},"properties":{"name":"Hayward Fault","kind":"fault"}},{"type":"Feature","geometry":{"type":"LineString","coordinates":[[-122.34455346028452,37.97618145975886],[-122.34277157252802,37.975191045389295]]},"properties":{"name":"Hayward Fault","kind":"fault"}},{"type":"Feature","geometry":{"type":"LineString","coordinates":[[-122.34583740600836,37.97608687310954],[-122.343755611742,37.97309895253337],[-122.3419043155003,37.971009873616254],[-122.34113070585695,37.9697256896527]]},"properties":{"name":"Hayward Fault","kind":"fault"}},{"type":"Feature","geometry":{"type":"LineString","coordinates":[[-122.33958741243661,37.96782594198244],[-122.33821570745133,37.966275330473465],[-122.33691700027879,37.96513441574065]]},"properties":{"name":"Hayward Fault","kind":"fault"}},{"type":"Feature","geometry":{"type":"LineString","coordinates":[[-122.33114361484684,37.96234956310738],[-122.32731813176127,37.958582179136286]]},"properties":{"name":"Hayward Fault","kind":"fault"}},{"type":"Feature","geometry":{"type":"LineString","coordinates":[[-122.329884739661,37.95963601812852],[-122.32688590325806,37.95760173536033],[-122.32451810466114,37.95569355880985]]},"properties":{"name":"Hayward Fault","kind":"fault"}},{"type":"Feature","geometry":{"type":"LineString","coordinates":[[-122.32800194373728,37.95834793725069],[-122.3246794744518,37.95459832317559]]},"properties":{"name":"Hayward Fault","kind":"fault"}},{"type":"Feature","geometry":{"type":"LineString","coordinates":[[-122.32527364824125,37.95709850832619],[-122.32288325566611,37.95554557644118]]},"properties":{"name":"Hayward Fault","kind":"fault"}},{"type":"Feature","geometry":{"type":"LineString","coordinates":[[-122.33112405199005,37.96028708481809],[-122.33003917631474,37.959534216984096]]},"properties":{"name":"Hayward Fault","kind":"fault"}},{"type":"Feature","geometry":{"type":"LineString","coordinates":[[-122.31954559216354,37.94928281711623],[-122.31797636353568,37.947964900830954]]},"properties":{"name":"Hayward Fault","kind":"fault"}},{"type":"Feature","geometry":{"type":"LineString","coordinates":[[-122.31749148138032,37.9461091713728],[-122.31370549842563,37.94261024415521],[-122.31265252558617,37.94186061371095]]},"properties":{"name":"Hayward Fault","kind":"fault"}},{"type":"Feature","geometry":{"type":"LineString","coordinates":[[-122.30476147081971,37.936607680547596],[-122.30384042016638,37.935791496484605],[-122.30151622527397,37.934453815714505],[-122.30073900999126,37.93366259994167]]},"properties":{"name":"Hayward Fault","kind":"fault"}},{"type":"Feature","geometry":{"type":"LineString","coordinates":[[-122.29805789458258,37.93300752599692],[-122.2965431028806,37.93163957334717],[-122.29534015559365,37.93083770416786]]},"properties":{"name":"Hayward Fault","kind":"fault"}},{"type":"Feature","geometry":{"type":"LineString","coordinates":[[-122.29524737208516,37.92959725049822],[-122.2916595462387,37.925130020713524]]},"properties":{"name":"Hayward Fault","kind":"fault"}},{"type":"Feature","geometry":{"type":"LineString","coordinates":[[-122.29142165073138,37.92279047194029],[-122.28944796049045,37.92152801821074]]},"properties":{"name":"Hayward Fault","kind":"fault"}},{"type":"Feature","geometry":{"type":"LineString","coordinates":[[-122.28845576825141,37.92067396074183],[-122.28634740255266,37.91906633014065]]},"properties":{"name":"Hayward Fault","kind":"fault"}},{"type":"Feature","geometry":{"type":"LineString","coordinates":[[-122.28902609230312,37.91964636536276],[-122.2875231744849,37.91842723631723]]},"properties":{"name":"Hayward Fault","kind":"fault"}},{"type":"Feature","geometry":{"type":"LineString","coordinates":[[-122.28704177190882,37.91793745821419],[-122.28553533481774,37.916569240855154]]},"properties":{"name":"Hayward Fault","kind":"fault"}},{"type":"Feature","geometry":{"type":"LineString","coordinates":[[-122.28357974662642,37.91478450751007],[-122.28201046615754,37.912100770679295]]},"properties":{"name":"Hayward Fault","kind":"fault"}},{"type":"Feature","geometry":{"type":"LineString","coordinates":[[-122.35857731254455,37.99281057253057],[-122.35701918864312,37.99074818709107]]},"properties":{"name":"Hayward Fault","kind":"fault"}},{"type":"Feature","geometry":{"type":"LineString","coordinates":[[-122.35637740846212,37.99016179330778],[-122.35475850019829,37.98829294015253],[-122.35065683444343,37.98244999071632],[-122.34946564229861,37.980918428922166],[-122.3483048758979,37.979778588245026]]},"properties":{"name":"Hayward Fault","kind":"fault"}},{"type":"Feature","geometry":{"type":"LineString","coordinates":[[-122.34723194537992,37.97916936916764],[-122.34321387778394,37.97403937449495]]},"properties":{"name":"Hayward Fault","kind":"fault"}},{"type":"Feature","geometry":{"type":"LineString","coordinates":[[-122.3430224838557,37.973918092810784],[-122.34282676602066,37.97362290876055]]},"properties":{"name":"Hayward Fault","kind":"fault"}},{"type":"Feature","geometry":{"type":"LineString","coordinates":[[-122.34266614065123,37.97347629472704],[-122.3414030464578,37.971881311358]]},"properties":{"name":"Hayward Fault","kind":"fault"}},{"type":"Feature","geometry":{"type":"LineString","coordinates":[[-122.3406312578554,37.97078892923492],[-122.33831990117942,37.96826115578643],[-122.33773617861446,37.967272232541696],[-122.33672586851429,37.96617032832584],[-122.33615016633374,37.965622408856284],[-122.33538201665846,37.965305032054154]]},"properties":{"name":"Hayward Fault","kind":"fault"}},{"type":"Feature","geometry":{"type":"LineString","coordinates":[[-122.33633291186983,37.96571277030263],[-122.33527065086405,37.96461088270928]]},"properties":{"name":"Hayward Fault","kind":"fault"}},{"type":"Feature","geometry":{"type":"LineString","coordinates":[[-122.33808686431895,37.969387035744425],[-122.33509351123095,37.96613353366869],[-122.33305921137311,37.96428325851086],[-122.33213038146927,37.96321888439226]]},"properties":{"name":"Hayward Fault","kind":"fault"}},{"type":"Feature","geometry":{"type":"LineString","coordinates":[[-122.3071982273954,37.94050652315408],[-122.30406126609192,37.93789595524589]]},"properties":{"name":"Hayward Fault","kind":"fault"}},{"type":"Feature","geometry":{"type":"LineString","coordinates":[[-122.30812744275983,37.94004496670154],[-122.3071679720188,37.93926512209821]]},"properties":{"name":"Hayward Fault","kind":"fault"}},{"type":"Feature","geometry":{"type":"LineString","coordinates":[[-122.30676121403236,37.9391532878336],[-122.30235573193715,37.935709290653904],[-122.29957504275788,37.93289435159801],[-122.29750524997885,37.93051589356909],[-122.29491332242361,37.92713878797061],[-122.29411426495876,37.92584381485205],[-122.2927333507784,37.92424544722065]]},"properties":{"name":"Hayward Fault","kind":"fault"}},{"type":"Feature","geometry":{"type":"LineString","coordinates":[[-122.30221333347026,37.93658829896088],[-122.30019324625185,37.93473026065705]]},"properties":{"name":"Hayward Fault","kind":"fault"}},{"type":"Feature","geometry":{"type":"LineString","coordinates":[[-122.26034663861823,37.882961593597706],[-122.25775556472209,37.880056651735664],[-122.25642184167894,37.87773254660276],[-122.25492449283932,37.87581937563201],[-122.25401581487704,37.87493195095235]]},"properties":{"name":"Hayward Fault","kind":"fault"}},{"type":"Feature","geometry":{"type":"LineString","coordinates":[[-122.48055357738933,37.65877720928152],[-122.47846607942705,37.6569512806087],[-122.47611460902644,37.65441439287268],[-122.47055419740056,37.64929424118477],[-122.46598070896327,37.64449135319382],[-122.46290495750608,37.64164551087269]]},"properties":{"name":"San Andreas Fault","kind":"fault"}},{"type":"Feature","geometry":{"type":"LineString","coordinates":[[-122.46290495750608,37.64164551087269],[-122.4591783722596,37.63829545737861],[-122.45729267740455,37.6360417225172],[-122.45523254680695,37.63417066468233],[-122.45323439468748,37.63149309635665]]},"properties":{"name":"San Andreas Fault","kind":"fault"}},{"type":"Feature","geometry":{"type":"LineString","coordinates":[[-122.45196876617538,37.63063949975898],[-122.45115161007001,37.62953146958055]]},"properties":{"name":"San Andreas Fault","kind":"fault"}},{"type":"Feature","geometry":{"type":"LineString","coordinates":[[-122.46904075161875,37.64836030557446],[-122.46839058409014,37.647415040195135],[-122.46700720754492,37.64596627948513]]},"properties":{"name":"San Andreas Fault","kind":"fault"}},{"type":"Feature","geometry":{"type":"LineString","coordinates":[[-122.46448631574712,37.64357024824341],[-122.46355395102479,37.642736070003984],[-122.46286244957474,37.641811658138835]]},"properties":{"name":"San Andreas Fault","kind":"fault"}},{"type":"Feature","geometry":{"type":"LineString","coordinates":[[-122.47683222415031,37.657858712549725],[-122.47842984253015,37.65937599831204]]},"properties":{"name":"San Andreas Fault","kind":"fault"}},{"type":"Feature","geometry":{"type":"LineString","coordinates":[[-122.47914757316674,37.658994232865126],[-122.47747199374739,37.65755826589091]]},"properties":{"name":"San Andreas Fault","kind":"fault"}},{"type":"Feature","geometry":{"type":"LineString","coordinates":[[-122.48070123287773,37.65885550530755],[-122.48247588517306,37.660192672416734]]},"properties":{"name":"San Andreas Fault","kind":"fault"}},{"type":"Feature","geometry":{"type":"LineString","coordinates":[[-122.47231528256509,37.65327104133609],[-122.47038088903393,37.651089006534484],[-122.46911572499653,37.64849886053464]]},"properties":{"name":"San Andreas Fault","kind":"fault"}},{"type":"Feature","geometry":{"type":"LineString","coordinates":[[-122.46037644745199,37.63868951417878],[-122.45927710322307,37.63788992659101],[-122.45873304102228,37.63770324250696]]},"properties":{"name":"San Andreas Fault","kind":"fault"}},{"type":"Feature","geometry":{"type":"LineString","coordinates":[[-122.45315714890987,37.63137787076165],[-122.45147038305934,37.628949871931],[-122.44858523788574,37.62632652884038],[-122.44735028541567,37.62495974877237]]},"properties":{"name":"San Andreas Fault","kind":"fault"}},{"type":"Feature","geometry":{"type":"LineString","coordinates":[[-122.47671090856294,37.657741911170135],[-122.47244521830095,37.653344983809404]]},"properties":{"name":"San Andreas Fault","kind":"fault"}},{"type":"Feature","geometry":{"type":"LineString","coordinates":[[-122.46046896840078,37.63882778145562],[-122.46116019428948,37.63978095065625]]},"properties":{"name":"San Andreas Fault","kind":"fault"}},{"type":"Feature","geometry":{"type":"LineString","coordinates":[[-122.46141621625183,37.63848657504756],[-122.46008414646629,37.636823285372536],[-122.45810038190457,37.63574324899545]]},"properties":{"name":"San Andreas Fault","kind":"fault"}},{"type":"Feature","geometry":{"type":"LineString","coordinates":[[-122.49496271136718,37.67173978788892],[-122.49146654394896,37.6680909038876]]},"properties":{"name":"San Andreas Fault","kind":"fault"}},{"type":"Feature","geometry":{"type":"LineString","coordinates":[[-122.49094505788908,37.66755368814534],[-122.48833511921764,37.66509907554906]]},"properties":{"name":"San Andreas Fault","kind":"fault"}},{"type":"Feature","geometry":{"type":"LineString","coordinates":[[-122.48774023851283,37.66459259920724],[-122.48468348664917,37.662008742786554]]},"properties":{"name":"San Andreas Fault","kind":"fault"}},{"type":"Feature","geometry":{"type":"LineString","coordinates":[[-122.48264448202742,37.66032342994872],[-122.48419814348176,37.66161457997234]]},"properties":{"name":"San Andreas Fault","kind":"fault"}},{"type":"Feature","geometry":{"type":"LineString","coordinates":[[-122.14357357624088,37.74643068566523],[-122.14669469528299,37.74890350235329],[-122.14778499971419,37.74994840443858]]},"properties":{"name":"Hayward Fault","kind":"fault"}},{"type":"Feature","geometry":{"type":"LineString","coordinates":[[-122.14746849777573,37.74934936789207],[-122.14846889115441,37.749955936243765]]},"properties":{"name":"Hayward Fault","kind":"fault"}},{"type":"Feature","geometry":{"type":"LineString","coordinates":[[-122.14344304126313,37.745923799515815],[-122.14398170121949,37.746751968647985]]},"properties":{"name":"Hayward Fault","kind":"fault"}},{"type":"Feature","geometry":{"type":"LineString","coordinates":[[-122.13641296726354,37.7393237180728],[-122.1383415974071,37.74030037564709],[-122.13971004165701,37.74119625248979],[-122.14234115842234,37.74346396459558]]},"properties":{"name":"Hayward Fault","kind":"fault"}},{"type":"Feature","geometry":{"type":"LineString","coordinates":[[-122.14047721805503,37.743075948415715],[-122.13914816469202,37.74139589372145],[-122.13723405854533,37.739437364211554],[-122.1360871384193,37.73767242304409],[-122.13524341921864,37.73692922144657]]},"properties":{"name":"Hayward Fault","kind":"fault"}},{"type":"Feature","geometry":{"type":"LineString","coordinates":[[-122.13483406819465,37.73708168273983],[-122.13609008481885,37.73891735079017]]},"properties":{"name":"Hayward Fault","kind":"fault"}},{"type":"Feature","geometry":{"type":"LineString","coordinates":[[-122.12610631715701,37.726424792231995],[-122.12834579888975,37.729651155194055]]},"properties":{"name":"Hayward Fault","kind":"fault"}},{"type":"Feature","geometry":{"type":"LineString","coordinates":[[-122.12884833654707,37.72995953459986],[-122.13247674031128,37.73479137902108],[-122.13477188552726,37.73696682427768]]},"properties":{"name":"Hayward Fault","kind":"fault"}},{"type":"Feature","geometry":{"type":"LineString","coordinates":[[-122.14243926021476,37.743521624682344],[-122.14418252771937,37.74530693084283]]},"properties":{"name":"Hayward Fault","kind":"fault"}},{"type":"Feature","geometry":{"type":"LineString","coordinates":[[-122.1405759004607,37.743160008157275],[-122.14100448664111,37.74387788286462]]},"properties":{"name":"Hayward Fault","kind":"fault"}},{"type":"Feature","geometry":{"type":"LineString","coordinates":[[-122.14109473044951,37.74402263747511],[-122.14253992058742,37.74480169392975],[-122.14338025507297,37.74582681664272]]},"properties":{"name":"Hayward Fault","kind":"fault"}},{"type":"Feature","geometry":{"type":"LineString","coordinates":[[-122.1428657727783,37.744144770702995],[-122.14419711948531,37.746453062037126]]},"properties":{"name":"Hayward Fault","kind":"fault"}},{"type":"Feature","geometry":{"type":"LineString","coordinates":[[-122.14471368830445,37.746459063917335],[-122.14633296553835,37.747277587082614],[-122.14913351982827,37.749051168619516]]},"properties":{"name":"Hayward Fault","kind":"fault"}},{"type":"Feature","geometry":{"type":"LineString","coordinates":[[-122.14205073850854,37.74523799192025],[-122.143560931871,37.74634543105514]]},"properties":{"name":"Hayward Fault","kind":"fault"}},{"type":"Feature","geometry":{"type":"LineString","coordinates":[[-122.13763123584445,37.74095175198839],[-122.14090036064079,37.74403466140222]]},"properties":{"name":"Hayward Fault","kind":"fault"}},{"type":"Feature","geometry":{"type":"LineString","coordinates":[[-122.13536037368696,37.73771123832775],[-122.13698986469026,37.73931804330652]]},"properties":{"name":"Hayward Fault","kind":"fault"}},{"type":"Feature","geometry":{"type":"LineString","coordinates":[[-122.51680194296908,37.52402562810065],[-122.51754437752021,37.524775911665884]]},"properties":{"name":"Seal Cove Fault","kind":"fault"}},{"type":"Feature","geometry":{"type":"LineString","coordinates":[[-122.51417992880822,37.520944123138825],[-122.51325885182912,37.519520428675115]]},"properties":{"name":"Seal Cove Fault","kind":"fault"}},{"type":"Feature","geometry":{"type":"LineString","coordinates":[[-122.5051466054649,37.50885845715466],[-122.5072638874767,37.51085293047873]]},"properties":{"name":"Seal Cove Fault","kind":"fault"}},{"type":"Feature","geometry":{"type":"LineString","coordinates":[[-122.51211141442931,37.518659952258595],[-122.51156091829081,37.51800821332481]]},"properties":{"name":"Seal Cove Fault","kind":"fault"}},{"type":"Feature","geometry":{"type":"LineString","coordinates":[[-122.11213909045352,38.11116285653022],[-122.11043521062905,38.10784591371642]]},"properties":{"name":"Green Valley Fault","kind":"fault"}},{"type":"Feature","geometry":{"type":"LineString","coordinates":[[-122.11035576869897,38.107582953820845],[-122.10996554305801,38.106678870133514]]},"properties":{"name":"Green Valley Fault","kind":"fault"}},{"type":"Feature","geometry":{"type":"LineString","coordinates":[[-122.10980887780046,38.10629969357266],[-122.1083690380707,38.10318337712555]]},"properties":{"name":"Green Valley Fault","kind":"fault"}},{"type":"Feature","geometry":{"type":"LineString","coordinates":[[-122.10803620423671,38.10130078574169],[-122.10731559891194,38.098848775013515]]},"properties":{"name":"Green Valley Fault","kind":"fault"}},{"type":"Feature","geometry":{"type":"LineString","coordinates":[[-122.07766273105699,38.03341402580943],[-122.07434497253799,38.03064379050623]]},"properties":{"name":"Concord Fault","kind":"fault"}},{"type":"Feature","geometry":{"type":"LineString","coordinates":[[-122.11380861245344,38.11483514013639],[-122.11288096977746,38.1130903485475]]},"properties":{"name":"Green Valley Fault","kind":"fault"}},{"type":"Feature","geometry":{"type":"LineString","coordinates":[[-122.1175207206192,38.121819648022026],[-122.11706493557665,38.121386316453965]]},"properties":{"name":"Green Valley Fault","kind":"fault"}},{"type":"Feature","geometry":{"type":"LineString","coordinates":[[-122.11229604614866,38.11177966077407],[-122.11168436461075,38.110908881480974]]},"properties":{"name":"Green Valley Fault","kind":"fault"}},{"type":"Feature","geometry":{"type":"LineString","coordinates":[[-122.11283660161664,38.11276866907405],[-122.11233658558011,38.111925884038136]]},"properties":{"name":"Green Valley Fault","kind":"fault"}},{"type":"Feature","geometry":{"type":"LineString","coordinates":[[-122.11887369778356,38.120980336616554],[-122.11571893028744,38.11741845395906]]},"properties":{"name":"Green Valley Fault","kind":"fault"}},{"type":"Feature","geometry":{"type":"LineString","coordinates":[[-122.11914425677897,38.12314486766514],[-122.11867340644001,38.12197942920049]]},"properties":{"name":"Green Valley Fault","kind":"fault"}},{"type":"Feature","geometry":{"type":"LineString","coordinates":[[-122.11844424863169,38.12166027412911],[-122.1179398983967,38.12067002095001]]},"properties":{"name":"Green Valley Fault","kind":"fault"}},{"type":"Feature","geometry":{"type":"LineString","coordinates":[[-122.1175591600347,38.120206934020274],[-122.11528036758388,38.11714175153067],[-122.11392351737695,38.11501063757041]]},"properties":{"name":"Green Valley Fault","kind":"fault"}},{"type":"Feature","geometry":{"type":"LineString","coordinates":[[-122.11973742586626,38.124866996774536],[-122.11805180096198,38.12236921384204]]},"properties":{"name":"Green Valley Fault","kind":"fault"}},{"type":"Feature","geometry":{"type":"LineString","coordinates":[[-122.11547202515798,38.123078457172454],[-122.11497923831843,38.12261611223515]]},"properties":{"name":"Green Valley Fault","kind":"fault"}},{"type":"Feature","geometry":{"type":"LineString","coordinates":[[-122.11619107122314,38.12377224540602],[-122.11710453661821,38.1248143947033]]},"properties":{"name":"Green Valley Fault","kind":"fault"}},{"type":"Feature","geometry":{"type":"LineString","coordinates":[[-122.10832703445239,38.102833706332625],[-122.10804727331168,38.10190016047302]]},"properties":{"name":"Green Valley Fault","kind":"fault"}},{"type":"Feature","geometry":{"type":"LineString","coordinates":[[-122.10715662764841,38.098452541252094],[-122.10694967340112,38.097431026817]]},"properties":{"name":"Green Valley Fault","kind":"fault"}},{"type":"Feature","geometry":{"type":"LineString","coordinates":[[-122.1067531626259,38.09693512127839],[-122.10662114884893,38.095970058177585]]},"properties":{"name":"Green Valley Fault","kind":"fault"}},{"type":"Feature","geometry":{"type":"LineString","coordinates":[[-122.10661541303287,38.09570609654537],[-122.10641891013066,38.09521018960018]]},"properties":{"name":"Green Valley Fault","kind":"fault"}},{"type":"Feature","geometry":{"type":"LineString","coordinates":[[-122.10509804488503,38.09751357870649],[-122.10442509533469,38.095530740566836]]},"properties":{"name":"Green Valley Fault","kind":"fault"}},{"type":"Feature","geometry":{"type":"LineString","coordinates":[[-122.10533408154312,38.098155726945876],[-122.1064053836268,38.10141841356037],[-122.1084471452064,38.105508971023525],[-122.10988457429944,38.10797065582445]]},"properties":{"name":"Green Valley Fault","kind":"fault"}},{"type":"Feature","geometry":{"type":"LineString","coordinates":[[-122.06789910763747,38.01436951049865],[-122.06728839622035,38.01352799729251]]},"properties":{"name":"Concord Fault","kind":"fault"}},{"type":"Feature","geometry":{"type":"LineString","coordinates":[[-122.06725672699456,38.01333038326031],[-122.0666826959657,38.01245887071859]]},"properties":{"name":"Concord Fault","kind":"fault"}},{"type":"Feature","geometry":{"type":"LineString","coordinates":[[-122.06658425906785,38.0121673958677],[-122.06591923466185,38.01135532832258]]},"properties":{"name":"Concord Fault","kind":"fault"}},{"type":"Feature","geometry":{"type":"LineString","coordinates":[[-122.10483072819642,38.09524878472785],[-122.1044693705132,38.09399327383013]]},"properties":{"name":"Green Valley Fault","kind":"fault"}},{"type":"Feature","geometry":{"type":"LineString","coordinates":[[-122.10491394516411,38.09568720715762],[-122.10511106284125,38.09621184183655]]},"properties":{"name":"Green Valley Fault","kind":"fault"}},{"type":"Feature","geometry":{"type":"LineString","coordinates":[[-122.1064628442579,38.0936137047506],[-122.10634168193484,38.09314784044725]]},"properties":{"name":"Green Valley Fault","kind":"fault"}},{"type":"Feature","geometry":{"type":"LineString","coordinates":[[-122.10625938297528,38.09279716083845],[-122.10624855675563,38.09229873728947]]},"properties":{"name":"Green Valley Fault","kind":"fault"}},{"type":"Feature","geometry":{"type":"LineString","coordinates":[[-122.10359031314584,38.09274476550444],[-122.1031553297178,38.09149102286446]]},"properties":{"name":"Green Valley Fault","kind":"fault"}},{"type":"Feature","geometry":{"type":"LineString","coordinates":[[-122.10631046826732,38.09171079740782],[-122.10479614004531,38.088537973846535]]},"properties":{"name":"Green Valley Fault","kind":"fault"}},{"type":"Feature","geometry":{"type":"LineString","coordinates":[[-122.10044003854225,38.08930045825043],[-122.10087052790733,38.090349252543106]]},"properties":{"name":"Green Valley Fault","kind":"fault"}},{"type":"Feature","geometry":{"type":"LineString","coordinates":[[-122.1026396851566,38.08991530756323],[-122.10231953814443,38.088835517482664]]},"properties":{"name":"Green Valley Fault","kind":"fault"}},{"type":"Feature","geometry":{"type":"LineString","coordinates":[[-122.10310183157212,38.08730049604315],[-122.1029401594127,38.08668684636571]]},"properties":{"name":"Green Valley Fault","kind":"fault"}},{"type":"Feature","geometry":{"type":"LineString","coordinates":[[-122.10290029190932,38.08657012075126],[-122.10266750931089,38.08607547466508]]},"properties":{"name":"Green Valley Fault","kind":"fault"}},{"type":"Feature","geometry":{"type":"LineString","coordinates":[[-122.10455862970802,38.08619588825237],[-122.10416261676991,38.08497113040535]]},"properties":{"name":"Green Valley Fault","kind":"fault"}},{"type":"Feature","geometry":{"type":"LineString","coordinates":[[-122.1041948573749,38.08473616315864],[-122.10387469273421,38.08365559957961]]},"properties":{"name":"Green Valley Fault","kind":"fault"}},{"type":"Feature","geometry":{"type":"LineString","coordinates":[[-122.10020055329552,38.08854108102046],[-122.10032170327706,38.0890085055912]]},"properties":{"name":"Green Valley Fault","kind":"fault"}},{"type":"Feature","geometry":{"type":"LineString","coordinates":[[-122.09992981773172,38.088017432159276],[-122.0991441239643,38.08421808915921]]},"properties":{"name":"Green Valley Fault","kind":"fault"}},{"type":"Feature","geometry":{"type":"LineString","coordinates":[[-122.10413628981202,38.09059787683444],[-122.10345070410864,38.08802810075254]]},"properties":{"name":"Green Valley Fault","kind":"fault"}},{"type":"Feature","geometry":{"type":"LineString","coordinates":[[-122.0817779991728,38.03186340858494],[-122.08090384293851,38.030791727074615]]},"properties":{"name":"Concord Fault","kind":"fault"}},{"type":"Feature","geometry":{"type":"LineString","coordinates":[[-122.06958422819243,38.01671580904742],[-122.06882343348535,38.0157885374669]]},"properties":{"name":"Concord Fault","kind":"fault"}},{"type":"Feature","geometry":{"type":"LineString","coordinates":[[-122.06850158551894,38.01977907925896],[-122.06794113908117,38.01955196976504]]},"properties":{"name":"Concord Fault","kind":"fault"}},{"type":"Feature","geometry":{"type":"LineString","coordinates":[[-122.0676776897111,38.01934965970509],[-122.0671141759952,38.018977362777676]]},"properties":{"name":"Concord Fault","kind":"fault"}},{"type":"Feature","geometry":{"type":"LineString","coordinates":[[-122.06655124215801,38.018632236133634],[-122.06553421536931,38.01779608937027]]},"properties":{"name":"Concord Fault","kind":"fault"}},{"type":"Feature","geometry":{"type":"LineString","coordinates":[[-122.10258718687547,38.085814849528525],[-122.10211495016898,38.084562382067915]]},"properties":{"name":"Green Valley Fault","kind":"fault"}},{"type":"Feature","geometry":{"type":"LineString","coordinates":[[-122.10016075585412,38.088427460242286],[-122.10004468222242,38.08819449673907]]},"properties":{"name":"Green Valley Fault","kind":"fault"}},{"type":"Feature","geometry":{"type":"LineString","coordinates":[[-122.10460355875216,38.088221402467596],[-122.1041375879133,38.08726007895879]]},"properties":{"name":"Green Valley Fault","kind":"fault"}},{"type":"Feature","geometry":{"type":"LineString","coordinates":[[-122.103033883162,38.09105622275311],[-122.10268054137855,38.090122880796685]]},"properties":{"name":"Green Valley Fault","kind":"fault"}},{"type":"Feature","geometry":{"type":"LineString","coordinates":[[-122.10641882612684,38.095025362491185],[-122.10646641551436,38.09382333522106]]},"properties":{"name":"Green Valley Fault","kind":"fault"}},{"type":"Feature","geometry":{"type":"LineString","coordinates":[[-122.10533128816985,38.09798180936125],[-122.10517655260914,38.097689578092734]]},"properties":{"name":"Green Valley Fault","kind":"fault"}},{"type":"Feature","geometry":{"type":"LineString","coordinates":[[-122.10808205876423,38.101782424270375],[-122.10807472815586,38.10149052715344]]},"properties":{"name":"Green Valley Fault","kind":"fault"}},{"type":"Feature","geometry":{"type":"LineString","coordinates":[[-122.09312290695898,38.044845165348754],[-122.09118748673536,38.04261438980724]]},"properties":{"name":"Concord Fault","kind":"fault"}},{"type":"Feature","geometry":{"type":"LineString","coordinates":[[-122.09065340664132,38.0418892320708],[-122.08879013185557,38.03962716165555]]},"properties":{"name":"Concord Fault","kind":"fault"}},{"type":"Feature","geometry":{"type":"LineString","coordinates":[[-122.08821940908688,38.03893121902445],[-122.08617141949637,38.03670264872325]]},"properties":{"name":"Concord Fault","kind":"fault"}},{"type":"Feature","geometry":{"type":"LineString","coordinates":[[-122.08556505577639,38.03603668225802],[-122.08367109673182,38.0340700500643]]},"properties":{"name":"Concord Fault","kind":"fault"}},{"type":"Feature","geometry":{"type":"LineString","coordinates":[[-122.08311185435731,38.03353934444161],[-122.08197034119077,38.03208838209853]]},"properties":{"name":"Concord Fault","kind":"fault"}},{"type":"Feature","geometry":{"type":"LineString","coordinates":[[-122.08075306377036,38.03058172902068],[-122.07831923804562,38.02759555543645]]},"properties":{"name":"Concord Fault","kind":"fault"}},{"type":"Feature","geometry":{"type":"LineString","coordinates":[[-122.07782392979128,38.02692806891154],[-122.07539158104203,38.024000061522216]]},"properties":{"name":"Concord Fault","kind":"fault"}},{"type":"Feature","geometry":{"type":"LineString","coordinates":[[-122.0748590277206,38.023333058376174],[-122.07258132583377,38.02069571474957]]},"properties":{"name":"Concord Fault","kind":"fault"}},{"type":"Feature","geometry":{"type":"LineString","coordinates":[[-122.07198784211239,38.02002329555462],[-122.0697393009198,38.016945956542095]]},"properties":{"name":"Concord Fault","kind":"fault"}},{"type":"Feature","geometry":{"type":"LineString","coordinates":[[-122.06863613535094,38.015612401299485],[-122.06806144522098,38.01471139373454]]},"properties":{"name":"Concord Fault","kind":"fault"}},{"type":"Feature","geometry":{"type":"LineString","coordinates":[[-122.4964742583184,37.503434971952956],[-122.4935940732881,37.49994645764572]]},"properties":{"name":"Seal Cove Fault","kind":"fault"}},{"type":"Feature","geometry":{"type":"LineString","coordinates":[[-122.51213196954487,37.5194068380992],[-122.51176249494368,37.51907939379187]]},"properties":{"name":"Seal Cove Fault","kind":"fault"}},{"type":"Feature","geometry":{"type":"LineString","coordinates":[[-122.4956413391497,37.49994646086725],[-122.49362357221062,37.497000538114136]]},"properties":{"name":"San Gregorio Fault","kind":"fault"}},{"type":"Feature","geometry":{"type":"LineString","coordinates":[[-122.4935940732881,37.49994645764572],[-122.49329153899778,37.49953918291893]]},"properties":{"name":"Seal Cove Fault","kind":"fault"}},{"type":"Feature","geometry":{"type":"LineString","coordinates":[[-122.51076438979072,37.51811847129591],[-122.51176249494368,37.51907939379187]]},"properties":{"name":"Seal Cove Fault","kind":"fault"}},{"type":"Feature","geometry":{"type":"LineString","coordinates":[[-122.51284697244174,37.51938832856649],[-122.51253799141804,37.518932992710994]]},"properties":{"name":"Seal Cove Fault","kind":"fault"}},{"type":"Feature","geometry":{"type":"LineString","coordinates":[[-122.45711001530164,38.171203729972696],[-122.43148911835735,38.12492425910594]]},"properties":{"name":"Rodgers Creek Fault","kind":"fault"}},{"type":"Feature","geometry":{"type":"LineString","coordinates":[[-122.51234519712709,37.51896431385137],[-122.51250451684737,37.51916228426652]]},"properties":{"name":"Seal Cove Fault","kind":"fault"}},{"type":"Feature","geometry":{"type":"LineString","coordinates":[[-122.49691524129031,37.51767144098918],[-122.50013084850062,37.51914880639311]]},"properties":{"name":"Denniston Creek Fault","kind":"fault"}},{"type":"Feature","geometry":{"type":"LineString","coordinates":[[-122.35241448601084,37.512010767362604],[-122.35030232499979,37.51046095482933]]},"properties":{"name":"San Andreas Fault","kind":"fault"}},{"type":"Feature","geometry":{"type":"LineString","coordinates":[[-122.37408567134005,37.53792423446968],[-122.37155063742213,37.53595044962787],[-122.36912498761117,37.53380548630631]]},"properties":{"name":"San Andreas Fault","kind":"fault"}},{"type":"Feature","geometry":{"type":"LineString","coordinates":[[-122.37007172099551,37.533755690299],[-122.35778270432715,37.5168621961412]]},"properties":{"name":"San Andreas Fault","kind":"fault"}},{"type":"Feature","geometry":{"type":"LineString","coordinates":[[-122.37478272839967,37.53837150320115],[-122.37259372587451,37.53584152447398],[-122.37070249448297,37.53424317161855]]},"properties":{"name":"San Andreas Fault","kind":"fault"}},{"type":"Feature","geometry":{"type":"LineString","coordinates":[[-122.35725723205049,37.51634183054839],[-122.35620446038502,37.51516753259243]]},"properties":{"name":"San Andreas Fault","kind":"fault"}},{"type":"Feature","geometry":{"type":"LineString","coordinates":[[-122.34157318100627,37.499943569913306],[-122.35001135603629,37.509836914684904]]},"properties":{"name":"San Andreas Fault","kind":"fault"}},{"type":"Feature","geometry":{"type":"LineString","coordinates":[[-122.35571866620978,37.514561522156534],[-122.35241448601084,37.512010767362604]]},"properties":{"name":"San Andreas Fault","kind":"fault"}},{"type":"Feature","geometry":{"type":"LineString","coordinates":[[-122.37478272839967,37.53837150320115],[-122.37609639720952,37.53979855961416]]},"properties":{"name":"San Andreas Fault","kind":"fault"}},{"type":"Feature","geometry":{"type":"LineString","coordinates":[[-122.31457935287276,37.4712232286146],[-122.31417590446158,37.47084169805084]]},"properties":{"name":"San Andreas Fault","kind":"fault"}},{"type":"Feature","geometry":{"type":"LineString","coordinates":[[-122.31541710277216,37.47189358586691],[-122.31655466376458,37.47314982668037]]},"properties":{"name":"San Andreas Fault","kind":"fault"}},{"type":"Feature","geometry":{"type":"LineString","coordinates":[[-122.32875955630743,37.48355134939401],[-122.32900572295536,37.48411378228535]]},"properties":{"name":"San Andreas Fault","kind":"fault"}},{"type":"Feature","geometry":{"type":"LineString","coordinates":[[-122.30706906074087,37.46290031673505],[-122.30586580503694,37.46173476576644]]},"properties":{"name":"San Andreas Fault","kind":"fault"}},{"type":"Feature","geometry":{"type":"LineString","coordinates":[[-122.31276148249707,37.469309331551564],[-122.31046105270198,37.46648778129464],[-122.3080868561764,37.46413685755726],[-122.30706906074087,37.46290031673505]]},"properties":{"name":"San Andreas Fault","kind":"fault"}},{"type":"Feature","geometry":{"type":"LineString","coordinates":[[-122.31541710277216,37.47189358586691],[-122.31352021802064,37.46991270418042]]},"properties":{"name":"San Andreas Fault","kind":"fault"}},{"type":"Feature","geometry":{"type":"LineString","coordinates":[[-122.32056531600902,37.47466106709084],[-122.32166673422418,37.47564117516062],[-122.32250834280858,37.477216497341274]]},"properties":{"name":"San Andreas Fault","kind":"fault"}},{"type":"Feature","geometry":{"type":"LineString","coordinates":[[-122.31008877453841,37.47289531500001],[-122.31271497002062,37.47417699111559]]},"properties":{"name":"San Andreas Fault","kind":"fault"}},{"type":"Feature","geometry":{"type":"LineString","coordinates":[[-122.32868568832637,37.48482742613274],[-122.3415731809783,37.499943569014015]]},"properties":{"name":"San Andreas Fault","kind":"fault"}},{"type":"Feature","geometry":{"type":"LineString","coordinates":[[-122.30939508094303,37.47073740344463],[-122.3078776138965,37.46981274614877],[-122.30709540114506,37.468978238267745],[-122.30494725518982,37.46637568833201],[-122.30310626754797,37.46357458379222]]},"properties":{"name":"San Andreas Fault","kind":"fault"}},{"type":"Feature","geometry":{"type":"LineString","coordinates":[[-122.29458727884507,37.44988931488572],[-122.29381630834091,37.449169257349496]]},"properties":{"name":"San Andreas Fault","kind":"fault"}},{"type":"Feature","geometry":{"type":"LineString","coordinates":[[-122.32198363978132,37.48128524557665],[-122.32136505271805,37.48118868493353],[-122.32034155187638,37.480202634501204],[-122.31885049297183,37.47929973400607],[-122.31752190098467,37.47929206715392],[-122.31651180134877,37.47881403012534],[-122.31473946253153,37.4762801319398]]},"properties":{"name":"San Andreas Fault","kind":"fault"}},{"type":"Feature","geometry":{"type":"LineString","coordinates":[[-122.31413201097918,37.470766082914885],[-122.31280581579294,37.46936921035612]]},"properties":{"name":"San Andreas Fault","kind":"fault"}},{"type":"Feature","geometry":{"type":"LineString","coordinates":[[-122.3045047556529,37.460419870342946],[-122.30399315295854,37.45993750428545]]},"properties":{"name":"San Andreas Fault","kind":"fault"}},{"type":"Feature","geometry":{"type":"LineString","coordinates":[[-122.32662165755477,37.48042238042603],[-122.32518702484458,37.47910523169972],[-122.3245822634411,37.47882263392025],[-122.3241596128368,37.478859196740174],[-122.32388295108717,37.47872882635044],[-122.32323928437228,37.47790697385796],[-122.32219931213658,37.47725039544162]]},"properties":{"name":"San Andreas Fault","kind":"fault"}},{"type":"Feature","geometry":{"type":"LineString","coordinates":[[-122.30586580503694,37.46173476576644],[-122.30490078642572,37.46078350305101]]},"properties":{"name":"San Andreas Fault","kind":"fault"}},{"type":"Feature","geometry":{"type":"LineString","coordinates":[[-122.31414444666125,37.46739846953961],[-122.31682162580543,37.470477151296194],[-122.3191350344273,37.47273225207168],[-122.32056531600902,37.47466106709084]]},"properties":{"name":"San Andreas Fault","kind":"fault"}},{"type":"Feature","geometry":{"type":"LineString","coordinates":[[-122.2962926022396,37.45276962851149],[-122.29515429920727,37.451661046806045],[-122.29492528106056,37.451201791814],[-122.29355424940776,37.45003457017656],[-122.29295200306196,37.449186732548384]]},"properties":{"name":"San Andreas Fault","kind":"fault"}},{"type":"Feature","geometry":{"type":"LineString","coordinates":[[-122.30450914233676,37.46043062774614],[-122.30490078642572,37.46078350305101],[-122.3045047556529,37.460419870342946]]},"properties":{"name":"San Andreas Fault","kind":"fault"}},{"type":"Feature","geometry":{"type":"LineString","coordinates":[[-122.29150199397321,37.44605689601962],[-122.29286230083227,37.44757341153185]]},"properties":{"name":"San Andreas Fault","kind":"fault"}},{"type":"Feature","geometry":{"type":"LineString","coordinates":[[-122.32488884339683,37.48294598620006],[-122.32273141339665,37.48226180974034],[-122.32207064785177,37.48185667460458]]},"properties":{"name":"San Andreas Fault","kind":"fault"}},{"type":"Feature","geometry":{"type":"LineString","coordinates":[[-122.32868568832637,37.48482742613274],[-122.32456194508899,37.48114797125469],[-122.31463290029308,37.47128911441704]]},"properties":{"name":"San Andreas Fault","kind":"fault"}},{"type":"Feature","geometry":{"type":"LineString","coordinates":[[-122.29290738165992,37.44848891143768],[-122.29233249605848,37.44839007623373],[-122.29132137726474,37.44776395769826],[-122.29021109775697,37.447345908971705],[-122.28802215845813,37.445544109852044],[-122.28756687094472,37.44466493560299],[-122.2864199159028,37.44339106656318]]},"properties":{"name":"San Andreas Fault","kind":"fault"}},{"type":"Feature","geometry":{"type":"LineString","coordinates":[[-122.29156101391204,37.45781284619954],[-122.28783456197212,37.45517189390354],[-122.28611535781117,37.4528720725069],[-122.28509602683546,37.45247956578993],[-122.28431165644778,37.45191676565944],[-122.28280954702896,37.4513352987703],[-122.28177559053822,37.450599257391474],[-122.28094317767012,37.44943516283345],[-122.27821390167088,37.44769428431336],[-122.27468789632803,37.44483950311495],[-122.27336642948083,37.4441588602289],[-122.26936023251045,37.439047290299506],[-122.26787491252793,37.43862313810943],[-122.26694684638416,37.43810225884331],[-122.26611479955888,37.436938060731215],[-122.26525868105895,37.43640330569306],[-122.26433402134472,37.43553901049568],[-122.26351311603663,37.43507600847759],[-122.26305206491242,37.43451508085504],[-122.2601571221118,37.43329503252848],[-122.2571791380333,37.43140902111332],[-122.25634292899689,37.430688310104436],[-122.25512307016811,37.42884906658943]]},"properties":{"name":"San Andreas Fault","kind":"fault"}},{"type":"Feature","geometry":{"type":"LineString","coordinates":[[-122.30399315295854,37.45993750428545],[-122.3003209555908,37.456134891881725],[-122.29794039448511,37.45397799314678],[-122.29610922301724,37.4514659954094],[-122.2946467797982,37.4499620054199]]},"properties":{"name":"San Andreas Fault","kind":"fault"}},{"type":"Feature","geometry":{"type":"LineString","coordinates":[[-122.3054025935719,37.459158485622794],[-122.30159022063198,37.45472477284574],[-122.30076990177683,37.453992497415754],[-122.29844127287355,37.45256327857515],[-122.29700519044094,37.451431863805254],[-122.29286230083227,37.44757341153185]]},"properties":{"name":"San Andreas Fault","kind":"fault"}},{"type":"Feature","geometry":{"type":"LineString","coordinates":[[-122.29290738165992,37.44848891143768],[-122.29381630834091,37.449169257349496]]},"properties":{"name":"San Andreas Fault","kind":"fault"}},{"type":"Feature","geometry":{"type":"LineString","coordinates":[[-122.29176813823616,37.45778572067508],[-122.2932576139322,37.45782325525139],[-122.29447369231058,37.45830272052585],[-122.29459355618782,37.458918724451514],[-122.29628275545329,37.460631571768346],[-122.29971356681735,37.462311800882205],[-122.30110379804299,37.46337890000896],[-122.30229462185304,37.464659441751714],[-122.30242679075295,37.46589080025819],[-122.30287050990601,37.46643716084148],[-122.30367683751199,37.46659931516305],[-122.3044806485705,37.467033320182]]},"properties":{"name":"San Andreas Fault","kind":"fault"}},{"type":"Feature","geometry":{"type":"LineString","coordinates":[[-122.3266763113452,37.480514055939075],[-122.32958075700213,37.48476842118413]]},"properties":{"name":"San Andreas Fault","kind":"fault"}},{"type":"Feature","geometry":{"type":"LineString","coordinates":[[-122.30948873941001,37.47195685653003],[-122.3087076299431,37.47099835409116],[-122.30627780342289,37.469724919611664],[-122.30625510012274,37.469591236851066]]},"properties":{"name":"San Andreas Fault","kind":"fault"}},{"type":"Feature","geometry":{"type":"LineString","coordinates":[[-122.50089769273994,37.50811917914583],[-122.49954832786311,37.50657850733037],[-122.49827070966673,37.505588742008065],[-122.4964742583184,37.503434971952956]]},"properties":{"name":"Seal Cove Fault","kind":"fault"}},{"type":"Feature","geometry":{"type":"LineString","coordinates":[[-122.5050834551291,37.51304834889485],[-122.50257017603775,37.51046478882595],[-122.50089769273994,37.50811917914583]]},"properties":{"name":"Seal Cove Fault","kind":"fault"}},{"type":"Feature","geometry":{"type":"LineString","coordinates":[[-122.51284697244174,37.51938832856649],[-122.51341423623369,37.520188103919956]]},"properties":{"name":"Seal Cove Fault","kind":"fault"}},{"type":"Feature","geometry":{"type":"LineString","coordinates":[[-122.51754437752021,37.524775911665884],[-122.51765789448623,37.52488958747475]]},"properties":{"name":"Seal Cove Fault","kind":"fault"}},{"type":"Feature","geometry":{"type":"LineString","coordinates":[[-122.51213196954487,37.5194068380992],[-122.51680194296908,37.52402562810065]]},"properties":{"name":"Seal Cove Fault","kind":"fault"}},{"type":"Feature","geometry":{"type":"LineString","coordinates":[[-122.48881973469071,37.512565635050294],[-122.48981779519157,37.51333358558433],[-122.49149068870246,37.5151062654077],[-122.49691524129031,37.51767144098918]]},"properties":{"name":"Denniston Creek Fault","kind":"fault"}},{"type":"Feature","geometry":{"type":"LineString","coordinates":[[-122.5050834551291,37.51304834889485],[-122.50701898502723,37.51503159955734],[-122.51076438979072,37.51811847129591]]},"properties":{"name":"Seal Cove Fault","kind":"fault"}},{"type":"Feature","geometry":{"type":"LineString","coordinates":[[-122.48881973469071,37.512565635050294],[-122.48525722336657,37.50982088699522]]},"properties":{"name":"Denniston Creek Fault","kind":"fault"}},{"type":"Feature","geometry":{"type":"LineString","coordinates":[[-122.49860272052581,37.50304397064699],[-122.4972559110219,37.50181670439165],[-122.49564464077548,37.49995079494049]]},"properties":{"name":"Seal Cove Fault","kind":"fault"}},{"type":"Feature","geometry":{"type":"LineString","coordinates":[[-122.5051466054649,37.50885845715466],[-122.50069265296715,37.50516506998852],[-122.49860272052581,37.50304397064699]]},"properties":{"name":"Seal Cove Fault","kind":"fault"}}]}