{"type":"FeatureCollection","features":[{"type":"Feature","geometry":{"type":"Polygon","coordinates":[[[-122.4006,37.80603],[-122.40228,37.80513],[-122.40351,37.80509],[-122.40676,37.80446],[-122.41159,37.80397],[-122.41196,37.80583],[-122.41724,37.80517],[-122.41839,37.80598],[-122.41873,37.80594],[-122.41924,37.80846],[-122.4179,37.80862],[-122.41793,37.80881],[-122.41996,37.80891],[-122.41995,37.80913],[-122.41837,37.80907],[-122.41894,37.80945],[-122.41791,37.80903],[-122.41782,37.80865],[-122.4175,37.80859],[-122.41767,37.8083],[-122.41739,37.80833],[-122.41736,37.80815],[-122.41636,37.80826],[-122.41635,37.80848],[-122.4172,37.80854],[-122.41616,37.80851],[-122.4162,37.80886],[-122.41744,37.80893],[-122.41743,37.80917],[-122.42061,37.81127],[-122.42037,37.81151],[-122.41986,37.81132],[-122.41993,37.81158],[-122.41974,37.81114],[-122.419,37.81084],[-122.41948,37.81139],[-122.41886,37.81148],[-122.41536,37.80917],[-122.41517,37.80924],[-122.41538,37.80941],[-122.41491,37.80924],[-122.41519,37.80949],[-122.41479,37.80929],[-122.4153,37.80984],[-122.41343,37.80924],[-122.4143,37.80995],[-122.41404,37.81014],[-122.41387,37.80985],[-122.41251,37.80907],[-122.41259,37.80943],[-122.41232,37.80918],[-122.4121,37.80933],[-122.41227,37.8096],[-122.41208,37.80934],[-122.41191,37.80939],[-122.41288,37.81053],[-122.41152,37.81124],[-122.4127,37.81057],[-122.41126,37.80893],[-122.4111,37.80891],[-122.41127,37.80915],[-122.41104,37.80889],[-122.41056,37.80882],[-122.41046,37.80933],[-122.41049,37.80881],[-122.4104,37.80929],[-122.41064,37.80972],[-122.41065,37.80956],[-122.41074,37.80968],[-122.41107,37.80944],[-122.41121,37.80968],[-122.41111,37.80957],[-122.41089,37.8098],[-122.41078,37.80969],[-122.41082,37.80983],[-122.41065,37.80974],[-122.41091,37.81018],[-122.41101,37.81],[-122.4112,37.81008],[-122.41116,37.80994],[-122.41135,37.81003],[-122.41128,37.8099],[-122.41163,37.80993],[-122.41159,37.80979],[-122.4117,37.8099],[-122.41166,37.80976],[-122.41177,37.80987],[-122.41172,37.80974],[-122.41189,37.81003],[-122.41178,37.80989],[-122.41179,37.81007],[-122.41158,37.80996],[-122.41163,37.81013],[-122.41155,37.80998],[-122.41151,37.81017],[-122.41139,37.81003],[-122.41143,37.8102],[-122.41131,37.81006],[-122.41128,37.81025],[-122.41116,37.81012],[-122.41118,37.81029],[-122.41109,37.81014],[-122.41112,37.81031],[-122.41092,37.81021],[-122.41122,37.81075],[-122.41129,37.81054],[-122.41142,37.81068],[-122.41145,37.81049],[-122.41157,37.81062],[-122.41161,37.81043],[-122.41172,37.81057],[-122.41169,37.8104],[-122.41193,37.81049],[-122.41194,37.81031],[-122.41209,37.81044],[-122.41202,37.81028],[-122.41213,37.81046],[-122.41124,37.81077],[-122.41126,37.81112],[-122.41018,37.81151],[-122.40852,37.81129],[-122.40758,37.80881],[-122.40855,37.81127],[-122.41017,37.81149],[-122.41042,37.8114],[-122.41004,37.81143],[-122.40858,37.81122],[-122.40862,37.81107],[-122.40861,37.81121],[-122.40868,37.81108],[-122.40869,37.81122],[-122.40877,37.81109],[-122.40878,37.81123],[-122.40885,37.8111],[-122.40886,37.81124],[-122.40892,37.81111],[-122.40893,37.81125],[-122.40901,37.81112],[-122.40902,37.81126],[-122.40909,37.81114],[-122.4091,37.81128],[-122.40917,37.81115],[-122.40918,37.81129],[-122.40926,37.81116],[-122.40927,37.8113],[-122.40932,37.81117],[-122.40933,37.81131],[-122.40941,37.81118],[-122.40942,37.81132],[-122.40949,37.81119],[-122.40949,37.81133],[-122.40957,37.81121],[-122.40958,37.81134],[-122.40965,37.81122],[-122.40966,37.81135],[-122.40973,37.81123],[-122.40974,37.81137],[-122.40981,37.81124],[-122.40982,37.81138],[-122.40989,37.81125],[-122.4099,37.81139],[-122.41019,37.81131],[-122.41006,37.81087],[-122.40991,37.81099],[-122.40974,37.81083],[-122.40971,37.81096],[-122.4097,37.81082],[-122.40959,37.81095],[-122.40962,37.81081],[-122.40943,37.81093],[-122.40946,37.81079],[-122.40938,37.81092],[-122.40917,37.81075],[-122.40913,37.81088],[-122.40901,37.81073],[-122.40898,37.81086],[-122.40897,37.81072],[-122.40881,37.81084],[-122.40857,37.81067],[-122.4086,37.81052],[-122.4086,37.81065],[-122.40875,37.81054],[-122.40876,37.81067],[-122.40887,37.81055],[-122.40905,37.81071],[-122.40908,37.81058],[-122.40909,37.81072],[-122.4092,37.8106],[-122.40917,37.81073],[-122.40925,37.81061],[-122.40954,37.81078],[-122.4096,37.81065],[-122.40958,37.81079],[-122.40977,37.81068],[-122.40987,37.81082],[-122.4099,37.8107],[-122.41006,37.81085],[-122.41014,37.81038],[-122.40986,37.81045],[-122.40984,37.81032],[-122.40982,37.81044],[-122.40977,37.81031],[-122.40971,37.81043],[-122.4097,37.8103],[-122.40967,37.81042],[-122.40963,37.81029],[-122.40961,37.81041],[-122.40955,37.81028],[-122.4095,37.8104],[-122.40948,37.81027],[-122.40942,37.81039],[-122.40941,37.81026],[-122.40935,37.81038],[-122.40926,37.81024],[-122.4092,37.81036],[-122.40919,37.81023],[-122.40916,37.81036],[-122.40912,37.81022],[-122.40906,37.81034],[-122.40904,37.81021],[-122.40898,37.81033],[-122.40897,37.81021],[-122.40895,37.81033],[-122.4089,37.8102],[-122.40887,37.81032],[-122.40883,37.81018],[-122.40877,37.8103],[-122.40875,37.81018],[-122.40873,37.8103],[-122.40868,37.81016],[-122.40862,37.81028],[-122.40854,37.81015],[-122.40851,37.81027],[-122.40846,37.81014],[-122.40841,37.81025],[-122.40837,37.81012],[-122.40839,37.81],[-122.41013,37.81023],[-122.41015,37.81036],[-122.41009,37.80993],[-122.41005,37.81003],[-122.40877,37.80975],[-122.40829,37.8098],[-122.40828,37.80969],[-122.40823,37.80979],[-122.40826,37.80957],[-122.41007,37.80989],[-122.4098,37.80942],[-122.40979,37.8096],[-122.40804,37.80926],[-122.40806,37.80915],[-122.40963,37.80946],[-122.40979,37.80939],[-122.40966,37.80909],[-122.40787,37.80885],[-122.40789,37.80874],[-122.40958,37.80905],[-122.4094,37.80872],[-122.40869,37.80863],[-122.4087,37.80851],[-122.40862,37.80861],[-122.40863,37.80849],[-122.40858,37.80859],[-122.40856,37.80847],[-122.40848,37.80857],[-122.40849,37.80845],[-122.4084,37.80855],[-122.40842,37.80842],[-122.40836,37.80854],[-122.40835,37.8084],[-122.40827,37.80851],[-122.40825,37.80828],[-122.40808,37.80847],[-122.40806,37.8082],[-122.40789,37.80842],[-122.40794,37.80815],[-122.40783,37.80841],[-122.40788,37.80821],[-122.40763,37.8084],[-122.4075,37.80793],[-122.40737,37.80805],[-122.40666,37.80782],[-122.40683,37.81],[-122.40619,37.81007],[-122.40592,37.80716],[-122.40533,37.80687],[-122.40436,37.80888],[-122.40392,37.80872],[-122.40473,37.80698],[-122.40397,37.80658],[-122.40272,37.80802],[-122.40236,37.80778],[-122.40344,37.80648],[-122.40282,37.80603],[-122.40093,37.80764],[-122.40041,37.80727],[-122.4006,37.80603]]]},"properties":{"id":0,"geoid":"06075010101","name":"Fisherman's Wharf","tract":"101.01","pop":1911,"pop65":401,"popU18":45,"hh":1216,"hhNoVeh":451,"pov":374,"povUniverse":1911,"disab":289,"lep":413,"hhNoNet":178,"pop65Alone":195,"atRisk":0,"hazardShare":0.0,"floodShare":0.855,"areaKm2":0.7,"hvi":null,"lon":-122.41252,"lat":37.80774}},{"type":"Feature","geometry":{"type":"Polygon","coordinates":[[[-122.41159,37.80397],[-122.41489,37.80355],[-122.41683,37.80489],[-122.4169,37.80522],[-122.41196,37.80583],[-122.41159,37.80397]]]},"properties":{"id":1,"geoid":"06075010102","name":"Tract 101.02","tract":"101.02","pop":1917,"pop65":355,"popU18":303,"hh":930,"hhNoVeh":347,"pov":155,"povUniverse":1917,"disab":375,"lep":351,"hhNoNet":0,"pop65Alone":148,"atRisk":0,"hazardShare":0.0,"floodShare":0.994,"areaKm2":0.08,"hvi":null,"lon":-122.41408,"lat":37.80461}},{"type":"Feature","geometry":{"type":"Polygon","coordinates":[[[-122.4176,37.80035],[-122.42429,37.79948],[-122.42485,37.80227],[-122.41816,37.80314],[-122.4176,37.80035]]]},"properties":{"id":2,"geoid":"06075010201","name":"Tract 102.01","tract":"102.01","pop":2650,"pop65":476,"popU18":235,"hh":1399,"hhNoVeh":454,"pov":181,"povUniverse":2650,"disab":240,"lep":48,"hhNoNet":8,"pop65Alone":194,"atRisk":0,"hazardShare":0.0,"floodShare":0.0,"areaKm2":0.19,"hvi":null,"lon":-122.42123,"lat":37.80132}},{"type":"Feature","geometry":{"type":"Polygon","coordinates":[[[-122.41924,37.80846],[-122.41816,37.80314],[-122.42485,37.80227],[-122.4255,37.80602],[-122.42579,37.80672],[-122.42627,37.80719],[-122.42683,37.80863],[-122.42678,37.8094],[-122.42629,37.81022],[-122.42524,37.81076],[-122.42461,37.81077],[-122.42432,37.81061],[-122.4245,37.8104],[-122.42477,37.81063],[-122.42527,37.81058],[-122.42605,37.81022],[-122.42663,37.80911],[-122.42634,37.80759],[-122.42602,37.80752],[-122.42606,37.8077],[-122.4258,37.80741],[-122.42594,37.80753],[-122.42614,37.80736],[-122.42481,37.80669],[-122.42392,37.80664],[-122.42317,37.80692],[-122.42156,37.80806],[-122.4218,37.80838],[-122.42151,37.80812],[-122.42134,37.80828],[-122.4216,37.80855],[-122.42131,37.80831],[-122.42107,37.80857],[-122.42146,37.80917],[-122.42286,37.81026],[-122.42122,37.8092],[-122.42092,37.8088],[-122.42077,37.80909],[-122.42037,37.80901],[-122.42068,37.80896],[-122.42047,37.80831],[-122.41924,37.80846]]]},"properties":{"id":3,"geoid":"06075010202","name":"Tract 102.02","tract":"102.02","pop":1839,"pop65":347,"popU18":110,"hh":1099,"hhNoVeh":150,"pov":226,"povUniverse":1814,"disab":124,"lep":76,"hhNoNet":0,"pop65Alone":114,"atRisk":0,"hazardShare":0.0,"floodShare":0.579,"areaKm2":0.34,"hvi":null,"lon":-122.42227,"lat":37.80652}},{"type":"Feature","geometry":{"type":"Polygon","coordinates":[[[-122.4169,37.80522],[-122.41683,37.80489],[-122.41292,37.80219],[-122.4123,37.7991],[-122.41723,37.79848],[-122.41873,37.80594],[-122.41839,37.80598],[-122.41724,37.80517],[-122.4169,37.80522]]]},"properties":{"id":4,"geoid":"06075010300","name":"Russian Hill","tract":"103","pop":3824,"pop65":960,"popU18":220,"hh":2060,"hhNoVeh":455,"pov":361,"povUniverse":3824,"disab":430,"lep":384,"hhNoNet":154,"pop65Alone":357,"atRisk":0,"hazardShare":0.0,"floodShare":0.123,"areaKm2":0.27,"hvi":null,"lon":-122.41565,"lat":37.80244}},{"type":"Feature","geometry":{"type":"Polygon","coordinates":[[[-122.40778,37.80158],[-122.41139,37.80113],[-122.41489,37.80355],[-122.40834,37.80437],[-122.40778,37.80158]]]},"properties":{"id":5,"geoid":"06075010401","name":"Tract 104.01","tract":"104.01","pop":2427,"pop65":390,"popU18":538,"hh":953,"hhNoVeh":355,"pov":242,"povUniverse":2427,"disab":174,"lep":255,"hhNoNet":12,"pop65Alone":69,"atRisk":0,"hazardShare":0.0,"floodShare":0.512,"areaKm2":0.14,"hvi":null,"lon":-122.41093,"lat":37.80281}},{"type":"Feature","geometry":{"type":"Polygon","coordinates":[[[-122.40243,37.79939],[-122.40566,37.79897],[-122.40623,37.80175],[-122.40778,37.80158],[-122.40834,37.80437],[-122.40676,37.80446],[-122.40519,37.80477],[-122.40481,37.80291],[-122.40317,37.8031],[-122.40243,37.79939]]]},"properties":{"id":6,"geoid":"06075010402","name":"Telegraph Hill","tract":"104.02","pop":1924,"pop65":289,"popU18":137,"hh":1233,"hhNoVeh":329,"pov":22,"povUniverse":1924,"disab":56,"lep":155,"hhNoNet":33,"pop65Alone":193,"atRisk":0,"hazardShare":0.0,"floodShare":0.0,"areaKm2":0.19,"hvi":null,"lon":-122.40541,"lat":37.80198}},{"type":"Feature","geometry":{"type":"Polygon","coordinates":[[[-122.39168,37.79405],[-122.39243,37.79382],[-122.39319,37.79324],[-122.39476,37.79449],[-122.39633,37.79334],[-122.3966,37.79459],[-122.40016,37.79414],[-122.40088,37.79766],[-122.40205,37.79751],[-122.40317,37.8031],[-122.40481,37.80291],[-122.40519,37.80477],[-122.40351,37.80509],[-122.40228,37.80513],[-122.4006,37.80603],[-122.40086,37.80343],[-122.40049,37.80347],[-122.39852,37.8046],[-122.39824,37.80426],[-122.39999,37.80323],[-122.39961,37.80281],[-122.39783,37.80382],[-122.39753,37.80347],[-122.39974,37.80218],[-122.39942,37.80183],[-122.39921,37.80188],[-122.3971,37.80303],[-122.39617,37.80192],[-122.3984,37.80068],[-122.398,37.80024],[-122.39577,37.80148],[-122.39545,37.80116],[-122.39766,37.79985],[-122.39727,37.79945],[-122.39691,37.79964],[-122.39726,37.79941],[-122.39675,37.79884],[-122.39445,37.80019],[-122.39427,37.80008],[-122.39659,37.79865],[-122.39587,37.79788],[-122.39382,37.79894],[-122.39357,37.79864],[-122.39551,37.79747],[-122.39515,37.7975],[-122.39501,37.79735],[-122.39522,37.79716],[-122.39503,37.79713],[-122.39319,37.79825],[-122.39295,37.79794],[-122.39481,37.79671],[-122.39469,37.79659],[-122.39318,37.79751],[-122.39414,37.79687],[-122.39301,37.79557],[-122.3916,37.79621],[-122.39121,37.79578],[-122.39242,37.79483],[-122.39228,37.79467],[-122.39195,37.79486],[-122.39166,37.79455],[-122.39196,37.79434],[-122.39168,37.79405]]]},"properties":{"id":7,"geoid":"06075010500","name":"Tract 105","tract":"105","pop":3473,"pop65":939,"popU18":419,"hh":1848,"hhNoVeh":636,"pov":223,"povUniverse":3473,"disab":280,"lep":775,"hhNoNet":38,"pop65Alone":447,"atRisk":0,"hazardShare":0.0,"floodShare":0.858,"areaKm2":0.68,"hvi":null,"lon":-122.39997,"lat":37.79964}},{"type":"Feature","geometry":{"type":"Polygon","coordinates":[[[-122.40243,37.79939],[-122.40205,37.79751],[-122.40553,37.79707],[-122.41139,37.80113],[-122.4063,37.80177],[-122.40566,37.79897],[-122.40243,37.79939]]]},"properties":{"id":8,"geoid":"06075010600","name":"North Beach","tract":"106","pop":2957,"pop65":663,"popU18":209,"hh":1723,"hhNoVeh":1217,"pov":420,"povUniverse":2957,"disab":505,"lep":822,"hhNoNet":309,"pop65Alone":456,"atRisk":0,"hazardShare":0.0,"floodShare":0.111,"areaKm2":0.19,"hvi":null,"lon":-122.40735,"lat":37.79944}},{"type":"Feature","geometry":{"type":"Polygon","coordinates":[[[-122.40553,37.79707],[-122.41173,37.7963],[-122.41211,37.79817],[-122.40788,37.7987],[-122.40553,37.79707]]]},"properties":{"id":9,"geoid":"06075010701","name":"Tract 107.01","tract":"107.01","pop":3021,"pop65":1456,"popU18":84,"hh":1792,"hhNoVeh":1531,"pov":993,"povUniverse":3021,"disab":836,"lep":2086,"hhNoNet":525,"pop65Alone":711,"atRisk":0,"hazardShare":0.0,"floodShare":0.436,"areaKm2":0.1,"hvi":null,"lon":-122.40901,"lat":37.79746}},{"type":"Feature","geometry":{"type":"Polygon","coordinates":[[[-122.41292,37.80219],[-122.41022,37.80032],[-122.40788,37.7987],[-122.41211,37.79817],[-122.41292,37.80219]]]},"properties":{"id":10,"geoid":"06075010702","name":"Tract 107.02","tract":"107.02","pop":1398,"pop65":237,"popU18":131,"hh":660,"hhNoVeh":346,"pov":351,"povUniverse":1398,"disab":140,"lep":390,"hhNoNet":9,"pop65Alone":40,"atRisk":0,"hazardShare":0.0,"floodShare":0.497,"areaKm2":0.09,"hvi":null,"lon":-122.41126,"lat":37.80018}},{"type":"Feature","geometry":{"type":"Polygon","coordinates":[[[-122.4123,37.7991],[-122.41138,37.79453],[-122.4163,37.7939],[-122.41723,37.79848],[-122.4123,37.7991]]]},"properties":{"id":11,"geoid":"06075010800","name":"Nob Hill","tract":"108","pop":4047,"pop65":800,"popU18":71,"hh":2402,"hhNoVeh":774,"pov":479,"povUniverse":4047,"disab":506,"lep":462,"hhNoNet":207,"pop65Alone":308,"atRisk":0,"hazardShare":0.0,"floodShare":0.257,"areaKm2":0.23,"hvi":null,"lon":-122.4143,"lat":37.79651}},{"type":"Feature","geometry":{"type":"Polygon","coordinates":[[[-122.4176,37.80035],[-122.41685,37.7966],[-122.42014,37.79616],[-122.4209,37.79991],[-122.4176,37.80035]]]},"properties":{"id":12,"geoid":"06075010901","name":"Tract 109.01","tract":"109.01","pop":2067,"pop65":246,"popU18":155,"hh":1058,"hhNoVeh":337,"pov":92,"povUniverse":2067,"disab":142,"lep":59,"hhNoNet":24,"pop65Alone":161,"atRisk":0,"hazardShare":0.0,"floodShare":0.425,"areaKm2":0.12,"hvi":null,"lon":-122.41887,"lat":37.79826}},{"type":"Feature","geometry":{"type":"Polygon","coordinates":[[[-122.42014,37.79616],[-122.42349,37.79574],[-122.42429,37.79948],[-122.4209,37.79991],[-122.42014,37.79616]]]},"properties":{"id":13,"geoid":"06075010902","name":"Tract 109.02","tract":"109.02","pop":2589,"pop65":468,"popU18":197,"hh":1461,"hhNoVeh":888,"pov":345,"povUniverse":2589,"disab":303,"lep":348,"hhNoNet":139,"pop65Alone":231,"atRisk":0,"hazardShare":0.0,"floodShare":0.538,"areaKm2":0.13,"hvi":null,"lon":-122.4222,"lat":37.79777}},{"type":"Feature","geometry":{"type":"Polygon","coordinates":[[[-122.41649,37.79478],[-122.41613,37.79302],[-122.42281,37.79217],[-122.42316,37.79393],[-122.41649,37.79478]]]},"properties":{"id":14,"geoid":"06075011001","name":"Tract 110.01","tract":"110.01","pop":2402,"pop65":496,"popU18":54,"hh":1418,"hhNoVeh":784,"pov":325,"povUniverse":2402,"disab":259,"lep":334,"hhNoNet":101,"pop65Alone":272,"atRisk":0,"hazardShare":0.0,"floodShare":0.797,"areaKm2":0.12,"hvi":null,"lon":-122.41965,"lat":37.79347}},{"type":"Feature","geometry":{"type":"Polygon","coordinates":[[[-122.41649,37.79478],[-122.42316,37.79393],[-122.42349,37.79574],[-122.41685,37.7966],[-122.41649,37.79478]]]},"properties":{"id":15,"geoid":"06075011002","name":"Tract 110.02","tract":"110.02","pop":1992,"pop65":298,"popU18":157,"hh":1204,"hhNoVeh":399,"pov":101,"povUniverse":1934,"disab":323,"lep":156,"hhNoNet":68,"pop65Alone":175,"atRisk":0,"hazardShare":0.0,"floodShare":0.999,"areaKm2":0.12,"hvi":null,"lon":-122.41998,"lat":37.79525}},{"type":"Feature","geometry":{"type":"Polygon","coordinates":[[[-122.41576,37.79121],[-122.42243,37.79036],[-122.42281,37.79217],[-122.41613,37.79302],[-122.41576,37.79121]]]},"properties":{"id":16,"geoid":"06075011101","name":"Polk Gulch","tract":"111.01","pop":2477,"pop65":541,"popU18":102,"hh":1448,"hhNoVeh":731,"pov":257,"povUniverse":2477,"disab":246,"lep":613,"hhNoNet":27,"pop65Alone":119,"atRisk":0,"hazardShare":0.0,"floodShare":0.729,"areaKm2":0.12,"hvi":null,"lon":-122.41929,"lat":37.79173}},{"type":"Feature","geometry":{"type":"Polygon","coordinates":[[[-122.41539,37.78932],[-122.42209,37.78848],[-122.42243,37.79036],[-122.41576,37.79121],[-122.41539,37.78932]]]},"properties":{"id":17,"geoid":"06075011102","name":"Tract 111.02","tract":"111.02","pop":2207,"pop65":558,"popU18":73,"hh":1321,"hhNoVeh":874,"pov":164,"povUniverse":2061,"disab":328,"lep":472,"hhNoNet":159,"pop65Alone":245,"atRisk":0,"hazardShare":0.0,"floodShare":0.791,"areaKm2":0.13,"hvi":null,"lon":-122.41892,"lat":37.78985}},{"type":"Feature","geometry":{"type":"Polygon","coordinates":[[[-122.40918,37.79205],[-122.41576,37.79121],[-122.4163,37.7939],[-122.40973,37.79474],[-122.40918,37.79205]]]},"properties":{"id":18,"geoid":"06075011200","name":"Tract 112","tract":"112","pop":2676,"pop65":784,"popU18":88,"hh":1660,"hhNoVeh":1004,"pov":365,"povUniverse":2676,"disab":159,"lep":261,"hhNoNet":90,"pop65Alone":294,"atRisk":0,"hazardShare":0.0,"floodShare":0.004,"areaKm2":0.18,"hvi":null,"lon":-122.4127,"lat":37.79274}},{"type":"Feature","geometry":{"type":"Polygon","coordinates":[[[-122.40844,37.79671],[-122.40755,37.79225],[-122.40918,37.79205],[-122.40973,37.79474],[-122.41138,37.79453],[-122.41173,37.7963],[-122.40844,37.79671]]]},"properties":{"id":19,"geoid":"06075011300","name":"Tract 113","tract":"113","pop":2589,"pop65":775,"popU18":212,"hh":1362,"hhNoVeh":961,"pov":817,"povUniverse":2551,"disab":561,"lep":1145,"hhNoNet":235,"pop65Alone":360,"atRisk":0,"hazardShare":0.0,"floodShare":0.351,"areaKm2":0.1,"hvi":null,"lon":-122.4088,"lat":37.79429}},{"type":"Feature","geometry":{"type":"Polygon","coordinates":[[[-122.39633,37.79334],[-122.40746,37.78461],[-122.40771,37.7847],[-122.4088,37.79017],[-122.40716,37.79037],[-122.40755,37.79225],[-122.40443,37.79264],[-122.40463,37.79357],[-122.3966,37.79459],[-122.39633,37.79334]]]},"properties":{"id":20,"geoid":"06075011700","name":"Union Square","tract":"117","pop":1914,"pop65":266,"popU18":193,"hh":1105,"hhNoVeh":841,"pov":368,"povUniverse":1878,"disab":265,"lep":585,"hhNoNet":118,"pop65Alone":64,"atRisk":0,"hazardShare":0.0,"floodShare":0.793,"areaKm2":0.55,"hvi":null,"lon":-122.40491,"lat":37.78953}},{"type":"Feature","geometry":{"type":"Polygon","coordinates":[[[-122.40481,37.79446],[-122.40443,37.79264],[-122.40755,37.79225],[-122.40792,37.79406],[-122.40481,37.79446]]]},"properties":{"id":21,"geoid":"06075011800","name":"Financial District","tract":"118","pop":1376,"pop65":370,"popU18":104,"hh":654,"hhNoVeh":455,"pov":500,"povUniverse":1376,"disab":165,"lep":805,"hhNoNet":112,"pop65Alone":122,"atRisk":0,"hazardShare":0.0,"floodShare":0.699,"areaKm2":0.06,"hvi":null,"lon":-122.40618,"lat":37.79338}},{"type":"Feature","geometry":{"type":"Polygon","coordinates":[[[-122.41209,37.78975],[-122.41539,37.78932],[-122.41576,37.79121],[-122.41247,37.79163],[-122.41209,37.78975]]]},"properties":{"id":22,"geoid":"06075011901","name":"Tract 119.01","tract":"119.01","pop":2022,"pop65":241,"popU18":143,"hh":1219,"hhNoVeh":752,"pov":152,"povUniverse":1874,"disab":154,"lep":195,"hhNoNet":63,"pop65Alone":170,"atRisk":0,"hazardShare":0.0,"floodShare":0.194,"areaKm2":0.06,"hvi":null,"lon":-122.41393,"lat":37.79047}},{"type":"Feature","geometry":{"type":"Polygon","coordinates":[[[-122.40716,37.79037],[-122.41209,37.78975],[-122.41247,37.79163],[-122.40755,37.79225],[-122.40716,37.79037]]]},"properties":{"id":23,"geoid":"06075011902","name":"Tract 119.02","tract":"119.02","pop":3032,"pop65":564,"popU18":187,"hh":1745,"hhNoVeh":1214,"pov":390,"povUniverse":3020,"disab":252,"lep":694,"hhNoNet":121,"pop65Alone":203,"atRisk":0,"hazardShare":0.0,"floodShare":0.064,"areaKm2":0.09,"hvi":null,"lon":-122.40982,"lat":37.79099}},{"type":"Feature","geometry":{"type":"Polygon","coordinates":[[[-122.4152,37.78839],[-122.42187,37.78754],[-122.42209,37.78848],[-122.41539,37.78932],[-122.4152,37.78839]]]},"properties":{"id":24,"geoid":"06075012001","name":"Tract 120.01","tract":"120.01","pop":1746,"pop65":232,"popU18":107,"hh":1002,"hhNoVeh":603,"pov":226,"povUniverse":1722,"disab":199,"lep":319,"hhNoNet":0,"pop65Alone":139,"atRisk":0,"hazardShare":0.0,"floodShare":0.964,"areaKm2":0.06,"hvi":null,"lon":-122.41864,"lat":37.78844}},{"type":"Feature","geometry":{"type":"Polygon","coordinates":[[[-122.41501,37.78746],[-122.42169,37.78661],[-122.42187,37.78754],[-122.4152,37.78839],[-122.41501,37.78746]]]},"properties":{"id":25,"geoid":"06075012002","name":"Tract 120.02","tract":"120.02","pop":2126,"pop65":181,"popU18":158,"hh":1363,"hhNoVeh":861,"pov":271,"povUniverse":2126,"disab":338,"lep":297,"hhNoNet":0,"pop65Alone":164,"atRisk":0,"hazardShare":0.0,"floodShare":1.0,"areaKm2":0.06,"hvi":null,"lon":-122.41844,"lat":37.7875}},{"type":"Feature","geometry":{"type":"Polygon","coordinates":[[[-122.40842,37.7883],[-122.41501,37.78746],[-122.41539,37.78932],[-122.4088,37.79017],[-122.40842,37.7883]]]},"properties":{"id":26,"geoid":"06075012100","name":"Lower Nob Hill","tract":"121","pop":3203,"pop65":357,"popU18":51,"hh":1984,"hhNoVeh":1375,"pov":515,"povUniverse":2788,"disab":515,"lep":730,"hhNoNet":17,"pop65Alone":164,"atRisk":0,"hazardShare":0.0,"floodShare":0.791,"areaKm2":0.12,"hvi":null,"lon":-122.4119,"lat":37.78881}},{"type":"Feature","geometry":{"type":"Polygon","coordinates":[[[-122.41772,37.78424],[-122.42108,37.78382],[-122.42169,37.78661],[-122.41828,37.78704],[-122.41772,37.78424]]]},"properties":{"id":27,"geoid":"06075012202","name":"Tract 122.02","tract":"122.02","pop":2915,"pop65":607,"popU18":184,"hh":1374,"hhNoVeh":955,"pov":773,"povUniverse":2915,"disab":874,"lep":399,"hhNoNet":47,"pop65Alone":364,"atRisk":0,"hazardShare":0.0,"floodShare":1.0,"areaKm2":0.09,"hvi":null,"lon":-122.41968,"lat":37.78539}},{"type":"Feature","geometry":{"type":"Polygon","coordinates":[[[-122.41609,37.78445],[-122.41772,37.78424],[-122.41828,37.78704],[-122.41665,37.78725],[-122.41609,37.78445]]]},"properties":{"id":28,"geoid":"06075012203","name":"Tract 122.03","tract":"122.03","pop":1524,"pop65":357,"popU18":176,"hh":1058,"hhNoVeh":721,"pov":757,"povUniverse":1524,"disab":535,"lep":255,"hhNoNet":256,"pop65Alone":296,"atRisk":0,"hazardShare":0.0,"floodShare":1.0,"areaKm2":0.05,"hvi":null,"lon":-122.41722,"lat":37.78592}},{"type":"Feature","geometry":{"type":"Polygon","coordinates":[[[-122.41501,37.78746],[-122.41444,37.78466],[-122.41609,37.78445],[-122.41665,37.78725],[-122.41501,37.78746]]]},"properties":{"id":29,"geoid":"06075012204","name":"Tract 122.04","tract":"122.04","pop":2571,"pop65":372,"popU18":156,"hh":1519,"hhNoVeh":1198,"pov":362,"povUniverse":2571,"disab":645,"lep":485,"hhNoNet":60,"pop65Alone":251,"atRisk":0,"hazardShare":0.0,"floodShare":1.0,"areaKm2":0.05,"hvi":null,"lon":-122.41553,"lat":37.78589}},{"type":"Feature","geometry":{"type":"Polygon","coordinates":[[[-122.40787,37.7855],[-122.41444,37.78466],[-122.41463,37.78559],[-122.41134,37.786],[-122.41153,37.78694],[-122.40824,37.78736],[-122.40787,37.7855]]]},"properties":{"id":30,"geoid":"06075012301","name":"Tract 123.01","tract":"123.01","pop":1924,"pop65":544,"popU18":188,"hh":1190,"hhNoVeh":1032,"pov":705,"povUniverse":1924,"disab":623,"lep":700,"hhNoNet":212,"pop65Alone":423,"atRisk":0,"hazardShare":0.0,"floodShare":1.0,"areaKm2":0.09,"hvi":null,"lon":-122.40969,"lat":37.78621}},{"type":"Feature","geometry":{"type":"Polygon","coordinates":[[[-122.40824,37.78736],[-122.41153,37.78694],[-122.41134,37.786],[-122.41463,37.78559],[-122.41501,37.78746],[-122.40842,37.7883],[-122.40824,37.78736]]]},"properties":{"id":31,"geoid":"06075012302","name":"Tract 123.02","tract":"123.02","pop":2700,"pop65":436,"popU18":146,"hh":1889,"hhNoVeh":1654,"pov":628,"povUniverse":2676,"disab":528,"lep":552,"hhNoNet":151,"pop65Alone":196,"atRisk":0,"hazardShare":0.0,"floodShare":0.95,"areaKm2":0.09,"hvi":null,"lon":-122.41321,"lat":37.78691}},{"type":"Feature","geometry":{"type":"Polygon","coordinates":[[[-122.41552,37.78166],[-122.41716,37.78145],[-122.41772,37.78424],[-122.41609,37.78445],[-122.41552,37.78166]]]},"properties":{"id":32,"geoid":"06075012403","name":"Little Saigon","tract":"124.03","pop":2481,"pop65":535,"popU18":390,"hh":1222,"hhNoVeh":985,"pov":697,"povUniverse":2449,"disab":783,"lep":934,"hhNoNet":66,"pop65Alone":255,"atRisk":0,"hazardShare":0.0,"floodShare":1.0,"areaKm2":0.05,"hvi":null,"lon":-122.41663,"lat":37.78297}},{"type":"Feature","geometry":{"type":"Polygon","coordinates":[[[-122.41444,37.78466],[-122.41388,37.78187],[-122.41552,37.78166],[-122.41609,37.78445],[-122.41444,37.78466]]]},"properties":{"id":33,"geoid":"06075012404","name":"Tract 124.04","tract":"124.04","pop":2714,"pop65":370,"popU18":55,"hh":1541,"hhNoVeh":1157,"pov":1019,"povUniverse":2714,"disab":846,"lep":975,"hhNoNet":108,"pop65Alone":110,"atRisk":0,"hazardShare":0.0,"floodShare":1.0,"areaKm2":0.05,"hvi":null,"lon":-122.41496,"lat":37.78307}},{"type":"Feature","geometry":{"type":"Polygon","coordinates":[[[-122.41716,37.78145],[-122.41388,37.78187],[-122.41338,37.77987],[-122.41935,37.77521],[-122.4207,37.78196],[-122.41735,37.78238],[-122.41716,37.78145]]]},"properties":{"id":34,"geoid":"06075012405","name":"Civic Center","tract":"124.05","pop":3764,"pop65":133,"popU18":270,"hh":2579,"hhNoVeh":1837,"pov":464,"povUniverse":3587,"disab":350,"lep":357,"hhNoNet":16,"pop65Alone":59,"atRisk":0,"hazardShare":0.0,"floodShare":1.0,"areaKm2":0.29,"hvi":null,"lon":-122.41742,"lat":37.77879}},{"type":"Feature","geometry":{"type":"Polygon","coordinates":[[[-122.41735,37.78238],[-122.4207,37.78196],[-122.42108,37.78382],[-122.41772,37.78424],[-122.41735,37.78238]]]},"properties":{"id":35,"geoid":"06075012406","name":"Tract 124.06","tract":"124.06","pop":1529,"pop65":351,"popU18":0,"hh":951,"hhNoVeh":673,"pov":542,"povUniverse":1529,"disab":548,"lep":770,"hhNoNet":255,"pop65Alone":264,"atRisk":0,"hazardShare":0.0,"floodShare":1.0,"areaKm2":0.06,"hvi":null,"lon":-122.41921,"lat":37.78302}},{"type":"Feature","geometry":{"type":"Polygon","coordinates":[[[-122.41407,37.7828],[-122.41444,37.78466],[-122.41115,37.78508],[-122.41078,37.78322],[-122.41407,37.7828]]]},"properties":{"id":36,"geoid":"06075012502","name":"Tenderloin","tract":"125.02","pop":4517,"pop65":1676,"popU18":305,"hh":2250,"hhNoVeh":1923,"pov":1670,"povUniverse":4475,"disab":2163,"lep":1920,"hhNoNet":605,"pop65Alone":859,"atRisk":0,"hazardShare":0.0,"floodShare":0.821,"areaKm2":0.06,"hvi":null,"lon":-122.41261,"lat":37.78394}},{"type":"Feature","geometry":{"type":"Polygon","coordinates":[[[-122.40746,37.78461],[-122.412,37.78096],[-122.41223,37.78208],[-122.41388,37.78187],[-122.41407,37.7828],[-122.41078,37.78322],[-122.41115,37.78508],[-122.40787,37.7855],[-122.40771,37.7847],[-122.40746,37.78461]]]},"properties":{"id":37,"geoid":"06075012503","name":"Tract 125.03","tract":"125.03","pop":4772,"pop65":732,"popU18":429,"hh":2224,"hhNoVeh":1656,"pov":1337,"povUniverse":4699,"disab":1194,"lep":1483,"hhNoNet":227,"pop65Alone":200,"atRisk":0,"hazardShare":0.0,"floodShare":0.551,"areaKm2":0.11,"hvi":null,"lon":-122.40994,"lat":37.78325}},{"type":"Feature","geometry":{"type":"Polygon","coordinates":[[[-122.412,37.78096],[-122.41338,37.77987],[-122.41388,37.78187],[-122.41223,37.78208],[-122.412,37.78096]]]},"properties":{"id":38,"geoid":"06075012504","name":"Tract 125.04","tract":"125.04","pop":693,"pop65":306,"popU18":23,"hh":342,"hhNoVeh":259,"pov":181,"povUniverse":693,"disab":274,"lep":326,"hhNoNet":21,"pop65Alone":53,"atRisk":0,"hazardShare":0.0,"floodShare":1.0,"areaKm2":0.03,"hvi":null,"lon":-122.41287,"lat":37.78105}},{"type":"Feature","geometry":{"type":"Polygon","coordinates":[[[-122.43715,37.80436],[-122.43629,37.80082],[-122.44119,37.8002],[-122.44192,37.80375],[-122.43715,37.80436]]]},"properties":{"id":39,"geoid":"06075012601","name":"Marina District","tract":"126.01","pop":2105,"pop65":206,"popU18":221,"hh":1282,"hhNoVeh":440,"pov":49,"povUniverse":2105,"disab":86,"lep":68,"hhNoNet":7,"pop65Alone":86,"atRisk":0,"hazardShare":0.0,"floodShare":1.0,"areaKm2":0.17,"hvi":null,"lon":-122.43917,"lat":37.80227}},{"type":"Feature","geometry":{"type":"Polygon","coordinates":[[[-122.42673,37.80817],[-122.42627,37.80719],[-122.42564,37.80646],[-122.42522,37.80414],[-122.43663,37.80268],[-122.43681,37.80272],[-122.43715,37.80436],[-122.44192,37.80375],[-122.44236,37.80653],[-122.43925,37.80692],[-122.43929,37.80714],[-122.43585,37.80757],[-122.43588,37.8077],[-122.43394,37.80795],[-122.43384,37.80792],[-122.43367,37.80821],[-122.4329,37.80797],[-122.43293,37.8079],[-122.43365,37.80818],[-122.43378,37.80788],[-122.43395,37.80794],[-122.43585,37.80769],[-122.43393,37.80791],[-122.43394,37.8078],[-122.43584,37.80765],[-122.43568,37.80727],[-122.43361,37.80762],[-122.43357,37.80743],[-122.43567,37.80725],[-122.4356,37.80692],[-122.43309,37.80731],[-122.43306,37.80714],[-122.43443,37.80704],[-122.43406,37.80674],[-122.43294,37.80696],[-122.43291,37.8068],[-122.43406,37.80672],[-122.43401,37.80644],[-122.43288,37.80665],[-122.43286,37.8065],[-122.434,37.80642],[-122.43395,37.80613],[-122.43282,37.80634],[-122.43279,37.80619],[-122.43395,37.80611],[-122.43389,37.80583],[-122.43281,37.80604],[-122.43278,37.80589],[-122.43388,37.80581],[-122.43356,37.80559],[-122.43273,37.80573],[-122.4324,37.80596],[-122.43266,37.80589],[-122.43242,37.80601],[-122.43253,37.80659],[-122.43239,37.80601],[-122.43218,37.80611],[-122.43262,37.80851],[-122.43235,37.80852],[-122.43209,37.80723],[-122.4314,37.80732],[-122.43174,37.80903],[-122.43135,37.80906],[-122.43093,37.80733],[-122.43032,37.80746],[-122.43064,37.80917],[-122.43012,37.80922],[-122.42985,37.80783],[-122.42928,37.80791],[-122.42825,37.80841],[-122.42701,37.80811],[-122.42756,37.80865],[-122.42803,37.80857],[-122.42806,37.80871],[-122.42755,37.80879],[-122.42731,37.80878],[-122.4275,37.80868],[-122.42692,37.80816],[-122.42673,37.80817]]]},"properties":{"id":40,"geoid":"06075012602","name":"Tract 126.02","tract":"126.02","pop":3071,"pop65":259,"popU18":367,"hh":1470,"hhNoVeh":403,"pov":233,"povUniverse":3071,"disab":182,"lep":151,"hhNoNet":19,"pop65Alone":92,"atRisk":528,"hazardShare":0.172,"floodShare":0.883,"areaKm2":0.62,"hvi":null,"lon":-122.43809,"lat":37.80597}},{"type":"Feature","geometry":{"type":"Polygon","coordinates":[[[-122.43929,37.80714],[-122.43925,37.80692],[-122.44236,37.80653],[-122.44119,37.8002],[-122.44748,37.79939],[-122.44783,37.80164],[-122.4484,37.80157],[-122.44882,37.80178],[-122.44936,37.80225],[-122.44962,37.80301],[-122.44914,37.80401],[-122.44825,37.80448],[-122.44851,37.80609],[-122.44816,37.80635],[-122.44814,37.8069],[-122.44719,37.80748],[-122.44428,37.80767],[-122.44096,37.8082],[-122.44004,37.80884],[-122.44042,37.80816],[-122.44181,37.80799],[-122.4415,37.80795],[-122.44144,37.80782],[-122.44195,37.80789],[-122.44189,37.80778],[-122.44199,37.8079],[-122.44184,37.80799],[-122.44233,37.80794],[-122.44246,37.8078],[-122.44205,37.80788],[-122.44202,37.80774],[-122.44222,37.80784],[-122.44223,37.80768],[-122.44233,37.80783],[-122.44231,37.80767],[-122.44247,37.80778],[-122.44244,37.80764],[-122.4427,37.8076],[-122.44278,37.80781],[-122.44274,37.80752],[-122.4429,37.80751],[-122.44292,37.8078],[-122.4433,37.8077],[-122.44312,37.80744],[-122.44337,37.80741],[-122.44334,37.8077],[-122.44388,37.80745],[-122.44361,37.80741],[-122.44354,37.80732],[-122.44404,37.80732],[-122.44392,37.80719],[-122.44421,37.80729],[-122.44407,37.80717],[-122.44456,37.80718],[-122.44445,37.80706],[-122.44467,37.80717],[-122.44451,37.8073],[-122.44527,37.80708],[-122.44463,37.80687],[-122.44502,37.8068],[-122.44513,37.80694],[-122.44509,37.80678],[-122.44524,37.807],[-122.44529,37.80672],[-122.4454,37.80695],[-122.4454,37.80669],[-122.44558,37.8069],[-122.44549,37.80666],[-122.4456,37.80689],[-122.44567,37.80673],[-122.44591,37.80682],[-122.44577,37.8069],[-122.4464,37.80672],[-122.446,37.80679],[-122.4456,37.80664],[-122.44615,37.80672],[-122.44573,37.80654],[-122.44619,37.80671],[-122.44603,37.80649],[-122.44632,37.80667],[-122.44618,37.80646],[-122.44646,37.80663],[-122.44643,37.80648],[-122.44701,37.80654],[-122.44698,37.80638],[-122.44679,37.8064],[-122.44699,37.80633],[-122.44678,37.80635],[-122.44697,37.8063],[-122.44681,37.80624],[-122.44691,37.80606],[-122.44671,37.80608],[-122.44689,37.80601],[-122.4467,37.80603],[-122.44691,37.80599],[-122.44668,37.80593],[-122.44689,37.80589],[-122.44666,37.80578],[-122.44684,37.80573],[-122.44664,37.80568],[-122.44682,37.80564],[-122.44678,37.80541],[-122.44602,37.80551],[-122.44656,37.80553],[-122.44643,37.80569],[-122.44638,37.80557],[-122.44608,37.80574],[-122.44605,37.80561],[-122.44602,37.80574],[-122.44599,37.80562],[-122.44595,37.80575],[-122.44568,37.80566],[-122.44568,37.80579],[-122.44565,37.80566],[-122.44561,37.8058],[-122.44558,37.80567],[-122.44553,37.80581],[-122.4455,37.80568],[-122.44538,37.80582],[-122.44536,37.8057],[-122.44504,37.80586],[-122.44501,37.80573],[-122.44495,37.80587],[-122.4449,37.80575],[-122.44458,37.80592],[-122.44456,37.8058],[-122.44414,37.80595],[-122.44407,37.80585],[-122.44263,37.80615],[-122.44256,37.80602],[-122.44303,37.80589],[-122.44253,37.80596],[-122.4426,37.80658],[-122.44315,37.80652],[-122.44263,37.8065],[-122.44265,37.80637],[-122.44334,37.80641],[-122.44371,37.80626],[-122.44373,37.80637],[-122.44379,37.80624],[-122.44556,37.80606],[-122.4456,37.80624],[-122.44453,37.80629],[-122.44452,37.80641],[-122.4444,37.80631],[-122.44432,37.80645],[-122.44414,37.80634],[-122.44413,37.80647],[-122.44397,37.80636],[-122.44419,37.80679],[-122.44392,37.80682],[-122.44398,37.80649],[-122.44387,37.80648],[-122.44359,37.80656],[-122.44365,37.80687],[-122.44363,37.80694],[-122.44289,37.80715],[-122.44284,37.807],[-122.44362,37.80686],[-122.44358,37.80665],[-122.44263,37.80685],[-122.4429,37.80665],[-122.44255,37.80673],[-122.4425,37.80714],[-122.44228,37.80678],[-122.44235,37.8072],[-122.44259,37.80719],[-122.44233,37.80723],[-122.44231,37.80712],[-122.44101,37.80748],[-122.44097,37.80732],[-122.44231,37.80711],[-122.44226,37.80684],[-122.44107,37.80708],[-122.44091,37.80699],[-122.44143,37.80689],[-122.43929,37.80714]]]},"properties":{"id":41,"geoid":"06075012700","name":"Tract 127","tract":"127","pop":4027,"pop65":308,"popU18":728,"hh":1996,"hhNoVeh":355,"pov":229,"povUniverse":4027,"disab":131,"lep":92,"hhNoNet":18,"pop65Alone":79,"atRisk":3493,"hazardShare":0.867,"floodShare":0.885,"areaKm2":0.47,"hvi":null,"lon":-122.44548,"lat":37.80411}},{"type":"Feature","geometry":{"type":"Polygon","coordinates":[[[-122.44025,37.79554],[-122.44674,37.79471],[-122.44748,37.79939],[-122.44119,37.8002],[-122.44025,37.79554]]]},"properties":{"id":42,"geoid":"06075012801","name":"Tract 128.01","tract":"128.01","pop":2568,"pop65":431,"popU18":484,"hh":1162,"hhNoVeh":333,"pov":144,"povUniverse":2567,"disab":339,"lep":160,"hhNoNet":71,"pop65Alone":203,"atRisk":535,"hazardShare":0.208,"floodShare":0.641,"areaKm2":0.3,"hvi":null,"lon":-122.4439,"lat":37.79746}},{"type":"Feature","geometry":{"type":"Polygon","coordinates":[[[-122.43569,37.79803],[-122.43734,37.79782],[-122.43696,37.79595],[-122.44025,37.79554],[-122.44119,37.8002],[-122.43629,37.80082],[-122.43569,37.79803]]]},"properties":{"id":43,"geoid":"06075012802","name":"Tract 128.02","tract":"128.02","pop":1855,"pop65":248,"popU18":152,"hh":1001,"hhNoVeh":226,"pov":55,"povUniverse":1855,"disab":212,"lep":23,"hhNoNet":0,"pop65Alone":55,"atRisk":0,"hazardShare":0.0,"floodShare":0.482,"areaKm2":0.2,"hvi":null,"lon":-122.43825,"lat":37.79818}},{"type":"Feature","geometry":{"type":"Polygon","coordinates":[[[-122.42522,37.80414],[-122.42448,37.80041],[-122.4293,37.79979],[-122.43006,37.80352],[-122.42522,37.80414]]]},"properties":{"id":44,"geoid":"06075012901","name":"Tract 129.01","tract":"129.01","pop":2830,"pop65":194,"popU18":361,"hh":1459,"hhNoVeh":390,"pov":125,"povUniverse":2823,"disab":227,"lep":101,"hhNoNet":0,"pop65Alone":70,"atRisk":0,"hazardShare":0.0,"floodShare":0.709,"areaKm2":0.18,"hvi":null,"lon":-122.42725,"lat":37.80188}},{"type":"Feature","geometry":{"type":"Polygon","coordinates":[[[-122.42448,37.80041],[-122.42429,37.79948],[-122.43569,37.79803],[-122.43681,37.80272],[-122.43006,37.80352],[-122.4293,37.79979],[-122.42448,37.80041]]]},"properties":{"id":45,"geoid":"06075012902","name":"Tract 129.02","tract":"129.02","pop":2589,"pop65":461,"popU18":124,"hh":1734,"hhNoVeh":495,"pov":109,"povUniverse":2530,"disab":357,"lep":38,"hhNoNet":33,"pop65Alone":198,"atRisk":0,"hazardShare":0.0,"floodShare":0.628,"areaKm2":0.35,"hvi":null,"lon":-122.43289,"lat":37.80079}},{"type":"Feature","geometry":{"type":"Polygon","coordinates":[[[-122.42372,37.79668],[-122.4302,37.79586],[-122.43076,37.79865],[-122.42429,37.79948],[-122.42372,37.79668]]]},"properties":{"id":46,"geoid":"06075013001","name":"Tract 130.01","tract":"130.01","pop":1427,"pop65":294,"popU18":57,"hh":911,"hhNoVeh":294,"pov":139,"povUniverse":1427,"disab":185,"lep":2,"hhNoNet":4,"pop65Alone":149,"atRisk":0,"hazardShare":0.0,"floodShare":0.181,"areaKm2":0.18,"hvi":null,"lon":-122.42724,"lat":37.79767}},{"type":"Feature","geometry":{"type":"Polygon","coordinates":[[[-122.4302,37.79586],[-122.43677,37.79502],[-122.43734,37.79782],[-122.43076,37.79865],[-122.4302,37.79586]]]},"properties":{"id":47,"geoid":"06075013002","name":"Cow Hollow","tract":"130.02","pop":2843,"pop65":204,"popU18":624,"hh":1285,"hhNoVeh":432,"pov":112,"povUniverse":2843,"disab":66,"lep":13,"hhNoNet":12,"pop65Alone":63,"atRisk":0,"hazardShare":0.0,"floodShare":0.128,"areaKm2":0.18,"hvi":null,"lon":-122.43377,"lat":37.79684}},{"type":"Feature","geometry":{"type":"Polygon","coordinates":[[[-122.42372,37.79668],[-122.42262,37.79128],[-122.42582,37.79088],[-122.42691,37.79628],[-122.42372,37.79668]]]},"properties":{"id":48,"geoid":"06075013101","name":"Tract 131.01","tract":"131.01","pop":3768,"pop65":453,"popU18":269,"hh":2233,"hhNoVeh":495,"pov":203,"povUniverse":3707,"disab":406,"lep":173,"hhNoNet":26,"pop65Alone":213,"atRisk":0,"hazardShare":0.0,"floodShare":0.581,"areaKm2":0.17,"hvi":null,"lon":-122.42475,"lat":37.79368}},{"type":"Feature","geometry":{"type":"Polygon","coordinates":[[[-122.42262,37.79128],[-122.42243,37.79036],[-122.42892,37.78954],[-122.4302,37.79586],[-122.42691,37.79628],[-122.42582,37.79088],[-122.42262,37.79128]]]},"properties":{"id":49,"geoid":"06075013102","name":"Tract 131.02","tract":"131.02","pop":2550,"pop65":453,"popU18":253,"hh":1482,"hhNoVeh":368,"pov":23,"povUniverse":2503,"disab":185,"lep":34,"hhNoNet":32,"pop65Alone":225,"atRisk":0,"hazardShare":0.0,"floodShare":0.315,"areaKm2":0.24,"hvi":null,"lon":-122.4279,"lat":37.79287}},{"type":"Feature","geometry":{"type":"Polygon","coordinates":[[[-122.4302,37.79586],[-122.42964,37.7931],[-122.44613,37.791],[-122.44674,37.79471],[-122.43696,37.79595],[-122.43677,37.79502],[-122.4302,37.79586]]]},"properties":{"id":50,"geoid":"06075013200","name":"Pacific Heights","tract":"132","pop":3481,"pop65":911,"popU18":365,"hh":2224,"hhNoVeh":445,"pov":126,"povUniverse":3470,"disab":375,"lep":202,"hhNoNet":63,"pop65Alone":522,"atRisk":0,"hazardShare":0.0,"floodShare":0.024,"areaKm2":0.55,"hvi":null,"lon":-122.43814,"lat":37.79352}},{"type":"Feature","geometry":{"type":"Polygon","coordinates":[[[-122.44631,37.79188],[-122.44541,37.78744],[-122.45919,37.78569],[-122.45949,37.78972],[-122.44944,37.79164],[-122.44938,37.79149],[-122.44631,37.79188]]]},"properties":{"id":51,"geoid":"06075013300","name":"Presidio Heights","tract":"133","pop":3952,"pop65":996,"popU18":705,"hh":1958,"hhNoVeh":648,"pov":158,"povUniverse":3939,"disab":474,"lep":322,"hhNoNet":120,"pop65Alone":478,"atRisk":0,"hazardShare":0.0,"floodShare":0.635,"areaKm2":0.58,"hvi":null,"lon":-122.45256,"lat":37.78884}},{"type":"Feature","geometry":{"type":"Polygon","coordinates":[[[-122.4355,37.7887],[-122.4405,37.78807],[-122.44117,37.79164],[-122.43622,37.79227],[-122.4355,37.7887]]]},"properties":{"id":52,"geoid":"06075013401","name":"Tract 134.01","tract":"134.01","pop":1390,"pop65":281,"popU18":85,"hh":874,"hhNoVeh":235,"pov":105,"povUniverse":1355,"disab":82,"lep":27,"hhNoNet":0,"pop65Alone":124,"atRisk":0,"hazardShare":0.0,"floodShare":0.597,"areaKm2":0.18,"hvi":null,"lon":-122.43834,"lat":37.79019}},{"type":"Feature","geometry":{"type":"Polygon","coordinates":[[[-122.4405,37.78807],[-122.44541,37.78744],[-122.44613,37.791],[-122.44117,37.79164],[-122.4405,37.78807]]]},"properties":{"id":53,"geoid":"06075013402","name":"Tract 134.02","tract":"134.02","pop":2420,"pop65":467,"popU18":235,"hh":1201,"hhNoVeh":227,"pov":24,"povUniverse":2420,"disab":109,"lep":127,"hhNoNet":56,"pop65Alone":158,"atRisk":0,"hazardShare":0.0,"floodShare":0.976,"areaKm2":0.18,"hvi":null,"lon":-122.44331,"lat":37.78953}},{"type":"Feature","geometry":{"type":"Polygon","coordinates":[[[-122.42892,37.78954],[-122.4355,37.7887],[-122.43622,37.79227],[-122.42964,37.7931],[-122.42892,37.78954]]]},"properties":{"id":54,"geoid":"06075013500","name":"Tract 135","tract":"135","pop":2807,"pop65":480,"popU18":285,"hh":1718,"hhNoVeh":616,"pov":116,"povUniverse":2807,"disab":198,"lep":33,"hhNoNet":50,"pop65Alone":258,"atRisk":0,"hazardShare":0.0,"floodShare":0.29,"areaKm2":0.24,"hvi":null,"lon":-122.43257,"lat":37.79093}},{"type":"Feature","geometry":{"type":"Polygon","coordinates":[[[-122.42243,37.79036],[-122.42127,37.78475],[-122.42305,37.78456],[-122.42418,37.7852],[-122.42469,37.7853],[-122.42563,37.78996],[-122.42243,37.79036]]]},"properties":{"id":55,"geoid":"06075015100","name":"Tract 151","tract":"151","pop":2641,"pop65":731,"popU18":121,"hh":1566,"hhNoVeh":654,"pov":330,"povUniverse":2610,"disab":401,"lep":161,"hhNoNet":34,"pop65Alone":319,"atRisk":0,"hazardShare":0.0,"floodShare":0.853,"areaKm2":0.17,"hvi":null,"lon":-122.4235,"lat":37.7875}},{"type":"Feature","geometry":{"type":"Polygon","coordinates":[[[-122.42506,37.78713],[-122.42835,37.78672],[-122.42892,37.78954],[-122.42563,37.78996],[-122.42506,37.78713]]]},"properties":{"id":56,"geoid":"06075015201","name":"Tract 152.01","tract":"152.01","pop":1615,"pop65":417,"popU18":109,"hh":1063,"hhNoVeh":597,"pov":246,"povUniverse":1612,"disab":463,"lep":236,"hhNoNet":201,"pop65Alone":326,"atRisk":0,"hazardShare":0.0,"floodShare":0.0,"areaKm2":0.09,"hvi":null,"lon":-122.42698,"lat":37.78832}},{"type":"Feature","geometry":{"type":"Polygon","coordinates":[[[-122.42835,37.78672],[-122.43493,37.78588],[-122.4355,37.7887],[-122.42892,37.78954],[-122.42835,37.78672]]]},"properties":{"id":57,"geoid":"06075015202","name":"Tract 152.02","tract":"152.02","pop":2413,"pop65":579,"popU18":189,"hh":1123,"hhNoVeh":381,"pov":144,"povUniverse":2332,"disab":164,"lep":183,"hhNoNet":43,"pop65Alone":261,"atRisk":0,"hazardShare":0.0,"floodShare":0.177,"areaKm2":0.19,"hvi":null,"lon":-122.43192,"lat":37.7877}},{"type":"Feature","geometry":{"type":"Polygon","coordinates":[[[-122.43493,37.78588],[-122.4432,37.78483],[-122.44377,37.78765],[-122.4355,37.7887],[-122.43493,37.78588]]]},"properties":{"id":58,"geoid":"06075015300","name":"Lower Pacific Heights","tract":"153","pop":2377,"pop65":390,"popU18":224,"hh":1062,"hhNoVeh":292,"pov":202,"povUniverse":2269,"disab":185,"lep":52,"hhNoNet":0,"pop65Alone":157,"atRisk":0,"hazardShare":0.0,"floodShare":1.0,"areaKm2":0.23,"hvi":null,"lon":-122.43935,"lat":37.78676}},{"type":"Feature","geometry":{"type":"Polygon","coordinates":[[[-122.44338,37.78576],[-122.44281,37.78289],[-122.44732,37.7824],[-122.44738,37.78256],[-122.44808,37.78249],[-122.45586,37.78148],[-122.45889,37.78133],[-122.45906,37.78383],[-122.45201,37.78411],[-122.44643,37.78538],[-122.44338,37.78576]]]},"properties":{"id":59,"geoid":"06075015401","name":"Laurel Heights","tract":"154.01","pop":3205,"pop65":520,"popU18":329,"hh":1732,"hhNoVeh":412,"pov":203,"povUniverse":3151,"disab":269,"lep":230,"hhNoNet":102,"pop65Alone":211,"atRisk":0,"hazardShare":0.0,"floodShare":0.744,"areaKm2":0.39,"hvi":null,"lon":-122.45097,"lat":37.78348}},{"type":"Feature","geometry":{"type":"Polygon","coordinates":[[[-122.44338,37.78576],[-122.44643,37.78538],[-122.45201,37.78411],[-122.45906,37.78383],[-122.45919,37.78569],[-122.44377,37.78765],[-122.44338,37.78576]]]},"properties":{"id":60,"geoid":"06075015402","name":"Jordan Park","tract":"154.02","pop":2688,"pop65":281,"popU18":474,"hh":1359,"hhNoVeh":156,"pov":0,"povUniverse":2688,"disab":148,"lep":95,"hhNoNet":24,"pop65Alone":146,"atRisk":0,"hazardShare":0.0,"floodShare":0.785,"areaKm2":0.33,"hvi":null,"lon":-122.4513,"lat":37.78572}},{"type":"Feature","geometry":{"type":"Polygon","coordinates":[[[-122.42472,37.78542],[-122.43802,37.78378],[-122.43891,37.78345],[-122.44282,37.78298],[-122.4432,37.78483],[-122.42506,37.78713],[-122.42472,37.78542]]]},"properties":{"id":61,"geoid":"06075015500","name":"Japantown","tract":"155","pop":4011,"pop65":1642,"popU18":199,"hh":2209,"hhNoVeh":1243,"pov":778,"povUniverse":3867,"disab":1250,"lep":761,"hhNoNet":355,"pop65Alone":832,"atRisk":0,"hazardShare":0.0,"floodShare":0.619,"areaKm2":0.31,"hvi":null,"lon":-122.43466,"lat":37.78507}},{"type":"Feature","geometry":{"type":"Polygon","coordinates":[[[-122.4547,37.77476],[-122.45838,37.77431],[-122.45889,37.78133],[-122.4542,37.78166],[-122.4534,37.77783],[-122.45523,37.7776],[-122.4547,37.77476]]]},"properties":{"id":62,"geoid":"06075015600","name":"Tract 156","tract":"156","pop":2964,"pop65":751,"popU18":224,"hh":1418,"hhNoVeh":411,"pov":541,"povUniverse":2964,"disab":472,"lep":656,"hhNoNet":100,"pop65Alone":301,"atRisk":0,"hazardShare":0.0,"floodShare":1.0,"areaKm2":0.29,"hvi":null,"lon":-122.45604,"lat":37.77792}},{"type":"Feature","geometry":{"type":"Polygon","coordinates":[[[-122.44738,37.78256],[-122.44769,37.78151],[-122.44648,37.77581],[-122.4547,37.77476],[-122.45523,37.7776],[-122.4534,37.77783],[-122.4542,37.78166],[-122.44808,37.78249],[-122.44738,37.78256]]]},"properties":{"id":63,"geoid":"06075015701","name":"Tract 157.01","tract":"157.01","pop":4777,"pop65":444,"popU18":319,"hh":1230,"hhNoVeh":239,"pov":349,"povUniverse":2820,"disab":477,"lep":280,"hhNoNet":16,"pop65Alone":165,"atRisk":0,"hazardShare":0.0,"floodShare":0.995,"areaKm2":0.48,"hvi":null,"lon":-122.45035,"lat":37.77869}},{"type":"Feature","geometry":{"type":"Polygon","coordinates":[[[-122.44097,37.77937],[-122.44207,37.77925],[-122.4415,37.77644],[-122.44648,37.77581],[-122.44769,37.78151],[-122.44746,37.7822],[-122.44732,37.7824],[-122.44281,37.78289],[-122.44271,37.78265],[-122.44152,37.7821],[-122.44097,37.77937]]]},"properties":{"id":64,"geoid":"06075015702","name":"Anza Vista","tract":"157.02","pop":3080,"pop65":426,"popU18":346,"hh":1386,"hhNoVeh":281,"pov":263,"povUniverse":3071,"disab":246,"lep":159,"hhNoNet":10,"pop65Alone":138,"atRisk":0,"hazardShare":0.0,"floodShare":0.496,"areaKm2":0.36,"hvi":null,"lon":-122.44445,"lat":37.77932}},{"type":"Feature","geometry":{"type":"Polygon","coordinates":[[[-122.43457,37.78416],[-122.43342,37.77843],[-122.43671,37.77801],[-122.43708,37.77987],[-122.44097,37.77937],[-122.44152,37.7821],[-122.44271,37.78265],[-122.44282,37.78298],[-122.43891,37.78345],[-122.43802,37.78378],[-122.43457,37.78416]]]},"properties":{"id":65,"geoid":"06075015801","name":"Tract 158.01","tract":"158.01","pop":3384,"pop65":597,"popU18":598,"hh":1527,"hhNoVeh":397,"pov":410,"povUniverse":3384,"disab":488,"lep":331,"hhNoNet":45,"pop65Alone":248,"atRisk":0,"hazardShare":0.0,"floodShare":0.973,"areaKm2":0.34,"hvi":null,"lon":-122.43758,"lat":37.78077}},{"type":"Feature","geometry":{"type":"Polygon","coordinates":[[[-122.43342,37.77843],[-122.43323,37.77749],[-122.4415,37.77644],[-122.44207,37.77925],[-122.43708,37.77987],[-122.43671,37.77801],[-122.43342,37.77843]]]},"properties":{"id":66,"geoid":"06075015802","name":"Tract 158.02","tract":"158.02","pop":3095,"pop65":239,"popU18":138,"hh":1570,"hhNoVeh":491,"pov":525,"povUniverse":3095,"disab":240,"lep":184,"hhNoNet":65,"pop65Alone":133,"atRisk":0,"hazardShare":0.0,"floodShare":0.467,"areaKm2":0.17,"hvi":null,"lon":-122.43929,"lat":37.77813}},{"type":"Feature","geometry":{"type":"Polygon","coordinates":[[[-122.42472,37.78542],[-122.42412,37.78248],[-122.43399,37.78122],[-122.43448,37.78423],[-122.42568,37.78534],[-122.42472,37.78542]]]},"properties":{"id":67,"geoid":"06075015900","name":"Fillmore District","tract":"159","pop":4861,"pop65":1256,"popU18":763,"hh":2081,"hhNoVeh":1277,"pov":1029,"povUniverse":4711,"disab":862,"lep":1102,"hhNoNet":134,"pop65Alone":421,"atRisk":0,"hazardShare":0.0,"floodShare":0.623,"areaKm2":0.3,"hvi":null,"lon":-122.42934,"lat":37.78325}},{"type":"Feature","geometry":{"type":"Polygon","coordinates":[[[-122.42127,37.78475],[-122.42037,37.78008],[-122.42355,37.77968],[-122.42469,37.7853],[-122.42418,37.7852],[-122.42305,37.78456],[-122.42127,37.78475]]]},"properties":{"id":68,"geoid":"06075016000","name":"Tract 160","tract":"160","pop":2892,"pop65":985,"popU18":106,"hh":1766,"hhNoVeh":968,"pov":603,"povUniverse":2892,"disab":562,"lep":750,"hhNoNet":73,"pop65Alone":411,"atRisk":0,"hazardShare":0.0,"floodShare":0.867,"areaKm2":0.16,"hvi":null,"lon":-122.42252,"lat":37.78269}},{"type":"Feature","geometry":{"type":"Polygon","coordinates":[[[-122.42994,37.77791],[-122.43323,37.77749],[-122.43399,37.78122],[-122.43071,37.78164],[-122.42994,37.77791]]]},"properties":{"id":69,"geoid":"06075016101","name":"Tract 161.01","tract":"161.01","pop":2426,"pop65":880,"popU18":154,"hh":1496,"hhNoVeh":860,"pov":736,"povUniverse":2426,"disab":860,"lep":720,"hhNoNet":196,"pop65Alone":552,"atRisk":0,"hazardShare":0.0,"floodShare":1.0,"areaKm2":0.12,"hvi":null,"lon":-122.43197,"lat":37.77957}},{"type":"Feature","geometry":{"type":"Polygon","coordinates":[[[-122.42412,37.78248],[-122.42337,37.77875],[-122.42994,37.77791],[-122.43071,37.78164],[-122.42412,37.78248]]]},"properties":{"id":70,"geoid":"06075016102","name":"Western Addition","tract":"161.02","pop":2989,"pop65":882,"popU18":511,"hh":1192,"hhNoVeh":512,"pov":997,"povUniverse":2989,"disab":839,"lep":823,"hhNoNet":135,"pop65Alone":249,"atRisk":0,"hazardShare":0.0,"floodShare":0.98,"areaKm2":0.25,"hvi":null,"lon":-122.42704,"lat":37.7802}},{"type":"Feature","geometry":{"type":"Polygon","coordinates":[[[-122.41937,37.77544],[-122.4259,37.7746],[-122.42665,37.77833],[-122.42337,37.77875],[-122.42355,37.77968],[-122.42037,37.78008],[-122.41937,37.77544]]]},"properties":{"id":71,"geoid":"06075016200","name":"Hayes Valley","tract":"162","pop":3209,"pop65":442,"popU18":109,"hh":2010,"hhNoVeh":1132,"pov":424,"povUniverse":3209,"disab":588,"lep":289,"hhNoNet":32,"pop65Alone":181,"atRisk":0,"hazardShare":0.0,"floodShare":1.0,"areaKm2":0.27,"hvi":null,"lon":-122.42312,"lat":37.77734}},{"type":"Feature","geometry":{"type":"Polygon","coordinates":[[[-122.4259,37.7746],[-122.43248,37.77376],[-122.43323,37.77749],[-122.42665,37.77833],[-122.4259,37.7746]]]},"properties":{"id":72,"geoid":"06075016300","name":"North of Panhandle","tract":"163","pop":3925,"pop65":348,"popU18":340,"hh":1994,"hhNoVeh":724,"pov":482,"povUniverse":3901,"disab":319,"lep":293,"hhNoNet":51,"pop65Alone":136,"atRisk":0,"hazardShare":0.0,"floodShare":0.838,"areaKm2":0.25,"hvi":null,"lon":-122.42961,"lat":37.77625}},{"type":"Feature","geometry":{"type":"Polygon","coordinates":[[[-122.43248,37.77376],[-122.44075,37.77272],[-122.4415,37.77644],[-122.43323,37.77749],[-122.43248,37.77376]]]},"properties":{"id":73,"geoid":"06075016400","name":"Tract 164","tract":"164","pop":3571,"pop65":306,"popU18":326,"hh":1753,"hhNoVeh":691,"pov":367,"povUniverse":3413,"disab":405,"lep":80,"hhNoNet":54,"pop65Alone":96,"atRisk":0,"hazardShare":0.0,"floodShare":0.624,"areaKm2":0.31,"hvi":null,"lon":-122.43699,"lat":37.77516}},{"type":"Feature","geometry":{"type":"Polygon","coordinates":[[[-122.44093,37.77364],[-122.4541,37.77194],[-122.4547,37.77476],[-122.4415,37.77644],[-122.44093,37.77364]]]},"properties":{"id":74,"geoid":"06075016500","name":"Tract 165","tract":"165","pop":5206,"pop65":536,"popU18":350,"hh":2259,"hhNoVeh":647,"pov":929,"povUniverse":5120,"disab":549,"lep":365,"hhNoNet":59,"pop65Alone":162,"atRisk":0,"hazardShare":0.0,"floodShare":1.0,"areaKm2":0.37,"hvi":null,"lon":-122.44784,"lat":37.77437}},{"type":"Feature","geometry":{"type":"Polygon","coordinates":[[[-122.44278,37.76967],[-122.4484,37.76887],[-122.44897,37.77167],[-122.44075,37.77272],[-122.44037,37.77085],[-122.44333,37.77047],[-122.44317,37.76998],[-122.44278,37.76967]]]},"properties":{"id":75,"geoid":"06075016601","name":"Haight-Ashbury","tract":"166.01","pop":2836,"pop65":486,"popU18":212,"hh":1469,"hhNoVeh":679,"pov":439,"povUniverse":2813,"disab":381,"lep":77,"hhNoNet":72,"pop65Alone":188,"atRisk":0,"hazardShare":0.0,"floodShare":0.949,"areaKm2":0.2,"hvi":null,"lon":-122.44488,"lat":37.7708}},{"type":"Feature","geometry":{"type":"Polygon","coordinates":[[[-122.4484,37.76887],[-122.45337,37.76825],[-122.45391,37.77106],[-122.44897,37.77167],[-122.4484,37.76887]]]},"properties":{"id":76,"geoid":"06075016602","name":"Tract 166.02","tract":"166.02","pop":1912,"pop65":116,"popU18":162,"hh":1048,"hhNoVeh":237,"pov":73,"povUniverse":1912,"disab":109,"lep":8,"hhNoNet":9,"pop65Alone":66,"atRisk":0,"hazardShare":0.0,"floodShare":0.56,"areaKm2":0.14,"hvi":null,"lon":-122.45117,"lat":37.76995}},{"type":"Feature","geometry":{"type":"Polygon","coordinates":[[[-122.43158,37.76931],[-122.43835,37.76901],[-122.43883,37.76841],[-122.44015,37.76776],[-122.44062,37.76696],[-122.44202,37.76591],[-122.44282,37.76602],[-122.44378,37.76707],[-122.44388,37.76754],[-122.44337,37.76895],[-122.4424,37.7696],[-122.44303,37.76983],[-122.44333,37.77047],[-122.44037,37.77085],[-122.44075,37.77272],[-122.43248,37.77376],[-122.43158,37.76931]]]},"properties":{"id":77,"geoid":"06075016700","name":"Tract 167","tract":"167","pop":4852,"pop65":366,"popU18":333,"hh":2392,"hhNoVeh":820,"pov":230,"povUniverse":4852,"disab":367,"lep":104,"hhNoNet":37,"pop65Alone":168,"atRisk":0,"hazardShare":0.0,"floodShare":0.612,"areaKm2":0.49,"hvi":null,"lon":-122.4374,"lat":37.76988}},{"type":"Feature","geometry":{"type":"Polygon","coordinates":[[[-122.42494,37.77078],[-122.42642,37.7696],[-122.43158,37.76931],[-122.43248,37.77376],[-122.43084,37.77398],[-122.43064,37.77304],[-122.429,37.77325],[-122.42882,37.77232],[-122.42553,37.77274],[-122.42515,37.77087],[-122.42494,37.77078]]]},"properties":{"id":78,"geoid":"06075016801","name":"Tract 168.01","tract":"168.01","pop":4223,"pop65":418,"popU18":609,"hh":2061,"hhNoVeh":1158,"pov":312,"povUniverse":4205,"disab":483,"lep":461,"hhNoNet":69,"pop65Alone":212,"atRisk":0,"hazardShare":0.0,"floodShare":0.544,"areaKm2":0.23,"hvi":null,"lon":-122.42867,"lat":37.77162}},{"type":"Feature","geometry":{"type":"Polygon","coordinates":[[[-122.41935,37.77521],[-122.42494,37.77078],[-122.42515,37.77087],[-122.42553,37.77274],[-122.42882,37.77232],[-122.429,37.77325],[-122.43064,37.77304],[-122.43084,37.77398],[-122.41937,37.77544],[-122.41935,37.77521]]]},"properties":{"id":79,"geoid":"06075016802","name":"Tract 168.02","tract":"168.02","pop":3943,"pop65":211,"popU18":202,"hh":1924,"hhNoVeh":1054,"pov":820,"povUniverse":3925,"disab":653,"lep":78,"hhNoNet":101,"pop65Alone":143,"atRisk":0,"hazardShare":0.0,"floodShare":0.828,"areaKm2":0.22,"hvi":null,"lon":-122.42547,"lat":37.77312}},{"type":"Feature","geometry":{"type":"Polygon","coordinates":[[[-122.42642,37.7696],[-122.43084,37.76602],[-122.43521,37.76273],[-122.43581,37.76906],[-122.42642,37.7696]]]},"properties":{"id":80,"geoid":"06075016900","name":"Duboce Triangle","tract":"169","pop":2889,"pop65":404,"popU18":318,"hh":1507,"hhNoVeh":589,"pov":234,"povUniverse":2880,"disab":323,"lep":140,"hhNoNet":27,"pop65Alone":165,"atRisk":0,"hazardShare":0.0,"floodShare":0.361,"areaKm2":0.29,"hvi":null,"lon":-122.43315,"lat":37.76612}},{"type":"Feature","geometry":{"type":"Polygon","coordinates":[[[-122.43581,37.76906],[-122.43521,37.76273],[-122.43645,37.76241],[-122.4464,37.76182],[-122.4464,37.76224],[-122.44571,37.76235],[-122.44468,37.76333],[-122.44403,37.76503],[-122.44259,37.76593],[-122.44195,37.76596],[-122.44062,37.76696],[-122.44015,37.76776],[-122.43883,37.76841],[-122.43835,37.76901],[-122.43581,37.76906]]]},"properties":{"id":81,"geoid":"06075017000","name":"Tract 170","tract":"170","pop":4061,"pop65":715,"popU18":401,"hh":2201,"hhNoVeh":301,"pov":319,"povUniverse":4061,"disab":158,"lep":80,"hhNoNet":23,"pop65Alone":257,"atRisk":0,"hazardShare":0.0,"floodShare":0.0,"areaKm2":0.47,"hvi":null,"lon":-122.43933,"lat":37.76554}},{"type":"Feature","geometry":{"type":"Polygon","coordinates":[[[-122.44259,37.76593],[-122.44403,37.76503],[-122.44468,37.76333],[-122.44571,37.76235],[-122.4464,37.76224],[-122.4464,37.76182],[-122.44913,37.76165],[-122.44945,37.7632],[-122.44812,37.76337],[-122.44845,37.76504],[-122.44765,37.76514],[-122.4484,37.76887],[-122.44252,37.76969],[-122.44242,37.7695],[-122.44337,37.76895],[-122.44388,37.76754],[-122.44355,37.7667],[-122.44259,37.76593]]]},"properties":{"id":82,"geoid":"06075017101","name":"Tract 171.01","tract":"171.01","pop":4003,"pop65":522,"popU18":860,"hh":1710,"hhNoVeh":460,"pov":231,"povUniverse":3800,"disab":352,"lep":70,"hhNoNet":41,"pop65Alone":219,"atRisk":0,"hazardShare":0.0,"floodShare":0.033,"areaKm2":0.31,"hvi":null,"lon":-122.4454,"lat":37.76565}},{"type":"Feature","geometry":{"type":"Polygon","coordinates":[[[-122.44913,37.76165],[-122.45197,37.76148],[-122.45337,37.76825],[-122.4484,37.76887],[-122.44765,37.76514],[-122.44845,37.76504],[-122.44812,37.76337],[-122.44945,37.7632],[-122.44913,37.76165]]]},"properties":{"id":83,"geoid":"06075017102","name":"Cole Valley","tract":"171.02","pop":3165,"pop65":377,"popU18":405,"hh":1509,"hhNoVeh":511,"pov":244,"povUniverse":3123,"disab":192,"lep":77,"hhNoNet":29,"pop65Alone":115,"atRisk":0,"hazardShare":0.0,"floodShare":0.015,"areaKm2":0.29,"hvi":null,"lon":-122.45021,"lat":37.7653}},{"type":"Feature","geometry":{"type":"Polygon","coordinates":[[[-122.40272,37.78326],[-122.4094,37.77798],[-122.41095,37.77922],[-122.40872,37.78098],[-122.41035,37.78225],[-122.40608,37.78576],[-122.40584,37.78575],[-122.40272,37.78326]]]},"properties":{"id":84,"geoid":"06075017602","name":"Tract 176.02","tract":"176.02","pop":3560,"pop65":388,"popU18":314,"hh":1546,"hhNoVeh":881,"pov":903,"povUniverse":3560,"disab":806,"lep":769,"hhNoNet":184,"pop65Alone":153,"atRisk":0,"hazardShare":0.0,"floodShare":0.989,"areaKm2":0.27,"hvi":null,"lon":-122.40718,"lat":37.78189}},{"type":"Feature","geometry":{"type":"Polygon","coordinates":[[[-122.4094,37.77798],[-122.41557,37.77311],[-122.41872,37.77565],[-122.41479,37.77875],[-122.41317,37.77746],[-122.41095,37.77922],[-122.4094,37.77798]]]},"properties":{"id":85,"geoid":"06075017603","name":"Tract 176.03","tract":"176.03","pop":4964,"pop65":739,"popU18":619,"hh":2517,"hhNoVeh":1406,"pov":1240,"povUniverse":4908,"disab":697,"lep":925,"hhNoNet":90,"pop65Alone":219,"atRisk":0,"hazardShare":0.0,"floodShare":1.0,"areaKm2":0.25,"hvi":null,"lon":-122.41519,"lat":37.77594}},{"type":"Feature","geometry":{"type":"Polygon","coordinates":[[[-122.40872,37.78098],[-122.41317,37.77746],[-122.41479,37.77875],[-122.41035,37.78225],[-122.40872,37.78098]]]},"properties":{"id":86,"geoid":"06075017604","name":"Tract 176.04","tract":"176.04","pop":3965,"pop65":248,"popU18":253,"hh":2301,"hhNoVeh":1645,"pov":1007,"povUniverse":3965,"disab":649,"lep":377,"hhNoNet":48,"pop65Alone":75,"atRisk":0,"hazardShare":0.0,"floodShare":1.0,"areaKm2":0.11,"hvi":null,"lon":-122.41216,"lat":37.77954}},{"type":"Feature","geometry":{"type":"Polygon","coordinates":[[[-122.41872,37.77565],[-122.41094,37.76942],[-122.40975,37.77035],[-122.40845,37.76932],[-122.40802,37.76925],[-122.40701,37.77006],[-122.40623,37.76947],[-122.40595,37.76966],[-122.405,37.76972],[-122.40451,37.76467],[-122.41287,37.76416],[-122.41374,37.76378],[-122.41734,37.76358],[-122.41785,37.76849],[-122.41773,37.77036],[-122.41935,37.77521],[-122.41872,37.77565]]]},"properties":{"id":87,"geoid":"06075017700","name":"Tract 177","tract":"177","pop":2946,"pop65":173,"popU18":376,"hh":1296,"hhNoVeh":409,"pov":430,"povUniverse":2946,"disab":385,"lep":961,"hhNoNet":3,"pop65Alone":40,"atRisk":0,"hazardShare":0.0,"floodShare":0.784,"areaKm2":0.9,"hvi":null,"lon":-122.41449,"lat":37.76959}},{"type":"Feature","geometry":{"type":"Polygon","coordinates":[[[-122.3974,37.78256],[-122.40186,37.77904],[-122.40495,37.78151],[-122.40048,37.78504],[-122.3974,37.78256]]]},"properties":{"id":88,"geoid":"06075017801","name":"South of Market","tract":"178.01","pop":3019,"pop65":1838,"popU18":0,"hh":2247,"hhNoVeh":1387,"pov":682,"povUniverse":3019,"disab":1185,"lep":1596,"hhNoNet":553,"pop65Alone":894,"atRisk":0,"hazardShare":0.0,"floodShare":1.0,"areaKm2":0.21,"hvi":null,"lon":-122.40096,"lat":37.7822}},{"type":"Feature","geometry":{"type":"Polygon","coordinates":[[[-122.40853,37.77376],[-122.41249,37.77063],[-122.41557,37.77311],[-122.41162,37.77623],[-122.40853,37.77376]]]},"properties":{"id":89,"geoid":"06075017803","name":"Tract 178.03","tract":"178.03","pop":2415,"pop65":266,"popU18":270,"hh":1208,"hhNoVeh":640,"pov":504,"povUniverse":2366,"disab":353,"lep":441,"hhNoNet":103,"pop65Alone":55,"atRisk":0,"hazardShare":0.0,"floodShare":1.0,"areaKm2":0.19,"hvi":null,"lon":-122.41225,"lat":37.77328}},{"type":"Feature","geometry":{"type":"Polygon","coordinates":[[[-122.40186,37.77904],[-122.40853,37.77376],[-122.41162,37.77623],[-122.40495,37.78151],[-122.40186,37.77904]]]},"properties":{"id":90,"geoid":"06075017804","name":"West SoMa","tract":"178.04","pop":4380,"pop65":416,"popU18":189,"hh":2322,"hhNoVeh":1093,"pov":954,"povUniverse":4355,"disab":753,"lep":419,"hhNoNet":80,"pop65Alone":273,"atRisk":0,"hazardShare":0.0,"floodShare":1.0,"areaKm2":0.32,"hvi":null,"lon":-122.40674,"lat":37.77763}},{"type":"Feature","geometry":{"type":"MultiPolygon","coordinates":[[[[-122.33155,37.78695],[-122.32793,37.78121],[-122.33161,37.78141],[-122.33228,37.78209],[-122.33155,37.78695]]],[[[-122.4205,37.82563],[-122.42169,37.82513],[-122.4244,37.82673],[-122.4254,37.82843],[-122.4241,37.82863],[-122.4215,37.82723],[-122.4205,37.82563]]],[[[-122.36356,37.82089],[-122.36056,37.82014],[-122.36065,37.81982],[-122.36365,37.82055],[-122.36435,37.81871],[-122.36479,37.81842],[-122.36507,37.81852],[-122.37104,37.81598],[-122.37034,37.81421],[-122.36969,37.81337],[-122.36894,37.81278],[-122.36733,37.81234],[-122.36599,37.81276],[-122.36416,37.81402],[-122.36228,37.81416],[-122.36159,37.81451],[-122.35919,37.81503],[-122.35901,37.81485],[-122.35886,37.81422],[-122.35926,37.81349],[-122.3599,37.81328],[-122.36111,37.81244],[-122.36134,37.81078],[-122.36101,37.80811],[-122.36153,37.80804],[-122.36215,37.80704],[-122.36278,37.80727],[-122.36733,37.80773],[-122.36872,37.80812],[-122.37149,37.80945],[-122.3728,37.81089],[-122.37271,37.81123],[-122.37219,37.81132],[-122.37206,37.81153],[-122.37158,37.81309],[-122.37178,37.81344],[-122.37145,37.81358],[-122.37134,37.81402],[-122.37131,37.81486],[-122.37914,37.82685],[-122.37763,37.8305],[-122.37336,37.83232],[-122.36863,37.83116],[-122.3629,37.82267],[-122.36356,37.82089]]],[[[-122.42036,37.86321],[-122.41934,37.86293],[-122.41895,37.86257],[-122.41875,37.86196],[-122.41879,37.86168],[-122.41992,37.86058],[-122.42036,37.86321]]]]},"properties":{"id":91,"geoid":"06075017903","name":"The Cove Residences","tract":"179.03","pop":2429,"pop65":91,"popU18":356,"hh":616,"hhNoVeh":143,"pov":764,"povUniverse":2347,"disab":607,"lep":427,"hhNoNet":26,"pop65Alone":29,"atRisk":732,"hazardShare":0.301,"floodShare":0.726,"areaKm2":2.5,"hvi":null,"lon":-122.36916,"lat":37.8193}},{"type":"Feature","geometry":{"type":"Polygon","coordinates":[[[-122.39276,37.77886],[-122.39722,37.77534],[-122.39877,37.77657],[-122.40099,37.77481],[-122.39963,37.77343],[-122.4044,37.76976],[-122.40595,37.76966],[-122.40623,37.76947],[-122.40701,37.77006],[-122.40802,37.76925],[-122.40845,37.76932],[-122.40975,37.77035],[-122.41094,37.76942],[-122.41249,37.77063],[-122.3974,37.78256],[-122.39276,37.77886]]]},"properties":{"id":92,"geoid":"06075018000","name":"Tract 180","tract":"180","pop":3492,"pop65":337,"popU18":365,"hh":1648,"hhNoVeh":820,"pov":611,"povUniverse":3305,"disab":380,"lep":334,"hhNoNet":86,"pop65Alone":77,"atRisk":646,"hazardShare":0.185,"floodShare":1.0,"areaKm2":0.93,"hvi":null,"lon":-122.40293,"lat":37.77574}},{"type":"Feature","geometry":{"type":"Polygon","coordinates":[[[-122.41766,37.76681],[-122.42206,37.76655],[-122.42263,37.77251],[-122.41935,37.77521],[-122.41773,37.77036],[-122.41787,37.7692],[-122.41766,37.76681]]]},"properties":{"id":93,"geoid":"06075020101","name":"Tract 201.01","tract":"201.01","pop":3943,"pop65":321,"popU18":394,"hh":1901,"hhNoVeh":802,"pov":584,"povUniverse":3943,"disab":576,"lep":703,"hhNoNet":10,"pop65Alone":151,"atRisk":0,"hazardShare":0.0,"floodShare":0.862,"areaKm2":0.3,"hvi":null,"lon":-122.42025,"lat":37.77087}},{"type":"Feature","geometry":{"type":"Polygon","coordinates":[[[-122.41734,37.76358],[-122.42175,37.7633],[-122.42206,37.76655],[-122.41766,37.76681],[-122.41734,37.76358]]]},"properties":{"id":94,"geoid":"06075020102","name":"Tract 201.02","tract":"201.02","pop":3463,"pop65":672,"popU18":412,"hh":1306,"hhNoVeh":699,"pov":948,"povUniverse":3463,"disab":972,"lep":851,"hhNoNet":47,"pop65Alone":185,"atRisk":0,"hazardShare":0.0,"floodShare":0.629,"areaKm2":0.14,"hvi":null,"lon":-122.4197,"lat":37.76506}},{"type":"Feature","geometry":{"type":"Polygon","coordinates":[[[-122.42175,37.7633],[-122.42615,37.76304],[-122.42647,37.76628],[-122.42206,37.76655],[-122.42175,37.7633]]]},"properties":{"id":95,"geoid":"06075020201","name":"Tract 202.01","tract":"202.01","pop":1905,"pop65":404,"popU18":107,"hh":976,"hhNoVeh":450,"pov":282,"povUniverse":1905,"disab":342,"lep":294,"hhNoNet":27,"pop65Alone":161,"atRisk":0,"hazardShare":0.0,"floodShare":0.318,"areaKm2":0.14,"hvi":null,"lon":-122.4241,"lat":37.76479}},{"type":"Feature","geometry":{"type":"Polygon","coordinates":[[[-122.42206,37.76655],[-122.42647,37.76628],[-122.42673,37.76899],[-122.42696,37.76918],[-122.42263,37.77251],[-122.42206,37.76655]]]},"properties":{"id":96,"geoid":"06075020202","name":"Valencia Gardens","tract":"202.02","pop":3979,"pop65":502,"popU18":214,"hh":2195,"hhNoVeh":1120,"pov":205,"povUniverse":3979,"disab":358,"lep":453,"hhNoNet":27,"pop65Alone":190,"atRisk":0,"hazardShare":0.0,"floodShare":0.664,"areaKm2":0.2,"hvi":null,"lon":-122.42451,"lat":37.76939}},{"type":"Feature","geometry":{"type":"Polygon","coordinates":[[[-122.42673,37.76899],[-122.42615,37.76304],[-122.43495,37.76251],[-122.4352,37.76268],[-122.42696,37.76918],[-122.42673,37.76899]]]},"properties":{"id":97,"geoid":"06075020300","name":"Tract 203","tract":"203","pop":3419,"pop65":408,"popU18":204,"hh":2232,"hhNoVeh":964,"pov":343,"povUniverse":3419,"disab":316,"lep":186,"hhNoNet":11,"pop65Alone":217,"atRisk":0,"hazardShare":0.0,"floodShare":0.411,"areaKm2":0.29,"hvi":null,"lon":-122.42877,"lat":37.76585}},{"type":"Feature","geometry":{"type":"Polygon","coordinates":[[[-122.43918,37.75903],[-122.44219,37.75894],[-122.44238,37.75759],[-122.44223,37.75664],[-122.4432,37.75604],[-122.4434,37.75634],[-122.44482,37.75726],[-122.44512,37.75697],[-122.44442,37.75657],[-122.4445,37.75636],[-122.44504,37.75662],[-122.44596,37.75642],[-122.44696,37.75656],[-122.44793,37.75759],[-122.44732,37.7579],[-122.44641,37.75886],[-122.44642,37.7611],[-122.4468,37.76179],[-122.4395,37.76223],[-122.43918,37.75903]]]},"properties":{"id":98,"geoid":"06075020401","name":"Tract 204.01","tract":"204.01","pop":3400,"pop65":412,"popU18":268,"hh":1678,"hhNoVeh":278,"pov":235,"povUniverse":3371,"disab":163,"lep":143,"hhNoNet":7,"pop65Alone":152,"atRisk":0,"hazardShare":0.0,"floodShare":0.0,"areaKm2":0.33,"hvi":null,"lon":-122.44284,"lat":37.75944}},{"type":"Feature","geometry":{"type":"Polygon","coordinates":[[[-122.43918,37.75903],[-122.43888,37.75544],[-122.44036,37.75523],[-122.44254,37.75238],[-122.44286,37.75238],[-122.44357,37.74945],[-122.44428,37.74838],[-122.4443,37.74731],[-122.44475,37.74705],[-122.45085,37.74591],[-122.45074,37.74619],[-122.45018,37.74627],[-122.44916,37.74686],[-122.44771,37.74949],[-122.44736,37.74946],[-122.44616,37.74874],[-122.44565,37.74899],[-122.44582,37.7493],[-122.44694,37.74997],[-122.44797,37.75028],[-122.44828,37.75017],[-122.44906,37.74919],[-122.44956,37.74919],[-122.44973,37.74954],[-122.44932,37.75055],[-122.44874,37.75091],[-122.44778,37.75084],[-122.44705,37.75166],[-122.44755,37.75249],[-122.44679,37.75325],[-122.44675,37.75358],[-122.44771,37.75483],[-122.44786,37.75583],[-122.44754,37.75583],[-122.44682,37.75535],[-122.44536,37.75562],[-122.44528,37.75593],[-122.44614,37.75581],[-122.44696,37.75656],[-122.44596,37.75642],[-122.44504,37.75662],[-122.4445,37.75636],[-122.44442,37.75657],[-122.44512,37.75697],[-122.44498,37.75728],[-122.4434,37.75634],[-122.4432,37.75604],[-122.44223,37.75664],[-122.44238,37.75759],[-122.44219,37.75894],[-122.43918,37.75903]]]},"properties":{"id":99,"geoid":"06075020402","name":"Tract 204.02","tract":"204.02","pop":4061,"pop65":643,"popU18":202,"hh":2442,"hhNoVeh":330,"pov":344,"povUniverse":4061,"disab":510,"lep":68,"hhNoNet":12,"pop65Alone":281,"atRisk":0,"hazardShare":0.0,"floodShare":0.0,"areaKm2":0.59,"hvi":null,"lon":-122.44503,"lat":37.75244}},{"type":"Feature","geometry":{"type":"Polygon","coordinates":[[[-122.4352,37.76268],[-122.43456,37.7561],[-122.43782,37.7559],[-122.43778,37.75555],[-122.43888,37.75544],[-122.4395,37.76223],[-122.43645,37.76241],[-122.4352,37.76268]]]},"properties":{"id":100,"geoid":"06075020500","name":"Tract 205","tract":"205","pop":2789,"pop65":403,"popU18":413,"hh":1246,"hhNoVeh":279,"pov":106,"povUniverse":2753,"disab":166,"lep":12,"hhNoNet":45,"pop65Alone":81,"atRisk":0,"hazardShare":0.0,"floodShare":0.14,"areaKm2":0.28,"hvi":null,"lon":-122.43702,"lat":37.75916}},{"type":"Feature","geometry":{"type":"Polygon","coordinates":[[[-122.42615,37.76304],[-122.4257,37.75824],[-122.42806,37.75809],[-122.42822,37.7597],[-122.43487,37.75929],[-122.4352,37.76268],[-122.43495,37.76251],[-122.42615,37.76304]]]},"properties":{"id":101,"geoid":"06075020601","name":"Castro District","tract":"206.01","pop":3007,"pop65":359,"popU18":284,"hh":1435,"hhNoVeh":583,"pov":207,"povUniverse":3007,"disab":393,"lep":149,"hhNoNet":28,"pop65Alone":190,"atRisk":0,"hazardShare":0.0,"floodShare":0.206,"areaKm2":0.32,"hvi":null,"lon":-122.43043,"lat":37.76037}},{"type":"Feature","geometry":{"type":"Polygon","coordinates":[[[-122.4257,37.75824],[-122.42555,37.75664],[-122.43456,37.7561],[-122.43487,37.75929],[-122.42822,37.7597],[-122.42806,37.75809],[-122.4257,37.75824]]]},"properties":{"id":102,"geoid":"06075020602","name":"Tract 206.02","tract":"206.02","pop":2379,"pop65":581,"popU18":176,"hh":1317,"hhNoVeh":455,"pov":156,"povUniverse":2379,"disab":342,"lep":40,"hhNoNet":8,"pop65Alone":63,"atRisk":0,"hazardShare":0.0,"floodShare":0.0,"areaKm2":0.25,"hvi":null,"lon":-122.4302,"lat":37.75789}},{"type":"Feature","geometry":{"type":"Polygon","coordinates":[[[-122.42098,37.7553],[-122.4254,37.75504],[-122.42585,37.75984],[-122.42144,37.76011],[-122.42098,37.7553]]]},"properties":{"id":103,"geoid":"06075020701","name":"Tract 207.01","tract":"207.01","pop":3357,"pop65":180,"popU18":319,"hh":1514,"hhNoVeh":506,"pov":314,"povUniverse":3357,"disab":277,"lep":75,"hhNoNet":0,"pop65Alone":88,"atRisk":0,"hazardShare":0.0,"floodShare":0.151,"areaKm2":0.21,"hvi":null,"lon":-122.42341,"lat":37.75757}},{"type":"Feature","geometry":{"type":"Polygon","coordinates":[[[-122.42144,37.76011],[-122.42585,37.75984],[-122.42615,37.76304],[-122.42175,37.7633],[-122.42144,37.76011]]]},"properties":{"id":104,"geoid":"06075020702","name":"Tract 207.02","tract":"207.02","pop":1995,"pop65":340,"popU18":183,"hh":1121,"hhNoVeh":498,"pov":343,"povUniverse":1985,"disab":228,"lep":261,"hhNoNet":60,"pop65Alone":135,"atRisk":0,"hazardShare":0.0,"floodShare":0.702,"areaKm2":0.14,"hvi":null,"lon":-122.42379,"lat":37.76157}},{"type":"Feature","geometry":{"type":"Polygon","coordinates":[[[-122.41704,37.76037],[-122.41658,37.75557],[-122.42098,37.7553],[-122.42144,37.76011],[-122.41704,37.76037]]]},"properties":{"id":105,"geoid":"06075020801","name":"Mission","tract":"208.01","pop":3767,"pop65":448,"popU18":650,"hh":1418,"hhNoVeh":507,"pov":254,"povUniverse":3745,"disab":614,"lep":868,"hhNoNet":88,"pop65Alone":132,"atRisk":0,"hazardShare":0.0,"floodShare":0.566,"areaKm2":0.21,"hvi":null,"lon":-122.41903,"lat":37.75809}},{"type":"Feature","geometry":{"type":"Polygon","coordinates":[[[-122.41704,37.76037],[-122.42144,37.76011],[-122.42175,37.7633],[-122.41734,37.76358],[-122.41704,37.76037]]]},"properties":{"id":106,"geoid":"06075020802","name":"Tract 208.02","tract":"208.02","pop":2188,"pop65":229,"popU18":163,"hh":1018,"hhNoVeh":706,"pov":276,"povUniverse":2147,"disab":284,"lep":586,"hhNoNet":52,"pop65Alone":26,"atRisk":0,"hazardShare":0.0,"floodShare":1.0,"areaKm2":0.14,"hvi":null,"lon":-122.41939,"lat":37.76184}},{"type":"Feature","geometry":{"type":"Polygon","coordinates":[[[-122.41658,37.75557],[-122.41588,37.74827],[-122.42029,37.74817],[-122.42098,37.7553],[-122.41658,37.75557]]]},"properties":{"id":107,"geoid":"06075020900","name":"Tract 209","tract":"209","pop":3746,"pop65":515,"popU18":418,"hh":1607,"hhNoVeh":530,"pov":387,"povUniverse":3733,"disab":662,"lep":844,"hhNoNet":43,"pop65Alone":179,"atRisk":0,"hazardShare":0.0,"floodShare":0.0,"areaKm2":0.31,"hvi":null,"lon":-122.4184,"lat":37.75144}},{"type":"Feature","geometry":{"type":"Polygon","coordinates":[[[-122.42029,37.74817],[-122.42471,37.74784],[-122.4254,37.75504],[-122.42098,37.7553],[-122.42029,37.74817]]]},"properties":{"id":108,"geoid":"06075021000","name":"Tract 210","tract":"210","pop":3609,"pop65":435,"popU18":521,"hh":1793,"hhNoVeh":541,"pov":295,"povUniverse":3609,"disab":166,"lep":78,"hhNoNet":7,"pop65Alone":66,"atRisk":0,"hazardShare":0.0,"floodShare":0.094,"areaKm2":0.31,"hvi":null,"lon":-122.42284,"lat":37.75144}},{"type":"Feature","geometry":{"type":"Polygon","coordinates":[[[-122.42555,37.75664],[-122.42511,37.75185],[-122.4341,37.75131],[-122.43456,37.7561],[-122.42555,37.75664]]]},"properties":{"id":109,"geoid":"06075021100","name":"Noe Valley","tract":"211","pop":4086,"pop65":610,"popU18":626,"hh":2006,"hhNoVeh":401,"pov":77,"povUniverse":4086,"disab":260,"lep":47,"hhNoNet":62,"pop65Alone":176,"atRisk":0,"hazardShare":0.0,"floodShare":0.0,"areaKm2":0.42,"hvi":null,"lon":-122.42984,"lat":37.75408}},{"type":"Feature","geometry":{"type":"Polygon","coordinates":[[[-122.43456,37.7561],[-122.4341,37.75131],[-122.44327,37.75077],[-122.44286,37.75238],[-122.44254,37.75238],[-122.44036,37.75523],[-122.43778,37.75555],[-122.43782,37.7559],[-122.43456,37.7561]]]},"properties":{"id":110,"geoid":"06075021200","name":"Tract 212","tract":"212","pop":2917,"pop65":455,"popU18":488,"hh":1420,"hhNoVeh":264,"pov":161,"povUniverse":2910,"disab":285,"lep":100,"hhNoNet":8,"pop65Alone":185,"atRisk":0,"hazardShare":0.0,"floodShare":0.0,"areaKm2":0.35,"hvi":null,"lon":-122.43808,"lat":37.75341}},{"type":"Feature","geometry":{"type":"Polygon","coordinates":[[[-122.43371,37.7473],[-122.4381,37.74706],[-122.43826,37.74867],[-122.44071,37.74864],[-122.44142,37.74862],[-122.44253,37.74819],[-122.44397,37.74677],[-122.44462,37.74669],[-122.44487,37.74703],[-122.44444,37.74718],[-122.44419,37.74756],[-122.44428,37.74838],[-122.44357,37.74945],[-122.44327,37.75077],[-122.4341,37.75131],[-122.43371,37.7473]]]},"properties":{"id":111,"geoid":"06075021300","name":"Tract 213","tract":"213","pop":2427,"pop65":329,"popU18":390,"hh":1134,"hhNoVeh":88,"pov":97,"povUniverse":2427,"disab":90,"lep":41,"hhNoNet":0,"pop65Alone":57,"atRisk":0,"hazardShare":0.0,"floodShare":0.0,"areaKm2":0.31,"hvi":null,"lon":-122.43884,"lat":37.74904}},{"type":"Feature","geometry":{"type":"Polygon","coordinates":[[[-122.42471,37.74784],[-122.43371,37.7473],[-122.4341,37.75131],[-122.42511,37.75185],[-122.42471,37.74784]]]},"properties":{"id":112,"geoid":"06075021400","name":"Tract 214","tract":"214","pop":3460,"pop65":623,"popU18":385,"hh":1714,"hhNoVeh":348,"pov":227,"povUniverse":3460,"disab":273,"lep":118,"hhNoNet":0,"pop65Alone":175,"atRisk":0,"hazardShare":0.0,"floodShare":0.0,"areaKm2":0.35,"hvi":null,"lon":-122.42941,"lat":37.74957}},{"type":"Feature","geometry":{"type":"Polygon","coordinates":[[[-122.42337,37.74229],[-122.4309,37.74184],[-122.43149,37.74744],[-122.42258,37.748],[-122.42231,37.74519],[-122.42337,37.74229]]]},"properties":{"id":113,"geoid":"06075021500","name":"Tract 215","tract":"215","pop":5181,"pop65":713,"popU18":753,"hh":2492,"hhNoVeh":238,"pov":187,"povUniverse":5181,"disab":281,"lep":234,"hhNoNet":20,"pop65Alone":264,"atRisk":0,"hazardShare":0.0,"floodShare":0.0,"areaKm2":0.47,"hvi":null,"lon":-122.42684,"lat":37.74489}},{"type":"Feature","geometry":{"type":"Polygon","coordinates":[[[-122.4381,37.74706],[-122.43149,37.74744],[-122.4309,37.74184],[-122.43327,37.74191],[-122.43333,37.7433],[-122.43464,37.74322],[-122.43557,37.74317],[-122.4354,37.74193],[-122.43557,37.74155],[-122.43649,37.74289],[-122.43953,37.7448],[-122.44006,37.7453],[-122.44128,37.74524],[-122.44172,37.74463],[-122.44264,37.74435],[-122.44291,37.74385],[-122.44416,37.7433],[-122.4456,37.74391],[-122.44604,37.74514],[-122.44687,37.74613],[-122.4473,37.74606],[-122.44741,37.7466],[-122.44487,37.74703],[-122.44462,37.74669],[-122.44397,37.74677],[-122.44253,37.74819],[-122.44142,37.74862],[-122.43826,37.74867],[-122.4381,37.74706]]]},"properties":{"id":114,"geoid":"06075021600","name":"Diamond Heights Village","tract":"216","pop":4531,"pop65":696,"popU18":841,"hh":2098,"hhNoVeh":245,"pov":251,"povUniverse":4531,"disab":262,"lep":190,"hhNoNet":34,"pop65Alone":215,"atRisk":0,"hazardShare":0.0,"floodShare":0.0,"areaKm2":0.6,"hvi":null,"lon":-122.43562,"lat":37.74515}},{"type":"Feature","geometry":{"type":"Polygon","coordinates":[[[-122.4309,37.74184],[-122.43076,37.74036],[-122.43177,37.73981],[-122.43119,37.73916],[-122.43031,37.73919],[-122.42926,37.73899],[-122.42874,37.73864],[-122.42874,37.73833],[-122.43255,37.73586],[-122.43288,37.73584],[-122.43422,37.73712],[-122.43471,37.73726],[-122.43441,37.7362],[-122.43539,37.73534],[-122.43587,37.73384],[-122.43864,37.7344],[-122.4407,37.73505],[-122.44113,37.73563],[-122.44165,37.73588],[-122.44202,37.73593],[-122.44331,37.73562],[-122.44376,37.73574],[-122.44383,37.7364],[-122.44243,37.73744],[-122.44261,37.73955],[-122.44394,37.74009],[-122.4447,37.7408],[-122.446,37.74119],[-122.44627,37.74208],[-122.44667,37.74245],[-122.44883,37.74275],[-122.4496,37.74307],[-122.45171,37.74563],[-122.44741,37.7466],[-122.4473,37.74606],[-122.44687,37.74613],[-122.44604,37.74514],[-122.4456,37.74391],[-122.44416,37.7433],[-122.44291,37.74385],[-122.44264,37.74435],[-122.44172,37.74463],[-122.44128,37.74524],[-122.44006,37.7453],[-122.43953,37.7448],[-122.43649,37.74289],[-122.43557,37.74155],[-122.4354,37.74193],[-122.43557,37.74317],[-122.43464,37.74322],[-122.43333,37.7433],[-122.43327,37.74191],[-122.4309,37.74184]]]},"properties":{"id":115,"geoid":"06075021700","name":"Diamond Heights","tract":"217","pop":4432,"pop65":862,"popU18":1046,"hh":1802,"hhNoVeh":91,"pov":132,"povUniverse":4402,"disab":346,"lep":312,"hhNoNet":110,"pop65Alone":244,"atRisk":0,"hazardShare":0.0,"floodShare":0.0,"areaKm2":1.24,"hvi":null,"lon":-122.43762,"lat":37.74014}},{"type":"Feature","geometry":{"type":"Polygon","coordinates":[[[-122.42337,37.74229],[-122.42474,37.73844],[-122.42561,37.73732],[-122.42789,37.73554],[-122.42981,37.73441],[-122.43255,37.73313],[-122.43587,37.73384],[-122.43539,37.73534],[-122.43441,37.7362],[-122.43471,37.73726],[-122.43422,37.73712],[-122.43288,37.73584],[-122.43255,37.73586],[-122.42874,37.73833],[-122.42874,37.73864],[-122.42926,37.73899],[-122.43031,37.73919],[-122.43119,37.73916],[-122.43177,37.73981],[-122.43076,37.74036],[-122.4309,37.74184],[-122.42337,37.74229]]]},"properties":{"id":116,"geoid":"06075021800","name":"Glen Park","tract":"218","pop":4208,"pop65":722,"popU18":651,"hh":1792,"hhNoVeh":146,"pov":126,"povUniverse":4208,"disab":339,"lep":134,"hhNoNet":25,"pop65Alone":153,"atRisk":0,"hazardShare":0.0,"floodShare":0.0,"areaKm2":0.5,"hvi":null,"lon":-122.42743,"lat":37.73774}},{"type":"Feature","geometry":{"type":"MultiPolygon","coordinates":[[[[-122.37998,37.76023],[-122.38018,37.76213],[-122.37988,37.76223],[-122.37998,37.76023]]],[[[-122.37998,37.76023],[-122.37952,37.76026],[-122.37982,37.76346],[-122.37958,37.7635],[-122.37922,37.75994],[-122.38148,37.75958],[-122.38121,37.75826],[-122.38149,37.75751],[-122.38141,37.75641],[-122.38125,37.75588],[-122.38077,37.75556],[-122.38076,37.75527],[-122.38134,37.75507],[-122.38173,37.75516],[-122.38411,37.75492],[-122.38401,37.75462],[-122.38334,37.75473],[-122.38291,37.75445],[-122.38153,37.75464],[-122.38012,37.75454],[-122.38003,37.75336],[-122.39124,37.75263],[-122.3922,37.75618],[-122.39228,37.76045],[-122.39274,37.76417],[-122.39335,37.76536],[-122.39449,37.76659],[-122.38818,37.76696],[-122.38793,37.76438],[-122.38762,37.76449],[-122.38663,37.76567],[-122.38584,37.76726],[-122.38543,37.76725],[-122.38555,37.767],[-122.38287,37.76714],[-122.38281,37.76679],[-122.38587,37.7666],[-122.38653,37.76542],[-122.38646,37.7644],[-122.38675,37.76402],[-122.38662,37.7639],[-122.38725,37.76351],[-122.38652,37.76339],[-122.38661,37.76319],[-122.38633,37.76311],[-122.38623,37.76332],[-122.38529,37.76324],[-122.38519,37.76338],[-122.38512,37.76232],[-122.38469,37.76212],[-122.3843,37.76214],[-122.38448,37.76405],[-122.38432,37.76406],[-122.38415,37.76226],[-122.38344,37.76231],[-122.38376,37.76255],[-122.38392,37.76415],[-122.3836,37.76426],[-122.38331,37.76414],[-122.38312,37.76233],[-122.3823,37.76238],[-122.38253,37.76461],[-122.38236,37.76462],[-122.38214,37.76239],[-122.38176,37.76241],[-122.38171,37.76474],[-122.38119,37.76494],[-122.381,37.7648],[-122.38104,37.76223],[-122.38332,37.76209],[-122.38201,37.76064],[-122.38171,37.76065],[-122.38185,37.76212],[-122.38135,37.76215],[-122.38116,37.76016],[-122.38062,37.76019],[-122.38093,37.76334],[-122.38071,37.76335],[-122.38041,37.7602],[-122.37998,37.76023]]]]},"properties":{"id":117,"geoid":"06075022600","name":"Pier 70","tract":"226","pop":4452,"pop65":56,"popU18":358,"hh":2257,"hhNoVeh":531,"pov":99,"povUniverse":4034,"disab":115,"lep":173,"hhNoNet":0,"pop65Alone":40,"atRisk":789,"hazardShare":0.177,"floodShare":0.658,"areaKm2":1.33,"hvi":null,"lon":-122.38625,"lat":37.75984}},{"type":"Feature","geometry":{"type":"Polygon","coordinates":[[[-122.39227,37.76026],[-122.39823,37.75991],[-122.39872,37.76502],[-122.39386,37.76531],[-122.39352,37.76559],[-122.39274,37.76417],[-122.39227,37.76026]]]},"properties":{"id":118,"geoid":"06075022702","name":"Dogpatch","tract":"227.02","pop":1960,"pop65":178,"popU18":176,"hh":966,"hhNoVeh":109,"pov":153,"povUniverse":1952,"disab":109,"lep":41,"hhNoNet":0,"pop65Alone":27,"atRisk":0,"hazardShare":0.0,"floodShare":0.254,"areaKm2":0.3,"hvi":null,"lon":-122.3955,"lat":37.76265}},{"type":"Feature","geometry":{"type":"Polygon","coordinates":[[[-122.39872,37.76502],[-122.39798,37.75736],[-122.4037,37.75702],[-122.40592,37.75894],[-122.4065,37.76026],[-122.4063,37.7614],[-122.40522,37.76348],[-122.4051,37.76463],[-122.39872,37.76502]]]},"properties":{"id":119,"geoid":"06075022704","name":"Tract 227.04","tract":"227.04","pop":4026,"pop65":430,"popU18":757,"hh":1855,"hhNoVeh":171,"pov":430,"povUniverse":4026,"disab":276,"lep":219,"hhNoNet":16,"pop65Alone":186,"atRisk":0,"hazardShare":0.0,"floodShare":0.172,"areaKm2":0.54,"hvi":null,"lon":-122.40237,"lat":37.76096}},{"type":"Feature","geometry":{"type":"Polygon","coordinates":[[[-122.40777,37.75771],[-122.41673,37.75717],[-122.41734,37.76358],[-122.41374,37.76378],[-122.41287,37.76416],[-122.40844,37.76443],[-122.40777,37.75771]]]},"properties":{"id":120,"geoid":"06075022801","name":"Tract 228.01","tract":"228.01","pop":4765,"pop65":731,"popU18":597,"hh":2017,"hhNoVeh":440,"pov":577,"povUniverse":4689,"disab":676,"lep":470,"hhNoNet":0,"pop65Alone":121,"atRisk":0,"hazardShare":0.0,"floodShare":0.855,"areaKm2":0.58,"hvi":null,"lon":-122.41263,"lat":37.76127}},{"type":"Feature","geometry":{"type":"Polygon","coordinates":[[[-122.4037,37.75702],[-122.40332,37.75617],[-122.40314,37.75448],[-122.40647,37.75428],[-122.40649,37.75457],[-122.40746,37.75451],[-122.40844,37.76443],[-122.4051,37.76463],[-122.40522,37.76348],[-122.4063,37.7614],[-122.4065,37.76026],[-122.40592,37.75894],[-122.4037,37.75702]]]},"properties":{"id":121,"geoid":"06075022802","name":"Tract 228.02","tract":"228.02","pop":2103,"pop65":415,"popU18":295,"hh":754,"hhNoVeh":146,"pov":211,"povUniverse":1820,"disab":152,"lep":227,"hhNoNet":41,"pop65Alone":55,"atRisk":0,"hazardShare":0.0,"floodShare":0.001,"areaKm2":0.29,"hvi":null,"lon":-122.40716,"lat":37.75964}},{"type":"Feature","geometry":{"type":"Polygon","coordinates":[[[-122.40746,37.75451],[-122.41643,37.75397],[-122.41673,37.75717],[-122.40777,37.75771],[-122.40746,37.75451]]]},"properties":{"id":122,"geoid":"06075022803","name":"Tract 228.03","tract":"228.03","pop":4117,"pop65":447,"popU18":905,"hh":1439,"hhNoVeh":393,"pov":734,"povUniverse":4040,"disab":337,"lep":478,"hhNoNet":34,"pop65Alone":78,"atRisk":0,"hazardShare":0.0,"floodShare":0.536,"areaKm2":0.28,"hvi":null,"lon":-122.4121,"lat":37.75584}},{"type":"Feature","geometry":{"type":"Polygon","coordinates":[[[-122.4115,37.74835],[-122.41588,37.74827],[-122.41643,37.75397],[-122.41206,37.75423],[-122.4115,37.74835]]]},"properties":{"id":123,"geoid":"06075022901","name":"Tract 229.01","tract":"229.01","pop":4542,"pop65":527,"popU18":824,"hh":1479,"hhNoVeh":319,"pov":392,"povUniverse":4518,"disab":521,"lep":1112,"hhNoNet":87,"pop65Alone":150,"atRisk":0,"hazardShare":0.0,"floodShare":0.0,"areaKm2":0.25,"hvi":null,"lon":-122.41402,"lat":37.75171}},{"type":"Feature","geometry":{"type":"Polygon","coordinates":[[[-122.40872,37.7484],[-122.4115,37.74835],[-122.41206,37.75423],[-122.40927,37.7544],[-122.40872,37.7484]]]},"properties":{"id":124,"geoid":"06075022902","name":"Tract 229.02","tract":"229.02","pop":1891,"pop65":256,"popU18":344,"hh":725,"hhNoVeh":183,"pov":257,"povUniverse":1891,"disab":285,"lep":226,"hhNoNet":33,"pop65Alone":51,"atRisk":0,"hazardShare":0.0,"floodShare":0.001,"areaKm2":0.16,"hvi":null,"lon":-122.41045,"lat":37.75192}},{"type":"Feature","geometry":{"type":"Polygon","coordinates":[[[-122.40314,37.75448],[-122.40309,37.7518],[-122.4038,37.74944],[-122.40809,37.74841],[-122.40872,37.7484],[-122.40927,37.7544],[-122.40649,37.75457],[-122.40647,37.75428],[-122.40314,37.75448]]]},"properties":{"id":125,"geoid":"06075022903","name":"Tract 229.03","tract":"229.03","pop":2798,"pop65":325,"popU18":373,"hh":1139,"hhNoVeh":239,"pov":202,"povUniverse":2798,"disab":221,"lep":209,"hhNoNet":19,"pop65Alone":120,"atRisk":0,"hazardShare":0.0,"floodShare":0.159,"areaKm2":0.31,"hvi":null,"lon":-122.40608,"lat":37.75156}},{"type":"Feature","geometry":{"type":"Polygon","coordinates":[[[-122.39596,37.73779],[-122.39822,37.73531],[-122.3986,37.73364],[-122.40004,37.73232],[-122.39944,37.73171],[-122.40031,37.73148],[-122.39988,37.7303],[-122.40212,37.7278],[-122.40467,37.73295],[-122.40656,37.73573],[-122.40702,37.73801],[-122.4,37.73995],[-122.39596,37.73779]]]},"properties":{"id":126,"geoid":"06075023001","name":"Silver Terrace","tract":"230.01","pop":5108,"pop65":811,"popU18":780,"hh":1271,"hhNoVeh":25,"pov":705,"povUniverse":5095,"disab":646,"lep":1727,"hhNoNet":35,"pop65Alone":87,"atRisk":397,"hazardShare":0.078,"floodShare":0.203,"areaKm2":0.67,"hvi":null,"lon":-122.40187,"lat":37.73397}},{"type":"Feature","geometry":{"type":"Polygon","coordinates":[[[-122.39163,37.73249],[-122.39271,37.72929],[-122.39988,37.7303],[-122.40029,37.7314],[-122.39944,37.73171],[-122.40004,37.73232],[-122.3986,37.73364],[-122.39822,37.73531],[-122.39653,37.73716],[-122.39279,37.73504],[-122.39392,37.73379],[-122.39163,37.73249]]]},"properties":{"id":127,"geoid":"06075023003","name":"Tract 230.03","tract":"230.03","pop":3812,"pop65":840,"popU18":642,"hh":1195,"hhNoVeh":223,"pov":186,"povUniverse":3764,"disab":506,"lep":1336,"hhNoNet":16,"pop65Alone":290,"atRisk":0,"hazardShare":0.0,"floodShare":0.0,"areaKm2":0.41,"hvi":null,"lon":-122.39593,"lat":37.73312}},{"type":"Feature","geometry":{"type":"Polygon","coordinates":[[[-122.38157,37.73813],[-122.38182,37.73774],[-122.38174,37.73726],[-122.38199,37.73709],[-122.38341,37.73756],[-122.38406,37.73752],[-122.38315,37.73498],[-122.38237,37.73372],[-122.381,37.73265],[-122.38034,37.73243],[-122.37961,37.73247],[-122.37936,37.73155],[-122.38001,37.73066],[-122.38065,37.73051],[-122.38228,37.73062],[-122.3829,37.73035],[-122.38344,37.72974],[-122.38905,37.73292],[-122.38683,37.7355],[-122.38867,37.73649],[-122.38529,37.74024],[-122.38157,37.73813]]]},"properties":{"id":128,"geoid":"06075023102","name":"Tract 231.02","tract":"231.02","pop":3231,"pop65":415,"popU18":934,"hh":1114,"hhNoVeh":246,"pov":854,"povUniverse":3231,"disab":429,"lep":405,"hhNoNet":38,"pop65Alone":142,"atRisk":0,"hazardShare":0.0,"floodShare":0.0,"areaKm2":0.49,"hvi":null,"lon":-122.38518,"lat":37.73508}},{"type":"Feature","geometry":{"type":"Polygon","coordinates":[[[-122.36717,37.73563],[-122.36986,37.73262],[-122.37099,37.73101],[-122.37378,37.72801],[-122.37769,37.72863],[-122.37829,37.72897],[-122.37856,37.72895],[-122.37971,37.72762],[-122.38344,37.72974],[-122.3829,37.73035],[-122.38228,37.73062],[-122.38065,37.73051],[-122.38001,37.73066],[-122.37949,37.73123],[-122.37936,37.73184],[-122.37961,37.73247],[-122.38034,37.73243],[-122.381,37.73265],[-122.38237,37.73372],[-122.38315,37.73498],[-122.38406,37.73752],[-122.38341,37.73756],[-122.38289,37.73728],[-122.38182,37.73715],[-122.38176,37.73793],[-122.3809,37.73883],[-122.37912,37.73768],[-122.37686,37.7402],[-122.37478,37.74385],[-122.37278,37.74551],[-122.36764,37.74014],[-122.3683,37.73998],[-122.36829,37.73983],[-122.37397,37.73942],[-122.37365,37.73886],[-122.37321,37.73847],[-122.37262,37.73829],[-122.37055,37.73816],[-122.36753,37.73835],[-122.36741,37.73823],[-122.37078,37.73738],[-122.37136,37.73706],[-122.37334,37.73711],[-122.37434,37.73779],[-122.37447,37.73744],[-122.37398,37.73699],[-122.37392,37.73581],[-122.37329,37.7355],[-122.37134,37.7354],[-122.37025,37.73559],[-122.36901,37.73622],[-122.36717,37.73563]]]},"properties":{"id":129,"geoid":"06075023103","name":"Westbrook Apartments","tract":"231.03","pop":4545,"pop65":408,"popU18":1671,"hh":1550,"hhNoVeh":435,"pov":1842,"povUniverse":4545,"disab":762,"lep":386,"hhNoNet":92,"pop65Alone":68,"atRisk":548,"hazardShare":0.121,"floodShare":0.388,"areaKm2":1.46,"hvi":null,"lon":-122.37877,"lat":37.73647}},{"type":"Feature","geometry":{"type":"Polygon","coordinates":[[[-122.39107,37.73407],[-122.37785,37.72656],[-122.38016,37.72396],[-122.38219,37.72225],[-122.38363,37.72303],[-122.38393,37.72345],[-122.38438,37.72355],[-122.38506,37.72412],[-122.3856,37.72414],[-122.38626,37.72448],[-122.38694,37.72427],[-122.38453,37.72287],[-122.38522,37.72309],[-122.3933,37.72777],[-122.39107,37.73407]]]},"properties":{"id":130,"geoid":"06075023200","name":"Tract 232","tract":"232","pop":3570,"pop65":448,"popU18":897,"hh":1143,"hhNoVeh":110,"pov":463,"povUniverse":3570,"disab":398,"lep":1038,"hhNoNet":102,"pop65Alone":51,"atRisk":1150,"hazardShare":0.322,"floodShare":0.552,"areaKm2":0.86,"hvi":null,"lon":-122.38684,"lat":37.72814}},{"type":"Feature","geometry":{"type":"Polygon","coordinates":[[[-122.39271,37.72929],[-122.39704,37.71952],[-122.39871,37.71765],[-122.39922,37.72],[-122.4012,37.72459],[-122.40212,37.7278],[-122.39988,37.7303],[-122.39271,37.72929]]]},"properties":{"id":131,"geoid":"06075023300","name":"Tract 233","tract":"233","pop":3818,"pop65":696,"popU18":654,"hh":1270,"hhNoVeh":324,"pov":725,"povUniverse":3818,"disab":793,"lep":1383,"hhNoNet":46,"pop65Alone":134,"atRisk":0,"hazardShare":0.0,"floodShare":0.781,"areaKm2":0.63,"hvi":null,"lon":-122.39799,"lat":37.72396}},{"type":"Feature","geometry":{"type":"Polygon","coordinates":[[[-122.38453,37.72287],[-122.38274,37.72173],[-122.38338,37.72062],[-122.38326,37.72029],[-122.38372,37.72019],[-122.38628,37.71718],[-122.38686,37.71751],[-122.38793,37.71633],[-122.38814,37.7163],[-122.39115,37.71804],[-122.39161,37.71753],[-122.39263,37.71796],[-122.3967,37.72027],[-122.3933,37.72777],[-122.38615,37.72359],[-122.38453,37.72287]]]},"properties":{"id":132,"geoid":"06075023400","name":"Tract 234","tract":"234","pop":3536,"pop65":633,"popU18":911,"hh":1136,"hhNoVeh":205,"pov":868,"povUniverse":3497,"disab":474,"lep":674,"hhNoNet":34,"pop65Alone":102,"atRisk":642,"hazardShare":0.181,"floodShare":0.679,"areaKm2":0.86,"hvi":null,"lon":-122.38943,"lat":37.72203}},{"type":"Feature","geometry":{"type":"Polygon","coordinates":[[[-122.40702,37.73801],[-122.40848,37.73749],[-122.40887,37.73684],[-122.41039,37.7369],[-122.41013,37.73976],[-122.41052,37.73978],[-122.41038,37.74137],[-122.41075,37.74139],[-122.41067,37.74243],[-122.41025,37.74255],[-122.40998,37.74305],[-122.40939,37.74293],[-122.40937,37.74327],[-122.40987,37.74334],[-122.41035,37.74375],[-122.41056,37.74837],[-122.40809,37.74841],[-122.4038,37.74944],[-122.40407,37.7486],[-122.40357,37.74777],[-122.40433,37.74593],[-122.4042,37.74524],[-122.4046,37.74413],[-122.40685,37.74086],[-122.40713,37.73906],[-122.40702,37.73801]]]},"properties":{"id":133,"geoid":"06075025100","name":"Tract 251","tract":"251","pop":3504,"pop65":568,"popU18":686,"hh":1319,"hhNoVeh":186,"pov":327,"povUniverse":3484,"disab":318,"lep":161,"hhNoNet":34,"pop65Alone":98,"atRisk":333,"hazardShare":0.095,"floodShare":0.07,"areaKm2":0.55,"hvi":null,"lon":-122.40733,"lat":37.74319}},{"type":"Feature","geometry":{"type":"Polygon","coordinates":[[[-122.41052,37.73978],[-122.41176,37.73986],[-122.4132,37.739],[-122.41457,37.73889],[-122.4186,37.7393],[-122.41778,37.74057],[-122.41885,37.74099],[-122.41876,37.74119],[-122.41612,37.74526],[-122.41783,37.74597],[-122.4183,37.7467],[-122.41913,37.74678],[-122.41822,37.74821],[-122.41056,37.74837],[-122.41035,37.74375],[-122.40987,37.74334],[-122.40937,37.74327],[-122.40939,37.74293],[-122.40998,37.74305],[-122.41025,37.74255],[-122.41067,37.74243],[-122.41075,37.74139],[-122.41038,37.74137],[-122.41052,37.73978]]]},"properties":{"id":134,"geoid":"06075025200","name":"Bernal Heights","tract":"252","pop":5415,"pop65":633,"popU18":1052,"hh":2477,"hhNoVeh":537,"pov":666,"povUniverse":5415,"disab":488,"lep":362,"hhNoNet":80,"pop65Alone":137,"atRisk":0,"hazardShare":0.0,"floodShare":0.0,"areaKm2":0.66,"hvi":null,"lon":-122.41367,"lat":37.74355}},{"type":"Feature","geometry":{"type":"Polygon","coordinates":[[[-122.4186,37.7393],[-122.42285,37.74103],[-122.42359,37.73989],[-122.42428,37.73987],[-122.42231,37.74519],[-122.42258,37.748],[-122.41822,37.74821],[-122.41913,37.74678],[-122.4183,37.7467],[-122.41783,37.74597],[-122.41612,37.74526],[-122.41876,37.74119],[-122.41885,37.74099],[-122.41778,37.74057],[-122.4186,37.7393]]]},"properties":{"id":135,"geoid":"06075025300","name":"Tract 253","tract":"253","pop":4302,"pop65":725,"popU18":532,"hh":1753,"hhNoVeh":301,"pov":284,"povUniverse":4296,"disab":448,"lep":434,"hhNoNet":29,"pop65Alone":96,"atRisk":0,"hazardShare":0.0,"floodShare":0.0,"areaKm2":0.4,"hvi":null,"lon":-122.42004,"lat":37.74359}},{"type":"Feature","geometry":{"type":"Polygon","coordinates":[[[-122.4186,37.7393],[-122.41581,37.73895],[-122.41597,37.73722],[-122.41663,37.73725],[-122.41677,37.73561],[-122.42018,37.73578],[-122.42024,37.73506],[-122.42262,37.73518],[-122.42328,37.73597],[-122.42622,37.73608],[-122.42674,37.73638],[-122.4251,37.73786],[-122.42428,37.73987],[-122.42359,37.73989],[-122.42285,37.74103],[-122.4186,37.7393]]]},"properties":{"id":136,"geoid":"06075025401","name":"Tract 254.01","tract":"254.01","pop":3567,"pop65":398,"popU18":974,"hh":1329,"hhNoVeh":239,"pov":157,"povUniverse":3567,"disab":235,"lep":217,"hhNoNet":24,"pop65Alone":69,"atRisk":0,"hazardShare":0.0,"floodShare":0.0,"areaKm2":0.38,"hvi":null,"lon":-122.42047,"lat":37.73794}},{"type":"Feature","geometry":{"type":"Polygon","coordinates":[[[-122.41176,37.73986],[-122.41013,37.73976],[-122.41039,37.7369],[-122.40887,37.73684],[-122.40823,37.73762],[-122.4085,37.7363],[-122.40952,37.73505],[-122.41043,37.73446],[-122.41118,37.73508],[-122.41184,37.73464],[-122.41684,37.73489],[-122.41663,37.73725],[-122.41597,37.73722],[-122.41591,37.73901],[-122.41457,37.73889],[-122.4132,37.739],[-122.41176,37.73986]]]},"properties":{"id":137,"geoid":"06075025402","name":"Tract 254.02","tract":"254.02","pop":2901,"pop65":606,"popU18":424,"hh":1048,"hhNoVeh":80,"pov":174,"povUniverse":2867,"disab":244,"lep":436,"hhNoNet":0,"pop65Alone":53,"atRisk":413,"hazardShare":0.142,"floodShare":0.156,"areaKm2":0.3,"hvi":null,"lon":-122.4135,"lat":37.73715}},{"type":"Feature","geometry":{"type":"Polygon","coordinates":[[[-122.41677,37.73561],[-122.41684,37.73489],[-122.41184,37.73464],[-122.41118,37.73508],[-122.41043,37.73446],[-122.4144,37.73242],[-122.41595,37.73208],[-122.42027,37.73202],[-122.42457,37.73155],[-122.42805,37.73202],[-122.42617,37.73398],[-122.42859,37.73509],[-122.42674,37.73638],[-122.42622,37.73608],[-122.42328,37.73597],[-122.42262,37.73518],[-122.42024,37.73506],[-122.42018,37.73578],[-122.41677,37.73561]]]},"properties":{"id":138,"geoid":"06075025403","name":"St. Mary's Park","tract":"254.03","pop":4410,"pop65":679,"popU18":875,"hh":1325,"hhNoVeh":211,"pov":361,"povUniverse":4410,"disab":476,"lep":912,"hhNoNet":44,"pop65Alone":39,"atRisk":93,"hazardShare":0.021,"floodShare":0.072,"areaKm2":0.52,"hvi":null,"lon":-122.41898,"lat":37.73383}},{"type":"Feature","geometry":{"type":"Polygon","coordinates":[[[-122.43399,37.72577],[-122.4354,37.72391],[-122.4445,37.72298],[-122.44789,37.72301],[-122.44688,37.72522],[-122.44505,37.7273],[-122.44309,37.72864],[-122.44124,37.72943],[-122.43399,37.72577]]]},"properties":{"id":139,"geoid":"06075025501","name":"Tract 255.01","tract":"255.01","pop":4235,"pop65":545,"popU18":1127,"hh":1028,"hhNoVeh":5,"pov":641,"povUniverse":4105,"disab":350,"lep":1299,"hhNoNet":16,"pop65Alone":46,"atRisk":0,"hazardShare":0.0,"floodShare":0.0,"areaKm2":0.54,"hvi":null,"lon":-122.44044,"lat":37.72615}},{"type":"Feature","geometry":{"type":"Polygon","coordinates":[[[-122.42617,37.73398],[-122.43282,37.72732],[-122.43399,37.72577],[-122.44124,37.72943],[-122.43591,37.73158],[-122.42859,37.73509],[-122.42617,37.73398]]]},"properties":{"id":140,"geoid":"06075025502","name":"Tract 255.02","tract":"255.02","pop":3739,"pop65":729,"popU18":560,"hh":1201,"hhNoVeh":177,"pov":320,"povUniverse":3739,"disab":403,"lep":1022,"hhNoNet":18,"pop65Alone":100,"atRisk":0,"hazardShare":0.0,"floodShare":0.0,"areaKm2":0.54,"hvi":null,"lon":-122.43442,"lat":37.73036}},{"type":"Feature","geometry":{"type":"Polygon","coordinates":[[[-122.41447,37.72746],[-122.41842,37.72643],[-122.41792,37.72523],[-122.42186,37.7242],[-122.42375,37.72877],[-122.42868,37.72854],[-122.4304,37.72855],[-122.43131,37.72874],[-122.42805,37.73202],[-122.42457,37.73155],[-122.41926,37.73207],[-122.4195,37.72905],[-122.41876,37.72909],[-122.41688,37.7288],[-122.41521,37.72923],[-122.41447,37.72746]]]},"properties":{"id":141,"geoid":"06075025600","name":"Tract 256","tract":"256","pop":5419,"pop65":955,"popU18":1027,"hh":1610,"hhNoVeh":222,"pov":254,"povUniverse":5112,"disab":570,"lep":1529,"hhNoNet":29,"pop65Alone":105,"atRisk":0,"hazardShare":0.0,"floodShare":0.0,"areaKm2":0.58,"hvi":null,"lon":-122.41906,"lat":37.72798}},{"type":"Feature","geometry":{"type":"Polygon","coordinates":[[[-122.40631,37.73531],[-122.40714,37.73505],[-122.40562,37.73244],[-122.40852,37.73156],[-122.40757,37.72927],[-122.41447,37.72746],[-122.41521,37.72923],[-122.41688,37.7288],[-122.41876,37.72909],[-122.4195,37.72905],[-122.41926,37.73207],[-122.41667,37.73202],[-122.41513,37.73223],[-122.4144,37.73242],[-122.41209,37.73358],[-122.40996,37.73472],[-122.40915,37.73538],[-122.4085,37.7363],[-122.40814,37.73766],[-122.40702,37.73801],[-122.40677,37.73642],[-122.40631,37.73531]]]},"properties":{"id":142,"geoid":"06075025701","name":"Tract 257.01","tract":"257.01","pop":4604,"pop65":755,"popU18":877,"hh":1553,"hhNoVeh":100,"pov":233,"povUniverse":4591,"disab":378,"lep":1541,"hhNoNet":52,"pop65Alone":127,"atRisk":64,"hazardShare":0.014,"floodShare":0.42,"areaKm2":0.61,"hvi":null,"lon":-122.40981,"lat":37.73266}},{"type":"Feature","geometry":{"type":"Polygon","coordinates":[[[-122.40212,37.7278],[-122.4008,37.72362],[-122.40207,37.72393],[-122.40261,37.72524],[-122.40854,37.72369],[-122.41053,37.72849],[-122.40757,37.72927],[-122.40852,37.73156],[-122.40562,37.73244],[-122.40714,37.73505],[-122.40631,37.73531],[-122.40511,37.73372],[-122.40341,37.73066],[-122.40212,37.7278]]]},"properties":{"id":143,"geoid":"06075025702","name":"Portola","tract":"257.02","pop":4545,"pop65":1083,"popU18":1147,"hh":1150,"hhNoVeh":250,"pov":353,"povUniverse":4543,"disab":487,"lep":1392,"hhNoNet":59,"pop65Alone":101,"atRisk":0,"hazardShare":0.0,"floodShare":0.908,"areaKm2":0.53,"hvi":null,"lon":-122.40532,"lat":37.72965}},{"type":"Feature","geometry":{"type":"Polygon","coordinates":[[[-122.4008,37.72362],[-122.39922,37.72],[-122.39868,37.71751],[-122.39975,37.71619],[-122.40045,37.71917],[-122.40212,37.71873],[-122.40309,37.72113],[-122.40407,37.72087],[-122.40558,37.72447],[-122.40261,37.72524],[-122.40207,37.72393],[-122.4008,37.72362]]]},"properties":{"id":144,"geoid":"06075025800","name":"Tract 258","tract":"258","pop":1603,"pop65":341,"popU18":151,"hh":612,"hhNoVeh":165,"pov":93,"povUniverse":1603,"disab":300,"lep":573,"hhNoNet":31,"pop65Alone":56,"atRisk":0,"hazardShare":0.0,"floodShare":0.057,"areaKm2":0.25,"hvi":null,"lon":-122.40121,"lat":37.7207}},{"type":"Feature","geometry":{"type":"Polygon","coordinates":[[[-122.40558,37.72447],[-122.40407,37.72087],[-122.40309,37.72113],[-122.40212,37.71873],[-122.40357,37.71834],[-122.40387,37.71883],[-122.40611,37.71984],[-122.40644,37.71976],[-122.40729,37.71782],[-122.40827,37.71809],[-122.40801,37.71872],[-122.40873,37.71891],[-122.40893,37.71937],[-122.40991,37.71912],[-122.41002,37.71934],[-122.411,37.71908],[-122.41298,37.72386],[-122.41594,37.72309],[-122.41557,37.72223],[-122.41656,37.72197],[-122.41693,37.72283],[-122.41793,37.72263],[-122.4184,37.72377],[-122.41939,37.7235],[-122.41989,37.72471],[-122.41792,37.72523],[-122.41842,37.72643],[-122.41053,37.72849],[-122.40854,37.72369],[-122.40558,37.72447]]]},"properties":{"id":145,"geoid":"06075025900","name":"Tract 259","tract":"259","pop":4034,"pop65":754,"popU18":687,"hh":1422,"hhNoVeh":86,"pov":333,"povUniverse":4034,"disab":428,"lep":930,"hhNoNet":33,"pop65Alone":124,"atRisk":0,"hazardShare":0.0,"floodShare":0.029,"areaKm2":0.77,"hvi":null,"lon":-122.40887,"lat":37.72318}},{"type":"Feature","geometry":{"type":"Polygon","coordinates":[[[-122.42809,37.7236],[-122.42885,37.72396],[-122.4324,37.7193],[-122.43716,37.72158],[-122.43246,37.72764],[-122.42692,37.72516],[-122.42809,37.7236]]]},"properties":{"id":146,"geoid":"06075026001","name":"Excelsior","tract":"260.01","pop":5625,"pop65":826,"popU18":703,"hh":1754,"hhNoVeh":360,"pov":670,"povUniverse":5625,"disab":507,"lep":1772,"hhNoNet":65,"pop65Alone":248,"atRisk":0,"hazardShare":0.0,"floodShare":0.0,"areaKm2":0.41,"hvi":null,"lon":-122.43256,"lat":37.72337}},{"type":"Feature","geometry":{"type":"Polygon","coordinates":[[[-122.42186,37.7242],[-122.42382,37.7237],[-122.42486,37.72206],[-122.42809,37.7236],[-122.42692,37.72516],[-122.43246,37.72764],[-122.43131,37.72874],[-122.4304,37.72855],[-122.42868,37.72854],[-122.42375,37.72877],[-122.42186,37.7242]]]},"properties":{"id":147,"geoid":"06075026002","name":"Tract 260.02","tract":"260.02","pop":3641,"pop65":1017,"popU18":668,"hh":1069,"hhNoVeh":138,"pov":390,"povUniverse":3247,"disab":443,"lep":946,"hhNoNet":61,"pop65Alone":187,"atRisk":0,"hazardShare":0.0,"floodShare":0.0,"areaKm2":0.36,"hvi":null,"lon":-122.42498,"lat":37.72546}},{"type":"Feature","geometry":{"type":"Polygon","coordinates":[[[-122.42885,37.72396],[-122.42436,37.72195],[-122.4264,37.71857],[-122.42615,37.71844],[-122.42724,37.71555],[-122.43108,37.71655],[-122.43357,37.71775],[-122.42885,37.72396]]]},"properties":{"id":148,"geoid":"06075026003","name":"Tract 260.03","tract":"260.03","pop":4639,"pop65":791,"popU18":1066,"hh":1403,"hhNoVeh":129,"pov":390,"povUniverse":4586,"disab":343,"lep":868,"hhNoNet":32,"pop65Alone":134,"atRisk":0,"hazardShare":0.0,"floodShare":0.0,"areaKm2":0.41,"hvi":null,"lon":-122.42884,"lat":37.71979}},{"type":"Feature","geometry":{"type":"Polygon","coordinates":[[[-122.4324,37.7193],[-122.43357,37.71775],[-122.43117,37.7166],[-122.43279,37.71444],[-122.44043,37.71725],[-122.43716,37.72158],[-122.4324,37.7193]]]},"properties":{"id":149,"geoid":"06075026004","name":"Tract 260.04","tract":"260.04","pop":3840,"pop65":744,"popU18":517,"hh":1112,"hhNoVeh":139,"pov":327,"povUniverse":3799,"disab":236,"lep":1307,"hhNoNet":31,"pop65Alone":72,"atRisk":0,"hazardShare":0.0,"floodShare":0.0,"areaKm2":0.34,"hvi":null,"lon":-122.43656,"lat":37.71812}},{"type":"Feature","geometry":{"type":"Polygon","coordinates":[[[-122.4354,37.72391],[-122.44191,37.71531],[-122.44372,37.7136],[-122.44874,37.71745],[-122.44789,37.72301],[-122.4445,37.72298],[-122.4354,37.72391]]]},"properties":{"id":150,"geoid":"06075026100","name":"Tract 261","tract":"261","pop":6811,"pop65":1396,"popU18":1388,"hh":2146,"hhNoVeh":371,"pov":694,"povUniverse":6752,"disab":623,"lep":2722,"hhNoNet":128,"pop65Alone":163,"atRisk":0,"hazardShare":0.0,"floodShare":0.0,"areaKm2":0.75,"hvi":null,"lon":-122.44396,"lat":37.71873}},{"type":"Feature","geometry":{"type":"Polygon","coordinates":[[[-122.44932,37.70995],[-122.45437,37.70824],[-122.46895,37.70824],[-122.46773,37.70929],[-122.46601,37.71016],[-122.46419,37.71055],[-122.45832,37.7106],[-122.45635,37.71084],[-122.45504,37.71132],[-122.4529,37.71283],[-122.44932,37.70995]]]},"properties":{"id":151,"geoid":"06075026201","name":"Tract 262.01","tract":"262.01","pop":3856,"pop65":523,"popU18":743,"hh":996,"hhNoVeh":77,"pov":257,"povUniverse":3819,"disab":469,"lep":1271,"hhNoNet":30,"pop65Alone":35,"atRisk":0,"hazardShare":0.0,"floodShare":0.0,"areaKm2":0.44,"hvi":null,"lon":-122.45726,"lat":37.71048}},{"type":"Feature","geometry":{"type":"Polygon","coordinates":[[[-122.44372,37.7136],[-122.44554,37.71189],[-122.44932,37.70995],[-122.4529,37.71283],[-122.44964,37.71574],[-122.44874,37.71745],[-122.44372,37.7136]]]},"properties":{"id":152,"geoid":"06075026202","name":"Outer Mission","tract":"262.02","pop":3706,"pop65":880,"popU18":558,"hh":1040,"hhNoVeh":187,"pov":256,"povUniverse":3684,"disab":521,"lep":1579,"hhNoNet":46,"pop65Alone":52,"atRisk":0,"hazardShare":0.0,"floodShare":0.0,"areaKm2":0.34,"hvi":null,"lon":-122.44786,"lat":37.71371}},{"type":"Feature","geometry":{"type":"Polygon","coordinates":[[[-122.43279,37.71444],[-122.4337,37.71319],[-122.43616,37.71426],[-122.43782,37.71193],[-122.43807,37.71203],[-122.44335,37.71056],[-122.44458,37.71279],[-122.44191,37.71531],[-122.44043,37.71725],[-122.43279,37.71444]]]},"properties":{"id":153,"geoid":"06075026301","name":"Tract 263.01","tract":"263.01","pop":5019,"pop65":951,"popU18":909,"hh":1317,"hhNoVeh":276,"pov":662,"povUniverse":5009,"disab":789,"lep":1676,"hhNoNet":83,"pop65Alone":69,"atRisk":0,"hazardShare":0.0,"floodShare":0.0,"areaKm2":0.37,"hvi":null,"lon":-122.44004,"lat":37.71374}},{"type":"Feature","geometry":{"type":"Polygon","coordinates":[[[-122.42724,37.71555],[-122.42732,37.71507],[-122.42556,37.71452],[-122.42667,37.71144],[-122.42735,37.71176],[-122.42757,37.71179],[-122.42766,37.71162],[-122.42505,37.71055],[-122.42334,37.70932],[-122.4239,37.70824],[-122.42537,37.70862],[-122.42543,37.70831],[-122.42809,37.70844],[-122.4346,37.70814],[-122.43619,37.70941],[-122.43701,37.71075],[-122.43838,37.71114],[-122.43616,37.71426],[-122.4337,37.71319],[-122.43117,37.7166],[-122.42724,37.71555]]]},"properties":{"id":154,"geoid":"06075026302","name":"Tract 263.02","tract":"263.02","pop":4302,"pop65":798,"popU18":493,"hh":1526,"hhNoVeh":158,"pov":508,"povUniverse":4293,"disab":601,"lep":1372,"hhNoNet":47,"pop65Alone":178,"atRisk":0,"hazardShare":0.0,"floodShare":0.0,"areaKm2":0.75,"hvi":null,"lon":-122.4317,"lat":37.71276}},{"type":"Feature","geometry":{"type":"Polygon","coordinates":[[[-122.43782,37.71193],[-122.43838,37.71114],[-122.43701,37.71075],[-122.43619,37.70941],[-122.4346,37.70814],[-122.44047,37.70834],[-122.44055,37.70823],[-122.4445,37.70834],[-122.4522,37.70814],[-122.45437,37.70824],[-122.44894,37.71008],[-122.44554,37.71189],[-122.44458,37.71279],[-122.44335,37.71056],[-122.43807,37.71203],[-122.43782,37.71193]]]},"properties":{"id":155,"geoid":"06075026303","name":"Crocker-Amazon","tract":"263.03","pop":4600,"pop65":891,"popU18":708,"hh":1357,"hhNoVeh":128,"pov":179,"povUniverse":4529,"disab":511,"lep":1807,"hhNoNet":32,"pop65Alone":106,"atRisk":0,"hazardShare":0.0,"floodShare":0.0,"areaKm2":0.43,"hvi":null,"lon":-122.44255,"lat":37.71045}},{"type":"Feature","geometry":{"type":"Polygon","coordinates":[[[-122.4062,37.71525],[-122.40794,37.71145],[-122.41065,37.71221],[-122.41136,37.71061],[-122.41601,37.71192],[-122.4153,37.71351],[-122.41582,37.7137],[-122.41621,37.71428],[-122.41617,37.7148],[-122.41567,37.7155],[-122.41133,37.71437],[-122.41045,37.71642],[-122.4062,37.71525]]]},"properties":{"id":156,"geoid":"06075026401","name":"Visitacion Valley","tract":"264.01","pop":3194,"pop65":744,"popU18":677,"hh":1018,"hhNoVeh":274,"pov":626,"povUniverse":3173,"disab":477,"lep":1073,"hhNoNet":65,"pop65Alone":119,"atRisk":0,"hazardShare":0.0,"floodShare":0.0,"areaKm2":0.34,"hvi":null,"lon":-122.41121,"lat":37.71353}},{"type":"Feature","geometry":{"type":"Polygon","coordinates":[[[-122.40357,37.71834],[-122.40045,37.71917],[-122.39975,37.71619],[-122.39868,37.71751],[-122.39851,37.71655],[-122.39938,37.7146],[-122.40098,37.71287],[-122.40162,37.71252],[-122.40263,37.71236],[-122.40213,37.71272],[-122.40211,37.71351],[-122.40245,37.71444],[-122.4022,37.71474],[-122.40371,37.71435],[-122.40554,37.71506],[-122.41045,37.71642],[-122.41032,37.71682],[-122.40896,37.71646],[-122.40857,37.71642],[-122.40849,37.7166],[-122.40803,37.71651],[-122.40796,37.71668],[-122.40877,37.71688],[-122.40827,37.71809],[-122.40729,37.71782],[-122.40644,37.71976],[-122.40611,37.71984],[-122.40533,37.71958],[-122.40387,37.71883],[-122.40357,37.71834]]]},"properties":{"id":157,"geoid":"06075026402","name":"Tract 264.02","tract":"264.02","pop":4660,"pop65":835,"popU18":674,"hh":1241,"hhNoVeh":127,"pov":178,"povUniverse":4622,"disab":460,"lep":1378,"hhNoNet":89,"pop65Alone":68,"atRisk":0,"hazardShare":0.0,"floodShare":0.0,"areaKm2":0.4,"hvi":null,"lon":-122.40401,"lat":37.71611}},{"type":"Feature","geometry":{"type":"Polygon","coordinates":[[[-122.40256,37.71227],[-122.40312,37.712],[-122.40436,37.71045],[-122.40512,37.70918],[-122.40538,37.70826],[-122.41239,37.70831],[-122.41065,37.71221],[-122.40794,37.71145],[-122.4062,37.71525],[-122.40363,37.71433],[-122.4022,37.71474],[-122.40245,37.71444],[-122.40211,37.71351],[-122.40211,37.7128],[-122.40256,37.71227]]]},"properties":{"id":158,"geoid":"06075026403","name":"Bayshore","tract":"264.03","pop":3685,"pop65":747,"popU18":484,"hh":1149,"hhNoVeh":129,"pov":631,"povUniverse":3618,"disab":339,"lep":1843,"hhNoNet":92,"pop65Alone":57,"atRisk":0,"hazardShare":0.0,"floodShare":0.0,"areaKm2":0.38,"hvi":null,"lon":-122.40557,"lat":37.71176}},{"type":"Feature","geometry":{"type":"Polygon","coordinates":[[[-122.41136,37.71061],[-122.41239,37.70831],[-122.4201,37.70824],[-122.41936,37.70995],[-122.4177,37.70948],[-122.41746,37.71012],[-122.4169,37.70996],[-122.41601,37.71192],[-122.41136,37.71061]]]},"properties":{"id":159,"geoid":"06075026404","name":"Tract 264.04","tract":"264.04","pop":2422,"pop65":462,"popU18":471,"hh":668,"hhNoVeh":96,"pov":161,"povUniverse":2422,"disab":255,"lep":953,"hhNoNet":22,"pop65Alone":34,"atRisk":0,"hazardShare":0.0,"floodShare":0.0,"areaKm2":0.19,"hvi":null,"lon":-122.41422,"lat":37.71008}},{"type":"Feature","geometry":{"type":"Polygon","coordinates":[[[-122.45258,37.76451],[-122.45548,37.76417],[-122.46191,37.76237],[-122.46299,37.76232],[-122.46281,37.75974],[-122.4634,37.75923],[-122.46324,37.75857],[-122.4638,37.75854],[-122.46432,37.76608],[-122.45978,37.76633],[-122.45857,37.76629],[-122.45693,37.76588],[-122.45296,37.76638],[-122.45258,37.76451]]]},"properties":{"id":160,"geoid":"06075030101","name":"Tract 301.01","tract":"301.01","pop":4389,"pop65":532,"popU18":378,"hh":2115,"hhNoVeh":729,"pov":584,"povUniverse":4204,"disab":535,"lep":171,"hhNoNet":96,"pop65Alone":134,"atRisk":0,"hazardShare":0.0,"floodShare":0.885,"areaKm2":0.35,"hvi":null,"lon":-122.46273,"lat":37.76251}},{"type":"Feature","geometry":{"type":"Polygon","coordinates":[[[-122.45197,37.76148],[-122.4468,37.76179],[-122.44642,37.7611],[-122.44641,37.75886],[-122.44732,37.7579],[-122.44793,37.75759],[-122.44831,37.75803],[-122.44855,37.75905],[-122.45094,37.75873],[-122.45285,37.7581],[-122.45361,37.75763],[-122.45404,37.75718],[-122.45426,37.75635],[-122.45507,37.75512],[-122.45519,37.75434],[-122.45605,37.75289],[-122.4561,37.75181],[-122.45646,37.75149],[-122.45704,37.75141],[-122.459,37.75195],[-122.46068,37.75182],[-122.46148,37.75153],[-122.46337,37.75304],[-122.46379,37.75382],[-122.46357,37.7553],[-122.4638,37.75854],[-122.46324,37.75857],[-122.4634,37.75923],[-122.46281,37.75974],[-122.46299,37.76232],[-122.46191,37.76237],[-122.45548,37.76417],[-122.45258,37.76451],[-122.45197,37.76148]]]},"properties":{"id":161,"geoid":"06075030102","name":"Forest Knolls","tract":"301.02","pop":5120,"pop65":807,"popU18":524,"hh":2080,"hhNoVeh":282,"pov":633,"povUniverse":4265,"disab":445,"lep":298,"hhNoNet":28,"pop65Alone":217,"atRisk":0,"hazardShare":0.0,"floodShare":0.068,"areaKm2":1.27,"hvi":null,"lon":-122.4584,"lat":37.75801}},{"type":"Feature","geometry":{"type":"Polygon","coordinates":[[[-122.47074,37.76578],[-122.47035,37.76013],[-122.47678,37.75984],[-122.47727,37.76549],[-122.47074,37.76578]]]},"properties":{"id":162,"geoid":"06075030201","name":"Tract 302.01","tract":"302.01","pop":3841,"pop65":858,"popU18":600,"hh":1922,"hhNoVeh":526,"pov":601,"povUniverse":3810,"disab":313,"lep":535,"hhNoNet":57,"pop65Alone":317,"atRisk":3841,"hazardShare":1.0,"floodShare":1.0,"areaKm2":0.36,"hvi":null,"lon":-122.4738,"lat":37.7628}},{"type":"Feature","geometry":{"type":"Polygon","coordinates":[[[-122.46393,37.76041],[-122.47035,37.76013],[-122.47074,37.76578],[-122.46432,37.76608],[-122.46393,37.76041]]]},"properties":{"id":163,"geoid":"06075030202","name":"Inner Sunset","tract":"302.02","pop":4082,"pop65":789,"popU18":488,"hh":2041,"hhNoVeh":584,"pov":241,"povUniverse":4082,"disab":403,"lep":448,"hhNoNet":84,"pop65Alone":220,"atRisk":1160,"hazardShare":0.284,"floodShare":1.0,"areaKm2":0.36,"hvi":null,"lon":-122.46733,"lat":37.76306}},{"type":"Feature","geometry":{"type":"Polygon","coordinates":[[[-122.46393,37.76041],[-122.46357,37.7553],[-122.46379,37.75382],[-122.46337,37.75304],[-122.46782,37.75273],[-122.46835,37.75325],[-122.47069,37.75238],[-122.47119,37.75336],[-122.47103,37.75422],[-122.47118,37.7551],[-122.47216,37.75565],[-122.47273,37.75629],[-122.47661,37.75611],[-122.47688,37.75984],[-122.46393,37.76041]]]},"properties":{"id":164,"geoid":"06075030301","name":"Golden Gate Heights","tract":"303.01","pop":6160,"pop65":1073,"popU18":994,"hh":2552,"hhNoVeh":245,"pov":172,"povUniverse":6085,"disab":471,"lep":543,"hhNoNet":36,"pop65Alone":145,"atRisk":2933,"hazardShare":0.476,"floodShare":0.899,"areaKm2":0.75,"hvi":null,"lon":-122.47013,"lat":37.75635}},{"type":"Feature","geometry":{"type":"Polygon","coordinates":[[[-122.46448,37.7529],[-122.46443,37.75232],[-122.46334,37.75159],[-122.46342,37.75121],[-122.46429,37.75099],[-122.4642,37.75072],[-122.46491,37.75101],[-122.46648,37.75094],[-122.46635,37.74908],[-122.47614,37.74865],[-122.47661,37.75611],[-122.47273,37.75629],[-122.47216,37.75565],[-122.47118,37.7551],[-122.47103,37.75422],[-122.47119,37.75336],[-122.47069,37.75238],[-122.46835,37.75325],[-122.46782,37.75273],[-122.46448,37.7529]]]},"properties":{"id":165,"geoid":"06075030302","name":"Inner Parkside","tract":"303.02","pop":3552,"pop65":913,"popU18":550,"hh":1313,"hhNoVeh":8,"pov":116,"povUniverse":3541,"disab":334,"lep":555,"hhNoNet":8,"pop65Alone":136,"atRisk":2677,"hazardShare":0.754,"floodShare":0.787,"areaKm2":0.6,"hvi":null,"lon":-122.46747,"lat":37.75246}},{"type":"Feature","geometry":{"type":"Polygon","coordinates":[[[-122.46148,37.75153],[-122.46037,37.74979],[-122.45867,37.74804],[-122.45865,37.74777],[-122.45903,37.74731],[-122.4637,37.74375],[-122.46809,37.74339],[-122.47574,37.74305],[-122.47614,37.74865],[-122.46635,37.74908],[-122.46648,37.75094],[-122.46491,37.75101],[-122.4642,37.75072],[-122.46429,37.75099],[-122.46342,37.75121],[-122.46334,37.75159],[-122.46443,37.75232],[-122.46448,37.7529],[-122.46337,37.75304],[-122.46148,37.75153]]]},"properties":{"id":166,"geoid":"06075030400","name":"Forest Hill","tract":"304","pop":5116,"pop65":1626,"popU18":807,"hh":2105,"hhNoVeh":143,"pov":218,"povUniverse":5108,"disab":371,"lep":654,"hhNoNet":103,"pop65Alone":289,"atRisk":758,"hazardShare":0.148,"floodShare":0.901,"areaKm2":0.97,"hvi":null,"lon":-122.46738,"lat":37.74795}},{"type":"Feature","geometry":{"type":"Polygon","coordinates":[[[-122.44831,37.75803],[-122.44635,37.75592],[-122.44614,37.75581],[-122.44548,37.75599],[-122.44524,37.75574],[-122.44657,37.75535],[-122.4477,37.75587],[-122.44797,37.75568],[-122.44739,37.75422],[-122.44675,37.75358],[-122.44679,37.75325],[-122.44755,37.75249],[-122.44705,37.75166],[-122.44778,37.75084],[-122.44874,37.75091],[-122.44932,37.75055],[-122.44973,37.74954],[-122.44956,37.74919],[-122.44906,37.74919],[-122.44828,37.75017],[-122.44797,37.75028],[-122.44694,37.74997],[-122.44582,37.7493],[-122.44571,37.74886],[-122.44633,37.74879],[-122.44736,37.74946],[-122.44771,37.74949],[-122.44916,37.74686],[-122.45018,37.74627],[-122.45074,37.74619],[-122.45085,37.74591],[-122.45171,37.74563],[-122.45384,37.74573],[-122.45483,37.74622],[-122.45624,37.74656],[-122.45876,37.74688],[-122.45919,37.74729],[-122.45873,37.74761],[-122.45867,37.74804],[-122.46037,37.74979],[-122.46148,37.75153],[-122.46068,37.75182],[-122.459,37.75195],[-122.45704,37.75141],[-122.45646,37.75149],[-122.4561,37.75181],[-122.45605,37.75289],[-122.45525,37.75421],[-122.45507,37.75512],[-122.45426,37.75635],[-122.45404,37.75718],[-122.45285,37.7581],[-122.45094,37.75873],[-122.44855,37.75905],[-122.44831,37.75803]]]},"properties":{"id":167,"geoid":"06075030500","name":"Midtown Terrace","tract":"305","pop":3641,"pop65":1176,"popU18":542,"hh":1019,"hhNoVeh":120,"pov":255,"povUniverse":2769,"disab":326,"lep":387,"hhNoNet":70,"pop65Alone":195,"atRisk":0,"hazardShare":0.0,"floodShare":0.005,"areaKm2":1.12,"hvi":null,"lon":-122.45176,"lat":37.75243}},{"type":"Feature","geometry":{"type":"Polygon","coordinates":[[[-122.45171,37.74563],[-122.44987,37.74327],[-122.44995,37.74297],[-122.45232,37.74282],[-122.45346,37.74341],[-122.45425,37.74284],[-122.45539,37.74126],[-122.45774,37.74007],[-122.45789,37.73927],[-122.4583,37.73905],[-122.45886,37.73916],[-122.45912,37.7396],[-122.45894,37.7406],[-122.4594,37.74058],[-122.46138,37.74269],[-122.4637,37.74375],[-122.45919,37.74729],[-122.45876,37.74688],[-122.45624,37.74656],[-122.45483,37.74622],[-122.45384,37.74573],[-122.45171,37.74563]]]},"properties":{"id":168,"geoid":"06075030600","name":"Saint Francis Wood","tract":"306","pop":2258,"pop65":533,"popU18":432,"hh":888,"hhNoVeh":23,"pov":47,"povUniverse":2258,"disab":118,"lep":116,"hhNoNet":6,"pop65Alone":72,"atRisk":0,"hazardShare":0.0,"floodShare":0.0,"areaKm2":0.52,"hvi":null,"lon":-122.45821,"lat":37.74318}},{"type":"Feature","geometry":{"type":"Polygon","coordinates":[[[-122.44987,37.74327],[-122.44915,37.74283],[-122.44667,37.74245],[-122.44627,37.74208],[-122.44591,37.74112],[-122.4447,37.7408],[-122.44394,37.74009],[-122.44273,37.73969],[-122.44254,37.73945],[-122.44264,37.73832],[-122.44243,37.73744],[-122.44383,37.7364],[-122.4439,37.73592],[-122.44331,37.73562],[-122.44202,37.73593],[-122.44165,37.73588],[-122.44113,37.73563],[-122.4407,37.73505],[-122.43842,37.73435],[-122.43883,37.73309],[-122.45407,37.733],[-122.45429,37.73303],[-122.455,37.7339],[-122.45653,37.73427],[-122.45681,37.73454],[-122.45839,37.73459],[-122.45952,37.7343],[-122.45941,37.73494],[-122.46039,37.73677],[-122.46044,37.73766],[-122.46009,37.73791],[-122.45973,37.73781],[-122.45961,37.73854],[-122.45926,37.73909],[-122.45809,37.7391],[-122.45781,37.73944],[-122.45774,37.74007],[-122.45539,37.74126],[-122.45425,37.74284],[-122.45346,37.74341],[-122.45264,37.7429],[-122.45199,37.7428],[-122.45115,37.743],[-122.44995,37.74297],[-122.44987,37.74327]]]},"properties":{"id":169,"geoid":"06075030700","name":"Tract 307","tract":"307","pop":6624,"pop65":1673,"popU18":1409,"hh":2751,"hhNoVeh":133,"pov":204,"povUniverse":6614,"disab":752,"lep":510,"hhNoNet":102,"pop65Alone":465,"atRisk":0,"hazardShare":0.0,"floodShare":0.0,"areaKm2":1.44,"hvi":null,"lon":-122.4511,"lat":37.73818}},{"type":"Feature","geometry":{"type":"Polygon","coordinates":[[[-122.45886,37.73916],[-122.45934,37.73902],[-122.45973,37.73781],[-122.46009,37.73791],[-122.46044,37.73766],[-122.46039,37.73677],[-122.45941,37.73494],[-122.45952,37.7343],[-122.46125,37.73579],[-122.46315,37.73703],[-122.46289,37.73622],[-122.46309,37.73585],[-122.46422,37.73571],[-122.4649,37.73605],[-122.46448,37.73514],[-122.47158,37.73471],[-122.47177,37.73483],[-122.4752,37.73477],[-122.47574,37.74305],[-122.46809,37.74339],[-122.4637,37.74375],[-122.46138,37.74269],[-122.4594,37.74058],[-122.45894,37.7406],[-122.45887,37.74034],[-122.4592,37.73988],[-122.45886,37.73916]]]},"properties":{"id":170,"geoid":"06075030800","name":"West Portal","tract":"308","pop":5694,"pop65":1331,"popU18":1053,"hh":2010,"hhNoVeh":302,"pov":258,"povUniverse":5685,"disab":686,"lep":523,"hhNoNet":20,"pop65Alone":228,"atRisk":329,"hazardShare":0.058,"floodShare":0.195,"areaKm2":1.24,"hvi":null,"lon":-122.46747,"lat":37.73881}},{"type":"Feature","geometry":{"type":"Polygon","coordinates":[[[-122.45952,37.7343],[-122.45908,37.73365],[-122.45947,37.73301],[-122.46044,37.73263],[-122.46057,37.73192],[-122.4613,37.73133],[-122.46139,37.73069],[-122.46176,37.73007],[-122.46154,37.72932],[-122.46182,37.72872],[-122.46083,37.72869],[-122.46184,37.72812],[-122.4629,37.72806],[-122.46256,37.72723],[-122.4628,37.72555],[-122.46221,37.7253],[-122.46228,37.72175],[-122.47245,37.72161],[-122.47268,37.71725],[-122.47293,37.71735],[-122.47504,37.71955],[-122.47538,37.72028],[-122.47536,37.72092],[-122.47609,37.72076],[-122.47537,37.72103],[-122.47487,37.72901],[-122.4752,37.73477],[-122.47177,37.73483],[-122.47158,37.73471],[-122.46448,37.73514],[-122.4649,37.73605],[-122.46422,37.73571],[-122.46309,37.73585],[-122.46289,37.73622],[-122.46315,37.73703],[-122.46125,37.73579],[-122.45952,37.7343]]]},"properties":{"id":171,"geoid":"06075030900","name":"Ingleside Terraces","tract":"309","pop":6548,"pop65":1366,"popU18":1483,"hh":2274,"hhNoVeh":101,"pov":246,"povUniverse":6537,"disab":658,"lep":655,"hhNoNet":105,"pop65Alone":271,"atRisk":61,"hazardShare":0.009,"floodShare":0.0,"areaKm2":1.88,"hvi":null,"lon":-122.46878,"lat":37.7271}},{"type":"Feature","geometry":{"type":"Polygon","coordinates":[[[-122.45344,37.73304],[-122.45341,37.72984],[-122.45409,37.72984],[-122.454,37.72852],[-122.45246,37.72851],[-122.45234,37.72831],[-122.45235,37.72318],[-122.46121,37.72498],[-122.4628,37.72555],[-122.46256,37.72723],[-122.4629,37.72806],[-122.46184,37.72812],[-122.46083,37.72869],[-122.46182,37.72872],[-122.46154,37.72932],[-122.46176,37.73007],[-122.46139,37.73069],[-122.4613,37.73133],[-122.46057,37.73192],[-122.46044,37.73263],[-122.45947,37.73301],[-122.45908,37.73365],[-122.45952,37.7343],[-122.45839,37.73459],[-122.45681,37.73454],[-122.45653,37.73427],[-122.455,37.7339],[-122.45429,37.73303],[-122.45344,37.73304]]]},"properties":{"id":172,"geoid":"06075031000","name":"Westwood Park","tract":"310","pop":4374,"pop65":974,"popU18":767,"hh":1576,"hhNoVeh":165,"pov":343,"povUniverse":4374,"disab":700,"lep":572,"hhNoNet":87,"pop65Alone":99,"atRisk":0,"hazardShare":0.0,"floodShare":0.0,"areaKm2":0.82,"hvi":null,"lon":-122.45784,"lat":37.72901}},{"type":"Feature","geometry":{"type":"Polygon","coordinates":[[[-122.43842,37.73435],[-122.43255,37.73313],[-122.43646,37.73134],[-122.43981,37.73011],[-122.4438,37.72824],[-122.44505,37.7273],[-122.44632,37.72598],[-122.44721,37.72464],[-122.44789,37.72301],[-122.45161,37.72304],[-122.45235,37.72318],[-122.45234,37.72831],[-122.45246,37.72851],[-122.454,37.72852],[-122.45409,37.72984],[-122.45341,37.72984],[-122.45344,37.73304],[-122.43883,37.73309],[-122.43842,37.73435]]]},"properties":{"id":173,"geoid":"06075031100","name":"Sunnyside","tract":"311","pop":6073,"pop65":1174,"popU18":676,"hh":2372,"hhNoVeh":256,"pov":302,"povUniverse":6073,"disab":440,"lep":1003,"hhNoNet":64,"pop65Alone":219,"atRisk":0,"hazardShare":0.0,"floodShare":0.0,"areaKm2":1.07,"hvi":null,"lon":-122.44848,"lat":37.72872}},{"type":"Feature","geometry":{"type":"Polygon","coordinates":[[[-122.45235,37.72318],[-122.44956,37.72302],[-122.45166,37.71969],[-122.45259,37.72005],[-122.45921,37.72003],[-122.4592,37.71823],[-122.46226,37.71822],[-122.46221,37.7253],[-122.45235,37.72318]]]},"properties":{"id":174,"geoid":"06075031201","name":"Ingleside","tract":"312.01","pop":6176,"pop65":1040,"popU18":835,"hh":1784,"hhNoVeh":396,"pov":785,"povUniverse":6168,"disab":768,"lep":1523,"hhNoNet":44,"pop65Alone":96,"atRisk":0,"hazardShare":0.0,"floodShare":0.0,"areaKm2":0.51,"hvi":null,"lon":-122.45632,"lat":37.72177}},{"type":"Feature","geometry":{"type":"Polygon","coordinates":[[[-122.44789,37.72301],[-122.4486,37.71842],[-122.45039,37.71617],[-122.4542,37.71824],[-122.4592,37.71823],[-122.45921,37.72003],[-122.45259,37.72005],[-122.45166,37.71969],[-122.44956,37.72302],[-122.44789,37.72301]]]},"properties":{"id":175,"geoid":"06075031202","name":"Mount Davidson Manor","tract":"312.02","pop":2869,"pop65":527,"popU18":510,"hh":804,"hhNoVeh":125,"pov":240,"povUniverse":2826,"disab":263,"lep":905,"hhNoNet":10,"pop65Alone":40,"atRisk":0,"hazardShare":0.0,"floodShare":0.0,"areaKm2":0.31,"hvi":null,"lon":-122.45382,"lat":37.71956}},{"type":"Feature","geometry":{"type":"Polygon","coordinates":[[[-122.46226,37.71822],[-122.46265,37.71822],[-122.46265,37.71794],[-122.46805,37.71791],[-122.46803,37.71611],[-122.47147,37.71609],[-122.47268,37.71725],[-122.47245,37.72161],[-122.46228,37.72175],[-122.46226,37.71822]]]},"properties":{"id":176,"geoid":"06075031301","name":"Balboa Terrace","tract":"313.01","pop":3697,"pop65":796,"popU18":474,"hh":1522,"hhNoVeh":52,"pov":462,"povUniverse":3697,"disab":309,"lep":956,"hhNoNet":43,"pop65Alone":303,"atRisk":0,"hazardShare":0.0,"floodShare":0.0,"areaKm2":0.45,"hvi":null,"lon":-122.46742,"lat":37.71921}},{"type":"Feature","geometry":{"type":"Polygon","coordinates":[[[-122.46265,37.71794],[-122.46257,37.71126],[-122.46087,37.71059],[-122.46478,37.71049],[-122.46717,37.70964],[-122.46895,37.70824],[-122.47134,37.70824],[-122.47135,37.71269],[-122.47268,37.71725],[-122.47147,37.71609],[-122.46803,37.71611],[-122.46805,37.71791],[-122.46265,37.71794]]]},"properties":{"id":177,"geoid":"06075031302","name":"Tract 313.02","tract":"313.02","pop":4890,"pop65":1020,"popU18":696,"hh":1716,"hhNoVeh":135,"pov":297,"povUniverse":4890,"disab":632,"lep":1483,"hhNoNet":25,"pop65Alone":82,"atRisk":0,"hazardShare":0.0,"floodShare":0.0,"areaKm2":0.69,"hvi":null,"lon":-122.467,"lat":37.71298}},{"type":"Feature","geometry":{"type":"Polygon","coordinates":[[[-122.44874,37.71745],[-122.44922,37.71631],[-122.45025,37.71514],[-122.45296,37.71278],[-122.45504,37.71132],[-122.45635,37.71084],[-122.45832,37.7106],[-122.46087,37.71059],[-122.46257,37.71126],[-122.4626,37.71404],[-122.45219,37.71411],[-122.4486,37.71842],[-122.44874,37.71745]]]},"properties":{"id":178,"geoid":"06075031401","name":"Ocean View","tract":"314.01","pop":2533,"pop65":442,"popU18":538,"hh":628,"hhNoVeh":75,"pov":519,"povUniverse":2516,"disab":371,"lep":942,"hhNoNet":11,"pop65Alone":40,"atRisk":0,"hazardShare":0.0,"floodShare":0.0,"areaKm2":0.33,"hvi":null,"lon":-122.45146,"lat":37.71445}},{"type":"Feature","geometry":{"type":"Polygon","coordinates":[[[-122.45039,37.71617],[-122.45219,37.71411],[-122.4626,37.71404],[-122.46265,37.71822],[-122.4542,37.71824],[-122.45039,37.71617]]]},"properties":{"id":179,"geoid":"06075031402","name":"Top of the Hill","tract":"314.02","pop":4199,"pop65":592,"popU18":801,"hh":1149,"hhNoVeh":166,"pov":258,"povUniverse":4134,"disab":567,"lep":1283,"hhNoNet":7,"pop65Alone":70,"atRisk":0,"hazardShare":0.0,"floodShare":0.0,"areaKm2":0.44,"hvi":null,"lon":-122.45653,"lat":37.71616}},{"type":"Feature","geometry":{"type":"Polygon","coordinates":[[[-122.47678,37.75984],[-122.48438,37.75951],[-122.48478,37.76517],[-122.47727,37.76549],[-122.47678,37.75984]]]},"properties":{"id":180,"geoid":"06075032601","name":"Tract 326.01","tract":"326.01","pop":4338,"pop65":628,"popU18":452,"hh":1774,"hhNoVeh":368,"pov":509,"povUniverse":4338,"disab":490,"lep":827,"hhNoNet":0,"pop65Alone":113,"atRisk":4338,"hazardShare":1.0,"floodShare":1.0,"areaKm2":0.42,"hvi":null,"lon":-122.48082,"lat":37.76247}},{"type":"Feature","geometry":{"type":"Polygon","coordinates":[[[-122.47688,37.75984],[-122.47661,37.75611],[-122.48626,37.75569],[-122.48692,37.76506],[-122.48478,37.76517],[-122.48438,37.75951],[-122.47688,37.75984]]]},"properties":{"id":181,"geoid":"06075032602","name":"Tract 326.02","tract":"326.02","pop":4118,"pop65":935,"popU18":638,"hh":1472,"hhNoVeh":195,"pov":327,"povUniverse":4118,"disab":531,"lep":672,"hhNoNet":43,"pop65Alone":165,"atRisk":4118,"hazardShare":1.0,"floodShare":1.0,"areaKm2":0.47,"hvi":null,"lon":-122.48553,"lat":37.76058}},{"type":"Feature","geometry":{"type":"Polygon","coordinates":[[[-122.48692,37.76506],[-122.48626,37.75569],[-122.49545,37.75528],[-122.4961,37.76468],[-122.48692,37.76506]]]},"properties":{"id":182,"geoid":"06075032700","name":"Tract 327","tract":"327","pop":6573,"pop65":1848,"popU18":790,"hh":2503,"hhNoVeh":174,"pov":420,"povUniverse":6490,"disab":779,"lep":1641,"hhNoNet":262,"pop65Alone":358,"atRisk":6573,"hazardShare":1.0,"floodShare":1.0,"areaKm2":0.84,"hvi":null,"lon":-122.49118,"lat":37.76014}},{"type":"Feature","geometry":{"type":"Polygon","coordinates":[[[-122.47623,37.75051],[-122.47574,37.74305],[-122.48535,37.74263],[-122.48574,37.74822],[-122.47931,37.74851],[-122.47944,37.75037],[-122.47837,37.75042],[-122.47623,37.75051]]]},"properties":{"id":183,"geoid":"06075032801","name":"Tract 328.01","tract":"328.01","pop":4021,"pop65":1129,"popU18":615,"hh":1250,"hhNoVeh":62,"pov":260,"povUniverse":3897,"disab":180,"lep":1337,"hhNoNet":0,"pop65Alone":78,"atRisk":4021,"hazardShare":1.0,"floodShare":0.942,"areaKm2":0.58,"hvi":null,"lon":-122.48081,"lat":37.74657}},{"type":"Feature","geometry":{"type":"Polygon","coordinates":[[[-122.47623,37.75051],[-122.47944,37.75037],[-122.47931,37.74851],[-122.48574,37.74822],[-122.48626,37.75569],[-122.47661,37.75611],[-122.47623,37.75051]]]},"properties":{"id":184,"geoid":"06075032802","name":"Tract 328.02","tract":"328.02","pop":4268,"pop65":1111,"popU18":621,"hh":1511,"hhNoVeh":173,"pov":382,"povUniverse":4268,"disab":460,"lep":1146,"hhNoNet":61,"pop65Alone":276,"atRisk":4268,"hazardShare":1.0,"floodShare":0.791,"areaKm2":0.65,"hvi":null,"lon":-122.48118,"lat":37.75211}},{"type":"Feature","geometry":{"type":"Polygon","coordinates":[[[-122.48587,37.75009],[-122.48535,37.74263],[-122.49452,37.74223],[-122.49506,37.74969],[-122.48587,37.75009]]]},"properties":{"id":185,"geoid":"06075032901","name":"Tract 329.01","tract":"329.01","pop":6013,"pop65":1158,"popU18":1478,"hh":1722,"hhNoVeh":224,"pov":263,"povUniverse":6000,"disab":552,"lep":1622,"hhNoNet":93,"pop65Alone":79,"atRisk":6013,"hazardShare":1.0,"floodShare":0.999,"areaKm2":0.67,"hvi":null,"lon":-122.49021,"lat":37.74621}},{"type":"Feature","geometry":{"type":"Polygon","coordinates":[[[-122.48587,37.75009],[-122.49506,37.74969],[-122.49545,37.75528],[-122.48626,37.75569],[-122.48587,37.75009]]]},"properties":{"id":186,"geoid":"06075032902","name":"Sunset District","tract":"329.02","pop":3720,"pop65":998,"popU18":524,"hh":1310,"hhNoVeh":99,"pov":136,"povUniverse":3702,"disab":278,"lep":1352,"hhNoNet":112,"pop65Alone":198,"atRisk":3720,"hazardShare":1.0,"floodShare":1.0,"areaKm2":0.5,"hvi":null,"lon":-122.49066,"lat":37.75262}},{"type":"Feature","geometry":{"type":"Polygon","coordinates":[[[-122.47956,37.73462],[-122.49395,37.73399],[-122.49452,37.74223],[-122.48535,37.74263],[-122.48509,37.7389],[-122.49044,37.73867],[-122.49038,37.73794],[-122.4913,37.73731],[-122.4907,37.73655],[-122.49047,37.73585],[-122.49028,37.73561],[-122.48895,37.7352],[-122.48633,37.73501],[-122.48279,37.73546],[-122.47956,37.73462]]]},"properties":{"id":187,"geoid":"06075033001","name":"Parkside","tract":"330.01","pop":3911,"pop65":917,"popU18":600,"hh":1419,"hhNoVeh":82,"pov":374,"povUniverse":3911,"disab":299,"lep":852,"hhNoNet":246,"pop65Alone":301,"atRisk":3858,"hazardShare":0.986,"floodShare":0.924,"areaKm2":0.58,"hvi":null,"lon":-122.49232,"lat":37.73817}},{"type":"Feature","geometry":{"type":"Polygon","coordinates":[[[-122.4752,37.73477],[-122.47956,37.73462],[-122.48279,37.73546],[-122.48599,37.735],[-122.48895,37.7352],[-122.49028,37.73561],[-122.4913,37.73731],[-122.49038,37.73794],[-122.49044,37.73867],[-122.48509,37.7389],[-122.48535,37.74263],[-122.47574,37.74305],[-122.4752,37.73477]]]},"properties":{"id":188,"geoid":"06075033002","name":"Tract 330.02","tract":"330.02","pop":4015,"pop65":822,"popU18":655,"hh":1448,"hhNoVeh":134,"pov":482,"povUniverse":3972,"disab":439,"lep":686,"hhNoNet":48,"pop65Alone":138,"atRisk":3584,"hazardShare":0.893,"floodShare":0.633,"areaKm2":0.94,"hvi":null,"lon":-122.48055,"lat":37.73886}},{"type":"Feature","geometry":{"type":"Polygon","coordinates":[[[-122.47499,37.73108],[-122.48194,37.73118],[-122.48619,37.73088],[-122.48662,37.72956],[-122.4889,37.73026],[-122.48959,37.73029],[-122.49015,37.73001],[-122.49099,37.72912],[-122.49204,37.72882],[-122.49354,37.7296],[-122.4957,37.72906],[-122.49671,37.72913],[-122.49737,37.72967],[-122.49816,37.73138],[-122.49821,37.73192],[-122.49747,37.73302],[-122.49646,37.73388],[-122.4752,37.73477],[-122.47499,37.73108]]]},"properties":{"id":189,"geoid":"06075033100","name":"Tract 331","tract":"331","pop":3755,"pop65":935,"popU18":869,"hh":1383,"hhNoVeh":94,"pov":199,"povUniverse":3744,"disab":327,"lep":526,"hhNoNet":31,"pop65Alone":174,"atRisk":1227,"hazardShare":0.327,"floodShare":0.145,"areaKm2":0.89,"hvi":null,"lon":-122.48661,"lat":37.73168}},{"type":"Feature","geometry":{"type":"Polygon","coordinates":[[[-122.47499,37.73108],[-122.47487,37.72901],[-122.47537,37.72103],[-122.47609,37.72076],[-122.48057,37.72091],[-122.48088,37.72073],[-122.48212,37.72185],[-122.48262,37.72208],[-122.48342,37.72295],[-122.4851,37.72414],[-122.48397,37.7271],[-122.48542,37.72902],[-122.48574,37.7293],[-122.48662,37.72956],[-122.48619,37.73088],[-122.48194,37.73118],[-122.47499,37.73108]]]},"properties":{"id":190,"geoid":"06075033201","name":"Tract 332.01","tract":"332.01","pop":3316,"pop65":101,"popU18":75,"hh":638,"hhNoVeh":272,"pov":711,"povUniverse":1575,"disab":357,"lep":456,"hhNoNet":6,"pop65Alone":44,"atRisk":1080,"hazardShare":0.326,"floodShare":0.107,"areaKm2":0.93,"hvi":null,"lon":-122.47965,"lat":37.7262}},{"type":"Feature","geometry":{"type":"Polygon","coordinates":[[[-122.47268,37.71725],[-122.47137,37.71281],[-122.4726,37.71294],[-122.47664,37.71457],[-122.48529,37.71483],[-122.48514,37.71858],[-122.48316,37.71852],[-122.48322,37.71759],[-122.48073,37.71751],[-122.47999,37.71695],[-122.47869,37.71791],[-122.47813,37.71749],[-122.47773,37.71742],[-122.47725,37.71771],[-122.47583,37.7169],[-122.47527,37.71742],[-122.4744,37.71751],[-122.47461,37.7188],[-122.47488,37.71904],[-122.47467,37.71916],[-122.47268,37.71725]]]},"properties":{"id":191,"geoid":"06075033203","name":"Parkmerced","tract":"332.03","pop":2895,"pop65":480,"popU18":531,"hh":1424,"hhNoVeh":204,"pov":437,"povUniverse":2895,"disab":479,"lep":528,"hhNoNet":220,"pop65Alone":141,"atRisk":232,"hazardShare":0.08,"floodShare":0.005,"areaKm2":0.44,"hvi":null,"lon":-122.4787,"lat":37.71547}},{"type":"Feature","geometry":{"type":"Polygon","coordinates":[[[-122.47609,37.72076],[-122.47536,37.72092],[-122.47538,37.72028],[-122.47467,37.71916],[-122.47488,37.71904],[-122.47461,37.7188],[-122.4744,37.71751],[-122.47527,37.71742],[-122.47583,37.7169],[-122.47725,37.71771],[-122.47773,37.71742],[-122.47813,37.71749],[-122.47869,37.71791],[-122.47999,37.71695],[-122.48073,37.71751],[-122.48322,37.71759],[-122.48316,37.71852],[-122.48514,37.71858],[-122.4851,37.72414],[-122.48342,37.72295],[-122.48262,37.72208],[-122.48212,37.72185],[-122.48088,37.72073],[-122.48057,37.72091],[-122.47609,37.72076]]]},"properties":{"id":192,"geoid":"06075033204","name":"Tract 332.04","tract":"332.04","pop":3816,"pop65":1051,"popU18":553,"hh":1648,"hhNoVeh":551,"pov":1169,"povUniverse":3816,"disab":783,"lep":793,"hhNoNet":55,"pop65Alone":338,"atRisk":0,"hazardShare":0.0,"floodShare":0.0,"areaKm2":0.39,"hvi":null,"lon":-122.48026,"lat":37.72047}},{"type":"Feature","geometry":{"type":"Polygon","coordinates":[[[-122.49571,37.75901],[-122.50259,37.7587],[-122.50299,37.76435],[-122.4961,37.76468],[-122.49571,37.75901]]]},"properties":{"id":193,"geoid":"06075035101","name":"Tract 351.01","tract":"351.01","pop":3748,"pop65":761,"popU18":502,"hh":1452,"hhNoVeh":188,"pov":454,"povUniverse":3690,"disab":372,"lep":773,"hhNoNet":74,"pop65Alone":173,"atRisk":3748,"hazardShare":1.0,"floodShare":1.0,"areaKm2":0.38,"hvi":null,"lon":-122.49935,"lat":37.76171}},{"type":"Feature","geometry":{"type":"Polygon","coordinates":[[[-122.49571,37.75901],[-122.49518,37.75155],[-122.49993,37.75134],[-122.4998,37.74948],[-122.50194,37.74938],[-122.50259,37.7587],[-122.49571,37.75901]]]},"properties":{"id":194,"geoid":"06075035102","name":"Tract 351.02","tract":"351.02","pop":3755,"pop65":877,"popU18":739,"hh":1259,"hhNoVeh":128,"pov":242,"povUniverse":3755,"disab":293,"lep":1093,"hhNoNet":47,"pop65Alone":105,"atRisk":3755,"hazardShare":1.0,"floodShare":1.0,"areaKm2":0.54,"hvi":null,"lon":-122.49883,"lat":37.75425}},{"type":"Feature","geometry":{"type":"Polygon","coordinates":[[[-122.50259,37.7587],[-122.50194,37.74938],[-122.50795,37.74912],[-122.50889,37.74883],[-122.50972,37.74885],[-122.50985,37.74945],[-122.51045,37.75035],[-122.51054,37.75158],[-122.51104,37.75256],[-122.51132,37.75437],[-122.51114,37.7552],[-122.51197,37.7598],[-122.51189,37.76098],[-122.51248,37.76252],[-122.51238,37.76359],[-122.50988,37.76409],[-122.50912,37.75842],[-122.50259,37.7587]]]},"properties":{"id":195,"geoid":"06075035201","name":"Outer Sunset","tract":"352.01","pop":5020,"pop65":1266,"popU18":710,"hh":1915,"hhNoVeh":181,"pov":360,"povUniverse":5020,"disab":657,"lep":1058,"hhNoNet":21,"pop65Alone":213,"atRisk":5020,"hazardShare":1.0,"floodShare":0.913,"areaKm2":0.94,"hvi":null,"lon":-122.50695,"lat":37.75645}},{"type":"Feature","geometry":{"type":"Polygon","coordinates":[[[-122.50259,37.7587],[-122.50912,37.75842],[-122.50988,37.76409],[-122.50299,37.76435],[-122.50259,37.7587]]]},"properties":{"id":196,"geoid":"06075035202","name":"Tract 352.02","tract":"352.02","pop":4188,"pop65":737,"popU18":796,"hh":1677,"hhNoVeh":165,"pov":337,"povUniverse":4180,"disab":557,"lep":912,"hhNoNet":22,"pop65Alone":198,"atRisk":4188,"hazardShare":1.0,"floodShare":1.0,"areaKm2":0.37,"hvi":null,"lon":-122.50616,"lat":37.76135}},{"type":"Feature","geometry":{"type":"Polygon","coordinates":[[[-122.49518,37.75155],[-122.49395,37.73399],[-122.49687,37.73387],[-122.49862,37.73419],[-122.50105,37.73531],[-122.50194,37.74938],[-122.4998,37.74948],[-122.49993,37.75134],[-122.49564,37.75153],[-122.49518,37.75155]]]},"properties":{"id":197,"geoid":"06075035300","name":"Tract 353","tract":"353","pop":6525,"pop65":1440,"popU18":1016,"hh":2537,"hhNoVeh":344,"pov":618,"povUniverse":6525,"disab":682,"lep":1494,"hhNoNet":97,"pop65Alone":304,"atRisk":6525,"hazardShare":1.0,"floodShare":1.0,"areaKm2":1.12,"hvi":null,"lon":-122.49804,"lat":37.74301}},{"type":"Feature","geometry":{"type":"Polygon","coordinates":[[[-122.50105,37.73531],[-122.50257,37.73556],[-122.50653,37.73558],[-122.50855,37.73541],[-122.50846,37.73632],[-122.50891,37.73901],[-122.50875,37.74031],[-122.50926,37.74135],[-122.50907,37.74246],[-122.5097,37.74444],[-122.50935,37.74594],[-122.50984,37.74775],[-122.50972,37.74885],[-122.50889,37.74883],[-122.50795,37.74912],[-122.50194,37.74938],[-122.50105,37.73531]]]},"properties":{"id":198,"geoid":"06075035400","name":"Tract 354","tract":"354","pop":7140,"pop65":1523,"popU18":1417,"hh":2477,"hhNoVeh":468,"pov":631,"povUniverse":7140,"disab":942,"lep":1335,"hhNoNet":181,"pop65Alone":285,"atRisk":7140,"hazardShare":1.0,"floodShare":0.934,"areaKm2":1.03,"hvi":null,"lon":-122.50526,"lat":37.74237}},{"type":"Feature","geometry":{"type":"Polygon","coordinates":[[[-122.45949,37.78972],[-122.45889,37.78133],[-122.4643,37.78109],[-122.46479,37.78857],[-122.45949,37.78972]]]},"properties":{"id":199,"geoid":"06075040100","name":"Presidio Terrace","tract":"401","pop":4315,"pop65":681,"popU18":691,"hh":1742,"hhNoVeh":376,"pov":131,"povUniverse":4275,"disab":359,"lep":629,"hhNoNet":27,"pop65Alone":284,"atRisk":0,"hazardShare":0.0,"floodShare":1.0,"areaKm2":0.42,"hvi":null,"lon":-122.46189,"lat":37.78539}},{"type":"Feature","geometry":{"type":"Polygon","coordinates":[[[-122.4643,37.78109],[-122.47228,37.78075],[-122.47261,37.7855],[-122.47236,37.78724],[-122.47093,37.78723],[-122.46479,37.78857],[-122.4643,37.78109]]]},"properties":{"id":200,"geoid":"06075040200","name":"Tract 402","tract":"402","pop":4719,"pop65":880,"popU18":744,"hh":2213,"hhNoVeh":735,"pov":248,"povUniverse":4719,"disab":384,"lep":733,"hhNoNet":36,"pop65Alone":215,"atRisk":881,"hazardShare":0.187,"floodShare":0.987,"areaKm2":0.53,"hvi":null,"lon":-122.46855,"lat":37.78468}},{"type":"Feature","geometry":{"type":"Polygon","coordinates":[[[-122.47832,37.78045],[-122.48368,37.78021],[-122.48409,37.7858],[-122.47873,37.78604],[-122.47832,37.78045]]]},"properties":{"id":201,"geoid":"06075042601","name":"Tract 426.01","tract":"426.01","pop":4342,"pop65":710,"popU18":535,"hh":1735,"hhNoVeh":394,"pov":309,"povUniverse":4342,"disab":314,"lep":566,"hhNoNet":21,"pop65Alone":186,"atRisk":4342,"hazardShare":1.0,"floodShare":1.0,"areaKm2":0.29,"hvi":null,"lon":-122.4812,"lat":37.78312}},{"type":"Feature","geometry":{"type":"Polygon","coordinates":[[[-122.47228,37.78075],[-122.47832,37.78045],[-122.47873,37.78604],[-122.4726,37.78632],[-122.47228,37.78075]]]},"properties":{"id":202,"geoid":"06075042602","name":"Tract 426.02","tract":"426.02","pop":3202,"pop65":437,"popU18":701,"hh":1367,"hhNoVeh":273,"pov":312,"povUniverse":3202,"disab":339,"lep":190,"hhNoNet":40,"pop65Alone":153,"atRisk":3202,"hazardShare":1.0,"floodShare":1.0,"areaKm2":0.33,"hvi":null,"lon":-122.4755,"lat":37.78343}},{"type":"Feature","geometry":{"type":"Polygon","coordinates":[[[-122.48368,37.78021],[-122.49332,37.77976],[-122.4935,37.7835],[-122.48716,37.78379],[-122.4873,37.78565],[-122.48409,37.7858],[-122.48368,37.78021]]]},"properties":{"id":203,"geoid":"06075042700","name":"Tract 427","tract":"427","pop":5134,"pop65":1221,"popU18":713,"hh":2707,"hhNoVeh":718,"pov":429,"povUniverse":5107,"disab":612,"lep":974,"hhNoNet":138,"pop65Alone":539,"atRisk":5134,"hazardShare":1.0,"floodShare":1.0,"areaKm2":0.41,"hvi":null,"lon":-122.48866,"lat":37.78271}},{"type":"Feature","geometry":{"type":"Polygon","coordinates":[[[-122.47236,37.78724],[-122.4726,37.78632],[-122.4873,37.78565],[-122.48716,37.78379],[-122.4935,37.7835],[-122.49376,37.78762],[-122.49284,37.78789],[-122.49269,37.78776],[-122.49213,37.78788],[-122.49087,37.78856],[-122.48984,37.78949],[-122.489,37.78929],[-122.48788,37.78959],[-122.48738,37.78943],[-122.48596,37.79084],[-122.48474,37.78974],[-122.48402,37.78944],[-122.48392,37.789],[-122.48416,37.78845],[-122.48416,37.78767],[-122.48381,37.78775],[-122.47986,37.7868],[-122.47556,37.78679],[-122.47236,37.78724]]]},"properties":{"id":204,"geoid":"06075042800","name":"Seacliff","tract":"428","pop":2471,"pop65":642,"popU18":518,"hh":959,"hhNoVeh":57,"pov":115,"povUniverse":2471,"disab":244,"lep":154,"hhNoNet":7,"pop65Alone":191,"atRisk":2454,"hazardShare":0.993,"floodShare":0.895,"areaKm2":0.57,"hvi":null,"lon":-122.48759,"lat":37.78718}},{"type":"Feature","geometry":{"type":"Polygon","coordinates":[[[-122.45838,37.77431],[-122.46376,37.77363],[-122.4643,37.78109],[-122.45889,37.78133],[-122.45838,37.77431]]]},"properties":{"id":205,"geoid":"06075045100","name":"Tract 451","tract":"451","pop":4713,"pop65":519,"popU18":714,"hh":1904,"hhNoVeh":311,"pov":149,"povUniverse":4642,"disab":489,"lep":448,"hhNoNet":51,"pop65Alone":191,"atRisk":105,"hazardShare":0.022,"floodShare":1.0,"areaKm2":0.38,"hvi":null,"lon":-122.46134,"lat":37.77765}},{"type":"Feature","geometry":{"type":"Polygon","coordinates":[[[-122.46751,37.78094],[-122.46697,37.77336],[-122.47172,37.77315],[-122.47228,37.78075],[-122.46751,37.78094]]]},"properties":{"id":206,"geoid":"06075045201","name":"Tract 452.01","tract":"452.01","pop":3045,"pop65":646,"popU18":513,"hh":1324,"hhNoVeh":334,"pov":126,"povUniverse":3013,"disab":394,"lep":335,"hhNoNet":82,"pop65Alone":78,"atRisk":2971,"hazardShare":0.976,"floodShare":1.0,"areaKm2":0.35,"hvi":null,"lon":-122.46961,"lat":37.77698}},{"type":"Feature","geometry":{"type":"Polygon","coordinates":[[[-122.46376,37.77363],[-122.46697,37.77336],[-122.46751,37.78094],[-122.4643,37.78109],[-122.46376,37.77363]]]},"properties":{"id":207,"geoid":"06075045202","name":"Inner Richmond","tract":"452.02","pop":3332,"pop65":519,"popU18":723,"hh":1489,"hhNoVeh":331,"pov":149,"povUniverse":3332,"disab":431,"lep":527,"hhNoNet":112,"pop65Alone":225,"atRisk":1669,"hazardShare":0.501,"floodShare":1.0,"areaKm2":0.24,"hvi":null,"lon":-122.46563,"lat":37.77717}},{"type":"Feature","geometry":{"type":"Polygon","coordinates":[[[-122.47172,37.77315],[-122.47885,37.77282],[-122.4794,37.78041],[-122.47228,37.78075],[-122.47172,37.77315]]]},"properties":{"id":208,"geoid":"06075047600","name":"Richmond District","tract":"476","pop":5098,"pop65":1049,"popU18":853,"hh":2230,"hhNoVeh":264,"pov":189,"povUniverse":5098,"disab":180,"lep":615,"hhNoNet":128,"pop65Alone":302,"atRisk":5098,"hazardShare":1.0,"floodShare":1.0,"areaKm2":0.53,"hvi":null,"lon":-122.47555,"lat":37.77667}},{"type":"Feature","geometry":{"type":"Polygon","coordinates":[[[-122.47912,37.77655],[-122.48875,37.77611],[-122.48903,37.77998],[-122.4794,37.78041],[-122.47912,37.77655]]]},"properties":{"id":209,"geoid":"06075047701","name":"Tract 477.01","tract":"477.01","pop":4724,"pop65":799,"popU18":767,"hh":2002,"hhNoVeh":605,"pov":393,"povUniverse":4724,"disab":350,"lep":981,"hhNoNet":69,"pop65Alone":203,"atRisk":4724,"hazardShare":1.0,"floodShare":1.0,"areaKm2":0.36,"hvi":null,"lon":-122.48407,"lat":37.7782}},{"type":"Feature","geometry":{"type":"Polygon","coordinates":[[[-122.47885,37.77282],[-122.48848,37.77238],[-122.48875,37.77611],[-122.47912,37.77655],[-122.47885,37.77282]]]},"properties":{"id":210,"geoid":"06075047702","name":"Tract 477.02","tract":"477.02","pop":3135,"pop65":850,"popU18":356,"hh":1552,"hhNoVeh":407,"pov":400,"povUniverse":3135,"disab":381,"lep":765,"hhNoNet":106,"pop65Alone":249,"atRisk":3135,"hazardShare":1.0,"floodShare":1.0,"areaKm2":0.35,"hvi":null,"lon":-122.4838,"lat":37.77447}},{"type":"Feature","geometry":{"type":"Polygon","coordinates":[[[-122.48903,37.77998],[-122.48848,37.77238],[-122.49492,37.77209],[-122.49519,37.77582],[-122.49733,37.77572],[-122.49747,37.77758],[-122.49318,37.77778],[-122.49332,37.77976],[-122.48903,37.77998]]]},"properties":{"id":211,"geoid":"06075047801","name":"Tract 478.01","tract":"478.01","pop":4132,"pop65":894,"popU18":603,"hh":1732,"hhNoVeh":209,"pov":229,"povUniverse":4127,"disab":597,"lep":843,"hhNoNet":34,"pop65Alone":219,"atRisk":4132,"hazardShare":1.0,"floodShare":0.915,"areaKm2":0.48,"hvi":null,"lon":-122.49305,"lat":37.77597}},{"type":"Feature","geometry":{"type":"Polygon","coordinates":[[[-122.49346,37.78163],[-122.49318,37.77778],[-122.49747,37.77758],[-122.49733,37.77572],[-122.49519,37.77582],[-122.49492,37.77209],[-122.49813,37.77194],[-122.49881,37.78138],[-122.49346,37.78163]]]},"properties":{"id":212,"geoid":"06075047802","name":"Outer Richmond","tract":"478.02","pop":3581,"pop65":775,"popU18":636,"hh":1418,"hhNoVeh":123,"pov":201,"povUniverse":3546,"disab":342,"lep":661,"hhNoNet":116,"pop65Alone":243,"atRisk":3581,"hazardShare":1.0,"floodShare":1.0,"areaKm2":0.34,"hvi":null,"lon":-122.49794,"lat":37.77668}},{"type":"Feature","geometry":{"type":"Polygon","coordinates":[[[-122.49853,37.77754],[-122.50924,37.77705],[-122.50945,37.77986],[-122.51013,37.78101],[-122.50633,37.78112],[-122.50631,37.781],[-122.49881,37.78138],[-122.49853,37.77754]]]},"properties":{"id":213,"geoid":"06075047902","name":"Tract 479.02","tract":"479.02","pop":3236,"pop65":780,"popU18":306,"hh":1514,"hhNoVeh":279,"pov":204,"povUniverse":3236,"disab":402,"lep":442,"hhNoNet":80,"pop65Alone":154,"atRisk":3236,"hazardShare":1.0,"floodShare":1.0,"areaKm2":0.41,"hvi":null,"lon":-122.50403,"lat":37.77919}},{"type":"Feature","geometry":{"type":"Polygon","coordinates":[[[-122.49826,37.77381],[-122.50897,37.77331],[-122.50924,37.77705],[-122.49853,37.77754],[-122.49826,37.77381]]]},"properties":{"id":214,"geoid":"06075047903","name":"Tract 479.03","tract":"479.03","pop":3348,"pop65":929,"popU18":366,"hh":1405,"hhNoVeh":129,"pov":509,"povUniverse":3348,"disab":305,"lep":577,"hhNoNet":63,"pop65Alone":187,"atRisk":3348,"hazardShare":1.0,"floodShare":1.0,"areaKm2":0.39,"hvi":null,"lon":-122.50375,"lat":37.77538}},{"type":"Feature","geometry":{"type":"MultiPolygon","coordinates":[[[[-122.5152,37.77793],[-122.51593,37.77769],[-122.51649,37.77775],[-122.51721,37.77807],[-122.51704,37.77832],[-122.5159,37.77893],[-122.51549,37.77871],[-122.51556,37.77849],[-122.5152,37.77793]]],[[[-122.51695,37.77967],[-122.51741,37.77968],[-122.51793,37.77996],[-122.51781,37.7806],[-122.5172,37.78073],[-122.5168,37.77993],[-122.51695,37.77967]]],[[[-122.50987,37.7848],[-122.5098,37.78403],[-122.5075,37.78219],[-122.50849,37.78228],[-122.50894,37.78202],[-122.50985,37.7822],[-122.51023,37.78204],[-122.51079,37.78206],[-122.50945,37.77986],[-122.50897,37.77331],[-122.49826,37.77381],[-122.49813,37.77194],[-122.51096,37.77135],[-122.51316,37.77077],[-122.51313,37.776],[-122.51353,37.77761],[-122.51398,37.77775],[-122.51464,37.77851],[-122.51451,37.77925],[-122.51496,37.77972],[-122.51458,37.7799],[-122.51449,37.78043],[-122.51474,37.78114],[-122.5146,37.78131],[-122.51431,37.78128],[-122.51426,37.78147],[-122.51377,37.78148],[-122.5139,37.78162],[-122.51348,37.7822],[-122.51351,37.78271],[-122.51311,37.78278],[-122.51304,37.7832],[-122.51248,37.78375],[-122.51269,37.78413],[-122.51212,37.7838],[-122.51192,37.78433],[-122.51131,37.78429],[-122.51124,37.78459],[-122.51104,37.78449],[-122.50987,37.7848]]]]},"properties":{"id":215,"geoid":"06075047904","name":"Tract 479.04","tract":"479.04","pop":3077,"pop65":742,"popU18":494,"hh":1380,"hhNoVeh":398,"pov":497,"povUniverse":3075,"disab":510,"lep":538,"hhNoNet":52,"pop65Alone":376,"atRisk":3077,"hazardShare":1.0,"floodShare":0.693,"areaKm2":0.77,"hvi":null,"lon":-122.51168,"lat":37.77782}},{"type":"Feature","geometry":{"type":"Polygon","coordinates":[[[-122.44814,37.8069],[-122.44816,37.80635],[-122.44851,37.80609],[-122.44825,37.80448],[-122.44914,37.80401],[-122.44962,37.80301],[-122.44936,37.80225],[-122.44882,37.80178],[-122.4484,37.80157],[-122.44783,37.80164],[-122.44631,37.79188],[-122.44938,37.79149],[-122.44944,37.79164],[-122.45949,37.78972],[-122.47093,37.78723],[-122.47333,37.7872],[-122.47556,37.78679],[-122.47986,37.7868],[-122.48381,37.78775],[-122.48416,37.78767],[-122.48416,37.78845],[-122.48392,37.789],[-122.48402,37.78944],[-122.48474,37.78974],[-122.48596,37.79084],[-122.48438,37.79274],[-122.48361,37.79404],[-122.48331,37.79468],[-122.48353,37.79474],[-122.48219,37.79784],[-122.48209,37.79848],[-122.48184,37.79858],[-122.48195,37.79878],[-122.48157,37.79875],[-122.4817,37.79893],[-122.48112,37.79962],[-122.48099,37.80034],[-122.48022,37.80142],[-122.47991,37.8029],[-122.47874,37.8055],[-122.47842,37.8081],[-122.47791,37.80845],[-122.47799,37.81055],[-122.4777,37.81063],[-122.47775,37.81095],[-122.47733,37.81103],[-122.47648,37.81084],[-122.47606,37.80965],[-122.47481,37.80918],[-122.47268,37.80904],[-122.47061,37.8086],[-122.47005,37.80943],[-122.46994,37.80944],[-122.46942,37.80921],[-122.46946,37.80907],[-122.47006,37.80929],[-122.47055,37.80859],[-122.46932,37.80773],[-122.4688,37.80701],[-122.46832,37.80682],[-122.46816,37.80699],[-122.46817,37.80671],[-122.46668,37.80581],[-122.46607,37.80642],[-122.4659,37.80631],[-122.46614,37.80632],[-122.46667,37.8058],[-122.46359,37.80488],[-122.46161,37.80496],[-122.45844,37.80548],[-122.4545,37.80647],[-122.45383,37.8063],[-122.45245,37.80627],[-122.44932,37.80684],[-122.44874,37.80671],[-122.44814,37.8069]]]},"properties":{"id":216,"geoid":"06075060100","name":"Tract 601","tract":"601","pop":3901,"pop65":170,"popU18":1157,"hh":1346,"hhNoVeh":22,"pov":16,"povUniverse":3895,"disab":158,"lep":119,"hhNoNet":22,"pop65Alone":66,"atRisk":1906,"hazardShare":0.488,"floodShare":0.498,"areaKm2":6.11,"hvi":null,"lon":-122.46454,"lat":37.79884}},{"type":"Feature","geometry":{"type":"Polygon","coordinates":[[[-122.50105,37.73531],[-122.49862,37.73419],[-122.49658,37.73386],[-122.49812,37.73227],[-122.49821,37.73192],[-122.49816,37.73138],[-122.49737,37.72967],[-122.49671,37.72913],[-122.4957,37.72906],[-122.49354,37.7296],[-122.49241,37.72891],[-122.49177,37.72882],[-122.49099,37.72912],[-122.48991,37.73017],[-122.48922,37.73032],[-122.48574,37.7293],[-122.48542,37.72902],[-122.48407,37.72742],[-122.48397,37.72703],[-122.48514,37.72395],[-122.48529,37.71483],[-122.47664,37.71457],[-122.4726,37.71294],[-122.47137,37.71281],[-122.47134,37.70824],[-122.4856,37.70824],[-122.4857,37.70807],[-122.50284,37.70814],[-122.50366,37.71182],[-122.50405,37.71214],[-122.50467,37.71486],[-122.50608,37.7191],[-122.50616,37.72066],[-122.50656,37.72167],[-122.50769,37.72847],[-122.50807,37.72976],[-122.5082,37.73096],[-122.50805,37.73164],[-122.50843,37.73289],[-122.50828,37.73477],[-122.50855,37.73541],[-122.50653,37.73558],[-122.50257,37.73556],[-122.50105,37.73531]]]},"properties":{"id":217,"geoid":"06075060400","name":"Lakewood Apartments at Lake Merced","tract":"604","pop":1935,"pop65":277,"popU18":340,"hh":1124,"hhNoVeh":123,"pov":219,"povUniverse":1935,"disab":137,"lep":190,"hhNoNet":29,"pop65Alone":160,"atRisk":1528,"hazardShare":0.79,"floodShare":0.345,"areaKm2":5.71,"hvi":null,"lon":-122.49591,"lat":37.72229}},{"type":"Feature","geometry":{"type":"Polygon","coordinates":[[[-122.41565,37.71274],[-122.4169,37.70996],[-122.41746,37.71012],[-122.4177,37.70948],[-122.41936,37.70995],[-122.4201,37.70824],[-122.4239,37.70824],[-122.42334,37.70932],[-122.42505,37.71055],[-122.42766,37.71162],[-122.42757,37.71179],[-122.42735,37.71176],[-122.42667,37.71144],[-122.42661,37.71162],[-122.42405,37.71057],[-122.42297,37.71084],[-122.42284,37.71096],[-122.42321,37.71113],[-122.42263,37.71226],[-122.42425,37.71275],[-122.42377,37.71408],[-122.42219,37.71364],[-122.42149,37.71426],[-122.41565,37.71274]]]},"properties":{"id":218,"geoid":"06075060502","name":"Tract 605.02","tract":"605.02","pop":2595,"pop65":321,"popU18":632,"hh":800,"hhNoVeh":150,"pov":633,"povUniverse":2584,"disab":452,"lep":877,"hhNoNet":33,"pop65Alone":57,"atRisk":0,"hazardShare":0.0,"floodShare":0.0,"areaKm2":0.35,"hvi":null,"lon":-122.41974,"lat":37.71124}},{"type":"Feature","geometry":{"type":"MultiPolygon","coordinates":[[[[-122.384,37.76707],[-122.38403,37.76707],[-122.383,37.76714],[-122.384,37.76707]]],[[[-122.38474,37.78289],[-122.38473,37.78253],[-122.3878,37.78228],[-122.38777,37.7818],[-122.38556,37.78194],[-122.38553,37.78178],[-122.38487,37.7818],[-122.38552,37.78175],[-122.38554,37.78158],[-122.38764,37.78146],[-122.3876,37.78097],[-122.3875,37.78111],[-122.38723,37.78099],[-122.38724,37.78112],[-122.38709,37.781],[-122.3871,37.78113],[-122.38705,37.781],[-122.38697,37.78114],[-122.3867,37.78102],[-122.38671,37.78115],[-122.38657,37.78103],[-122.38658,37.78116],[-122.3863,37.78104],[-122.38631,37.78118],[-122.38604,37.78106],[-122.38605,37.78119],[-122.3859,37.78107],[-122.38591,37.7812],[-122.38586,37.78107],[-122.38579,37.78121],[-122.38574,37.78108],[-122.38552,37.78122],[-122.38537,37.7811],[-122.38539,37.78123],[-122.38534,37.7811],[-122.38512,37.78124],[-122.38485,37.78113],[-122.38483,37.78126],[-122.38481,37.78098],[-122.38484,37.78111],[-122.38509,37.78097],[-122.38511,37.78109],[-122.38533,37.78095],[-122.38547,37.78107],[-122.38546,37.78095],[-122.38551,37.78107],[-122.38573,37.78093],[-122.38578,37.78105],[-122.38585,37.78092],[-122.38626,37.78103],[-122.38629,37.7809],[-122.38639,37.78102],[-122.38639,37.78089],[-122.38643,37.78102],[-122.38665,37.78088],[-122.38692,37.78099],[-122.38694,37.78086],[-122.38696,37.78099],[-122.38721,37.78085],[-122.38732,37.78097],[-122.38731,37.78084],[-122.3876,37.78095],[-122.38754,37.78049],[-122.3871,37.78063],[-122.38706,37.78052],[-122.38698,37.78064],[-122.38694,37.78053],[-122.38687,37.78064],[-122.38628,37.78057],[-122.38629,37.78068],[-122.38604,37.78058],[-122.38604,37.78069],[-122.38568,37.7806],[-122.38569,37.78071],[-122.38486,37.78065],[-122.38483,37.78076],[-122.38482,37.78053],[-122.38754,37.78047],[-122.3875,37.78005],[-122.38731,37.78018],[-122.38706,37.78008],[-122.38706,37.78019],[-122.38702,37.78008],[-122.38683,37.78021],[-122.38679,37.78009],[-122.3866,37.78022],[-122.38624,37.78012],[-122.38625,37.78024],[-122.38541,37.78017],[-122.38542,37.78028],[-122.38528,37.78018],[-122.38529,37.78029],[-122.38482,37.78021],[-122.38479,37.78032],[-122.38478,37.78009],[-122.3875,37.78003],[-122.38746,37.77966],[-122.3848,37.77991],[-122.38477,37.7797],[-122.38746,37.77964],[-122.38743,37.77929],[-122.38476,37.77954],[-122.38475,37.77933],[-122.38743,37.77927],[-122.3874,37.77894],[-122.38479,37.77916],[-122.38478,37.77898],[-122.38739,37.77892],[-122.38737,37.77861],[-122.38514,37.77882],[-122.38513,37.77864],[-122.38737,37.77859],[-122.38735,37.77836],[-122.38531,37.77846],[-122.38545,37.77844],[-122.38526,37.77631],[-122.385,37.77631],[-122.38484,37.7754],[-122.38701,37.77509],[-122.38694,37.77433],[-122.38183,37.77462],[-122.38147,37.77192],[-122.38472,37.77336],[-122.38677,37.77328],[-122.3864,37.77146],[-122.38602,37.77119],[-122.38585,37.77069],[-122.38563,37.77217],[-122.38569,37.77145],[-122.3853,37.77164],[-122.38574,37.7706],[-122.38317,37.76971],[-122.38339,37.76934],[-122.38558,37.77018],[-122.3848,37.76866],[-122.38502,37.76859],[-122.38516,37.76815],[-122.3839,37.76813],[-122.38386,37.76775],[-122.38247,37.76784],[-122.38245,37.7677],[-122.38491,37.76754],[-122.38486,37.76703],[-122.38555,37.767],[-122.38543,37.76725],[-122.38584,37.76726],[-122.38663,37.76567],[-122.38762,37.76449],[-122.38793,37.76438],[-122.38818,37.76696],[-122.39507,37.76655],[-122.39667,37.76783],[-122.39653,37.76791],[-122.39746,37.76881],[-122.39793,37.76989],[-122.39731,37.77005],[-122.39739,37.77101],[-122.39688,37.77153],[-122.39023,37.77673],[-122.39276,37.77886],[-122.3894,37.78151],[-122.38877,37.7818],[-122.38813,37.78181],[-122.38808,37.78245],[-122.38764,37.78283],[-122.38474,37.78289]]]]},"properties":{"id":219,"geoid":"06075060701","name":"Mission Bay","tract":"607.01","pop":8602,"pop65":605,"popU18":1259,"hh":3635,"hhNoVeh":767,"pov":338,"povUniverse":7962,"disab":405,"lep":1020,"hhNoNet":0,"pop65Alone":114,"atRisk":7589,"hazardShare":0.882,"floodShare":0.912,"areaKm2":1.29,"hvi":null,"lon":-122.3878,"lat":37.77387}},{"type":"Feature","geometry":{"type":"Polygon","coordinates":[[[-122.39793,37.76989],[-122.39746,37.76881],[-122.39653,37.76791],[-122.39667,37.76783],[-122.39507,37.76655],[-122.39449,37.76659],[-122.39378,37.76593],[-122.39352,37.76559],[-122.39386,37.76531],[-122.40451,37.76467],[-122.405,37.76972],[-122.4044,37.76976],[-122.40389,37.77007],[-122.39963,37.77343],[-122.39827,37.77213],[-122.39793,37.76989]]]},"properties":{"id":220,"geoid":"06075060702","name":"Tract 607.02","tract":"607.02","pop":2608,"pop65":236,"popU18":332,"hh":1428,"hhNoVeh":377,"pov":377,"povUniverse":2532,"disab":284,"lep":531,"hhNoNet":57,"pop65Alone":81,"atRisk":339,"hazardShare":0.13,"floodShare":0.976,"areaKm2":0.55,"hvi":null,"lon":-122.40127,"lat":37.76912}},{"type":"Feature","geometry":{"type":"Polygon","coordinates":[[[-122.39793,37.76989],[-122.39809,37.7716],[-122.39841,37.77235],[-122.40045,37.77412],[-122.40099,37.77481],[-122.39877,37.77657],[-122.39722,37.77534],[-122.39276,37.77886],[-122.39023,37.77673],[-122.39688,37.77153],[-122.39739,37.77101],[-122.39731,37.77005],[-122.39793,37.76989]]]},"properties":{"id":221,"geoid":"06075060703","name":"Tract 607.03","tract":"607.03","pop":6388,"pop65":782,"popU18":915,"hh":2807,"hhNoVeh":908,"pov":557,"povUniverse":6324,"disab":877,"lep":940,"hhNoNet":155,"pop65Alone":148,"atRisk":6158,"hazardShare":0.964,"floodShare":1.0,"areaKm2":0.35,"hvi":null,"lon":-122.39702,"lat":37.77429}},{"type":"Feature","geometry":{"type":"Polygon","coordinates":[[[-122.39324,37.70829],[-122.40546,37.70836],[-122.40483,37.70975],[-122.40312,37.712],[-122.40117,37.71273],[-122.39938,37.7146],[-122.39856,37.71619],[-122.39871,37.71765],[-122.39754,37.71886],[-122.3967,37.72027],[-122.39263,37.71796],[-122.39161,37.71753],[-122.39115,37.71804],[-122.38814,37.7163],[-122.38793,37.71633],[-122.38686,37.71751],[-122.38628,37.71718],[-122.38372,37.72019],[-122.38326,37.72029],[-122.38321,37.7201],[-122.38176,37.71936],[-122.38131,37.71879],[-122.38044,37.71873],[-122.37618,37.71616],[-122.37621,37.71586],[-122.37732,37.7144],[-122.37891,37.7131],[-122.38003,37.71156],[-122.38011,37.71075],[-122.37899,37.70998],[-122.37837,37.70887],[-122.37796,37.70861],[-122.37688,37.7089],[-122.37641,37.70964],[-122.37603,37.7097],[-122.37456,37.70901],[-122.37439,37.70871],[-122.37458,37.70855],[-122.37608,37.70839],[-122.37941,37.70842],[-122.38046,37.70879],[-122.38453,37.7093],[-122.386,37.71],[-122.38683,37.70976],[-122.38808,37.70868],[-122.38973,37.70963],[-122.39063,37.70921],[-122.39152,37.7097],[-122.39324,37.70829]]]},"properties":{"id":222,"geoid":"06075061000","name":"Little Hollywood","tract":"610","pop":4295,"pop65":527,"popU18":787,"hh":1588,"hhNoVeh":48,"pov":341,"povUniverse":4295,"disab":410,"lep":1069,"hhNoNet":19,"pop65Alone":64,"atRisk":1064,"hazardShare":0.248,"floodShare":0.403,"areaKm2":2.17,"hvi":null,"lon":-122.38862,"lat":37.71423}},{"type":"Feature","geometry":{"type":"Polygon","coordinates":[[[-122.40016,37.79414],[-122.40463,37.79357],[-122.40481,37.79446],[-122.40632,37.79427],[-122.40684,37.79691],[-122.40088,37.79766],[-122.40016,37.79414]]]},"properties":{"id":223,"geoid":"06075061101","name":"Tract 611.01","tract":"611.01","pop":1723,"pop65":601,"popU18":256,"hh":862,"hhNoVeh":677,"pov":576,"povUniverse":1723,"disab":369,"lep":1063,"hhNoNet":124,"pop65Alone":229,"atRisk":0,"hazardShare":0.0,"floodShare":0.646,"areaKm2":0.2,"hvi":null,"lon":-122.40353,"lat":37.79567}},{"type":"Feature","geometry":{"type":"Polygon","coordinates":[[[-122.40632,37.79427],[-122.40792,37.79406],[-122.40844,37.79671],[-122.40684,37.79691],[-122.40632,37.79427]]]},"properties":{"id":224,"geoid":"06075061102","name":"Chinatown","tract":"611.02","pop":1982,"pop65":746,"popU18":233,"hh":928,"hhNoVeh":693,"pov":419,"povUniverse":1982,"disab":604,"lep":1149,"hhNoNet":205,"pop65Alone":196,"atRisk":0,"hazardShare":0.0,"floodShare":0.217,"areaKm2":0.04,"hvi":null,"lon":-122.40736,"lat":37.79538}},{"type":"Feature","geometry":{"type":"Polygon","coordinates":[[[-122.38529,37.74024],[-122.38867,37.73649],[-122.38683,37.7355],[-122.38905,37.73292],[-122.39107,37.73407],[-122.39163,37.73249],[-122.39392,37.73379],[-122.39279,37.73504],[-122.39653,37.73716],[-122.39596,37.73779],[-122.39411,37.73673],[-122.39128,37.73986],[-122.38944,37.73881],[-122.38801,37.74276],[-122.38651,37.74202],[-122.38716,37.7413],[-122.38529,37.74024]]]},"properties":{"id":225,"geoid":"06075061200","name":"Bayview District","tract":"612","pop":4086,"pop65":693,"popU18":727,"hh":1197,"hhNoVeh":206,"pov":431,"povUniverse":4085,"disab":418,"lep":1581,"hhNoNet":35,"pop65Alone":85,"atRisk":0,"hazardShare":0.0,"floodShare":0.072,"areaKm2":0.43,"hvi":null,"lon":-122.39049,"lat":37.7376}},{"type":"Feature","geometry":{"type":"Polygon","coordinates":[[[-122.3946,37.75243],[-122.39653,37.75232],[-122.39642,37.75118],[-122.39943,37.75099],[-122.40049,37.75068],[-122.40262,37.75056],[-122.40287,37.74955],[-122.4038,37.74944],[-122.40319,37.75129],[-122.40299,37.75275],[-122.40332,37.75617],[-122.4037,37.75702],[-122.39798,37.75736],[-122.39774,37.75483],[-122.39669,37.75471],[-122.3946,37.75243]]]},"properties":{"id":226,"geoid":"06075061401","name":"Potrero Terrace","tract":"614.01","pop":2815,"pop65":627,"popU18":422,"hh":1313,"hhNoVeh":320,"pov":388,"povUniverse":2815,"disab":318,"lep":109,"hhNoNet":16,"pop65Alone":176,"atRisk":0,"hazardShare":0.0,"floodShare":0.006,"areaKm2":0.41,"hvi":null,"lon":-122.39942,"lat":37.75381}},{"type":"Feature","geometry":{"type":"Polygon","coordinates":[[[-122.39124,37.75263],[-122.3946,37.75243],[-122.39669,37.75471],[-122.39774,37.75483],[-122.39823,37.75991],[-122.39227,37.76026],[-122.3922,37.75618],[-122.39124,37.75263]]]},"properties":{"id":227,"geoid":"06075061402","name":"Potrero Hill","tract":"614.02","pop":2760,"pop65":177,"popU18":679,"hh":1228,"hhNoVeh":158,"pov":125,"povUniverse":2753,"disab":97,"lep":181,"hhNoNet":0,"pop65Alone":7,"atRisk":0,"hazardShare":0.0,"floodShare":0.139,"areaKm2":0.39,"hvi":null,"lon":-122.39504,"lat":37.7563}},{"type":"Feature","geometry":{"type":"Polygon","coordinates":[[[-122.39429,37.78993],[-122.40272,37.78326],[-122.40584,37.78575],[-122.40608,37.78576],[-122.39744,37.79245],[-122.39429,37.78993]]]},"properties":{"id":228,"geoid":"06075061501","name":"Tract 615.01","tract":"615.01","pop":1862,"pop65":269,"popU18":84,"hh":1314,"hhNoVeh":388,"pov":240,"povUniverse":1844,"disab":51,"lep":39,"hhNoNet":0,"pop65Alone":87,"atRisk":0,"hazardShare":0.0,"floodShare":1.0,"areaKm2":0.42,"hvi":null,"lon":-122.40002,"lat":37.78793}},{"type":"Feature","geometry":{"type":"Polygon","coordinates":[[[-122.39517,37.78432],[-122.39209,37.78185],[-122.38986,37.78361],[-122.38857,37.78256],[-122.38844,37.7818],[-122.3894,37.78151],[-122.39276,37.77886],[-122.3974,37.78256],[-122.39517,37.78432]]]},"properties":{"id":229,"geoid":"06075061502","name":"Tract 615.02","tract":"615.02","pop":2500,"pop65":451,"popU18":260,"hh":1556,"hhNoVeh":582,"pov":404,"povUniverse":2500,"disab":265,"lep":136,"hhNoNet":10,"pop65Alone":179,"atRisk":0,"hazardShare":0.0,"floodShare":0.868,"areaKm2":0.22,"hvi":null,"lon":-122.39276,"lat":37.7816}},{"type":"Feature","geometry":{"type":"Polygon","coordinates":[[[-122.39361,37.788],[-122.39449,37.7873],[-122.39295,37.78607],[-122.3974,37.78256],[-122.40048,37.78504],[-122.39516,37.78924],[-122.39361,37.788]]]},"properties":{"id":230,"geoid":"06075061503","name":"Tract 615.03","tract":"615.03","pop":3552,"pop65":256,"popU18":58,"hh":2087,"hhNoVeh":1049,"pov":332,"povUniverse":3552,"disab":400,"lep":499,"hhNoNet":0,"pop65Alone":102,"atRisk":0,"hazardShare":0.0,"floodShare":0.77,"areaKm2":0.23,"hvi":null,"lon":-122.39617,"lat":37.78599}},{"type":"Feature","geometry":{"type":"Polygon","coordinates":[[[-122.38965,37.78623],[-122.39363,37.78308],[-122.39517,37.78432],[-122.39119,37.78746],[-122.38965,37.78623]]]},"properties":{"id":231,"geoid":"06075061504","name":"Rincon Hill","tract":"615.04","pop":2133,"pop65":191,"popU18":163,"hh":1233,"hhNoVeh":409,"pov":71,"povUniverse":2046,"disab":216,"lep":173,"hhNoNet":0,"pop65Alone":81,"atRisk":0,"hazardShare":0.0,"floodShare":0.179,"areaKm2":0.1,"hvi":null,"lon":-122.39221,"lat":37.78546}},{"type":"Feature","geometry":{"type":"Polygon","coordinates":[[[-122.38944,37.78884],[-122.39033,37.78814],[-122.39187,37.78937],[-122.39098,37.79008],[-122.38944,37.78884]]]},"properties":{"id":232,"geoid":"06075061505","name":"Tract 615.05","tract":"615.05","pop":925,"pop65":114,"popU18":75,"hh":506,"hhNoVeh":47,"pov":16,"povUniverse":925,"disab":18,"lep":45,"hhNoNet":0,"pop65Alone":27,"atRisk":0,"hazardShare":0.0,"floodShare":0.999,"areaKm2":0.02,"hvi":null,"lon":-122.39066,"lat":37.78911}},{"type":"Feature","geometry":{"type":"Polygon","coordinates":[[[-122.38944,37.78884],[-122.38859,37.78816],[-122.38791,37.78881],[-122.38768,37.78718],[-122.3886,37.78705],[-122.38965,37.78623],[-122.39119,37.78746],[-122.39295,37.78607],[-122.39449,37.7873],[-122.39187,37.78937],[-122.39033,37.78814],[-122.38944,37.78884]]]},"properties":{"id":233,"geoid":"06075061506","name":"South Beach","tract":"615.06","pop":4429,"pop65":263,"popU18":253,"hh":2587,"hhNoVeh":745,"pov":147,"povUniverse":4429,"disab":182,"lep":362,"hhNoNet":0,"pop65Alone":111,"atRisk":0,"hazardShare":0.0,"floodShare":0.837,"areaKm2":0.11,"hvi":null,"lon":-122.39076,"lat":37.78784}},{"type":"Feature","geometry":{"type":"Polygon","coordinates":[[[-122.39199,37.79388],[-122.3916,37.79353],[-122.39174,37.79343],[-122.38882,37.79098],[-122.38894,37.79088],[-122.38863,37.79032],[-122.38806,37.79051],[-122.38838,37.79031],[-122.38826,37.79001],[-122.38844,37.78995],[-122.38816,37.78966],[-122.38762,37.78979],[-122.38736,37.78932],[-122.3853,37.78977],[-122.38516,37.78923],[-122.3872,37.78878],[-122.38706,37.78823],[-122.38527,37.78852],[-122.38515,37.78812],[-122.38739,37.78773],[-122.38742,37.78725],[-122.38768,37.78718],[-122.38791,37.78881],[-122.38859,37.78816],[-122.39098,37.79008],[-122.39361,37.788],[-122.39516,37.78924],[-122.39429,37.78993],[-122.39744,37.79245],[-122.39487,37.79446],[-122.39319,37.79324],[-122.39243,37.79382],[-122.39199,37.79388]]]},"properties":{"id":234,"geoid":"06075061507","name":"Tract 615.07","tract":"615.07","pop":1387,"pop65":35,"popU18":146,"hh":789,"hhNoVeh":469,"pov":128,"povUniverse":1380,"disab":72,"lep":423,"hhNoNet":0,"pop65Alone":0,"atRisk":0,"hazardShare":0.0,"floodShare":0.986,"areaKm2":0.34,"hvi":null,"lon":-122.3921,"lat":37.79076}},{"type":"Feature","geometry":{"type":"Polygon","coordinates":[[[-122.38764,37.78283],[-122.38808,37.78245],[-122.38813,37.78181],[-122.38844,37.7818],[-122.38857,37.78256],[-122.38986,37.78361],[-122.39209,37.78185],[-122.39363,37.78308],[-122.3886,37.78705],[-122.38456,37.7874],[-122.38437,37.78572],[-122.38759,37.78544],[-122.38764,37.78487],[-122.38547,37.785],[-122.38543,37.78461],[-122.38769,37.7844],[-122.38772,37.78388],[-122.3863,37.78396],[-122.38625,37.78341],[-122.38771,37.78328],[-122.38779,37.78287],[-122.38764,37.78283]]]},"properties":{"id":235,"geoid":"06075061508","name":"Bayside Village","tract":"615.08","pop":2307,"pop65":382,"popU18":333,"hh":1197,"hhNoVeh":311,"pov":426,"povUniverse":2307,"disab":257,"lep":293,"hhNoNet":0,"pop65Alone":102,"atRisk":0,"hazardShare":0.0,"floodShare":0.934,"areaKm2":0.23,"hvi":null,"lon":-122.38868,"lat":37.78461}},{"type":"Feature","geometry":{"type":"Polygon","coordinates":[[[-122.49376,37.78762],[-122.49341,37.78163],[-122.50631,37.781],[-122.50633,37.78112],[-122.51013,37.78101],[-122.51079,37.78206],[-122.51023,37.78204],[-122.50985,37.7822],[-122.50894,37.78202],[-122.50849,37.78228],[-122.5075,37.78219],[-122.5098,37.78403],[-122.50987,37.7848],[-122.50913,37.7856],[-122.50798,37.78617],[-122.50699,37.78746],[-122.50654,37.78748],[-122.50615,37.78786],[-122.50607,37.7882],[-122.50272,37.78804],[-122.50056,37.78832],[-122.5002,37.7886],[-122.49998,37.78845],[-122.49959,37.78871],[-122.49945,37.78847],[-122.49886,37.78842],[-122.49882,37.78824],[-122.49862,37.78833],[-122.49815,37.78789],[-122.49763,37.78795],[-122.49747,37.78759],[-122.49656,37.78729],[-122.49482,37.78784],[-122.49471,37.78814],[-122.49451,37.78781],[-122.49441,37.78791],[-122.49402,37.78759],[-122.49376,37.78762]]]},"properties":{"id":236,"geoid":"06075980200","name":"Tract 9802","tract":"9802","pop":160,"pop65":91,"popU18":0,"hh":0,"hhNoVeh":0,"pov":0,"povUniverse":0,"disab":0,"lep":30,"hhNoNet":0,"pop65Alone":0,"atRisk":160,"hazardShare":1.0,"floodShare":0.636,"areaKm2":1.0,"hvi":null,"lon":-122.50168,"lat":37.78483}},{"type":"Feature","geometry":{"type":"Polygon","coordinates":[[[-122.44093,37.77364],[-122.44075,37.77272],[-122.45391,37.77106],[-122.45296,37.76638],[-122.45693,37.76588],[-122.45857,37.76629],[-122.45978,37.76633],[-122.51031,37.76408],[-122.51238,37.76359],[-122.51279,37.76437],[-122.51265,37.76564],[-122.51312,37.76725],[-122.51316,37.77077],[-122.51114,37.77133],[-122.46534,37.77343],[-122.4547,37.77476],[-122.4541,37.77194],[-122.44093,37.77364]]]},"properties":{"id":237,"geoid":"06075980300","name":"Tract 9803","tract":"9803","pop":58,"pop65":0,"popU18":0,"hh":46,"hhNoVeh":34,"pov":0,"povUniverse":58,"disab":0,"lep":0,"hhNoNet":0,"pop65Alone":0,"atRisk":46,"hazardShare":0.795,"floodShare":0.985,"areaKm2":4.46,"hvi":null,"lon":-122.48333,"lat":37.76922}},{"type":"Feature","geometry":{"type":"Polygon","coordinates":[[[-122.40801,37.71872],[-122.40877,37.71688],[-122.40796,37.71668],[-122.40803,37.71651],[-122.40849,37.7166],[-122.40857,37.71642],[-122.40896,37.71646],[-122.41032,37.71682],[-122.41133,37.71437],[-122.41567,37.7155],[-122.41622,37.71454],[-122.41596,37.71383],[-122.4153,37.71351],[-122.41565,37.71274],[-122.42149,37.71426],[-122.42219,37.71364],[-122.42377,37.71408],[-122.42425,37.71275],[-122.42263,37.71226],[-122.42321,37.71113],[-122.42284,37.71096],[-122.42297,37.71084],[-122.42326,37.71067],[-122.42439,37.71063],[-122.42661,37.71162],[-122.42556,37.71452],[-122.42732,37.71507],[-122.4272,37.71575],[-122.42615,37.71844],[-122.4264,37.71857],[-122.42436,37.72195],[-122.42478,37.72218],[-122.42382,37.7237],[-122.41989,37.72471],[-122.41939,37.7235],[-122.4184,37.72377],[-122.41793,37.72263],[-122.41693,37.72283],[-122.41656,37.72197],[-122.41557,37.72223],[-122.41594,37.72309],[-122.41298,37.72386],[-122.411,37.71908],[-122.41002,37.71934],[-122.40991,37.71912],[-122.40893,37.71937],[-122.40873,37.71891],[-122.40801,37.71872]]]},"properties":{"id":238,"geoid":"06075980501","name":"Tract 9805.01","tract":"9805.01","pop":146,"pop65":138,"popU18":0,"hh":115,"hhNoVeh":106,"pov":110,"povUniverse":146,"disab":79,"lep":138,"hhNoNet":47,"pop65Alone":92,"atRisk":0,"hazardShare":0.0,"floodShare":0.011,"areaKm2":1.48,"hvi":null,"lon":-122.41749,"lat":37.71748}},{"type":"Feature","geometry":{"type":"Polygon","coordinates":[[[-122.38219,37.72225],[-122.38016,37.72396],[-122.37785,37.72656],[-122.37971,37.72762],[-122.37856,37.72895],[-122.37769,37.72863],[-122.37378,37.72801],[-122.37099,37.73101],[-122.36986,37.73262],[-122.36717,37.73563],[-122.36673,37.7354],[-122.36697,37.73494],[-122.36954,37.7324],[-122.36947,37.73216],[-122.36886,37.73194],[-122.36862,37.73226],[-122.36827,37.73229],[-122.36753,37.73195],[-122.36688,37.7323],[-122.36669,37.73222],[-122.36526,37.73381],[-122.36656,37.73219],[-122.36624,37.73224],[-122.36557,37.733],[-122.36534,37.733],[-122.3662,37.73192],[-122.36601,37.73183],[-122.36503,37.73284],[-122.36498,37.73267],[-122.36579,37.73178],[-122.36566,37.73163],[-122.36484,37.73255],[-122.36512,37.73207],[-122.36371,37.73129],[-122.36289,37.73215],[-122.36264,37.73201],[-122.36342,37.73112],[-122.36287,37.73081],[-122.36207,37.73168],[-122.36179,37.73154],[-122.36258,37.73065],[-122.36199,37.73033],[-122.3621,37.73022],[-122.36192,37.73009],[-122.36117,37.73007],[-122.36089,37.72991],[-122.36075,37.73024],[-122.35993,37.73034],[-122.3588,37.72979],[-122.35898,37.72952],[-122.36202,37.7288],[-122.3623,37.72853],[-122.36146,37.72853],[-122.35774,37.72945],[-122.35749,37.72925],[-122.35789,37.72896],[-122.36009,37.72845],[-122.3604,37.72816],[-122.35717,37.72883],[-122.35713,37.72867],[-122.35698,37.72871],[-122.35771,37.72629],[-122.35803,37.72604],[-122.36165,37.72522],[-122.36127,37.72417],[-122.35798,37.72495],[-122.35785,37.72463],[-122.36154,37.72378],[-122.36493,37.72571],[-122.36533,37.72555],[-122.36507,37.72523],[-122.36238,37.72368],[-122.36276,37.72326],[-122.35999,37.72163],[-122.36025,37.72136],[-122.36301,37.72298],[-122.36382,37.72211],[-122.35914,37.71933],[-122.36,37.71848],[-122.36273,37.72008],[-122.36367,37.71906],[-122.36254,37.71842],[-122.36253,37.71816],[-122.3586,37.71589],[-122.35874,37.71574],[-122.36266,37.71803],[-122.36388,37.71673],[-122.35993,37.71443],[-122.36005,37.7143],[-122.36399,37.71659],[-122.36525,37.71531],[-122.3611,37.71285],[-122.36118,37.71276],[-122.3654,37.71524],[-122.36443,37.71632],[-122.36466,37.71648],[-122.36524,37.71601],[-122.36555,37.71599],[-122.36635,37.71682],[-122.36779,37.71768],[-122.36949,37.71784],[-122.37051,37.71873],[-122.37181,37.71901],[-122.37362,37.71881],[-122.37401,37.71892],[-122.37448,37.71977],[-122.37557,37.72046],[-122.3759,37.72127],[-122.37595,37.72268],[-122.37669,37.72342],[-122.37709,37.72425],[-122.37901,37.72377],[-122.37929,37.72307],[-122.37977,37.72285],[-122.38,37.72225],[-122.38059,37.7218],[-122.38092,37.72178],[-122.38219,37.72225]]]},"properties":{"id":239,"geoid":"06075980600","name":"Hunters Point","tract":"9806","pop":1295,"pop65":100,"popU18":282,"hh":577,"hhNoVeh":41,"pov":85,"povUniverse":1295,"disab":99,"lep":267,"hhNoNet":12,"pop65Alone":24,"atRisk":608,"hazardShare":0.47,"floodShare":0.809,"areaKm2":2.13,"hvi":null,"lon":-122.37166,"lat":37.72443}},{"type":"Feature","geometry":{"type":"Polygon","coordinates":[[[-122.37278,37.74551],[-122.37478,37.74385],[-122.37686,37.7402],[-122.37912,37.73768],[-122.3809,37.73883],[-122.38157,37.73813],[-122.38716,37.7413],[-122.38651,37.74202],[-122.38801,37.74276],[-122.38944,37.73881],[-122.39128,37.73986],[-122.39411,37.73673],[-122.39986,37.73994],[-122.40702,37.73801],[-122.40713,37.73906],[-122.40685,37.74086],[-122.4046,37.74413],[-122.4042,37.74524],[-122.40433,37.74593],[-122.40357,37.74777],[-122.40407,37.7486],[-122.4038,37.74944],[-122.40287,37.74955],[-122.40262,37.75056],[-122.40049,37.75068],[-122.39943,37.75099],[-122.39642,37.75118],[-122.39653,37.75232],[-122.38003,37.75336],[-122.38031,37.75291],[-122.37987,37.75286],[-122.38004,37.7527],[-122.37997,37.75203],[-122.3761,37.75225],[-122.37578,37.74871],[-122.38493,37.74815],[-122.38466,37.74821],[-122.38476,37.74831],[-122.38514,37.74811],[-122.38612,37.74809],[-122.38633,37.74776],[-122.3874,37.74754],[-122.39023,37.74751],[-122.39249,37.74844],[-122.39279,37.74763],[-122.39049,37.74703],[-122.3766,37.74775],[-122.37616,37.74717],[-122.37541,37.74698],[-122.37484,37.74655],[-122.37496,37.7458],[-122.37416,37.74499],[-122.37278,37.74551]]]},"properties":{"id":240,"geoid":"06075980900","name":"Tract 9809","tract":"9809","pop":439,"pop65":54,"popU18":47,"hh":238,"hhNoVeh":46,"pov":149,"povUniverse":439,"disab":38,"lep":109,"hhNoNet":4,"pop65Alone":34,"atRisk":32,"hazardShare":0.072,"floodShare":0.819,"areaKm2":3.6,"hvi":null,"lon":-122.38919,"lat":37.74506}}]}