{"type":"FeatureCollection","features":[{"type":"Feature","geometry":{"type":"Polygon","coordinates":[[[-73.85653,40.8048],[-73.85803,40.80541],[-73.85867,40.80684],[-73.85911,40.80637],[-73.85933,40.80668],[-73.85933,40.80758],[-73.85911,40.80692],[-73.85867,40.80739],[-73.85848,40.80807],[-73.85892,40.809],[-73.85903,40.80995],[-73.85991,40.80958],[-73.8595,40.80898],[-73.85944,40.80805],[-73.85958,40.80873],[-73.85991,40.80911],[-73.86111,40.80977],[-73.86222,40.81004],[-73.86115,40.81143],[-73.86443,40.81328],[-73.86463,40.81422],[-73.86513,40.81415],[-73.86522,40.81454],[-73.85972,40.81528],[-73.85716,40.81283],[-73.85562,40.81062],[-73.85461,40.80653],[-73.85461,40.8061],[-73.85577,40.8061],[-73.85586,40.80568],[-73.8565,40.80569],[-73.85653,40.8048]]]},"properties":{"id":0,"geoid":"36005000200","name":"Soundview-Clason Point \u00b7 2","tract":"2","pop":5061,"pop65":753,"popU18":900,"hh":1416,"hhNoVeh":378,"pov":652,"povUniverse":5061,"disab":702,"lep":1076,"hhNoNet":121,"pop65Alone":118,"atRisk":184,"hazardShare":0.126,"floodShare":0.0,"areaKm2":0.45,"hvi":4.0,"lon":-73.85876,"lat":40.81033}},{"type":"Feature","geometry":{"type":"Polygon","coordinates":[[[-73.85531,40.8232],[-73.85362,40.8161],[-73.86148,40.81504],[-73.86247,40.81926],[-73.86153,40.81939],[-73.86203,40.82152],[-73.85827,40.82202],[-73.85845,40.82278],[-73.85531,40.8232]]]},"properties":{"id":1,"geoid":"36005001600","name":"Soundview-Clason Point \u00b7 16","tract":"16","pop":5611,"pop65":1215,"popU18":1057,"hh":2083,"hhNoVeh":999,"pov":808,"povUniverse":5329,"disab":1105,"lep":1215,"hhNoNet":260,"pop65Alone":235,"atRisk":323,"hazardShare":0.374,"floodShare":0.0,"areaKm2":0.48,"hvi":4.0,"lon":-73.85831,"lat":40.81875}},{"type":"Feature","geometry":{"type":"Polygon","coordinates":[[[-73.92427,40.80718],[-73.92577,40.80523],[-73.92823,40.80386],[-73.9318,40.80788],[-73.93094,40.80826],[-73.92922,40.80957],[-73.92856,40.80905],[-73.92427,40.80718]]]},"properties":{"id":2,"geoid":"36005001901","name":"Mott Haven-Port Morris \u00b7 19.01","tract":"19.01","pop":2260,"pop65":73,"popU18":483,"hh":1149,"hhNoVeh":855,"pov":507,"povUniverse":2258,"disab":401,"lep":91,"hhNoNet":40,"pop65Alone":33,"atRisk":99,"hazardShare":0.175,"floodShare":0.0,"areaKm2":0.2,"hvi":5.0,"lon":-73.92766,"lat":40.80673}},{"type":"Feature","geometry":{"type":"Polygon","coordinates":[[[-73.92427,40.80718],[-73.91587,40.80372],[-73.91491,40.80375],[-73.90913,40.80617],[-73.90547,40.80394],[-73.90605,40.80338],[-73.90836,40.80468],[-73.91324,40.79994],[-73.92577,40.80523],[-73.92427,40.80718]]]},"properties":{"id":3,"geoid":"36005001902","name":"Mott Haven-Port Morris \u00b7 19.02","tract":"19.02","pop":2079,"pop65":66,"popU18":238,"hh":624,"hhNoVeh":337,"pov":807,"povUniverse":2040,"disab":253,"lep":365,"hhNoNet":41,"pop65Alone":9,"atRisk":189,"hazardShare":0.46,"floodShare":0.0,"areaKm2":0.47,"hvi":5.0,"lon":-73.91575,"lat":40.80358}},{"type":"Feature","geometry":{"type":"Polygon","coordinates":[[[-73.86522,40.81454],[-73.86773,40.81423],[-73.86894,40.81515],[-73.86865,40.81623],[-73.86955,40.81615],[-73.8705,40.82037],[-73.86766,40.82076],[-73.86716,40.81862],[-73.8662,40.81875],[-73.86522,40.81454]]]},"properties":{"id":4,"geoid":"36005002001","name":"Soundview-Clason Point \u00b7 20.01","tract":"20.01","pop":4199,"pop65":648,"popU18":1178,"hh":1729,"hhNoVeh":1328,"pov":2155,"povUniverse":4113,"disab":1211,"lep":527,"hhNoNet":435,"pop65Alone":249,"atRisk":452,"hazardShare":0.442,"floodShare":0.0,"areaKm2":0.2,"hvi":4.0,"lon":-73.86792,"lat":40.81773}},{"type":"Feature","geometry":{"type":"Polygon","coordinates":[[[-73.86247,40.81926],[-73.86148,40.81504],[-73.86522,40.81454],[-73.8662,40.81875],[-73.86716,40.81862],[-73.86766,40.82076],[-73.86575,40.82102],[-73.86451,40.81986],[-73.86432,40.81901],[-73.86247,40.81926]]]},"properties":{"id":5,"geoid":"36005002002","name":"Soundview-Clason Point \u00b7 20.02","tract":"20.02","pop":3609,"pop65":1163,"popU18":482,"hh":1808,"hhNoVeh":1103,"pov":1526,"povUniverse":3551,"disab":1171,"lep":1061,"hhNoNet":380,"pop65Alone":561,"atRisk":554,"hazardShare":1.0,"floodShare":0.0,"areaKm2":0.2,"hvi":4.0,"lon":-73.86412,"lat":40.81807}},{"type":"Feature","geometry":{"type":"Polygon","coordinates":[[[-73.92289,40.80911],[-73.92427,40.80718],[-73.92856,40.80905],[-73.92922,40.80957],[-73.92881,40.80991],[-73.92814,40.80963],[-73.92712,40.81096],[-73.92289,40.80911]]]},"properties":{"id":6,"geoid":"36005002300","name":"Mott Haven-Port Morris \u00b7 23","tract":"23","pop":4567,"pop65":561,"popU18":1392,"hh":1904,"hhNoVeh":1627,"pov":2754,"povUniverse":4567,"disab":1208,"lep":1129,"hhNoNet":158,"pop65Alone":344,"atRisk":893,"hazardShare":1.0,"floodShare":0.0,"areaKm2":0.1,"hvi":5.0,"lon":-73.92578,"lat":40.80908}},{"type":"Feature","geometry":{"type":"Polygon","coordinates":[[[-73.87152,40.82472],[-73.86955,40.81615],[-73.86865,40.81623],[-73.86894,40.81515],[-73.86773,40.81423],[-73.86522,40.81454],[-73.86513,40.81415],[-73.86463,40.81422],[-73.86443,40.81328],[-73.86115,40.81143],[-73.86222,40.81004],[-73.86759,40.81062],[-73.87074,40.81451],[-73.87177,40.81497],[-73.87751,40.81659],[-73.88055,40.81848],[-73.87977,40.81919],[-73.87247,40.82016],[-73.87355,40.82442],[-73.87152,40.82472]]]},"properties":{"id":7,"geoid":"36005002400","name":"Soundview Park","tract":"24","pop":105,"pop65":0,"popU18":10,"hh":0,"hhNoVeh":0,"pov":78,"povUniverse":105,"disab":14,"lep":15,"hhNoNet":0,"pop65Alone":0,"atRisk":10,"hazardShare":0.0,"floodShare":0.0,"areaKm2":0.69,"hvi":4.0,"lon":-73.8746,"lat":40.81768}},{"type":"Feature","geometry":{"type":"Polygon","coordinates":[[[-73.91748,40.80683],[-73.91882,40.80491],[-73.92427,40.80718],[-73.92289,40.80911],[-73.91748,40.80683]]]},"properties":{"id":8,"geoid":"36005002500","name":"Mott Haven-Port Morris \u00b7 25","tract":"25","pop":5117,"pop65":523,"popU18":1292,"hh":1872,"hhNoVeh":1533,"pov":2292,"povUniverse":5111,"disab":975,"lep":1410,"hhNoNet":183,"pop65Alone":171,"atRisk":754,"hazardShare":0.946,"floodShare":0.0,"areaKm2":0.13,"hvi":5.0,"lon":-73.92088,"lat":40.80701}},{"type":"Feature","geometry":{"type":"Polygon","coordinates":[[[-73.91348,40.80427],[-73.91459,40.8038],[-73.91587,40.80372],[-73.91882,40.80491],[-73.91748,40.80683],[-73.9145,40.80557],[-73.915,40.80488],[-73.91348,40.80427]]]},"properties":{"id":9,"geoid":"36005002701","name":"Mott Haven-Port Morris \u00b7 27.01","tract":"27.01","pop":3111,"pop65":628,"popU18":1156,"hh":1197,"hhNoVeh":1036,"pov":1441,"povUniverse":3083,"disab":754,"lep":796,"hhNoNet":220,"pop65Alone":287,"atRisk":537,"hazardShare":1.0,"floodShare":0.0,"areaKm2":0.08,"hvi":5.0,"lon":-73.91666,"lat":40.80524}},{"type":"Feature","geometry":{"type":"Polygon","coordinates":[[[-73.90913,40.80617],[-73.91348,40.80427],[-73.915,40.80488],[-73.9145,40.80557],[-73.91748,40.80683],[-73.91618,40.8088],[-73.91254,40.80725],[-73.90913,40.80617]]]},"properties":{"id":10,"geoid":"36005002702","name":"Mott Haven-Port Morris \u00b7 27.02","tract":"27.02","pop":4798,"pop65":424,"popU18":1140,"hh":1528,"hhNoVeh":1072,"pov":2206,"povUniverse":4788,"disab":997,"lep":1281,"hhNoNet":191,"pop65Alone":188,"atRisk":706,"hazardShare":0.93,"floodShare":0.0,"areaKm2":0.16,"hvi":5.0,"lon":-73.91354,"lat":40.80655}},{"type":"Feature","geometry":{"type":"Polygon","coordinates":[[[-73.88055,40.81848],[-73.8829,40.8209],[-73.88338,40.82199],[-73.88433,40.82262],[-73.88441,40.82298],[-73.87993,40.82365],[-73.87343,40.82435],[-73.87247,40.82016],[-73.87977,40.81919],[-73.88055,40.81848]]]},"properties":{"id":11,"geoid":"36005002800","name":"Soundview-Bruckner-Bronx River \u00b7 28","tract":"28","pop":5462,"pop65":853,"popU18":1048,"hh":2806,"hhNoVeh":955,"pov":449,"povUniverse":5462,"disab":1376,"lep":330,"hhNoNet":176,"pop65Alone":468,"atRisk":210,"hazardShare":0.362,"floodShare":0.0,"areaKm2":0.41,"hvi":4.0,"lon":-73.87795,"lat":40.8214}},{"type":"Feature","geometry":{"type":"Polygon","coordinates":[[[-73.90447,40.81229],[-73.90342,40.81151],[-73.90308,40.80989],[-73.90635,40.80751],[-73.90844,40.80648],[-73.90633,40.81268],[-73.90447,40.81229]]]},"properties":{"id":12,"geoid":"36005003100","name":"Mott Haven-Port Morris \u00b7 31","tract":"31","pop":2788,"pop65":237,"popU18":891,"hh":1162,"hhNoVeh":907,"pov":612,"povUniverse":2788,"disab":282,"lep":602,"hhNoNet":18,"pop65Alone":50,"atRisk":239,"hazardShare":1.0,"floodShare":0.0,"areaKm2":0.15,"hvi":5.0,"lon":-73.90554,"lat":40.80948}},{"type":"Feature","geometry":{"type":"Polygon","coordinates":[[[-73.91069,40.80882],[-73.90784,40.80821],[-73.90844,40.80648],[-73.90913,40.80617],[-73.91254,40.80725],[-73.91618,40.8088],[-73.91518,40.81043],[-73.91359,40.81013],[-73.9133,40.80966],[-73.91069,40.80882]]]},"properties":{"id":13,"geoid":"36005003300","name":"Mott Haven-Port Morris \u00b7 33","tract":"33","pop":3577,"pop65":535,"popU18":1070,"hh":1243,"hhNoVeh":734,"pov":1547,"povUniverse":3577,"disab":607,"lep":1127,"hhNoNet":162,"pop65Alone":176,"atRisk":335,"hazardShare":0.207,"floodShare":0.0,"areaKm2":0.15,"hvi":5.0,"lon":-73.91174,"lat":40.80834}},{"type":"Feature","geometry":{"type":"Polygon","coordinates":[[[-73.91095,40.81363],[-73.90633,40.81268],[-73.90784,40.80821],[-73.91069,40.80882],[-73.9096,40.81178],[-73.91024,40.81194],[-73.91095,40.81363]]]},"properties":{"id":14,"geoid":"36005003500","name":"Mott Haven-Port Morris \u00b7 35","tract":"35","pop":3481,"pop65":473,"popU18":1007,"hh":1428,"hhNoVeh":975,"pov":780,"povUniverse":3481,"disab":980,"lep":778,"hhNoNet":38,"pop65Alone":132,"atRisk":236,"hazardShare":0.374,"floodShare":0.0,"areaKm2":0.14,"hvi":5.0,"lon":-73.90844,"lat":40.81087}},{"type":"Feature","geometry":{"type":"Polygon","coordinates":[[[-73.91095,40.81363],[-73.91024,40.81194],[-73.9096,40.81178],[-73.91069,40.80882],[-73.9133,40.80966],[-73.91359,40.81013],[-73.91518,40.81043],[-73.91295,40.81428],[-73.91095,40.81363]]]},"properties":{"id":15,"geoid":"36005003700","name":"Mott Haven-Port Morris \u00b7 37","tract":"37","pop":418,"pop65":34,"popU18":131,"hh":149,"hhNoVeh":107,"pov":116,"povUniverse":387,"disab":82,"lep":98,"hhNoNet":0,"pop65Alone":0,"atRisk":22,"hazardShare":0.0,"floodShare":0.0,"areaKm2":0.17,"hvi":5.0,"lon":-73.91222,"lat":40.81131}},{"type":"Feature","geometry":{"type":"Polygon","coordinates":[[[-73.86153,40.81939],[-73.86432,40.81901],[-73.86451,40.81986],[-73.86575,40.82102],[-73.86203,40.82152],[-73.86153,40.81939]]]},"properties":{"id":16,"geoid":"36005003800","name":"Soundview-Clason Point \u00b7 38","tract":"38","pop":1250,"pop65":197,"popU18":291,"hh":392,"hhNoVeh":153,"pov":391,"povUniverse":1210,"disab":209,"lep":351,"hhNoNet":13,"pop65Alone":106,"atRisk":93,"hazardShare":0.392,"floodShare":0.0,"areaKm2":0.06,"hvi":4.0,"lon":-73.86345,"lat":40.82042}},{"type":"Feature","geometry":{"type":"Polygon","coordinates":[[[-73.91618,40.8088],[-73.91748,40.80683],[-73.92712,40.81096],[-73.92644,40.81151],[-73.92468,40.81239],[-73.91618,40.8088]]]},"properties":{"id":17,"geoid":"36005003900","name":"Mott Haven-Port Morris \u00b7 39","tract":"39","pop":5581,"pop65":876,"popU18":1534,"hh":2197,"hhNoVeh":1569,"pov":2065,"povUniverse":5567,"disab":1159,"lep":1415,"hhNoNet":592,"pop65Alone":518,"atRisk":786,"hazardShare":1.0,"floodShare":0.0,"areaKm2":0.22,"hvi":5.0,"lon":-73.92159,"lat":40.80982}},{"type":"Feature","geometry":{"type":"Polygon","coordinates":[[[-73.85615,40.82678],[-73.8597,40.82628],[-73.86068,40.82843],[-73.85962,40.82856],[-73.86026,40.82996],[-73.85699,40.83039],[-73.85615,40.82678]]]},"properties":{"id":18,"geoid":"36005004001","name":"Castle Hill-Unionport \u00b7 40.01","tract":"40.01","pop":1294,"pop65":373,"popU18":272,"hh":489,"hhNoVeh":148,"pov":111,"povUniverse":1294,"disab":161,"lep":282,"hhNoNet":27,"pop65Alone":45,"atRisk":67,"hazardShare":0.194,"floodShare":0.0,"areaKm2":0.12,"hvi":4.0,"lon":-73.85857,"lat":40.82833}},{"type":"Feature","geometry":{"type":"Polygon","coordinates":[[[-73.91485,40.811],[-73.91618,40.8088],[-73.92468,40.81239],[-73.92209,40.81374],[-73.91485,40.811]]]},"properties":{"id":19,"geoid":"36005004100","name":"Mott Haven-Port Morris \u00b7 41","tract":"41","pop":6162,"pop65":748,"popU18":1776,"hh":2468,"hhNoVeh":1891,"pov":3311,"povUniverse":6143,"disab":1726,"lep":1117,"hhNoNet":464,"pop65Alone":420,"atRisk":1100,"hazardShare":1.0,"floodShare":0.0,"areaKm2":0.18,"hvi":5.0,"lon":-73.91908,"lat":40.81136}},{"type":"Feature","geometry":{"type":"Polygon","coordinates":[[[-73.85531,40.8232],[-73.85845,40.82278],[-73.85827,40.82202],[-73.86575,40.82102],[-73.86984,40.82493],[-73.8563,40.82676],[-73.85531,40.8232]]]},"properties":{"id":20,"geoid":"36005004200","name":"Soundview-Clason Point","tract":"42","pop":7755,"pop65":1273,"popU18":2006,"hh":2839,"hhNoVeh":1448,"pov":1214,"povUniverse":7755,"disab":1165,"lep":1523,"hhNoNet":205,"pop65Alone":226,"atRisk":500,"hazardShare":0.747,"floodShare":0.0,"areaKm2":0.48,"hvi":4.0,"lon":-73.86201,"lat":40.82368}},{"type":"Feature","geometry":{"type":"Polygon","coordinates":[[[-73.91295,40.81428],[-73.91485,40.811],[-73.92209,40.81374],[-73.91763,40.81606],[-73.91295,40.81428]]]},"properties":{"id":21,"geoid":"36005004300","name":"Mott Haven-Port Morris \u00b7 43","tract":"43","pop":5400,"pop65":796,"popU18":1612,"hh":2230,"hhNoVeh":1829,"pov":2546,"povUniverse":5400,"disab":1508,"lep":1214,"hhNoNet":273,"pop65Alone":246,"atRisk":718,"hazardShare":0.613,"floodShare":0.0,"areaKm2":0.23,"hvi":5.0,"lon":-73.91736,"lat":40.81333}},{"type":"Feature","geometry":{"type":"Polygon","coordinates":[[[-73.8597,40.82628],[-73.87251,40.8246],[-73.87272,40.82683],[-73.86068,40.82843],[-73.8597,40.82628]]]},"properties":{"id":22,"geoid":"36005004400","name":"Soundview-Bruckner-Bronx River \u00b7 44","tract":"44","pop":4303,"pop65":598,"popU18":1021,"hh":1539,"hhNoVeh":1175,"pov":1573,"povUniverse":4118,"disab":591,"lep":973,"hhNoNet":205,"pop65Alone":209,"atRisk":445,"hazardShare":0.77,"floodShare":0.0,"areaKm2":0.27,"hvi":4.0,"lon":-73.86623,"lat":40.82649}},{"type":"Feature","geometry":{"type":"Polygon","coordinates":[[[-73.86575,40.82102],[-73.8705,40.82037],[-73.87152,40.82472],[-73.86984,40.82493],[-73.86575,40.82102]]]},"properties":{"id":23,"geoid":"36005004600","name":"Soundview-Clason Point \u00b7 46","tract":"46","pop":1478,"pop65":298,"popU18":411,"hh":664,"hhNoVeh":325,"pov":721,"povUniverse":1403,"disab":389,"lep":215,"hhNoNet":77,"pop65Alone":126,"atRisk":125,"hazardShare":0.106,"floodShare":0.0,"areaKm2":0.14,"hvi":4.0,"lon":-73.86929,"lat":40.82278}},{"type":"Feature","geometry":{"type":"Polygon","coordinates":[[[-73.87319,40.82991],[-73.87251,40.8246],[-73.87529,40.82422],[-73.8764,40.82899],[-73.87319,40.82991]]]},"properties":{"id":24,"geoid":"36005004800","name":"Soundview-Bruckner-Bronx River \u00b7 48","tract":"48","pop":4204,"pop65":424,"popU18":1203,"hh":1498,"hhNoVeh":1114,"pov":1072,"povUniverse":4204,"disab":496,"lep":1600,"hhNoNet":405,"pop65Alone":173,"atRisk":173,"hazardShare":0.0,"floodShare":0.0,"areaKm2":0.15,"hvi":4.0,"lon":-73.87434,"lat":40.82698}},{"type":"Feature","geometry":{"type":"Polygon","coordinates":[[[-73.87529,40.82422],[-73.87993,40.82365],[-73.88043,40.82579],[-73.8758,40.82641],[-73.87529,40.82422]]]},"properties":{"id":25,"geoid":"36005005001","name":"Soundview-Bruckner-Bronx River \u00b7 50.01","tract":"50.01","pop":4878,"pop65":382,"popU18":1533,"hh":1406,"hhNoVeh":1001,"pov":2714,"povUniverse":4852,"disab":593,"lep":1156,"hhNoNet":133,"pop65Alone":113,"atRisk":651,"hazardShare":0.799,"floodShare":0.0,"areaKm2":0.1,"hvi":4.0,"lon":-73.87786,"lat":40.825}},{"type":"Feature","geometry":{"type":"Polygon","coordinates":[[[-73.8758,40.82641],[-73.88043,40.82579],[-73.88105,40.82844],[-73.8773,40.82875],[-73.8764,40.82899],[-73.8758,40.82641]]]},"properties":{"id":26,"geoid":"36005005002","name":"Soundview-Bruckner-Bronx River \u00b7 50.02","tract":"50.02","pop":6275,"pop65":474,"popU18":1938,"hh":1880,"hhNoVeh":1366,"pov":2360,"povUniverse":6151,"disab":499,"lep":2172,"hhNoNet":318,"pop65Alone":174,"atRisk":675,"hazardShare":1.0,"floodShare":0.0,"areaKm2":0.11,"hvi":4.0,"lon":-73.87847,"lat":40.82762}},{"type":"Feature","geometry":{"type":"Polygon","coordinates":[[[-73.92519,40.81802],[-73.92663,40.81613],[-73.924,40.81545],[-73.92309,40.81671],[-73.92125,40.81623],[-73.92158,40.81556],[-73.92048,40.81457],[-73.92644,40.81151],[-73.92712,40.81096],[-73.92814,40.80963],[-73.92881,40.80991],[-73.93094,40.80826],[-73.9318,40.80788],[-73.93257,40.80926],[-73.9324,40.81416],[-73.93028,40.81326],[-73.92886,40.81489],[-73.92731,40.81857],[-73.92519,40.81802]]]},"properties":{"id":27,"geoid":"36005005100","name":"Mott Haven-Port Morris","tract":"51","pop":7261,"pop65":1240,"popU18":2312,"hh":2930,"hhNoVeh":2588,"pov":2772,"povUniverse":7261,"disab":2208,"lep":1615,"hhNoNet":152,"pop65Alone":595,"atRisk":922,"hazardShare":0.737,"floodShare":0.0,"areaKm2":0.51,"hvi":5.0,"lon":-73.92788,"lat":40.81315}},{"type":"Feature","geometry":{"type":"Polygon","coordinates":[[[-73.88105,40.82844],[-73.87993,40.82365],[-73.88441,40.82298],[-73.88453,40.82565],[-73.88383,40.82828],[-73.88105,40.82844]]]},"properties":{"id":28,"geoid":"36005005200","name":"Soundview-Bruckner-Bronx River \u00b7 52","tract":"52","pop":1837,"pop65":289,"popU18":491,"hh":813,"hhNoVeh":538,"pov":696,"povUniverse":1837,"disab":317,"lep":340,"hhNoNet":153,"pop65Alone":79,"atRisk":128,"hazardShare":0.169,"floodShare":0.0,"areaKm2":0.18,"hvi":4.0,"lon":-73.88246,"lat":40.82572}},{"type":"Feature","geometry":{"type":"Polygon","coordinates":[[[-73.9196,40.85335],[-73.92242,40.85013],[-73.92391,40.8505],[-73.92141,40.85437],[-73.9196,40.85335]]]},"properties":{"id":29,"geoid":"36005005300","name":"University Heights (South)-Morris Heights \u00b7 53","tract":"53","pop":4065,"pop65":359,"popU18":1164,"hh":1614,"hhNoVeh":1318,"pov":2597,"povUniverse":4065,"disab":963,"lep":711,"hhNoNet":164,"pop65Alone":210,"atRisk":463,"hazardShare":0.133,"floodShare":0.0,"areaKm2":0.07,"hvi":5.0,"lon":-73.92169,"lat":40.85231}},{"type":"Feature","geometry":{"type":"Polygon","coordinates":[[[-73.87551,40.82924],[-73.8773,40.82875],[-73.88383,40.82828],[-73.88356,40.82895],[-73.88358,40.82952],[-73.88389,40.82982],[-73.88236,40.83151],[-73.8807,40.83105],[-73.87607,40.83165],[-73.87551,40.82924]]]},"properties":{"id":30,"geoid":"36005005400","name":"Soundview-Bruckner-Bronx River \u00b7 54","tract":"54","pop":5482,"pop65":484,"popU18":1719,"hh":1756,"hhNoVeh":1258,"pov":1362,"povUniverse":5482,"disab":428,"lep":1495,"hhNoNet":485,"pop65Alone":102,"atRisk":361,"hazardShare":0.674,"floodShare":0.0,"areaKm2":0.2,"hvi":4.0,"lon":-73.87955,"lat":40.83041}},{"type":"Feature","geometry":{"type":"Polygon","coordinates":[[[-73.87998,40.83469],[-73.87743,40.83377],[-73.87659,40.83389],[-73.87607,40.83165],[-73.8807,40.83105],[-73.88236,40.83151],[-73.87998,40.83469]]]},"properties":{"id":31,"geoid":"36005005600","name":"Soundview-Bruckner-Bronx River \u00b7 56","tract":"56","pop":2501,"pop65":466,"popU18":552,"hh":1006,"hhNoVeh":556,"pov":1093,"povUniverse":2501,"disab":321,"lep":814,"hhNoNet":288,"pop65Alone":244,"atRisk":186,"hazardShare":0.096,"floodShare":0.0,"areaKm2":0.14,"hvi":4.0,"lon":-73.87887,"lat":40.83273}},{"type":"Feature","geometry":{"type":"Polygon","coordinates":[[[-73.92115,40.82641],[-73.92227,40.82498],[-73.92464,40.82103],[-73.92575,40.82118],[-73.92507,40.82206],[-73.92431,40.82392],[-73.92267,40.82686],[-73.92115,40.82641]]]},"properties":{"id":32,"geoid":"36005005902","name":"Concourse-Concourse Village \u00b7 59.02","tract":"59.02","pop":3019,"pop65":486,"popU18":445,"hh":1288,"hhNoVeh":1000,"pov":1030,"povUniverse":3019,"disab":424,"lep":832,"hhNoNet":188,"pop65Alone":259,"atRisk":292,"hazardShare":0.443,"floodShare":0.0,"areaKm2":0.07,"hvi":5.0,"lon":-73.92351,"lat":40.82409}},{"type":"Feature","geometry":{"type":"Polygon","coordinates":[[[-73.88016,40.84001],[-73.87284,40.83977],[-73.87394,40.83599],[-73.87694,40.83614],[-73.87841,40.8353],[-73.87925,40.83443],[-73.88222,40.83547],[-73.88217,40.8371],[-73.88155,40.83822],[-73.88052,40.83924],[-73.88016,40.84001]]]},"properties":{"id":33,"geoid":"36005006000","name":"West Farms \u00b7 60","tract":"60","pop":1280,"pop65":203,"popU18":352,"hh":386,"hhNoVeh":161,"pov":183,"povUniverse":1264,"disab":128,"lep":384,"hhNoNet":23,"pop65Alone":25,"atRisk":54,"hazardShare":0.0,"floodShare":0.0,"areaKm2":0.34,"hvi":5.0,"lon":-73.8778,"lat":40.83728}},{"type":"Feature","geometry":{"type":"Polygon","coordinates":[[[-73.91846,40.82558],[-73.92067,40.82185],[-73.92265,40.8205],[-73.92519,40.81802],[-73.92731,40.81857],[-73.92635,40.82056],[-73.92593,40.82104],[-73.92575,40.82118],[-73.92464,40.82103],[-73.92227,40.82498],[-73.92115,40.82641],[-73.91846,40.82558]]]},"properties":{"id":34,"geoid":"36005006100","name":"Concourse-Concourse Village \u00b7 61","tract":"61","pop":3369,"pop65":917,"popU18":447,"hh":1875,"hhNoVeh":1081,"pov":359,"povUniverse":3351,"disab":947,"lep":135,"hhNoNet":159,"pop65Alone":552,"atRisk":223,"hazardShare":0.262,"floodShare":0.0,"areaKm2":0.24,"hvi":5.0,"lon":-73.92216,"lat":40.82221}},{"type":"Feature","geometry":{"type":"Polygon","coordinates":[[[-73.87694,40.83614],[-73.8738,40.83598],[-73.87384,40.83256],[-73.87319,40.82991],[-73.87551,40.82924],[-73.87659,40.83389],[-73.87743,40.83377],[-73.87925,40.83443],[-73.87841,40.8353],[-73.87694,40.83614]]]},"properties":{"id":35,"geoid":"36005006200","name":"Soundview-Bruckner-Bronx River","tract":"62","pop":6363,"pop65":978,"popU18":2013,"hh":2544,"hhNoVeh":1729,"pov":2998,"povUniverse":6363,"disab":1025,"lep":1350,"hhNoNet":606,"pop65Alone":504,"atRisk":517,"hazardShare":0.178,"floodShare":0.0,"areaKm2":0.19,"hvi":4.0,"lon":-73.87513,"lat":40.83297}},{"type":"Feature","geometry":{"type":"Polygon","coordinates":[[[-73.92593,40.82782],[-73.92267,40.82686],[-73.92431,40.82392],[-73.92513,40.82194],[-73.92664,40.82001],[-73.92886,40.81489],[-73.93028,40.81326],[-73.9324,40.81416],[-73.93236,40.81469],[-73.93166,40.81468],[-73.93165,40.81495],[-73.93233,40.81493],[-73.93241,40.82129],[-73.93162,40.82149],[-73.93165,40.82162],[-73.93243,40.82157],[-73.93247,40.82221],[-73.93162,40.82226],[-73.93159,40.82257],[-73.93249,40.82256],[-73.93263,40.82414],[-73.93182,40.8242],[-73.93188,40.82457],[-73.93266,40.82455],[-73.93273,40.82519],[-73.9325,40.82515],[-73.93275,40.8255],[-73.93306,40.82816],[-73.93096,40.82834],[-73.93074,40.82702],[-73.92715,40.82573],[-73.92593,40.82782]]]},"properties":{"id":36,"geoid":"36005006301","name":"Concourse-Concourse Village \u00b7 63.01","tract":"63.01","pop":7053,"pop65":889,"popU18":1155,"hh":3045,"hhNoVeh":2240,"pov":2425,"povUniverse":7038,"disab":997,"lep":1612,"hhNoNet":402,"pop65Alone":160,"atRisk":586,"hazardShare":0.297,"floodShare":0.0,"areaKm2":0.78,"hvi":5.0,"lon":-73.9293,"lat":40.82079}},{"type":"Feature","geometry":{"type":"Polygon","coordinates":[[[-73.8711,40.83576],[-73.87001,40.83083],[-73.87319,40.82991],[-73.87392,40.83337],[-73.8738,40.83598],[-73.8711,40.83576]]]},"properties":{"id":37,"geoid":"36005006400","name":"Soundview-Bruckner-Bronx River \u00b7 64","tract":"64","pop":4194,"pop65":441,"popU18":1148,"hh":1574,"hhNoVeh":974,"pov":1671,"povUniverse":4054,"disab":420,"lep":916,"hhNoNet":81,"pop65Alone":97,"atRisk":286,"hazardShare":0.15,"floodShare":0.0,"areaKm2":0.17,"hvi":4.0,"lon":-73.87219,"lat":40.83294}},{"type":"Feature","geometry":{"type":"Polygon","coordinates":[[[-73.91599,40.81722],[-73.91676,40.81656],[-73.92048,40.81457],[-73.92158,40.81556],[-73.92125,40.81623],[-73.92309,40.81671],[-73.924,40.81545],[-73.92663,40.81613],[-73.92403,40.81929],[-73.92195,40.82104],[-73.92067,40.82185],[-73.92212,40.8188],[-73.91599,40.81722]]]},"properties":{"id":38,"geoid":"36005006500","name":"Melrose \u00b7 65","tract":"65","pop":5024,"pop65":513,"popU18":1390,"hh":2245,"hhNoVeh":1996,"pov":2702,"povUniverse":4980,"disab":707,"lep":602,"hhNoNet":423,"pop65Alone":312,"atRisk":730,"hazardShare":0.644,"floodShare":0.0,"areaKm2":0.26,"hvi":5.0,"lon":-73.92266,"lat":40.81841}},{"type":"Feature","geometry":{"type":"Polygon","coordinates":[[[-73.91352,40.81955],[-73.91599,40.81722],[-73.92212,40.8188],[-73.92089,40.8215],[-73.92034,40.8221],[-73.91742,40.82128],[-73.91771,40.82066],[-73.91352,40.81955]]]},"properties":{"id":39,"geoid":"36005006700","name":"Melrose","tract":"67","pop":7664,"pop65":781,"popU18":2576,"hh":2640,"hhNoVeh":2194,"pov":4164,"povUniverse":7588,"disab":2566,"lep":1688,"hhNoNet":753,"pop65Alone":474,"atRisk":1317,"hazardShare":0.926,"floodShare":0.0,"areaKm2":0.21,"hvi":5.0,"lon":-73.9178,"lat":40.81969}},{"type":"Feature","geometry":{"type":"Polygon","coordinates":[[[-73.86822,40.82743],[-73.87272,40.82683],[-73.87319,40.82991],[-73.86815,40.83137],[-73.86776,40.82969],[-73.86872,40.82957],[-73.86822,40.82743]]]},"properties":{"id":40,"geoid":"36005006800","name":"Soundview-Bruckner-Bronx River \u00b7 68","tract":"68","pop":2542,"pop65":541,"popU18":728,"hh":893,"hhNoVeh":728,"pov":884,"povUniverse":2542,"disab":388,"lep":640,"hhNoNet":25,"pop65Alone":114,"atRisk":192,"hazardShare":0.243,"floodShare":0.0,"areaKm2":0.15,"hvi":4.0,"lon":-73.87072,"lat":40.82871}},{"type":"Feature","geometry":{"type":"Polygon","coordinates":[[[-73.91175,40.82211],[-73.91352,40.81955],[-73.91771,40.82066],[-73.91742,40.82128],[-73.92034,40.8221],[-73.91677,40.82439],[-73.91588,40.82411],[-73.91622,40.82348],[-73.91175,40.82211]]]},"properties":{"id":41,"geoid":"36005006900","name":"Melrose \u00b7 69","tract":"69","pop":6077,"pop65":994,"popU18":1186,"hh":2705,"hhNoVeh":2300,"pov":2378,"povUniverse":6077,"disab":1202,"lep":1742,"hhNoNet":217,"pop65Alone":513,"atRisk":895,"hazardShare":1.0,"floodShare":0.0,"areaKm2":0.19,"hvi":5.0,"lon":-73.91596,"lat":40.82199}},{"type":"Feature","geometry":{"type":"Polygon","coordinates":[[[-73.86264,40.82818],[-73.86822,40.82743],[-73.86872,40.82957],[-73.86776,40.82969],[-73.86815,40.83137],[-73.86366,40.83266],[-73.86264,40.82818]]]},"properties":{"id":42,"geoid":"36005007000","name":"Soundview-Bruckner-Bronx River \u00b7 70","tract":"70","pop":4408,"pop65":709,"popU18":1015,"hh":1447,"hhNoVeh":814,"pov":1540,"povUniverse":4402,"disab":543,"lep":1352,"hhNoNet":149,"pop65Alone":100,"atRisk":501,"hazardShare":1.0,"floodShare":0.0,"areaKm2":0.2,"hvi":4.0,"lon":-73.86545,"lat":40.83}},{"type":"Feature","geometry":{"type":"Polygon","coordinates":[[[-73.90842,40.82219],[-73.90893,40.82097],[-73.90991,40.82125],[-73.91194,40.81605],[-73.91295,40.81428],[-73.91763,40.81606],[-73.91676,40.81656],[-73.91403,40.81896],[-73.91175,40.82211],[-73.90985,40.82256],[-73.90842,40.82219]]]},"properties":{"id":43,"geoid":"36005007100","name":"Melrose \u00b7 71","tract":"71","pop":2805,"pop65":531,"popU18":418,"hh":1530,"hhNoVeh":1132,"pov":1021,"povUniverse":2802,"disab":630,"lep":505,"hhNoNet":167,"pop65Alone":196,"atRisk":342,"hazardShare":0.675,"floodShare":0.0,"areaKm2":0.26,"hvi":5.0,"lon":-73.91286,"lat":40.81828}},{"type":"Feature","geometry":{"type":"Polygon","coordinates":[[[-73.86085,40.83362],[-73.86044,40.83347],[-73.86034,40.83314],[-73.85598,40.83184],[-73.85738,40.83214],[-73.85699,40.83039],[-73.86026,40.82996],[-73.85962,40.82856],[-73.86264,40.82818],[-73.86366,40.83266],[-73.86085,40.83362]]]},"properties":{"id":44,"geoid":"36005007200","name":"Castle Hill-Unionport","tract":"72","pop":4845,"pop65":911,"popU18":880,"hh":1625,"hhNoVeh":876,"pov":905,"povUniverse":4845,"disab":510,"lep":2033,"hhNoNet":120,"pop65Alone":224,"atRisk":360,"hazardShare":0.748,"floodShare":0.0,"areaKm2":0.21,"hvi":4.0,"lon":-73.86016,"lat":40.83078}},{"type":"Feature","geometry":{"type":"Polygon","coordinates":[[[-73.90725,40.81286],[-73.91095,40.81363],[-73.91295,40.81428],[-73.91194,40.81605],[-73.90913,40.81595],[-73.90823,40.81621],[-73.90808,40.81604],[-73.90624,40.81567],[-73.90725,40.81286]]]},"properties":{"id":45,"geoid":"36005007300","name":"Melrose \u00b7 73","tract":"73","pop":4325,"pop65":522,"popU18":1395,"hh":1602,"hhNoVeh":1220,"pov":1720,"povUniverse":4325,"disab":526,"lep":1005,"hhNoNet":328,"pop65Alone":311,"atRisk":545,"hazardShare":0.786,"floodShare":0.0,"areaKm2":0.14,"hvi":5.0,"lon":-73.90974,"lat":40.8145}},{"type":"Feature","geometry":{"type":"Polygon","coordinates":[[[-73.90842,40.82219],[-73.90566,40.82157],[-73.907,40.81835],[-73.90531,40.81793],[-73.90823,40.81621],[-73.90913,40.81595],[-73.91194,40.81605],[-73.90991,40.82125],[-73.90893,40.82097],[-73.90842,40.82219]]]},"properties":{"id":46,"geoid":"36005007500","name":"Melrose \u00b7 75","tract":"75","pop":6353,"pop65":851,"popU18":2046,"hh":2430,"hhNoVeh":1851,"pov":2753,"povUniverse":6353,"disab":1203,"lep":1039,"hhNoNet":181,"pop65Alone":406,"atRisk":929,"hazardShare":0.914,"floodShare":0.0,"areaKm2":0.23,"hvi":5.0,"lon":-73.90873,"lat":40.81896}},{"type":"Feature","geometry":{"type":"Polygon","coordinates":[[[-73.86903,40.83549],[-73.86284,40.8337],[-73.86272,40.83303],[-73.87001,40.83083],[-73.8711,40.83576],[-73.86903,40.83549]]]},"properties":{"id":47,"geoid":"36005007600","name":"Soundview-Bruckner-Bronx River \u00b7 76","tract":"76","pop":5252,"pop65":750,"popU18":1200,"hh":1822,"hhNoVeh":1139,"pov":1071,"povUniverse":5244,"disab":560,"lep":1310,"hhNoNet":157,"pop65Alone":216,"atRisk":411,"hazardShare":0.97,"floodShare":0.0,"areaKm2":0.22,"hvi":4.0,"lon":-73.8667,"lat":40.8334}},{"type":"Feature","geometry":{"type":"Polygon","coordinates":[[[-73.90129,40.82048],[-73.9016,40.8197],[-73.90531,40.81793],[-73.907,40.81835],[-73.90566,40.82157],[-73.90129,40.82048]]]},"properties":{"id":48,"geoid":"36005007700","name":"Melrose \u00b7 77","tract":"77","pop":1966,"pop65":215,"popU18":384,"hh":601,"hhNoVeh":360,"pov":535,"povUniverse":1966,"disab":602,"lep":481,"hhNoNet":76,"pop65Alone":37,"atRisk":207,"hazardShare":1.0,"floodShare":0.0,"areaKm2":0.11,"hvi":5.0,"lon":-73.90385,"lat":40.82012}},{"type":"Feature","geometry":{"type":"Polygon","coordinates":[[[-73.9016,40.8197],[-73.90447,40.81229],[-73.90725,40.81286],[-73.90624,40.81567],[-73.90808,40.81604],[-73.90823,40.81621],[-73.90531,40.81793],[-73.9016,40.8197]]]},"properties":{"id":49,"geoid":"36005007900","name":"Melrose \u00b7 79","tract":"79","pop":6829,"pop65":833,"popU18":2056,"hh":2225,"hhNoVeh":1583,"pov":2128,"povUniverse":6809,"disab":1449,"lep":1619,"hhNoNet":76,"pop65Alone":118,"atRisk":812,"hazardShare":1.0,"floodShare":0.0,"areaKm2":0.2,"hvi":5.0,"lon":-73.90561,"lat":40.81608}},{"type":"Feature","geometry":{"type":"Polygon","coordinates":[[[-73.89845,40.81318],[-73.90308,40.80989],[-73.90342,40.81151],[-73.90447,40.81229],[-73.90258,40.81738],[-73.90154,40.81716],[-73.90072,40.81677],[-73.90092,40.81673],[-73.89934,40.8135],[-73.89845,40.81318]]]},"properties":{"id":50,"geoid":"36005008300","name":"Longwood","tract":"83","pop":6287,"pop65":573,"popU18":1487,"hh":2213,"hhNoVeh":1560,"pov":1895,"povUniverse":6285,"disab":1554,"lep":1885,"hhNoNet":338,"pop65Alone":231,"atRisk":689,"hazardShare":1.0,"floodShare":0.0,"areaKm2":0.21,"hvi":5.0,"lon":-73.9017,"lat":40.81382}},{"type":"Feature","geometry":{"type":"Polygon","coordinates":[[[-73.90167,40.81954],[-73.89543,40.81585],[-73.89845,40.81318],[-73.89934,40.8135],[-73.90092,40.81673],[-73.90072,40.81677],[-73.90154,40.81716],[-73.90258,40.81738],[-73.90167,40.81954]]]},"properties":{"id":51,"geoid":"36005008500","name":"Longwood \u00b7 85","tract":"85","pop":5866,"pop65":655,"popU18":1511,"hh":2189,"hhNoVeh":1634,"pov":1574,"povUniverse":5861,"disab":1099,"lep":1144,"hhNoNet":193,"pop65Alone":166,"atRisk":525,"hazardShare":0.705,"floodShare":0.0,"areaKm2":0.18,"hvi":5.0,"lon":-73.89835,"lat":40.81622}},{"type":"Feature","geometry":{"type":"Polygon","coordinates":[[[-73.89284,40.82098],[-73.89705,40.81681],[-73.90167,40.81954],[-73.89586,40.82264],[-73.89588,40.821],[-73.89284,40.82098]]]},"properties":{"id":52,"geoid":"36005008700","name":"Longwood \u00b7 87","tract":"87","pop":5914,"pop65":697,"popU18":1802,"hh":2091,"hhNoVeh":1521,"pov":2120,"povUniverse":5738,"disab":1162,"lep":1425,"hhNoNet":220,"pop65Alone":220,"atRisk":518,"hazardShare":0.315,"floodShare":0.0,"areaKm2":0.21,"hvi":5.0,"lon":-73.89769,"lat":40.81978}},{"type":"Feature","geometry":{"type":"Polygon","coordinates":[[[-73.89083,40.82032],[-73.89543,40.81585],[-73.89705,40.81681],[-73.89284,40.82098],[-73.89162,40.82099],[-73.89083,40.82032]]]},"properties":{"id":53,"geoid":"36005008900","name":"Hunts Point \u00b7 89","tract":"89","pop":2949,"pop65":849,"popU18":416,"hh":1346,"hhNoVeh":1172,"pov":754,"povUniverse":2919,"disab":1093,"lep":872,"hhNoNet":330,"pop65Alone":374,"atRisk":289,"hazardShare":0.386,"floodShare":0.0,"areaKm2":0.11,"hvi":5.0,"lon":-73.89399,"lat":40.81848}},{"type":"Feature","geometry":{"type":"Polygon","coordinates":[[[-73.888,40.81667],[-73.8867,40.81537],[-73.88203,40.81084],[-73.89004,40.80964],[-73.89098,40.81322],[-73.89543,40.81585],[-73.89083,40.82032],[-73.88971,40.81944],[-73.888,40.81667]]]},"properties":{"id":54,"geoid":"36005009301","name":"Hunts Point","tract":"93.01","pop":5754,"pop65":502,"popU18":1736,"hh":1912,"hhNoVeh":1309,"pov":1460,"povUniverse":5623,"disab":1124,"lep":1198,"hhNoNet":233,"pop65Alone":192,"atRisk":361,"hazardShare":0.289,"floodShare":0.0,"areaKm2":0.57,"hvi":5.0,"lon":-73.89039,"lat":40.81516}},{"type":"Feature","geometry":{"type":"Polygon","coordinates":[[[-73.88203,40.81084],[-73.88041,40.8094],[-73.87936,40.80567],[-73.87808,40.80587],[-73.87703,40.80571],[-73.87481,40.80371],[-73.87374,40.80343],[-73.87362,40.80281],[-73.87163,40.80193],[-73.87169,40.80154],[-73.87342,40.80082],[-73.87471,40.80094],[-73.87474,40.80118],[-73.87564,40.80143],[-73.87567,40.80098],[-73.87836,40.80131],[-73.87791,40.80228],[-73.87811,40.8023],[-73.87836,40.80296],[-73.88354,40.80214],[-73.88389,40.80175],[-73.88482,40.80191],[-73.88551,40.80237],[-73.88628,40.80339],[-73.88757,40.80419],[-73.8877,40.80484],[-73.88806,40.80495],[-73.88875,40.80476],[-73.8891,40.80498],[-73.8894,40.8053],[-73.88924,40.80594],[-73.88976,40.80597],[-73.89001,40.80575],[-73.89153,40.80599],[-73.89176,40.80646],[-73.89484,40.80623],[-73.89511,40.80687],[-73.89634,40.80672],[-73.89625,40.80625],[-73.89727,40.80615],[-73.89735,40.80655],[-73.89822,40.80642],[-73.89814,40.80565],[-73.89849,40.80548],[-73.9007,40.805],[-73.90219,40.80488],[-73.90308,40.80989],[-73.89845,40.81318],[-73.89543,40.81585],[-73.89098,40.81322],[-73.89004,40.80964],[-73.88203,40.81084]]]},"properties":{"id":55,"geoid":"36005009302","name":"Hunts Point \u00b7 93.02","tract":"93.02","pop":319,"pop65":53,"popU18":0,"hh":0,"hhNoVeh":0,"pov":28,"povUniverse":84,"disab":84,"lep":36,"hhNoNet":0,"pop65Alone":0,"atRisk":26,"hazardShare":0.227,"floodShare":0.0,"areaKm2":1.76,"hvi":5.0,"lon":-73.89142,"lat":40.80835}},{"type":"Feature","geometry":{"type":"Polygon","coordinates":[[[-73.88441,40.82298],[-73.88365,40.82153],[-73.88291,40.81954],[-73.88141,40.818],[-73.88235,40.81742],[-73.888,40.81667],[-73.88971,40.81944],[-73.89083,40.82032],[-73.88741,40.82254],[-73.88441,40.82298]]]},"properties":{"id":56,"geoid":"36005011502","name":"Hunts Point \u00b7 115.02","tract":"115.02","pop":3935,"pop65":522,"popU18":976,"hh":1513,"hhNoVeh":1089,"pov":1509,"povUniverse":3928,"disab":866,"lep":953,"hhNoNet":253,"pop65Alone":199,"atRisk":364,"hazardShare":0.325,"floodShare":0.0,"areaKm2":0.34,"hvi":5.0,"lon":-73.88663,"lat":40.81982}},{"type":"Feature","geometry":{"type":"Polygon","coordinates":[[[-73.88041,40.8094],[-73.88203,40.81084],[-73.888,40.81667],[-73.88338,40.81736],[-73.88218,40.81643],[-73.88041,40.8094]]]},"properties":{"id":57,"geoid":"36005011701","name":"Hunts Point \u00b7 117.01","tract":"117.01","pop":1262,"pop65":120,"popU18":369,"hh":474,"hhNoVeh":320,"pov":199,"povUniverse":1262,"disab":295,"lep":185,"hhNoNet":63,"pop65Alone":85,"atRisk":60,"hazardShare":0.339,"floodShare":0.0,"areaKm2":0.22,"hvi":5.0,"lon":-73.88307,"lat":40.81352}},{"type":"Feature","geometry":{"type":"Polygon","coordinates":[[[-73.88797,40.82227],[-73.89083,40.82032],[-73.89162,40.82099],[-73.89201,40.82473],[-73.89085,40.82508],[-73.88661,40.82534],[-73.88719,40.82303],[-73.88797,40.82227]]]},"properties":{"id":58,"geoid":"36005011900","name":"Longwood \u00b7 119","tract":"119","pop":5879,"pop65":956,"popU18":2008,"hh":1875,"hhNoVeh":1355,"pov":1343,"povUniverse":5842,"disab":1281,"lep":1310,"hhNoNet":101,"pop65Alone":226,"atRisk":617,"hazardShare":0.971,"floodShare":0.0,"areaKm2":0.17,"hvi":5.0,"lon":-73.88953,"lat":40.82293}},{"type":"Feature","geometry":{"type":"Polygon","coordinates":[[[-73.88609,40.8277],[-73.8879,40.82675],[-73.89091,40.8268],[-73.89087,40.83014],[-73.88991,40.83013],[-73.88761,40.82934],[-73.88625,40.82835],[-73.88609,40.8277]]]},"properties":{"id":59,"geoid":"36005012101","name":"Crotona Park East \u00b7 121.01","tract":"121.01","pop":3293,"pop65":429,"popU18":760,"hh":1057,"hhNoVeh":783,"pov":1067,"povUniverse":3293,"disab":731,"lep":960,"hhNoNet":186,"pop65Alone":126,"atRisk":398,"hazardShare":0.956,"floodShare":0.0,"areaKm2":0.12,"hvi":5.0,"lon":-73.88865,"lat":40.82849}},{"type":"Feature","geometry":{"type":"Polygon","coordinates":[[[-73.88661,40.82534],[-73.89085,40.82508],[-73.89139,40.82495],[-73.88609,40.8277],[-73.88661,40.82534]]]},"properties":{"id":60,"geoid":"36005012102","name":"Longwood \u00b7 121.02","tract":"121.02","pop":1429,"pop65":293,"popU18":320,"hh":572,"hhNoVeh":438,"pov":557,"povUniverse":1399,"disab":530,"lep":232,"hhNoNet":87,"pop65Alone":181,"atRisk":170,"hazardShare":0.522,"floodShare":0.0,"areaKm2":0.05,"hvi":5.0,"lon":-73.88736,"lat":40.8265}},{"type":"Feature","geometry":{"type":"Polygon","coordinates":[[[-73.89163,40.83274],[-73.88563,40.83065],[-73.88566,40.83049],[-73.88508,40.83048],[-73.88358,40.82952],[-73.88356,40.82895],[-73.88453,40.82565],[-73.88441,40.82298],[-73.88699,40.82266],[-73.88797,40.82227],[-73.88736,40.82278],[-73.8869,40.82372],[-73.88609,40.8277],[-73.88625,40.82835],[-73.88761,40.82934],[-73.88991,40.83013],[-73.89336,40.83016],[-73.89269,40.83235],[-73.89163,40.83274]]]},"properties":{"id":61,"geoid":"36005012300","name":"Crotona Park East \u00b7 123","tract":"123","pop":4712,"pop65":403,"popU18":1257,"hh":1772,"hhNoVeh":1343,"pov":1511,"povUniverse":4712,"disab":1358,"lep":828,"hhNoNet":321,"pop65Alone":203,"atRisk":421,"hazardShare":0.571,"floodShare":0.0,"areaKm2":0.3,"hvi":5.0,"lon":-73.88525,"lat":40.82685}},{"type":"Feature","geometry":{"type":"Polygon","coordinates":[[[-73.89336,40.83016],[-73.89087,40.83014],[-73.89091,40.8268],[-73.89293,40.82679],[-73.89484,40.82625],[-73.89506,40.82802],[-73.8964,40.82877],[-73.8967,40.83042],[-73.89469,40.83063],[-73.89336,40.83016]]]},"properties":{"id":62,"geoid":"36005012500","name":"Crotona Park East \u00b7 125","tract":"125","pop":4001,"pop65":259,"popU18":1330,"hh":1449,"hhNoVeh":598,"pov":1188,"povUniverse":3989,"disab":571,"lep":1059,"hhNoNet":49,"pop65Alone":106,"atRisk":412,"hazardShare":1.0,"floodShare":0.0,"areaKm2":0.17,"hvi":5.0,"lon":-73.8934,"lat":40.82848}},{"type":"Feature","geometry":{"type":"Polygon","coordinates":[[[-73.8879,40.82675],[-73.8932,40.82402],[-73.89487,40.82395],[-73.89484,40.82625],[-73.89293,40.82679],[-73.8879,40.82675]]]},"properties":{"id":63,"geoid":"36005012701","name":"Longwood \u00b7 127.01","tract":"127.01","pop":2129,"pop65":216,"popU18":575,"hh":745,"hhNoVeh":418,"pov":706,"povUniverse":2102,"disab":579,"lep":742,"hhNoNet":91,"pop65Alone":63,"atRisk":258,"hazardShare":1.0,"floodShare":0.0,"areaKm2":0.11,"hvi":5.0,"lon":-73.89252,"lat":40.82558}},{"type":"Feature","geometry":{"type":"Polygon","coordinates":[[[-73.89888,40.82386],[-73.8932,40.82402],[-73.9016,40.8197],[-73.90061,40.82212],[-73.90199,40.82245],[-73.90118,40.8244],[-73.89888,40.82386]]]},"properties":{"id":64,"geoid":"36005012901","name":"Longwood \u00b7 129.01","tract":"129.01","pop":4944,"pop65":466,"popU18":1645,"hh":1744,"hhNoVeh":1277,"pov":2143,"povUniverse":4754,"disab":1654,"lep":1283,"hhNoNet":216,"pop65Alone":231,"atRisk":720,"hazardShare":0.933,"floodShare":0.0,"areaKm2":0.16,"hvi":5.0,"lon":-73.89906,"lat":40.82186}},{"type":"Feature","geometry":{"type":"Polygon","coordinates":[[[-73.89484,40.82625],[-73.89487,40.82395],[-73.89686,40.82386],[-73.89888,40.82386],[-73.90118,40.8244],[-73.90054,40.82595],[-73.90165,40.82623],[-73.90094,40.82794],[-73.8998,40.82769],[-73.8956,40.82832],[-73.89506,40.82802],[-73.89484,40.82625]]]},"properties":{"id":65,"geoid":"36005013100","name":"Longwood \u00b7 131","tract":"131","pop":5288,"pop65":642,"popU18":1383,"hh":2225,"hhNoVeh":1655,"pov":2083,"povUniverse":5277,"disab":1725,"lep":1637,"hhNoNet":216,"pop65Alone":232,"atRisk":631,"hazardShare":0.699,"floodShare":0.0,"areaKm2":0.23,"hvi":5.0,"lon":-73.89797,"lat":40.82606}},{"type":"Feature","geometry":{"type":"Polygon","coordinates":[[[-73.90118,40.8244],[-73.90199,40.82245],[-73.90061,40.82212],[-73.90129,40.82048],[-73.90646,40.82172],[-73.90492,40.82529],[-73.90118,40.8244]]]},"properties":{"id":66,"geoid":"36005013300","name":"Morrisania \u00b7 133","tract":"133","pop":6087,"pop65":492,"popU18":1547,"hh":2269,"hhNoVeh":1771,"pov":2857,"povUniverse":6087,"disab":1733,"lep":1865,"hhNoNet":382,"pop65Alone":204,"atRisk":935,"hazardShare":1.0,"floodShare":0.0,"areaKm2":0.16,"hvi":5.0,"lon":-73.90381,"lat":40.82303}},{"type":"Feature","geometry":{"type":"Polygon","coordinates":[[[-73.89821,40.8279],[-73.8998,40.82769],[-73.90094,40.82794],[-73.90165,40.82623],[-73.90054,40.82595],[-73.90118,40.8244],[-73.90492,40.82529],[-73.90429,40.82693],[-73.90508,40.82712],[-73.90228,40.82964],[-73.89795,40.82853],[-73.89821,40.8279]]]},"properties":{"id":67,"geoid":"36005013500","name":"Morrisania \u00b7 135","tract":"135","pop":4075,"pop65":236,"popU18":1262,"hh":1534,"hhNoVeh":927,"pov":1977,"povUniverse":4075,"disab":925,"lep":1108,"hhNoNet":254,"pop65Alone":162,"atRisk":630,"hazardShare":1.0,"floodShare":0.0,"areaKm2":0.17,"hvi":5.0,"lon":-73.90301,"lat":40.82701}},{"type":"Feature","geometry":{"type":"Polygon","coordinates":[[[-73.91317,40.82547],[-73.90774,40.82382],[-73.90842,40.82219],[-73.90985,40.82256],[-73.91175,40.82211],[-73.91622,40.82348],[-73.91588,40.82411],[-73.91677,40.82439],[-73.91609,40.82485],[-73.91661,40.825],[-73.91545,40.82576],[-73.91475,40.82521],[-73.91351,40.82481],[-73.91317,40.82547]]]},"properties":{"id":68,"geoid":"36005014100","name":"Morrisania","tract":"141","pop":7856,"pop65":417,"popU18":2011,"hh":3034,"hhNoVeh":2247,"pov":2133,"povUniverse":7856,"disab":1466,"lep":1147,"hhNoNet":121,"pop65Alone":234,"atRisk":692,"hazardShare":0.892,"floodShare":0.0,"areaKm2":0.18,"hvi":5.0,"lon":-73.91202,"lat":40.82395}},{"type":"Feature","geometry":{"type":"Polygon","coordinates":[[[-73.91138,40.831],[-73.90896,40.83023],[-73.91031,40.82878],[-73.91169,40.82777],[-73.91179,40.82644],[-73.91131,40.82486],[-73.91317,40.82547],[-73.91351,40.82481],[-73.91475,40.82521],[-73.91545,40.82576],[-73.91363,40.82693],[-73.91138,40.831]]]},"properties":{"id":69,"geoid":"36005014300","name":"Concourse-Concourse Village \u00b7 143","tract":"143","pop":1647,"pop65":197,"popU18":377,"hh":743,"hhNoVeh":632,"pov":800,"povUniverse":1617,"disab":487,"lep":478,"hhNoNet":98,"pop65Alone":132,"atRisk":258,"hazardShare":0.884,"floodShare":0.0,"areaKm2":0.13,"hvi":5.0,"lon":-73.91225,"lat":40.82797}},{"type":"Feature","geometry":{"type":"Polygon","coordinates":[[[-73.90344,40.83222],[-73.90553,40.82911],[-73.91049,40.83075],[-73.90869,40.83395],[-73.90344,40.83222]]]},"properties":{"id":70,"geoid":"36005014500","name":"Claremont Village-Claremont (East)","tract":"145","pop":6899,"pop65":969,"popU18":2305,"hh":2433,"hhNoVeh":1930,"pov":3537,"povUniverse":6678,"disab":1278,"lep":1098,"hhNoNet":725,"pop65Alone":560,"atRisk":1233,"hazardShare":1.0,"floodShare":0.0,"areaKm2":0.18,"hvi":5.0,"lon":-73.90696,"lat":40.83156}},{"type":"Feature","geometry":{"type":"Polygon","coordinates":[[[-73.90186,40.83463],[-73.90344,40.83222],[-73.90869,40.83395],[-73.9074,40.83624],[-73.90186,40.83463]]]},"properties":{"id":71,"geoid":"36005014701","name":"Claremont Village-Claremont (East) \u00b7 147.01","tract":"147.01","pop":6094,"pop65":689,"popU18":2042,"hh":2009,"hhNoVeh":1781,"pov":3678,"povUniverse":6085,"disab":1472,"lep":831,"hhNoNet":160,"pop65Alone":300,"atRisk":1187,"hazardShare":1.0,"floodShare":0.0,"areaKm2":0.14,"hvi":5.0,"lon":-73.90529,"lat":40.83429}},{"type":"Feature","geometry":{"type":"Polygon","coordinates":[[[-73.90121,40.83551],[-73.90186,40.83463],[-73.9074,40.83624],[-73.90598,40.83851],[-73.90197,40.83718],[-73.90291,40.83593],[-73.90121,40.83551]]]},"properties":{"id":72,"geoid":"36005014702","name":"Claremont Village-Claremont (East) \u00b7 147.02","tract":"147.02","pop":4950,"pop65":830,"popU18":1412,"hh":1924,"hhNoVeh":1510,"pov":1795,"povUniverse":4950,"disab":667,"lep":1035,"hhNoNet":190,"pop65Alone":540,"atRisk":566,"hazardShare":0.623,"floodShare":0.0,"areaKm2":0.12,"hvi":5.0,"lon":-73.90476,"lat":40.83665}},{"type":"Feature","geometry":{"type":"Polygon","coordinates":[[[-73.89845,40.83473],[-73.90074,40.83128],[-73.90025,40.8312],[-73.90228,40.82964],[-73.90351,40.83039],[-73.90451,40.83063],[-73.90121,40.83551],[-73.89845,40.83473]]]},"properties":{"id":73,"geoid":"36005014900","name":"Morrisania \u00b7 149","tract":"149","pop":4714,"pop65":319,"popU18":1619,"hh":1546,"hhNoVeh":1105,"pov":2036,"povUniverse":4631,"disab":802,"lep":715,"hhNoNet":276,"pop65Alone":191,"atRisk":583,"hazardShare":0.726,"floodShare":0.0,"areaKm2":0.16,"hvi":5.0,"lon":-73.90144,"lat":40.83273}},{"type":"Feature","geometry":{"type":"Polygon","coordinates":[[[-73.89697,40.83435],[-73.89637,40.83352],[-73.89717,40.83038],[-73.8967,40.83042],[-73.8964,40.82877],[-73.8956,40.82832],[-73.89821,40.8279],[-73.89795,40.82853],[-73.90228,40.82964],[-73.90025,40.8312],[-73.90074,40.83128],[-73.89845,40.83473],[-73.89697,40.83435]]]},"properties":{"id":74,"geoid":"36005015100","name":"Morrisania \u00b7 151","tract":"151","pop":5216,"pop65":636,"popU18":1135,"hh":2117,"hhNoVeh":1481,"pov":1603,"povUniverse":5051,"disab":1580,"lep":1592,"hhNoNet":299,"pop65Alone":208,"atRisk":541,"hazardShare":0.726,"floodShare":0.0,"areaKm2":0.21,"hvi":5.0,"lon":-73.89864,"lat":40.83162}},{"type":"Feature","geometry":{"type":"Polygon","coordinates":[[[-73.89174,40.83267],[-73.89269,40.83235],[-73.89336,40.83016],[-73.89469,40.83063],[-73.89717,40.83038],[-73.89637,40.83352],[-73.89697,40.83435],[-73.89514,40.83544],[-73.89395,40.83644],[-73.89148,40.8367],[-73.89139,40.83577],[-73.89082,40.83582],[-73.89216,40.83365],[-73.89174,40.83267]]]},"properties":{"id":75,"geoid":"36005015300","name":"Crotona Park East \u00b7 153","tract":"153","pop":3603,"pop65":356,"popU18":1154,"hh":1781,"hhNoVeh":1332,"pov":896,"povUniverse":3596,"disab":872,"lep":596,"hhNoNet":239,"pop65Alone":300,"atRisk":289,"hazardShare":0.652,"floodShare":0.0,"areaKm2":0.24,"hvi":5.0,"lon":-73.89421,"lat":40.83338}},{"type":"Feature","geometry":{"type":"Polygon","coordinates":[[[-73.88729,40.83814],[-73.89072,40.83242],[-73.89174,40.83267],[-73.89216,40.83365],[-73.89082,40.83582],[-73.89139,40.83577],[-73.89148,40.8367],[-73.89084,40.83679],[-73.88874,40.83798],[-73.88841,40.83856],[-73.88729,40.83814]]]},"properties":{"id":76,"geoid":"36005015500","name":"Crotona Park East \u00b7 155","tract":"155","pop":3016,"pop65":475,"popU18":649,"hh":1064,"hhNoVeh":789,"pov":839,"povUniverse":3016,"disab":857,"lep":999,"hhNoNet":117,"pop65Alone":214,"atRisk":211,"hazardShare":0.192,"floodShare":0.0,"areaKm2":0.11,"hvi":5.0,"lon":-73.89014,"lat":40.83519}},{"type":"Feature","geometry":{"type":"Polygon","coordinates":[[[-73.88222,40.83547],[-73.87998,40.83469],[-73.88236,40.83151],[-73.88389,40.82982],[-73.88508,40.83048],[-73.88566,40.83049],[-73.88563,40.83065],[-73.89072,40.83242],[-73.88874,40.83572],[-73.88351,40.83391],[-73.88222,40.83547]]]},"properties":{"id":77,"geoid":"36005015700","name":"Crotona Park East","tract":"157","pop":6152,"pop65":626,"popU18":1814,"hh":2321,"hhNoVeh":1755,"pov":1835,"povUniverse":6152,"disab":1219,"lep":1308,"hhNoNet":144,"pop65Alone":146,"atRisk":517,"hazardShare":0.516,"floodShare":0.0,"areaKm2":0.32,"hvi":5.0,"lon":-73.88571,"lat":40.83315}},{"type":"Feature","geometry":{"type":"Polygon","coordinates":[[[-73.89162,40.82099],[-73.89588,40.821],[-73.89586,40.82264],[-73.89201,40.82473],[-73.89162,40.82099]]]},"properties":{"id":78,"geoid":"36005015900","name":"Longwood \u00b7 159","tract":"159","pop":2407,"pop65":456,"popU18":496,"hh":1023,"hhNoVeh":577,"pov":890,"povUniverse":2405,"disab":751,"lep":686,"hhNoNet":114,"pop65Alone":158,"atRisk":353,"hazardShare":1.0,"floodShare":0.0,"areaKm2":0.1,"hvi":5.0,"lon":-73.89359,"lat":40.82286}},{"type":"Feature","geometry":{"type":"Polygon","coordinates":[[[-73.88201,40.83747],[-73.88222,40.83547],[-73.88351,40.83391],[-73.88874,40.83572],[-73.88619,40.84011],[-73.88465,40.83918],[-73.8842,40.83936],[-73.88274,40.83865],[-73.88302,40.83868],[-73.88229,40.83808],[-73.88201,40.83747]]]},"properties":{"id":79,"geoid":"36005016100","name":"Crotona Park East \u00b7 161","tract":"161","pop":4703,"pop65":1225,"popU18":1060,"hh":2224,"hhNoVeh":1908,"pov":1763,"povUniverse":4703,"disab":1425,"lep":1284,"hhNoNet":201,"pop65Alone":268,"atRisk":468,"hazardShare":0.234,"floodShare":0.0,"areaKm2":0.24,"hvi":5.0,"lon":-73.88509,"lat":40.83688}},{"type":"Feature","geometry":{"type":"Polygon","coordinates":[[[-73.90463,40.8449],[-73.89959,40.84431],[-73.89481,40.84377],[-73.89537,40.8429],[-73.89664,40.84351],[-73.89827,40.84069],[-73.90229,40.84199],[-73.90196,40.84256],[-73.90494,40.84338],[-73.90485,40.84473],[-73.90463,40.8449]]]},"properties":{"id":80,"geoid":"36005016500","name":"Claremont Village-Claremont (East) \u00b7 165","tract":"165","pop":1311,"pop65":62,"popU18":359,"hh":376,"hhNoVeh":149,"pov":285,"povUniverse":1311,"disab":158,"lep":212,"hhNoNet":10,"pop65Alone":0,"atRisk":60,"hazardShare":0.208,"floodShare":0.0,"areaKm2":0.2,"hvi":5.0,"lon":-73.89999,"lat":40.8428}},{"type":"Feature","geometry":{"type":"Polygon","coordinates":[[[-73.89827,40.84069],[-73.89997,40.83766],[-73.90265,40.83888],[-73.90561,40.83985],[-73.90516,40.84087],[-73.90494,40.84338],[-73.90196,40.84256],[-73.90229,40.84199],[-73.89827,40.84069]]]},"properties":{"id":81,"geoid":"36005016700","name":"Claremont Village-Claremont (East) \u00b7 167","tract":"167","pop":3015,"pop65":202,"popU18":840,"hh":1154,"hhNoVeh":748,"pov":1095,"povUniverse":2961,"disab":621,"lep":594,"hhNoNet":66,"pop65Alone":92,"atRisk":224,"hazardShare":0.2,"floodShare":0.0,"areaKm2":0.21,"hvi":5.0,"lon":-73.90181,"lat":40.84058}},{"type":"Feature","geometry":{"type":"Polygon","coordinates":[[[-73.89997,40.83766],[-73.90121,40.83551],[-73.90291,40.83593],[-73.90197,40.83718],[-73.90598,40.83851],[-73.90538,40.83978],[-73.90265,40.83888],[-73.89997,40.83766]]]},"properties":{"id":82,"geoid":"36005016900","name":"Claremont Village-Claremont (East) \u00b7 169","tract":"169","pop":1944,"pop65":231,"popU18":542,"hh":607,"hhNoVeh":394,"pov":990,"povUniverse":1904,"disab":439,"lep":347,"hhNoNet":18,"pop65Alone":37,"atRisk":194,"hazardShare":0.152,"floodShare":0.0,"areaKm2":0.09,"hvi":5.0,"lon":-73.90157,"lat":40.83755}},{"type":"Feature","geometry":{"type":"Polygon","coordinates":[[[-73.91296,40.82817],[-73.91363,40.82693],[-73.91661,40.825],[-73.91609,40.82485],[-73.92067,40.82185],[-73.91641,40.8293],[-73.91296,40.82817]]]},"properties":{"id":83,"geoid":"36005017300","name":"Concourse-Concourse Village \u00b7 173","tract":"173","pop":5266,"pop65":807,"popU18":723,"hh":2276,"hhNoVeh":1611,"pov":1590,"povUniverse":5265,"disab":1784,"lep":983,"hhNoNet":265,"pop65Alone":205,"atRisk":606,"hazardShare":0.877,"floodShare":0.0,"areaKm2":0.17,"hvi":5.0,"lon":-73.91717,"lat":40.82551}},{"type":"Feature","geometry":{"type":"Polygon","coordinates":[[[-73.91138,40.831],[-73.91296,40.82817],[-73.91641,40.8293],[-73.91384,40.8337],[-73.91129,40.83284],[-73.9124,40.83094],[-73.91138,40.831]]]},"properties":{"id":84,"geoid":"36005017500","name":"Concourse-Concourse Village \u00b7 175","tract":"175","pop":6264,"pop65":1022,"popU18":2032,"hh":2975,"hhNoVeh":2295,"pov":2433,"povUniverse":6228,"disab":1498,"lep":932,"hhNoNet":242,"pop65Alone":789,"atRisk":921,"hazardShare":1.0,"floodShare":0.0,"areaKm2":0.15,"hvi":5.0,"lon":-73.91356,"lat":40.83074}},{"type":"Feature","geometry":{"type":"Polygon","coordinates":[[[-73.90869,40.83395],[-73.91049,40.83075],[-73.91138,40.831],[-73.9124,40.83094],[-73.91129,40.83284],[-73.91384,40.8337],[-73.9129,40.83531],[-73.90869,40.83395]]]},"properties":{"id":85,"geoid":"36005017701","name":"Concourse-Concourse Village \u00b7 177.01","tract":"177.01","pop":5395,"pop65":648,"popU18":1124,"hh":1462,"hhNoVeh":960,"pov":1261,"povUniverse":5025,"disab":774,"lep":1994,"hhNoNet":31,"pop65Alone":26,"atRisk":552,"hazardShare":1.0,"floodShare":0.0,"areaKm2":0.11,"hvi":5.0,"lon":-73.91048,"lat":40.83297}},{"type":"Feature","geometry":{"type":"Polygon","coordinates":[[[-73.90538,40.83978],[-73.90869,40.83395],[-73.9129,40.83531],[-73.91139,40.83787],[-73.90917,40.83699],[-73.90798,40.83719],[-73.90679,40.83826],[-73.90561,40.83985],[-73.90538,40.83978]]]},"properties":{"id":86,"geoid":"36005017702","name":"Mount Eden-Claremont (West) \u00b7 177.02","tract":"177.02","pop":5232,"pop65":672,"popU18":1260,"hh":1675,"hhNoVeh":993,"pov":1818,"povUniverse":5232,"disab":944,"lep":1083,"hhNoNet":50,"pop65Alone":164,"atRisk":425,"hazardShare":0.257,"floodShare":0.0,"areaKm2":0.14,"hvi":5.0,"lon":-73.90964,"lat":40.83663}},{"type":"Feature","geometry":{"type":"Polygon","coordinates":[[[-73.9129,40.83531],[-73.91408,40.83329],[-73.91771,40.83452],[-73.91587,40.8364],[-73.9129,40.83531]]]},"properties":{"id":87,"geoid":"36005017901","name":"Concourse-Concourse Village \u00b7 179.01","tract":"179.01","pop":4968,"pop65":444,"popU18":1210,"hh":1688,"hhNoVeh":1187,"pov":1002,"povUniverse":4968,"disab":731,"lep":1855,"hhNoNet":0,"pop65Alone":145,"atRisk":407,"hazardShare":1.0,"floodShare":0.0,"areaKm2":0.08,"hvi":5.0,"lon":-73.91519,"lat":40.83495}},{"type":"Feature","geometry":{"type":"Polygon","coordinates":[[[-73.91139,40.83787],[-73.9129,40.83531],[-73.91587,40.8364],[-73.91376,40.83875],[-73.91139,40.83787]]]},"properties":{"id":88,"geoid":"36005017902","name":"Mount Eden-Claremont (West) \u00b7 179.02","tract":"179.02","pop":3030,"pop65":373,"popU18":1022,"hh":1216,"hhNoVeh":1138,"pov":483,"povUniverse":3030,"disab":610,"lep":792,"hhNoNet":135,"pop65Alone":23,"atRisk":239,"hazardShare":1.0,"floodShare":0.0,"areaKm2":0.08,"hvi":5.0,"lon":-73.91342,"lat":40.83723}},{"type":"Feature","geometry":{"type":"Polygon","coordinates":[[[-73.91408,40.83329],[-73.91641,40.8293],[-73.91811,40.83001],[-73.91586,40.83385],[-73.91408,40.83329]]]},"properties":{"id":89,"geoid":"36005018101","name":"Concourse-Concourse Village \u00b7 181.01","tract":"181.01","pop":2881,"pop65":260,"popU18":734,"hh":1084,"hhNoVeh":653,"pov":665,"povUniverse":2876,"disab":589,"lep":715,"hhNoNet":108,"pop65Alone":56,"atRisk":260,"hazardShare":1.0,"floodShare":0.0,"areaKm2":0.08,"hvi":5.0,"lon":-73.91623,"lat":40.83143}},{"type":"Feature","geometry":{"type":"Polygon","coordinates":[[[-73.91586,40.83385],[-73.91811,40.83001],[-73.92046,40.83092],[-73.91903,40.8331],[-73.91771,40.83452],[-73.91586,40.83385]]]},"properties":{"id":90,"geoid":"36005018102","name":"Concourse-Concourse Village \u00b7 181.02","tract":"181.02","pop":5324,"pop65":1141,"popU18":1392,"hh":2150,"hhNoVeh":1812,"pov":1583,"povUniverse":5066,"disab":1084,"lep":1493,"hhNoNet":400,"pop65Alone":603,"atRisk":734,"hazardShare":1.0,"floodShare":0.0,"areaKm2":0.1,"hvi":5.0,"lon":-73.91829,"lat":40.83214}},{"type":"Feature","geometry":{"type":"Polygon","coordinates":[[[-73.91894,40.83034],[-73.92115,40.82641],[-73.92267,40.82686],[-73.92046,40.83092],[-73.91894,40.83034]]]},"properties":{"id":91,"geoid":"36005018301","name":"Concourse-Concourse Village \u00b7 183.01","tract":"183.01","pop":3933,"pop65":970,"popU18":738,"hh":1934,"hhNoVeh":1386,"pov":1116,"povUniverse":3933,"disab":964,"lep":983,"hhNoNet":273,"pop65Alone":546,"atRisk":543,"hazardShare":1.0,"floodShare":0.0,"areaKm2":0.07,"hvi":5.0,"lon":-73.92069,"lat":40.82886}},{"type":"Feature","geometry":{"type":"Polygon","coordinates":[[[-73.91894,40.83034],[-73.91641,40.8293],[-73.91846,40.82558],[-73.92115,40.82641],[-73.91894,40.83034]]]},"properties":{"id":92,"geoid":"36005018302","name":"Concourse-Concourse Village \u00b7 183.02","tract":"183.02","pop":3295,"pop65":325,"popU18":986,"hh":1452,"hhNoVeh":1172,"pov":787,"povUniverse":3295,"disab":490,"lep":621,"hhNoNet":124,"pop65Alone":143,"atRisk":310,"hazardShare":1.0,"floodShare":0.0,"areaKm2":0.11,"hvi":5.0,"lon":-73.91871,"lat":40.82796}},{"type":"Feature","geometry":{"type":"Polygon","coordinates":[[[-73.90657,40.82946],[-73.90871,40.82408],[-73.91131,40.82486],[-73.91179,40.82644],[-73.91169,40.82777],[-73.91031,40.82878],[-73.90896,40.83023],[-73.90657,40.82946]]]},"properties":{"id":93,"geoid":"36005018501","name":"Morrisania \u00b7 185.01","tract":"185.01","pop":3775,"pop65":385,"popU18":1245,"hh":1466,"hhNoVeh":977,"pov":1162,"povUniverse":3761,"disab":592,"lep":569,"hhNoNet":89,"pop65Alone":59,"atRisk":430,"hazardShare":1.0,"floodShare":0.0,"areaKm2":0.18,"hvi":5.0,"lon":-73.90959,"lat":40.82723}},{"type":"Feature","geometry":{"type":"Polygon","coordinates":[[[-73.90228,40.82964],[-73.90508,40.82712],[-73.90429,40.82693],[-73.90646,40.82172],[-73.90842,40.82219],[-73.90774,40.82382],[-73.90871,40.82408],[-73.90657,40.82946],[-73.90553,40.82911],[-73.90451,40.83063],[-73.90351,40.83039],[-73.90228,40.82964]]]},"properties":{"id":94,"geoid":"36005018502","name":"Morrisania \u00b7 185.02","tract":"185.02","pop":5525,"pop65":492,"popU18":1088,"hh":2106,"hhNoVeh":1395,"pov":2784,"povUniverse":5479,"disab":1178,"lep":1433,"hhNoNet":280,"pop65Alone":312,"atRisk":915,"hazardShare":1.0,"floodShare":0.0,"areaKm2":0.23,"hvi":5.0,"lon":-73.90625,"lat":40.8261}},{"type":"Feature","geometry":{"type":"Polygon","coordinates":[[[-73.92536,40.83263],[-73.92876,40.82919],[-73.93096,40.82834],[-73.93306,40.82816],[-73.93346,40.83319],[-73.93314,40.83482],[-73.93036,40.83451],[-73.92938,40.83468],[-73.92614,40.83364],[-73.92661,40.83303],[-73.92536,40.83263]]]},"properties":{"id":95,"geoid":"36005018900","name":"Highbridge","tract":"189","pop":8244,"pop65":553,"popU18":2328,"hh":3050,"hhNoVeh":2346,"pov":2079,"povUniverse":8034,"disab":1420,"lep":1867,"hhNoNet":352,"pop65Alone":242,"atRisk":570,"hazardShare":0.495,"floodShare":0.0,"areaKm2":0.36,"hvi":5.0,"lon":-73.92971,"lat":40.83197}},{"type":"Feature","geometry":{"type":"Polygon","coordinates":[[[-73.92866,40.83981],[-73.92762,40.83773],[-73.92926,40.8361],[-73.9244,40.83449],[-73.92536,40.83263],[-73.92661,40.83303],[-73.92614,40.83364],[-73.92938,40.83468],[-73.93036,40.83451],[-73.93314,40.83482],[-73.93301,40.83569],[-73.93041,40.84029],[-73.92866,40.83981]]]},"properties":{"id":96,"geoid":"36005019300","name":"Highbridge \u00b7 193","tract":"193","pop":5949,"pop65":613,"popU18":1404,"hh":2519,"hhNoVeh":1957,"pov":859,"povUniverse":5735,"disab":1150,"lep":798,"hhNoNet":76,"pop65Alone":283,"atRisk":367,"hazardShare":0.731,"floodShare":0.0,"areaKm2":0.24,"hvi":5.0,"lon":-73.93057,"lat":40.83665}},{"type":"Feature","geometry":{"type":"Polygon","coordinates":[[[-73.91903,40.8331],[-73.92046,40.83092],[-73.92267,40.82686],[-73.92593,40.82782],[-73.92222,40.83417],[-73.91903,40.8331]]]},"properties":{"id":97,"geoid":"36005019500","name":"Concourse-Concourse Village","tract":"195","pop":7738,"pop65":813,"popU18":2074,"hh":2703,"hhNoVeh":2245,"pov":2781,"povUniverse":6997,"disab":1416,"lep":1571,"hhNoNet":357,"pop65Alone":434,"atRisk":731,"hazardShare":0.367,"floodShare":0.0,"areaKm2":0.22,"hvi":5.0,"lon":-73.92255,"lat":40.83047}},{"type":"Feature","geometry":{"type":"Polygon","coordinates":[[[-73.92048,40.83715],[-73.91647,40.83579],[-73.91903,40.8331],[-73.92318,40.83452],[-73.92237,40.83612],[-73.92013,40.8376],[-73.92048,40.83715]]]},"properties":{"id":98,"geoid":"36005019700","name":"Concourse-Concourse Village \u00b7 197","tract":"197","pop":7628,"pop65":532,"popU18":2544,"hh":2528,"hhNoVeh":2088,"pov":4287,"povUniverse":7542,"disab":1332,"lep":1522,"hhNoNet":325,"pop65Alone":155,"atRisk":1304,"hazardShare":0.904,"floodShare":0.0,"areaKm2":0.15,"hvi":5.0,"lon":-73.91993,"lat":40.83522}},{"type":"Feature","geometry":{"type":"Polygon","coordinates":[[[-73.92814,40.83878],[-73.92222,40.83799],[-73.92237,40.83612],[-73.92397,40.83509],[-73.9244,40.83449],[-73.92926,40.8361],[-73.92762,40.83773],[-73.92814,40.83878]]]},"properties":{"id":99,"geoid":"36005019900","name":"Highbridge \u00b7 199","tract":"199","pop":6852,"pop65":902,"popU18":1439,"hh":3185,"hhNoVeh":2160,"pov":2421,"povUniverse":6781,"disab":1175,"lep":2323,"hhNoNet":810,"pop65Alone":456,"atRisk":908,"hazardShare":1.0,"floodShare":0.0,"areaKm2":0.18,"hvi":5.0,"lon":-73.92564,"lat":40.8364}},{"type":"Feature","geometry":{"type":"Polygon","coordinates":[[[-73.92354,40.84446],[-73.92382,40.84289],[-73.92501,40.84125],[-73.92527,40.84018],[-73.92619,40.83852],[-73.92814,40.83878],[-73.92866,40.83981],[-73.93041,40.84029],[-73.92958,40.84205],[-73.9297,40.8422],[-73.92901,40.84409],[-73.92816,40.8455],[-73.92517,40.84489],[-73.92397,40.8448],[-73.92354,40.84446]]]},"properties":{"id":100,"geoid":"36005020100","name":"Highbridge \u00b7 201","tract":"201","pop":3845,"pop65":511,"popU18":952,"hh":1406,"hhNoVeh":1054,"pov":1713,"povUniverse":3845,"disab":585,"lep":1405,"hhNoNet":71,"pop65Alone":219,"atRisk":397,"hazardShare":0.327,"floodShare":0.0,"areaKm2":0.28,"hvi":5.0,"lon":-73.9271,"lat":40.84193}},{"type":"Feature","geometry":{"type":"Polygon","coordinates":[[[-73.92229,40.85029],[-73.91937,40.84963],[-73.92135,40.84719],[-73.92054,40.8469],[-73.92231,40.8455],[-73.92282,40.84427],[-73.92354,40.84446],[-73.92397,40.8448],[-73.92517,40.84489],[-73.92816,40.8455],[-73.92391,40.8505],[-73.92242,40.85013],[-73.92229,40.85029]]]},"properties":{"id":101,"geoid":"36005020501","name":"University Heights (South)-Morris Heights","tract":"205.01","pop":8397,"pop65":950,"popU18":2780,"hh":2681,"hhNoVeh":2105,"pov":3682,"povUniverse":8397,"disab":1989,"lep":1463,"hhNoNet":66,"pop65Alone":329,"atRisk":1213,"hazardShare":0.918,"floodShare":0.0,"areaKm2":0.27,"hvi":5.0,"lon":-73.92358,"lat":40.84775}},{"type":"Feature","geometry":{"type":"Polygon","coordinates":[[[-73.91817,40.85299],[-73.91741,40.85215],[-73.91645,40.85191],[-73.91895,40.85019],[-73.91937,40.84963],[-73.92229,40.85029],[-73.9196,40.85335],[-73.91862,40.85285],[-73.91817,40.85299]]]},"properties":{"id":102,"geoid":"36005020502","name":"University Heights (South)-Morris Heights \u00b7 205.02","tract":"205.02","pop":2331,"pop65":367,"popU18":445,"hh":1040,"hhNoVeh":850,"pov":554,"povUniverse":2316,"disab":640,"lep":724,"hhNoNet":95,"pop65Alone":193,"atRisk":203,"hazardShare":0.618,"floodShare":0.0,"areaKm2":0.1,"hvi":5.0,"lon":-73.91899,"lat":40.85164}},{"type":"Feature","geometry":{"type":"Polygon","coordinates":[[[-73.91193,40.84328],[-73.9127,40.84094],[-73.91618,40.84234],[-73.91795,40.84224],[-73.91796,40.84311],[-73.91746,40.8438],[-73.9174,40.84504],[-73.91673,40.84506],[-73.91587,40.8448],[-73.91193,40.84328]]]},"properties":{"id":103,"geoid":"36005020900","name":"Mount Eden-Claremont (West) \u00b7 209","tract":"209","pop":4809,"pop65":362,"popU18":1581,"hh":1944,"hhNoVeh":1590,"pov":1281,"povUniverse":4796,"disab":447,"lep":1149,"hhNoNet":320,"pop65Alone":186,"atRisk":453,"hazardShare":0.949,"floodShare":0.0,"areaKm2":0.13,"hvi":5.0,"lon":-73.91503,"lat":40.84273}},{"type":"Feature","geometry":{"type":"Polygon","coordinates":[[[-73.85304,40.84074],[-73.85669,40.84023],[-73.85896,40.83916],[-73.85983,40.83882],[-73.8603,40.83884],[-73.86069,40.83852],[-73.86094,40.83893],[-73.86358,40.84129],[-73.85334,40.84248],[-73.85304,40.84074]]]},"properties":{"id":104,"geoid":"36005021001","name":"Parkchester","tract":"210.01","pop":7347,"pop65":1141,"popU18":1409,"hh":3563,"hhNoVeh":2643,"pov":1393,"povUniverse":7346,"disab":1249,"lep":1438,"hhNoNet":325,"pop65Alone":380,"atRisk":621,"hazardShare":0.786,"floodShare":0.0,"areaKm2":0.19,"hvi":5.0,"lon":-73.85917,"lat":40.8405}},{"type":"Feature","geometry":{"type":"Polygon","coordinates":[[[-73.92282,40.84427],[-73.9228,40.84278],[-73.9213,40.83996],[-73.92164,40.8389],[-73.92222,40.83799],[-73.92619,40.83852],[-73.92527,40.84018],[-73.92501,40.84125],[-73.92382,40.84289],[-73.92354,40.84446],[-73.92282,40.84427]]]},"properties":{"id":105,"geoid":"36005021100","name":"Highbridge \u00b7 211","tract":"211","pop":5922,"pop65":791,"popU18":1719,"hh":2002,"hhNoVeh":1448,"pov":1758,"povUniverse":5812,"disab":852,"lep":1668,"hhNoNet":136,"pop65Alone":337,"atRisk":703,"hazardShare":1.0,"floodShare":0.0,"areaKm2":0.15,"hvi":5.0,"lon":-73.92353,"lat":40.84116}},{"type":"Feature","geometry":{"type":"Polygon","coordinates":[[[-73.85887,40.83773],[-73.85565,40.83573],[-73.85813,40.83501],[-73.86101,40.83461],[-73.86094,40.83648],[-73.86053,40.83743],[-73.85997,40.83779],[-73.85887,40.83773]]]},"properties":{"id":106,"geoid":"36005021200","name":"Parkchester \u00b7 212","tract":"212","pop":5322,"pop65":963,"popU18":1194,"hh":2325,"hhNoVeh":1628,"pov":1106,"povUniverse":5218,"disab":746,"lep":1599,"hhNoNet":241,"pop65Alone":518,"atRisk":520,"hazardShare":0.838,"floodShare":0.0,"areaKm2":0.1,"hvi":5.0,"lon":-73.8586,"lat":40.83612}},{"type":"Feature","geometry":{"type":"Polygon","coordinates":[[[-73.91742,40.84635],[-73.9172,40.84608],[-73.91716,40.84543],[-73.9174,40.84504],[-73.92263,40.84473],[-73.92231,40.8455],[-73.92105,40.84653],[-73.91971,40.84612],[-73.91742,40.84635]]]},"properties":{"id":107,"geoid":"36005021301","name":"University Heights (South)-Morris Heights \u00b7 213.01","tract":"213.01","pop":1289,"pop65":99,"popU18":348,"hh":447,"hhNoVeh":237,"pov":413,"povUniverse":1289,"disab":172,"lep":444,"hhNoNet":0,"pop65Alone":15,"atRisk":87,"hazardShare":0.209,"floodShare":0.0,"areaKm2":0.06,"hvi":5.0,"lon":-73.91964,"lat":40.84566}},{"type":"Feature","geometry":{"type":"Polygon","coordinates":[[[-73.91746,40.8438],[-73.91978,40.84088],[-73.92136,40.8402],[-73.9228,40.84278],[-73.9229,40.84402],[-73.92263,40.84473],[-73.9174,40.84504],[-73.91746,40.8438]]]},"properties":{"id":108,"geoid":"36005021302","name":"Mount Eden-Claremont (West) \u00b7 213.02","tract":"213.02","pop":5898,"pop65":1382,"popU18":1112,"hh":2324,"hhNoVeh":1759,"pov":2441,"povUniverse":5898,"disab":1394,"lep":2268,"hhNoNet":183,"pop65Alone":474,"atRisk":975,"hazardShare":1.0,"floodShare":0.0,"areaKm2":0.17,"hvi":5.0,"lon":-73.92063,"lat":40.8423}},{"type":"Feature","geometry":{"type":"Polygon","coordinates":[[[-73.91545,40.8505],[-73.92054,40.8469],[-73.92135,40.84719],[-73.91895,40.85019],[-73.91645,40.85191],[-73.91612,40.8518],[-73.91594,40.85106],[-73.91545,40.8505]]]},"properties":{"id":109,"geoid":"36005021501","name":"University Heights (South)-Morris Heights \u00b7 215.01","tract":"215.01","pop":4346,"pop65":253,"popU18":1446,"hh":1348,"hhNoVeh":924,"pov":1684,"povUniverse":4247,"disab":568,"lep":911,"hhNoNet":101,"pop65Alone":124,"atRisk":563,"hazardShare":1.0,"floodShare":0.0,"areaKm2":0.09,"hvi":5.0,"lon":-73.91827,"lat":40.84941}},{"type":"Feature","geometry":{"type":"Polygon","coordinates":[[[-73.91288,40.85013],[-73.91527,40.84682],[-73.91918,40.84611],[-73.9206,40.84629],[-73.92105,40.84653],[-73.91545,40.8505],[-73.91416,40.84998],[-73.91288,40.85013]]]},"properties":{"id":110,"geoid":"36005021502","name":"University Heights (South)-Morris Heights \u00b7 215.02","tract":"215.02","pop":6235,"pop65":454,"popU18":1746,"hh":2322,"hhNoVeh":1716,"pov":2880,"povUniverse":6163,"disab":1581,"lep":1531,"hhNoNet":89,"pop65Alone":81,"atRisk":904,"hazardShare":0.91,"floodShare":0.0,"areaKm2":0.16,"hvi":5.0,"lon":-73.91644,"lat":40.84819}},{"type":"Feature","geometry":{"type":"Polygon","coordinates":[[[-73.86284,40.8337],[-73.86681,40.83485],[-73.86598,40.83521],[-73.86508,40.83535],[-73.86547,40.83768],[-73.86639,40.83759],[-73.86668,40.83924],[-73.86725,40.84035],[-73.86447,40.8411],[-73.86394,40.84005],[-73.86284,40.8337]]]},"properties":{"id":111,"geoid":"36005021601","name":"Soundview-Bruckner-Bronx River \u00b7 216.01","tract":"216.01","pop":4118,"pop65":411,"popU18":1099,"hh":1582,"hhNoVeh":1067,"pov":1241,"povUniverse":4118,"disab":370,"lep":1264,"hhNoNet":212,"pop65Alone":63,"atRisk":458,"hazardShare":1.0,"floodShare":0.0,"areaKm2":0.16,"hvi":5.0,"lon":-73.86432,"lat":40.83667}},{"type":"Feature","geometry":{"type":"Polygon","coordinates":[[[-73.86094,40.83893],[-73.86054,40.83814],[-73.85997,40.83779],[-73.86053,40.83743],[-73.86094,40.83648],[-73.86112,40.83553],[-73.86085,40.83362],[-73.86272,40.83303],[-73.86394,40.84005],[-73.86447,40.8411],[-73.86358,40.84129],[-73.86094,40.83893]]]},"properties":{"id":112,"geoid":"36005021602","name":"Parkchester \u00b7 216.02","tract":"216.02","pop":6027,"pop65":980,"popU18":1470,"hh":2345,"hhNoVeh":1789,"pov":1075,"povUniverse":6027,"disab":515,"lep":1171,"hhNoNet":155,"pop65Alone":342,"atRisk":564,"hazardShare":1.0,"floodShare":0.0,"areaKm2":0.17,"hvi":5.0,"lon":-73.86207,"lat":40.83697}},{"type":"Feature","geometry":{"type":"Polygon","coordinates":[[[-73.90922,40.85181],[-73.91002,40.85097],[-73.9142,40.84512],[-73.9174,40.84504],[-73.91716,40.84543],[-73.9172,40.84608],[-73.91742,40.84635],[-73.91527,40.84682],[-73.91288,40.85013],[-73.91229,40.85062],[-73.91184,40.85145],[-73.91103,40.85191],[-73.91018,40.85199],[-73.90922,40.85181]]]},"properties":{"id":113,"geoid":"36005021700","name":"University Heights (South)-Morris Heights \u00b7 217","tract":"217","pop":5006,"pop65":441,"popU18":1243,"hh":1939,"hhNoVeh":1628,"pov":1915,"povUniverse":5005,"disab":1047,"lep":1709,"hhNoNet":319,"pop65Alone":162,"atRisk":619,"hazardShare":0.888,"floodShare":0.0,"areaKm2":0.16,"hvi":5.0,"lon":-73.91297,"lat":40.84843}},{"type":"Feature","geometry":{"type":"Polygon","coordinates":[[[-73.86681,40.83485],[-73.87,40.83566],[-73.87394,40.83599],[-73.87284,40.83977],[-73.86943,40.83952],[-73.86725,40.84035],[-73.86668,40.83924],[-73.86639,40.83759],[-73.86547,40.83768],[-73.86508,40.83535],[-73.86598,40.83521],[-73.86681,40.83485]]]},"properties":{"id":114,"geoid":"36005021800","name":"Soundview-Bruckner-Bronx River \u00b7 218","tract":"218","pop":6050,"pop65":631,"popU18":1209,"hh":2329,"hhNoVeh":1593,"pov":1521,"povUniverse":6010,"disab":974,"lep":1022,"hhNoNet":76,"pop65Alone":244,"atRisk":514,"hazardShare":0.712,"floodShare":0.0,"areaKm2":0.3,"hvi":5.0,"lon":-73.86942,"lat":40.83759}},{"type":"Feature","geometry":{"type":"Polygon","coordinates":[[[-73.91618,40.84234],[-73.91902,40.83839],[-73.92237,40.83612],[-73.92228,40.83785],[-73.92144,40.83925],[-73.92136,40.8402],[-73.91978,40.84088],[-73.91796,40.84311],[-73.91795,40.84224],[-73.91618,40.84234]]]},"properties":{"id":115,"geoid":"36005021900","name":"Mount Eden-Claremont (West) \u00b7 219","tract":"219","pop":1488,"pop65":137,"popU18":262,"hh":489,"hhNoVeh":384,"pov":207,"povUniverse":1477,"disab":212,"lep":588,"hhNoNet":91,"pop65Alone":56,"atRisk":98,"hazardShare":1.0,"floodShare":0.0,"areaKm2":0.14,"hvi":5.0,"lon":-73.91974,"lat":40.83961}},{"type":"Feature","geometry":{"type":"Polygon","coordinates":[[[-73.86921,40.84925],[-73.86786,40.8489],[-73.86836,40.84709],[-73.86893,40.84689],[-73.86868,40.84635],[-73.86864,40.84532],[-73.86802,40.84485],[-73.871,40.84312],[-73.87356,40.8398],[-73.87837,40.84],[-73.87686,40.84224],[-73.87459,40.84153],[-73.87386,40.84267],[-73.87306,40.8433],[-73.87208,40.84373],[-73.87185,40.84452],[-73.87135,40.84462],[-73.87113,40.84485],[-73.87099,40.84595],[-73.8703,40.84661],[-73.86989,40.8466],[-73.86893,40.84816],[-73.86956,40.84808],[-73.8695,40.84884],[-73.86921,40.84925]]]},"properties":{"id":116,"geoid":"36005022000","name":"West Farms \u00b7 220","tract":"220","pop":1872,"pop65":202,"popU18":612,"hh":650,"hhNoVeh":501,"pov":1091,"povUniverse":1777,"disab":366,"lep":529,"hhNoNet":178,"pop65Alone":116,"atRisk":184,"hazardShare":0.0,"floodShare":0.0,"areaKm2":0.23,"hvi":5.0,"lon":-73.87028,"lat":40.84452}},{"type":"Feature","geometry":{"type":"Polygon","coordinates":[[[-73.91594,40.83956],[-73.91841,40.83645],[-73.92048,40.83715],[-73.91902,40.83839],[-73.91768,40.84023],[-73.91594,40.83956]]]},"properties":{"id":117,"geoid":"36005022101","name":"Mount Eden-Claremont (West) \u00b7 221.01","tract":"221.01","pop":3752,"pop65":273,"popU18":1120,"hh":1339,"hhNoVeh":993,"pov":891,"povUniverse":3724,"disab":574,"lep":1026,"hhNoNet":73,"pop65Alone":21,"atRisk":332,"hazardShare":1.0,"floodShare":0.0,"areaKm2":0.07,"hvi":5.0,"lon":-73.91809,"lat":40.83824}},{"type":"Feature","geometry":{"type":"Polygon","coordinates":[[[-73.91376,40.83875],[-73.91647,40.83579],[-73.91841,40.83645],[-73.91594,40.83956],[-73.91376,40.83875]]]},"properties":{"id":118,"geoid":"36005022102","name":"Mount Eden-Claremont (West) \u00b7 221.02","tract":"221.02","pop":5144,"pop65":636,"popU18":1444,"hh":1681,"hhNoVeh":1408,"pov":1810,"povUniverse":5128,"disab":986,"lep":2062,"hhNoNet":184,"pop65Alone":201,"atRisk":668,"hazardShare":1.0,"floodShare":0.0,"areaKm2":0.08,"hvi":5.0,"lon":-73.91608,"lat":40.83764}},{"type":"Feature","geometry":{"type":"Polygon","coordinates":[[[-73.9127,40.84094],[-73.91376,40.83875],[-73.91768,40.84023],[-73.91618,40.84234],[-73.9127,40.84094]]]},"properties":{"id":119,"geoid":"36005022300","name":"Mount Eden-Claremont (West) \u00b7 223","tract":"223","pop":4867,"pop65":431,"popU18":1219,"hh":2103,"hhNoVeh":1831,"pov":1610,"povUniverse":4867,"disab":950,"lep":1796,"hhNoNet":179,"pop65Alone":143,"atRisk":570,"hazardShare":1.0,"floodShare":0.0,"areaKm2":0.09,"hvi":5.0,"lon":-73.91519,"lat":40.84048}},{"type":"Feature","geometry":{"type":"Polygon","coordinates":[[[-73.86759,40.85784],[-73.8678,40.8516],[-73.86861,40.8521],[-73.86993,40.85587],[-73.86838,40.85782],[-73.86759,40.85784]]]},"properties":{"id":120,"geoid":"36005022401","name":"Pelham Parkway-Van Nest \u00b7 224.01","tract":"224.01","pop":2433,"pop65":430,"popU18":636,"hh":965,"hhNoVeh":617,"pov":561,"povUniverse":2433,"disab":460,"lep":467,"hhNoNet":99,"pop65Alone":203,"atRisk":134,"hazardShare":0.0,"floodShare":0.0,"areaKm2":0.09,"hvi":5.0,"lon":-73.86867,"lat":40.855}},{"type":"Feature","geometry":{"type":"Polygon","coordinates":[[[-73.86192,40.85679],[-73.86474,40.8567],[-73.86481,40.85445],[-73.8677,40.8545],[-73.86759,40.85784],[-73.86179,40.85799],[-73.86192,40.85679]]]},"properties":{"id":121,"geoid":"36005022403","name":"Pelham Parkway-Van Nest \u00b7 224.03","tract":"224.03","pop":2782,"pop65":218,"popU18":532,"hh":1154,"hhNoVeh":725,"pov":390,"povUniverse":2782,"disab":545,"lep":581,"hhNoNet":93,"pop65Alone":55,"atRisk":87,"hazardShare":0.0,"floodShare":0.0,"areaKm2":0.12,"hvi":5.0,"lon":-73.86623,"lat":40.85555}},{"type":"Feature","geometry":{"type":"Polygon","coordinates":[[[-73.86481,40.85445],[-73.86489,40.85154],[-73.86614,40.85054],[-73.8678,40.8516],[-73.8677,40.8545],[-73.86481,40.85445]]]},"properties":{"id":122,"geoid":"36005022404","name":"Pelham Parkway-Van Nest \u00b7 224.04","tract":"224.04","pop":4292,"pop65":592,"popU18":941,"hh":1875,"hhNoVeh":1142,"pov":692,"povUniverse":4261,"disab":708,"lep":843,"hhNoNet":159,"pop65Alone":226,"atRisk":289,"hazardShare":0.618,"floodShare":0.0,"areaKm2":0.09,"hvi":5.0,"lon":-73.86631,"lat":40.85303}},{"type":"Feature","geometry":{"type":"Polygon","coordinates":[[[-73.90955,40.84305],[-73.90958,40.84203],[-73.90891,40.83838],[-73.90946,40.83707],[-73.91376,40.83875],[-73.91314,40.83982],[-73.91193,40.84328],[-73.90955,40.84305]]]},"properties":{"id":123,"geoid":"36005022500","name":"Mount Eden-Claremont (West)","tract":"225","pop":8040,"pop65":855,"popU18":2062,"hh":2225,"hhNoVeh":1672,"pov":2048,"povUniverse":7960,"disab":1852,"lep":2601,"hhNoNet":231,"pop65Alone":378,"atRisk":620,"hazardShare":0.528,"floodShare":0.0,"areaKm2":0.18,"hvi":5.0,"lon":-73.91106,"lat":40.84009}},{"type":"Feature","geometry":{"type":"Polygon","coordinates":[[[-73.90749,40.84781],[-73.91114,40.84507],[-73.9142,40.84512],[-73.91168,40.84865],[-73.90749,40.84781]]]},"properties":{"id":124,"geoid":"36005022701","name":"Mount Hope \u00b7 227.01","tract":"227.01","pop":4942,"pop65":319,"popU18":1137,"hh":2025,"hhNoVeh":1618,"pov":1419,"povUniverse":4939,"disab":835,"lep":1422,"hhNoNet":120,"pop65Alone":214,"atRisk":494,"hazardShare":1.0,"floodShare":0.0,"areaKm2":0.12,"hvi":5.0,"lon":-73.91091,"lat":40.84684}},{"type":"Feature","geometry":{"type":"Polygon","coordinates":[[[-73.91114,40.84507],[-73.91193,40.84328],[-73.91673,40.84506],[-73.9142,40.84512],[-73.91114,40.84507]]]},"properties":{"id":125,"geoid":"36005022702","name":"Mount Eden-Claremont (West) \u00b7 227.02","tract":"227.02","pop":1071,"pop65":177,"popU18":105,"hh":545,"hhNoVeh":437,"pov":509,"povUniverse":1071,"disab":286,"lep":279,"hhNoNet":48,"pop65Alone":28,"atRisk":181,"hazardShare":1.0,"floodShare":0.0,"areaKm2":0.05,"hvi":5.0,"lon":-73.91295,"lat":40.84416}},{"type":"Feature","geometry":{"type":"Polygon","coordinates":[[[-73.90936,40.84501],[-73.90955,40.84305],[-73.91193,40.84328],[-73.91114,40.84507],[-73.90936,40.84501]]]},"properties":{"id":126,"geoid":"36005022703","name":"Mount Eden-Claremont (West) \u00b7 227.03","tract":"227.03","pop":1685,"pop65":295,"popU18":448,"hh":695,"hhNoVeh":622,"pov":623,"povUniverse":1661,"disab":447,"lep":384,"hhNoNet":88,"pop65Alone":100,"atRisk":201,"hazardShare":0.639,"floodShare":0.0,"areaKm2":0.04,"hvi":5.0,"lon":-73.91047,"lat":40.84434}},{"type":"Feature","geometry":{"type":"Polygon","coordinates":[[[-73.86212,40.85081],[-73.86522,40.85019],[-73.86614,40.85054],[-73.86489,40.85154],[-73.86474,40.8567],[-73.86192,40.85679],[-73.86212,40.85081]]]},"properties":{"id":127,"geoid":"36005022800","name":"Pelham Parkway-Van Nest","tract":"228","pop":5744,"pop65":692,"popU18":1355,"hh":2381,"hhNoVeh":1217,"pov":551,"povUniverse":5628,"disab":636,"lep":1176,"hhNoNet":160,"pop65Alone":251,"atRisk":343,"hazardShare":0.925,"floodShare":0.0,"areaKm2":0.17,"hvi":5.0,"lon":-73.86343,"lat":40.85377}},{"type":"Feature","geometry":{"type":"Polygon","coordinates":[[[-73.90462,40.8474],[-73.90485,40.84473],[-73.91114,40.84507],[-73.90749,40.84781],[-73.90462,40.8474]]]},"properties":{"id":128,"geoid":"36005022901","name":"Mount Hope \u00b7 229.01","tract":"229.01","pop":5927,"pop65":243,"popU18":1603,"hh":1970,"hhNoVeh":1579,"pov":1793,"povUniverse":5918,"disab":924,"lep":1963,"hhNoNet":207,"pop65Alone":79,"atRisk":590,"hazardShare":1.0,"floodShare":0.0,"areaKm2":0.12,"hvi":5.0,"lon":-73.90726,"lat":40.84615}},{"type":"Feature","geometry":{"type":"Polygon","coordinates":[[[-73.90485,40.84473],[-73.905,40.84254],[-73.90866,40.84273],[-73.90863,40.84302],[-73.90955,40.84305],[-73.90936,40.84501],[-73.90485,40.84473]]]},"properties":{"id":129,"geoid":"36005022902","name":"Mount Eden-Claremont (West) \u00b7 229.02","tract":"229.02","pop":3378,"pop65":372,"popU18":930,"hh":1186,"hhNoVeh":783,"pov":1038,"povUniverse":3378,"disab":945,"lep":887,"hhNoNet":223,"pop65Alone":172,"atRisk":263,"hazardShare":0.353,"floodShare":0.0,"areaKm2":0.09,"hvi":5.0,"lon":-73.90715,"lat":40.84419}},{"type":"Feature","geometry":{"type":"Polygon","coordinates":[[[-73.86861,40.8521],[-73.86614,40.85054],[-73.86522,40.85019],[-73.86304,40.85062],[-73.86251,40.84837],[-73.86695,40.84751],[-73.86836,40.84709],[-73.86786,40.8489],[-73.86921,40.84925],[-73.86824,40.85092],[-73.86861,40.8521]]]},"properties":{"id":130,"geoid":"36005023000","name":"Pelham Parkway-Van Nest \u00b7 230","tract":"230","pop":2889,"pop65":171,"popU18":981,"hh":965,"hhNoVeh":446,"pov":1107,"povUniverse":2889,"disab":375,"lep":906,"hhNoNet":62,"pop65Alone":8,"atRisk":269,"hazardShare":0.478,"floodShare":0.0,"areaKm2":0.16,"hvi":5.0,"lon":-73.86589,"lat":40.84973}},{"type":"Feature","geometry":{"type":"Polygon","coordinates":[[[-73.89967,40.84745],[-73.9013,40.84448],[-73.90463,40.8449],[-73.90485,40.84473],[-73.90462,40.8474],[-73.90374,40.84734],[-73.90229,40.84775],[-73.90196,40.84807],[-73.90166,40.84775],[-73.89967,40.84745]]]},"properties":{"id":131,"geoid":"36005023100","name":"Mount Hope \u00b7 231","tract":"231","pop":1420,"pop65":183,"popU18":429,"hh":404,"hhNoVeh":222,"pov":365,"povUniverse":1254,"disab":267,"lep":541,"hhNoNet":0,"pop65Alone":41,"atRisk":157,"hazardShare":0.93,"floodShare":0.0,"areaKm2":0.12,"hvi":5.0,"lon":-73.90255,"lat":40.84619}},{"type":"Feature","geometry":{"type":"Polygon","coordinates":[[[-73.85944,40.84667],[-73.86612,40.84523],[-73.86695,40.84751],[-73.86119,40.84861],[-73.86039,40.84824],[-73.85944,40.84667]]]},"properties":{"id":132,"geoid":"36005023200","name":"Pelham Parkway-Van Nest \u00b7 232","tract":"232","pop":2626,"pop65":274,"popU18":821,"hh":867,"hhNoVeh":408,"pov":871,"povUniverse":2626,"disab":344,"lep":784,"hhNoNet":146,"pop65Alone":61,"atRisk":316,"hazardShare":1.0,"floodShare":0.0,"areaKm2":0.14,"hvi":5.0,"lon":-73.86324,"lat":40.84709}},{"type":"Feature","geometry":{"type":"Polygon","coordinates":[[[-73.90699,40.85038],[-73.906,40.8494],[-73.90749,40.84781],[-73.91168,40.84865],[-73.90922,40.85181],[-73.90699,40.85038]]]},"properties":{"id":133,"geoid":"36005023301","name":"Mount Hope \u00b7 233.01","tract":"233.01","pop":3841,"pop65":415,"popU18":884,"hh":1622,"hhNoVeh":1317,"pov":1189,"povUniverse":3814,"disab":713,"lep":1077,"hhNoNet":77,"pop65Alone":279,"atRisk":445,"hazardShare":1.0,"floodShare":0.0,"areaKm2":0.12,"hvi":5.0,"lon":-73.90861,"lat":40.84979}},{"type":"Feature","geometry":{"type":"Polygon","coordinates":[[[-73.90606,40.84933],[-73.90213,40.84837],[-73.90196,40.84807],[-73.9021,40.84785],[-73.90374,40.84734],[-73.90749,40.84781],[-73.90606,40.84933]]]},"properties":{"id":134,"geoid":"36005023302","name":"Mount Hope \u00b7 233.02","tract":"233.02","pop":3955,"pop65":251,"popU18":1114,"hh":1082,"hhNoVeh":783,"pov":953,"povUniverse":3955,"disab":777,"lep":1405,"hhNoNet":230,"pop65Alone":47,"atRisk":343,"hazardShare":1.0,"floodShare":0.0,"areaKm2":0.06,"hvi":5.0,"lon":-73.90453,"lat":40.84828}},{"type":"Feature","geometry":{"type":"Polygon","coordinates":[[[-73.90186,40.85459],[-73.90368,40.8524],[-73.906,40.8494],[-73.90699,40.85038],[-73.90299,40.85478],[-73.90186,40.85459]]]},"properties":{"id":135,"geoid":"36005023501","name":"Mount Hope \u00b7 235.01","tract":"235.01","pop":2963,"pop65":356,"popU18":622,"hh":1211,"hhNoVeh":1013,"pov":1203,"povUniverse":2963,"disab":701,"lep":1046,"hhNoNet":150,"pop65Alone":134,"atRisk":424,"hazardShare":1.0,"floodShare":0.0,"areaKm2":0.07,"hvi":5.0,"lon":-73.90464,"lat":40.85212}},{"type":"Feature","geometry":{"type":"Polygon","coordinates":[[[-73.90328,40.8487],[-73.90606,40.84933],[-73.90085,40.85594],[-73.9017,40.85315],[-73.90286,40.85173],[-73.9028,40.85007],[-73.90328,40.8487]]]},"properties":{"id":136,"geoid":"36005023502","name":"Mount Hope \u00b7 235.02","tract":"235.02","pop":4490,"pop65":692,"popU18":1076,"hh":1703,"hhNoVeh":1393,"pov":1313,"povUniverse":4276,"disab":1549,"lep":1347,"hhNoNet":251,"pop65Alone":350,"atRisk":557,"hazardShare":1.0,"floodShare":0.0,"areaKm2":0.1,"hvi":5.0,"lon":-73.90304,"lat":40.85234}},{"type":"Feature","geometry":{"type":"Polygon","coordinates":[[[-73.86695,40.84751],[-73.8654,40.84321],[-73.86517,40.84247],[-73.86643,40.84347],[-73.8673,40.84293],[-73.86889,40.84442],[-73.86802,40.84485],[-73.86864,40.84532],[-73.86868,40.84635],[-73.86893,40.84689],[-73.86695,40.84751]]]},"properties":{"id":137,"geoid":"36005023600","name":"Pelham Parkway-Van Nest \u00b7 236","tract":"236","pop":1782,"pop65":191,"popU18":522,"hh":566,"hhNoVeh":352,"pov":470,"povUniverse":1777,"disab":224,"lep":659,"hhNoNet":72,"pop65Alone":54,"atRisk":168,"hazardShare":0.831,"floodShare":0.0,"areaKm2":0.09,"hvi":5.0,"lon":-73.86725,"lat":40.8451}},{"type":"Feature","geometry":{"type":"Polygon","coordinates":[[[-73.89589,40.86227],[-73.89736,40.85877],[-73.89883,40.85931],[-73.89707,40.86254],[-73.89589,40.86227]]]},"properties":{"id":138,"geoid":"36005023702","name":"Fordham Heights \u00b7 237.02","tract":"237.02","pop":1021,"pop65":93,"popU18":284,"hh":317,"hhNoVeh":201,"pov":339,"povUniverse":1021,"disab":115,"lep":351,"hhNoNet":0,"pop65Alone":37,"atRisk":106,"hazardShare":0.753,"floodShare":0.0,"areaKm2":0.05,"hvi":5.0,"lon":-73.89726,"lat":40.86081}},{"type":"Feature","geometry":{"type":"Polygon","coordinates":[[[-73.89707,40.86254],[-73.89995,40.85743],[-73.90191,40.8581],[-73.89962,40.86217],[-73.89707,40.86254]]]},"properties":{"id":139,"geoid":"36005023703","name":"Fordham Heights \u00b7 237.03","tract":"237.03","pop":4959,"pop65":438,"popU18":1426,"hh":1835,"hhNoVeh":1437,"pov":1948,"povUniverse":4946,"disab":863,"lep":1369,"hhNoNet":176,"pop65Alone":86,"atRisk":538,"hazardShare":0.94,"floodShare":0.0,"areaKm2":0.1,"hvi":4.0,"lon":-73.89953,"lat":40.86016}},{"type":"Feature","geometry":{"type":"Polygon","coordinates":[[[-73.89995,40.85743],[-73.90186,40.85459],[-73.90395,40.85498],[-73.90191,40.8581],[-73.89995,40.85743]]]},"properties":{"id":140,"geoid":"36005023704","name":"Fordham Heights \u00b7 237.04","tract":"237.04","pop":3358,"pop65":295,"popU18":739,"hh":1392,"hhNoVeh":1114,"pov":1247,"povUniverse":3358,"disab":528,"lep":984,"hhNoNet":96,"pop65Alone":38,"atRisk":430,"hazardShare":1.0,"floodShare":0.0,"areaKm2":0.07,"hvi":5.0,"lon":-73.90179,"lat":40.8564}},{"type":"Feature","geometry":{"type":"Polygon","coordinates":[[[-73.85748,40.8438],[-73.85334,40.84248],[-73.86358,40.84129],[-73.86517,40.84247],[-73.86612,40.84523],[-73.85944,40.84667],[-73.85748,40.8438]]]},"properties":{"id":141,"geoid":"36005023800","name":"Pelham Parkway-Van Nest \u00b7 238","tract":"238","pop":2552,"pop65":172,"popU18":694,"hh":802,"hhNoVeh":342,"pov":554,"povUniverse":2525,"disab":357,"lep":673,"hhNoNet":54,"pop65Alone":27,"atRisk":196,"hazardShare":0.886,"floodShare":0.0,"areaKm2":0.34,"hvi":5.0,"lon":-73.86195,"lat":40.84452}},{"type":"Feature","geometry":{"type":"Polygon","coordinates":[[[-73.89962,40.86217],[-73.90191,40.8581],[-73.90395,40.85498],[-73.90557,40.8558],[-73.90469,40.85707],[-73.90566,40.85741],[-73.90351,40.86093],[-73.90255,40.86059],[-73.90108,40.86276],[-73.89962,40.86217]]]},"properties":{"id":142,"geoid":"36005023900","name":"Fordham Heights","tract":"239","pop":8591,"pop65":476,"popU18":2235,"hh":2583,"hhNoVeh":2029,"pov":3371,"povUniverse":8570,"disab":1269,"lep":2899,"hhNoNet":294,"pop65Alone":335,"atRisk":917,"hazardShare":1.0,"floodShare":0.0,"areaKm2":0.18,"hvi":4.0,"lon":-73.90303,"lat":40.85901}},{"type":"Feature","geometry":{"type":"Polygon","coordinates":[[[-73.86643,40.84347],[-73.86358,40.84129],[-73.86741,40.84031],[-73.86943,40.83952],[-73.87356,40.8398],[-73.871,40.84312],[-73.86889,40.84442],[-73.8673,40.84293],[-73.86643,40.84347]]]},"properties":{"id":143,"geoid":"36005024000","name":"Pelham Parkway-Van Nest \u00b7 240","tract":"240","pop":3855,"pop65":519,"popU18":616,"hh":1319,"hhNoVeh":541,"pov":725,"povUniverse":3855,"disab":515,"lep":724,"hhNoNet":75,"pop65Alone":89,"atRisk":296,"hazardShare":0.72,"floodShare":0.0,"areaKm2":0.24,"hvi":5.0,"lon":-73.86823,"lat":40.84211}},{"type":"Feature","geometry":{"type":"Polygon","coordinates":[[[-73.90395,40.85498],[-73.90299,40.85478],[-73.90699,40.85038],[-73.90922,40.85181],[-73.90557,40.8558],[-73.90395,40.85498]]]},"properties":{"id":144,"geoid":"36005024100","name":"Mount Hope \u00b7 241","tract":"241","pop":6078,"pop65":1058,"popU18":1548,"hh":2309,"hhNoVeh":2016,"pov":2451,"povUniverse":6067,"disab":922,"lep":2572,"hhNoNet":145,"pop65Alone":314,"atRisk":926,"hazardShare":1.0,"floodShare":0.0,"areaKm2":0.13,"hvi":5.0,"lon":-73.90605,"lat":40.85333}},{"type":"Feature","geometry":{"type":"Polygon","coordinates":[[[-73.90733,40.85382],[-73.90922,40.85181],[-73.91018,40.85199],[-73.91132,40.85181],[-73.91195,40.85136],[-73.91273,40.85018],[-73.91416,40.84998],[-73.91545,40.8505],[-73.9128,40.85305],[-73.91183,40.85437],[-73.9112,40.85483],[-73.91007,40.85448],[-73.90911,40.85388],[-73.90733,40.85382]]]},"properties":{"id":145,"geoid":"36005024300","name":"University Heights (South)-Morris Heights \u00b7 243","tract":"243","pop":4134,"pop65":424,"popU18":847,"hh":2007,"hhNoVeh":1654,"pov":1190,"povUniverse":4133,"disab":1032,"lep":1115,"hhNoNet":63,"pop65Alone":142,"atRisk":354,"hazardShare":0.58,"floodShare":0.0,"areaKm2":0.15,"hvi":5.0,"lon":-73.91112,"lat":40.85234}},{"type":"Feature","geometry":{"type":"Polygon","coordinates":[[[-73.91654,40.85472],[-73.91468,40.85395],[-73.91227,40.85377],[-73.91323,40.85259],[-73.91545,40.8505],[-73.91594,40.85106],[-73.91612,40.8518],[-73.91741,40.85215],[-73.91817,40.85299],[-73.91694,40.85462],[-73.91654,40.85472]]]},"properties":{"id":146,"geoid":"36005024501","name":"University Heights (South)-Morris Heights \u00b7 245.01","tract":"245.01","pop":4856,"pop65":898,"popU18":1040,"hh":1630,"hhNoVeh":1021,"pov":1580,"povUniverse":4813,"disab":1298,"lep":1936,"hhNoNet":128,"pop65Alone":143,"atRisk":659,"hazardShare":1.0,"floodShare":0.0,"areaKm2":0.11,"hvi":5.0,"lon":-73.91557,"lat":40.85244}},{"type":"Feature","geometry":{"type":"Polygon","coordinates":[[[-73.91041,40.85574],[-73.91227,40.85377],[-73.91468,40.85395],[-73.91619,40.85459],[-73.91545,40.85651],[-73.91041,40.85574]]]},"properties":{"id":147,"geoid":"36005024502","name":"University Heights (South)-Morris Heights \u00b7 245.02","tract":"245.02","pop":4226,"pop65":427,"popU18":1020,"hh":1256,"hhNoVeh":677,"pov":1014,"povUniverse":4225,"disab":627,"lep":1367,"hhNoNet":35,"pop65Alone":98,"atRisk":402,"hazardShare":1.0,"floodShare":0.0,"areaKm2":0.1,"hvi":5.0,"lon":-73.9134,"lat":40.85516}},{"type":"Feature","geometry":{"type":"Polygon","coordinates":[[[-73.86012,40.85163],[-73.85862,40.84969],[-73.86119,40.84861],[-73.86251,40.84837],[-73.86304,40.85062],[-73.86212,40.85081],[-73.86192,40.85679],[-73.86097,40.85681],[-73.86106,40.85422],[-73.86015,40.85304],[-73.86012,40.85163]]]},"properties":{"id":148,"geoid":"36005024600","name":"Morris Park \u00b7 246","tract":"246","pop":2037,"pop65":450,"popU18":388,"hh":774,"hhNoVeh":211,"pov":145,"povUniverse":2026,"disab":295,"lep":537,"hhNoNet":63,"pop65Alone":40,"atRisk":167,"hazardShare":0.973,"floodShare":0.0,"areaKm2":0.15,"hvi":5.0,"lon":-73.86111,"lat":40.85268}},{"type":"Feature","geometry":{"type":"Polygon","coordinates":[[[-73.91445,40.85944],[-73.91576,40.85835],[-73.91694,40.85462],[-73.91817,40.85299],[-73.91862,40.85285],[-73.92141,40.85437],[-73.92131,40.85455],[-73.92001,40.85669],[-73.91929,40.85748],[-73.91743,40.85678],[-73.91746,40.85632],[-73.91722,40.85602],[-73.91713,40.85705],[-73.91616,40.85879],[-73.91564,40.85917],[-73.91445,40.85944]]]},"properties":{"id":149,"geoid":"36005024700","name":"University Heights (South)-Morris Heights \u00b7 247","tract":"247","pop":1756,"pop65":252,"popU18":287,"hh":735,"hhNoVeh":448,"pov":281,"povUniverse":1756,"disab":304,"lep":436,"hhNoNet":35,"pop65Alone":82,"atRisk":79,"hazardShare":0.069,"floodShare":0.0,"areaKm2":0.15,"hvi":5.0,"lon":-73.91885,"lat":40.85617}},{"type":"Feature","geometry":{"type":"Polygon","coordinates":[[[-73.85664,40.85813],[-73.85535,40.85544],[-73.85441,40.85421],[-73.86012,40.85163],[-73.86015,40.85304],[-73.86106,40.85422],[-73.86097,40.85681],[-73.86192,40.85679],[-73.86179,40.85799],[-73.85664,40.85813]]]},"properties":{"id":150,"geoid":"36005024800","name":"Morris Park","tract":"248","pop":3699,"pop65":847,"popU18":676,"hh":1250,"hhNoVeh":501,"pov":517,"povUniverse":3410,"disab":446,"lep":781,"hhNoNet":130,"pop65Alone":216,"atRisk":212,"hazardShare":0.327,"floodShare":0.0,"areaKm2":0.28,"hvi":4.0,"lon":-73.85788,"lat":40.85464}},{"type":"Feature","geometry":{"type":"Polygon","coordinates":[[[-73.90487,40.8587],[-73.90566,40.85741],[-73.90469,40.85707],[-73.90733,40.85382],[-73.90911,40.85388],[-73.91007,40.85448],[-73.9112,40.85483],[-73.91041,40.85574],[-73.90992,40.85665],[-73.90981,40.85736],[-73.90777,40.85962],[-73.90487,40.8587]]]},"properties":{"id":151,"geoid":"36005025100","name":"University Heights (South)-Morris Heights \u00b7 251","tract":"251","pop":6983,"pop65":785,"popU18":2177,"hh":2314,"hhNoVeh":1651,"pov":2828,"povUniverse":6983,"disab":1730,"lep":1991,"hhNoNet":255,"pop65Alone":136,"atRisk":851,"hazardShare":0.722,"floodShare":0.0,"areaKm2":0.21,"hvi":5.0,"lon":-73.90736,"lat":40.85686}},{"type":"Feature","geometry":{"type":"Polygon","coordinates":[[[-73.90108,40.86276],[-73.90255,40.86059],[-73.90351,40.86093],[-73.90487,40.8587],[-73.90777,40.85962],[-73.90493,40.86276],[-73.90108,40.86276]]]},"properties":{"id":152,"geoid":"36005025300","name":"University Heights (North)-Fordham \u00b7 253","tract":"253","pop":5503,"pop65":510,"popU18":1240,"hh":1862,"hhNoVeh":1451,"pov":1828,"povUniverse":5477,"disab":917,"lep":1911,"hhNoNet":100,"pop65Alone":106,"atRisk":544,"hazardShare":1.0,"floodShare":0.0,"areaKm2":0.12,"hvi":4.0,"lon":-73.90516,"lat":40.86078}},{"type":"Feature","geometry":{"type":"Polygon","coordinates":[[[-73.90493,40.86276],[-73.90981,40.85736],[-73.91021,40.8583],[-73.9109,40.85879],[-73.91329,40.85963],[-73.91053,40.86089],[-73.90955,40.86173],[-73.90904,40.86269],[-73.90821,40.86284],[-73.90493,40.86276]]]},"properties":{"id":153,"geoid":"36005025500","name":"University Heights (North)-Fordham \u00b7 255","tract":"255","pop":6139,"pop65":1133,"popU18":1331,"hh":2311,"hhNoVeh":1795,"pov":1379,"povUniverse":6116,"disab":1265,"lep":2043,"hhNoNet":551,"pop65Alone":477,"atRisk":567,"hazardShare":0.67,"floodShare":0.0,"areaKm2":0.17,"hvi":5.0,"lon":-73.90988,"lat":40.8601}},{"type":"Feature","geometry":{"type":"Polygon","coordinates":[[[-73.91053,40.86089],[-73.91516,40.85892],[-73.91445,40.85944],[-73.91525,40.85929],[-73.91616,40.85879],[-73.91713,40.85705],[-73.91722,40.85602],[-73.91746,40.85632],[-73.91743,40.85678],[-73.91929,40.85748],[-73.9185,40.85836],[-73.91813,40.85814],[-73.91694,40.85932],[-73.91473,40.86166],[-73.9149,40.86199],[-73.91434,40.86253],[-73.91294,40.86197],[-73.91076,40.86166],[-73.90904,40.86269],[-73.90955,40.86173],[-73.91053,40.86089]]]},"properties":{"id":154,"geoid":"36005025700","name":"University Heights (North)-Fordham \u00b7 257","tract":"257","pop":1685,"pop65":172,"popU18":289,"hh":656,"hhNoVeh":395,"pov":673,"povUniverse":1685,"disab":389,"lep":587,"hhNoNet":26,"pop65Alone":64,"atRisk":185,"hazardShare":0.904,"floodShare":0.0,"areaKm2":0.16,"hvi":4.0,"lon":-73.91599,"lat":40.85935}},{"type":"Feature","geometry":{"type":"Polygon","coordinates":[[[-73.90236,40.8687],[-73.90456,40.86571],[-73.90607,40.86518],[-73.90754,40.86357],[-73.90838,40.86341],[-73.9091,40.86301],[-73.90883,40.86486],[-73.90797,40.86597],[-73.90713,40.86793],[-73.90593,40.86874],[-73.9038,40.86962],[-73.90236,40.8687]]]},"properties":{"id":155,"geoid":"36005026100","name":"University Heights (North)-Fordham \u00b7 261","tract":"261","pop":2047,"pop65":466,"popU18":305,"hh":1126,"hhNoVeh":640,"pov":294,"povUniverse":2025,"disab":321,"lep":381,"hhNoNet":87,"pop65Alone":133,"atRisk":174,"hazardShare":1.0,"floodShare":0.0,"areaKm2":0.18,"hvi":4.0,"lon":-73.90601,"lat":40.86628}},{"type":"Feature","geometry":{"type":"Polygon","coordinates":[[[-73.90114,40.86829],[-73.90332,40.86532],[-73.90195,40.86456],[-73.90332,40.86274],[-73.90821,40.86284],[-73.90904,40.86269],[-73.9091,40.86301],[-73.9088,40.86323],[-73.90754,40.86357],[-73.90607,40.86518],[-73.90456,40.86571],[-73.90236,40.8687],[-73.90114,40.86829]]]},"properties":{"id":156,"geoid":"36005026300","name":"University Heights (North)-Fordham \u00b7 263","tract":"263","pop":6381,"pop65":1359,"popU18":1516,"hh":2248,"hhNoVeh":1729,"pov":1357,"povUniverse":5743,"disab":951,"lep":2251,"hhNoNet":82,"pop65Alone":304,"atRisk":543,"hazardShare":0.705,"floodShare":0.0,"areaKm2":0.16,"hvi":4.0,"lon":-73.90384,"lat":40.86566}},{"type":"Feature","geometry":{"type":"Polygon","coordinates":[[[-73.89656,40.86857],[-73.90108,40.86276],[-73.90332,40.86274],[-73.90195,40.86456],[-73.90332,40.86532],[-73.90114,40.86829],[-73.89953,40.86789],[-73.8996,40.86893],[-73.89892,40.86967],[-73.89656,40.86857]]]},"properties":{"id":157,"geoid":"36005026500","name":"University Heights (North)-Fordham","tract":"265","pop":6906,"pop65":626,"popU18":1828,"hh":2181,"hhNoVeh":1182,"pov":1031,"povUniverse":6803,"disab":642,"lep":2597,"hhNoNet":133,"pop65Alone":162,"atRisk":313,"hazardShare":0.586,"floodShare":0.0,"areaKm2":0.2,"hvi":4.0,"lon":-73.90055,"lat":40.86618}},{"type":"Feature","geometry":{"type":"Polygon","coordinates":[[[-73.89892,40.86967],[-73.8996,40.86893],[-73.89953,40.86789],[-73.90236,40.8687],[-73.9038,40.86962],[-73.90265,40.87059],[-73.89969,40.87005],[-73.89892,40.86967]]]},"properties":{"id":158,"geoid":"36005026701","name":"Kingsbridge Heights-Van Cortlandt Village","tract":"267.01","pop":3591,"pop65":394,"popU18":1099,"hh":1290,"hhNoVeh":973,"pov":1043,"povUniverse":3591,"disab":430,"lep":1419,"hhNoNet":51,"pop65Alone":139,"atRisk":312,"hazardShare":0.89,"floodShare":0.0,"areaKm2":0.07,"hvi":4.0,"lon":-73.90128,"lat":40.86923}},{"type":"Feature","geometry":{"type":"Polygon","coordinates":[[[-73.907,40.87346],[-73.9045,40.87254],[-73.90448,40.87057],[-73.9038,40.86962],[-73.90593,40.86874],[-73.90713,40.86793],[-73.90797,40.86597],[-73.90883,40.86486],[-73.90911,40.86356],[-73.90904,40.86269],[-73.91076,40.86166],[-73.91324,40.86206],[-73.91434,40.86253],[-73.91291,40.86308],[-73.91003,40.8672],[-73.91006,40.86786],[-73.9092,40.86978],[-73.90911,40.87168],[-73.90861,40.87169],[-73.90791,40.87269],[-73.90711,40.87299],[-73.907,40.87346]]]},"properties":{"id":159,"geoid":"36005026900","name":"University Heights (North)-Fordham \u00b7 269","tract":"269","pop":4040,"pop65":486,"popU18":903,"hh":1926,"hhNoVeh":1484,"pov":1506,"povUniverse":3991,"disab":897,"lep":1320,"hhNoNet":147,"pop65Alone":172,"atRisk":151,"hazardShare":0.656,"floodShare":0.0,"areaKm2":0.38,"hvi":1.0,"lon":-73.9087,"lat":40.86752}},{"type":"Feature","geometry":{"type":"Polygon","coordinates":[[[-73.85961,40.86552],[-73.85871,40.86426],[-73.85771,40.86229],[-73.85735,40.85972],[-73.85664,40.85813],[-73.86179,40.85799],[-73.86156,40.86556],[-73.85961,40.86552]]]},"properties":{"id":160,"geoid":"36005032400","name":"Allerton \u00b7 324","tract":"324","pop":2961,"pop65":447,"popU18":721,"hh":1293,"hhNoVeh":765,"pov":959,"povUniverse":2930,"disab":425,"lep":829,"hhNoNet":21,"pop65Alone":212,"atRisk":319,"hazardShare":0.677,"floodShare":0.0,"areaKm2":0.27,"hvi":5.0,"lon":-73.85967,"lat":40.86177}},{"type":"Feature","geometry":{"type":"Polygon","coordinates":[[[-73.86179,40.85799],[-73.86467,40.85791],[-73.86446,40.8655],[-73.86156,40.86556],[-73.86179,40.85799]]]},"properties":{"id":161,"geoid":"36005032800","name":"Allerton \u00b7 328","tract":"328","pop":4132,"pop65":405,"popU18":1197,"hh":1407,"hhNoVeh":962,"pov":773,"povUniverse":4110,"disab":613,"lep":854,"hhNoNet":29,"pop65Alone":130,"atRisk":233,"hazardShare":0.689,"floodShare":0.0,"areaKm2":0.2,"hvi":4.0,"lon":-73.86312,"lat":40.86221}},{"type":"Feature","geometry":{"type":"Polygon","coordinates":[[[-73.86467,40.85791],[-73.86759,40.85784],[-73.86736,40.86544],[-73.86446,40.8655],[-73.86467,40.85791]]]},"properties":{"id":162,"geoid":"36005033000","name":"Allerton","tract":"330","pop":5197,"pop65":968,"popU18":1386,"hh":2087,"hhNoVeh":1167,"pov":1244,"povUniverse":5194,"disab":753,"lep":1466,"hhNoNet":318,"pop65Alone":472,"atRisk":452,"hazardShare":0.825,"floodShare":0.0,"areaKm2":0.21,"hvi":4.0,"lon":-73.86601,"lat":40.86226}},{"type":"Feature","geometry":{"type":"Polygon","coordinates":[[[-73.86749,40.86135],[-73.86759,40.85784],[-73.86955,40.85773],[-73.87104,40.8573],[-73.87058,40.86141],[-73.86749,40.86135]]]},"properties":{"id":163,"geoid":"36005033201","name":"Allerton \u00b7 332.01","tract":"332.01","pop":4050,"pop65":969,"popU18":702,"hh":2258,"hhNoVeh":1565,"pov":1133,"povUniverse":4046,"disab":996,"lep":1144,"hhNoNet":173,"pop65Alone":608,"atRisk":259,"hazardShare":0.129,"floodShare":0.0,"areaKm2":0.11,"hvi":4.0,"lon":-73.8692,"lat":40.8593}},{"type":"Feature","geometry":{"type":"Polygon","coordinates":[[[-73.86749,40.86135],[-73.87058,40.86141],[-73.87042,40.86537],[-73.86736,40.86544],[-73.86749,40.86135]]]},"properties":{"id":164,"geoid":"36005033202","name":"Allerton \u00b7 332.02","tract":"332.02","pop":3628,"pop65":1099,"popU18":704,"hh":1478,"hhNoVeh":988,"pov":806,"povUniverse":3182,"disab":508,"lep":1016,"hhNoNet":180,"pop65Alone":347,"atRisk":265,"hazardShare":0.218,"floodShare":0.0,"areaKm2":0.12,"hvi":4.0,"lon":-73.86892,"lat":40.86431}},{"type":"Feature","geometry":{"type":"Polygon","coordinates":[[[-73.86944,40.87814],[-73.87031,40.87535],[-73.87056,40.87152],[-73.87046,40.86328],[-73.87108,40.85739],[-73.8709,40.85728],[-73.86955,40.85773],[-73.86838,40.85782],[-73.86993,40.85587],[-73.86824,40.85092],[-73.86939,40.84916],[-73.86956,40.84808],[-73.86893,40.84816],[-73.86989,40.8466],[-73.8703,40.84661],[-73.87095,40.84599],[-73.87118,40.84477],[-73.87185,40.84452],[-73.87208,40.84373],[-73.87306,40.8433],[-73.87386,40.84267],[-73.87459,40.84153],[-73.87817,40.84263],[-73.87731,40.84401],[-73.88285,40.84783],[-73.88278,40.84808],[-73.88311,40.84828],[-73.88071,40.85681],[-73.88101,40.85825],[-73.88052,40.86062],[-73.88074,40.86113],[-73.88235,40.86246],[-73.88384,40.86425],[-73.88399,40.86483],[-73.88362,40.86546],[-73.88269,40.86616],[-73.88308,40.8666],[-73.87986,40.86828],[-73.87629,40.87053],[-73.87437,40.87271],[-73.87255,40.87518],[-73.87095,40.87852],[-73.86944,40.87814]]]},"properties":{"id":165,"geoid":"36005033400","name":"Bronx Park","tract":"334","pop":32,"pop65":0,"popU18":4,"hh":8,"hhNoVeh":8,"pov":2,"povUniverse":32,"disab":13,"lep":5,"hhNoNet":0,"pop65Alone":0,"atRisk":0,"hazardShare":0.0,"floodShare":0.0,"areaKm2":3.11,"hvi":4.0,"lon":-73.87567,"lat":40.86009}},{"type":"Feature","geometry":{"type":"Polygon","coordinates":[[[-73.86736,40.86544],[-73.87042,40.86537],[-73.87054,40.86968],[-73.86722,40.8697],[-73.86736,40.86544]]]},"properties":{"id":166,"geoid":"36005033601","name":"Allerton \u00b7 336.01","tract":"336.01","pop":4414,"pop65":676,"popU18":920,"hh":2188,"hhNoVeh":1810,"pov":2005,"povUniverse":4403,"disab":967,"lep":811,"hhNoNet":322,"pop65Alone":433,"atRisk":365,"hazardShare":0.227,"floodShare":0.0,"areaKm2":0.13,"hvi":4.0,"lon":-73.86889,"lat":40.86727}},{"type":"Feature","geometry":{"type":"Polygon","coordinates":[[[-73.87056,40.87152],[-73.86716,40.87145],[-73.86722,40.8697],[-73.87054,40.86968],[-73.87056,40.87152]]]},"properties":{"id":167,"geoid":"36005033602","name":"Williamsbridge-Olinville \u00b7 336.02","tract":"336.02","pop":1234,"pop65":293,"popU18":311,"hh":589,"hhNoVeh":124,"pov":171,"povUniverse":1218,"disab":318,"lep":137,"hhNoNet":25,"pop65Alone":126,"atRisk":53,"hazardShare":0.0,"floodShare":0.0,"areaKm2":0.06,"hvi":4.0,"lon":-73.86888,"lat":40.87017}},{"type":"Feature","geometry":{"type":"Polygon","coordinates":[[[-73.86433,40.86966],[-73.86446,40.8655],[-73.86736,40.86544],[-73.86722,40.8697],[-73.86433,40.86966]]]},"properties":{"id":168,"geoid":"36005033801","name":"Allerton \u00b7 338.01","tract":"338.01","pop":2011,"pop65":173,"popU18":454,"hh":913,"hhNoVeh":442,"pov":461,"povUniverse":2011,"disab":303,"lep":398,"hhNoNet":32,"pop65Alone":51,"atRisk":149,"hazardShare":1.0,"floodShare":0.0,"areaKm2":0.11,"hvi":4.0,"lon":-73.86585,"lat":40.86722}},{"type":"Feature","geometry":{"type":"Polygon","coordinates":[[[-73.86716,40.87145],[-73.86427,40.8714],[-73.86433,40.86966],[-73.86722,40.8697],[-73.86716,40.87145]]]},"properties":{"id":169,"geoid":"36005033802","name":"Williamsbridge-Olinville","tract":"338.02","pop":1579,"pop65":131,"popU18":402,"hh":528,"hhNoVeh":373,"pov":525,"povUniverse":1569,"disab":142,"lep":391,"hhNoNet":12,"pop65Alone":40,"atRisk":87,"hazardShare":0.13,"floodShare":0.0,"areaKm2":0.05,"hvi":4.0,"lon":-73.86576,"lat":40.87015}},{"type":"Feature","geometry":{"type":"Polygon","coordinates":[[[-73.86138,40.87134],[-73.86156,40.86556],[-73.86446,40.8655],[-73.86427,40.8714],[-73.86138,40.87134]]]},"properties":{"id":170,"geoid":"36005034000","name":"Allerton \u00b7 340","tract":"340","pop":5049,"pop65":523,"popU18":1508,"hh":1762,"hhNoVeh":812,"pov":984,"povUniverse":4978,"disab":415,"lep":1433,"hhNoNet":90,"pop65Alone":148,"atRisk":345,"hazardShare":0.949,"floodShare":0.0,"areaKm2":0.16,"hvi":4.0,"lon":-73.86293,"lat":40.86829}},{"type":"Feature","geometry":{"type":"Polygon","coordinates":[[[-73.85849,40.87129],[-73.85867,40.8655],[-73.86156,40.86556],[-73.86138,40.87134],[-73.85849,40.87129]]]},"properties":{"id":171,"geoid":"36005034200","name":"Allerton \u00b7 342","tract":"342","pop":1625,"pop65":221,"popU18":371,"hh":625,"hhNoVeh":141,"pov":302,"povUniverse":1603,"disab":175,"lep":254,"hhNoNet":60,"pop65Alone":54,"atRisk":136,"hazardShare":0.868,"floodShare":0.0,"areaKm2":0.16,"hvi":5.0,"lon":-73.86004,"lat":40.86818}},{"type":"Feature","geometry":{"type":"Polygon","coordinates":[[[-73.88566,40.84272],[-73.88016,40.84001],[-73.88052,40.83924],[-73.88155,40.83822],[-73.88201,40.83747],[-73.88229,40.83808],[-73.88302,40.83868],[-73.88274,40.83865],[-73.8842,40.83936],[-73.88465,40.83918],[-73.88619,40.84011],[-73.88566,40.84272]]]},"properties":{"id":172,"geoid":"36005035900","name":"West Farms \u00b7 359","tract":"359","pop":3873,"pop65":626,"popU18":1242,"hh":1693,"hhNoVeh":1300,"pov":1623,"povUniverse":3822,"disab":713,"lep":837,"hhNoNet":102,"pop65Alone":211,"atRisk":541,"hazardShare":0.797,"floodShare":0.0,"areaKm2":0.13,"hvi":5.0,"lon":-73.88328,"lat":40.8401}},{"type":"Feature","geometry":{"type":"Polygon","coordinates":[[[-73.87686,40.84224],[-73.87837,40.84],[-73.88042,40.84008],[-73.88279,40.8413],[-73.87919,40.84533],[-73.87731,40.84401],[-73.87817,40.84263],[-73.87686,40.84224]]]},"properties":{"id":173,"geoid":"36005036100","name":"West Farms \u00b7 361","tract":"361","pop":4690,"pop65":812,"popU18":1313,"hh":1969,"hhNoVeh":1597,"pov":2287,"povUniverse":4678,"disab":1166,"lep":1343,"hhNoNet":260,"pop65Alone":438,"atRisk":504,"hazardShare":0.24,"floodShare":0.0,"areaKm2":0.16,"hvi":5.0,"lon":-73.87981,"lat":40.84274}},{"type":"Feature","geometry":{"type":"Polygon","coordinates":[[[-73.87919,40.84533],[-73.88279,40.8413],[-73.88566,40.84272],[-73.88519,40.8452],[-73.88345,40.84716],[-73.88311,40.84828],[-73.88278,40.84808],[-73.88285,40.84783],[-73.87919,40.84533]]]},"properties":{"id":174,"geoid":"36005036300","name":"West Farms","tract":"363","pop":6727,"pop65":624,"popU18":1958,"hh":2458,"hhNoVeh":1899,"pov":2729,"povUniverse":6714,"disab":1478,"lep":1612,"hhNoNet":280,"pop65Alone":76,"atRisk":698,"hazardShare":0.499,"floodShare":0.0,"areaKm2":0.22,"hvi":5.0,"lon":-73.8824,"lat":40.84495}},{"type":"Feature","geometry":{"type":"Polygon","coordinates":[[[-73.88311,40.84828],[-73.88345,40.84716],[-73.88519,40.8452],[-73.88566,40.84272],[-73.88902,40.84438],[-73.88832,40.84519],[-73.88723,40.84464],[-73.88378,40.84869],[-73.88311,40.84828]]]},"properties":{"id":175,"geoid":"36005036501","name":"Tremont \u00b7 365.01","tract":"365.01","pop":4287,"pop65":525,"popU18":994,"hh":1445,"hhNoVeh":824,"pov":1051,"povUniverse":4287,"disab":837,"lep":1133,"hhNoNet":113,"pop65Alone":168,"atRisk":360,"hazardShare":0.658,"floodShare":0.0,"areaKm2":0.1,"hvi":5.0,"lon":-73.88561,"lat":40.84561}},{"type":"Feature","geometry":{"type":"Polygon","coordinates":[[[-73.88566,40.84272],[-73.88619,40.84011],[-73.89056,40.84269],[-73.88902,40.84438],[-73.88566,40.84272]]]},"properties":{"id":176,"geoid":"36005036502","name":"Tremont \u00b7 365.02","tract":"365.02","pop":2287,"pop65":195,"popU18":631,"hh":768,"hhNoVeh":455,"pov":857,"povUniverse":2280,"disab":353,"lep":401,"hhNoNet":107,"pop65Alone":29,"atRisk":272,"hazardShare":0.846,"floodShare":0.0,"areaKm2":0.1,"hvi":5.0,"lon":-73.88785,"lat":40.84231}},{"type":"Feature","geometry":{"type":"Polygon","coordinates":[[[-73.88619,40.84011],[-73.8866,40.83929],[-73.88814,40.83987],[-73.88869,40.83917],[-73.89217,40.84106],[-73.89056,40.84269],[-73.88619,40.84011]]]},"properties":{"id":177,"geoid":"36005036700","name":"Tremont \u00b7 367","tract":"367","pop":2718,"pop65":169,"popU18":739,"hh":777,"hhNoVeh":476,"pov":1079,"povUniverse":2627,"disab":694,"lep":593,"hhNoNet":59,"pop65Alone":38,"atRisk":192,"hazardShare":0.053,"floodShare":0.0,"areaKm2":0.09,"hvi":5.0,"lon":-73.88971,"lat":40.8409}},{"type":"Feature","geometry":{"type":"Polygon","coordinates":[[[-73.8929,40.84628],[-73.88902,40.84438],[-73.89056,40.84269],[-73.89162,40.84322],[-73.89481,40.84377],[-73.89357,40.84515],[-73.8929,40.84628]]]},"properties":{"id":178,"geoid":"36005036901","name":"Tremont \u00b7 369.01","tract":"369.01","pop":1808,"pop65":269,"popU18":544,"hh":763,"hhNoVeh":614,"pov":798,"povUniverse":1780,"disab":626,"lep":505,"hhNoNet":124,"pop65Alone":165,"atRisk":201,"hazardShare":0.395,"floodShare":0.0,"areaKm2":0.1,"hvi":5.0,"lon":-73.89171,"lat":40.84455}},{"type":"Feature","geometry":{"type":"Polygon","coordinates":[[[-73.89056,40.84269],[-73.89217,40.84106],[-73.89537,40.8429],[-73.89481,40.84377],[-73.89162,40.84322],[-73.89056,40.84269]]]},"properties":{"id":179,"geoid":"36005036902","name":"Tremont \u00b7 369.02","tract":"369.02","pop":2504,"pop65":174,"popU18":820,"hh":850,"hhNoVeh":624,"pov":942,"povUniverse":2504,"disab":462,"lep":387,"hhNoNet":156,"pop65Alone":40,"atRisk":158,"hazardShare":0.0,"floodShare":0.0,"areaKm2":0.06,"hvi":5.0,"lon":-73.89269,"lat":40.84245}},{"type":"Feature","geometry":{"type":"Polygon","coordinates":[[[-73.88378,40.84869],[-73.88723,40.84464],[-73.88832,40.84519],[-73.88902,40.84438],[-73.89113,40.84542],[-73.88816,40.84894],[-73.88644,40.85032],[-73.88378,40.84869]]]},"properties":{"id":180,"geoid":"36005037100","name":"Tremont \u00b7 371","tract":"371","pop":4218,"pop65":903,"popU18":974,"hh":1769,"hhNoVeh":1199,"pov":1011,"povUniverse":4202,"disab":1149,"lep":1045,"hhNoNet":371,"pop65Alone":559,"atRisk":488,"hazardShare":0.912,"floodShare":0.0,"areaKm2":0.2,"hvi":5.0,"lon":-73.88745,"lat":40.84707}},{"type":"Feature","geometry":{"type":"Polygon","coordinates":[[[-73.88988,40.85208],[-73.88878,40.85135],[-73.88752,40.85096],[-73.88644,40.85032],[-73.88816,40.84894],[-73.89113,40.84542],[-73.89338,40.84641],[-73.89094,40.85048],[-73.8899,40.84988],[-73.88933,40.85084],[-73.8905,40.85123],[-73.88988,40.85208]]]},"properties":{"id":181,"geoid":"36005037300","name":"Tremont","tract":"373","pop":6202,"pop65":885,"popU18":1831,"hh":2382,"hhNoVeh":2056,"pov":1415,"povUniverse":6185,"disab":2260,"lep":1494,"hhNoNet":227,"pop65Alone":338,"atRisk":590,"hazardShare":0.87,"floodShare":0.0,"areaKm2":0.17,"hvi":5.0,"lon":-73.89029,"lat":40.84856}},{"type":"Feature","geometry":{"type":"Polygon","coordinates":[[[-73.89039,40.8547],[-73.88961,40.85325],[-73.88994,40.8526],[-73.88988,40.85208],[-73.8905,40.85123],[-73.88933,40.85084],[-73.8899,40.84988],[-73.89094,40.85048],[-73.89338,40.84641],[-73.89618,40.84667],[-73.89407,40.85072],[-73.89479,40.85109],[-73.89432,40.8519],[-73.89307,40.85326],[-73.89217,40.85278],[-73.89039,40.8547]]]},"properties":{"id":182,"geoid":"36005037504","name":"Tremont \u00b7 375.04","tract":"375.04","pop":4015,"pop65":399,"popU18":1226,"hh":1560,"hhNoVeh":1084,"pov":1240,"povUniverse":3831,"disab":703,"lep":770,"hhNoNet":68,"pop65Alone":90,"atRisk":342,"hazardShare":0.451,"floodShare":0.0,"areaKm2":0.24,"hvi":5.0,"lon":-73.89181,"lat":40.8506}},{"type":"Feature","geometry":{"type":"Polygon","coordinates":[[[-73.89817,40.85515],[-73.89864,40.85391],[-73.8971,40.85518],[-73.89561,40.85458],[-73.89967,40.84745],[-73.90166,40.84775],[-73.9021,40.84833],[-73.90149,40.84812],[-73.90095,40.84843],[-73.90069,40.85026],[-73.9,40.85252],[-73.89878,40.85537],[-73.89817,40.85515]]]},"properties":{"id":183,"geoid":"36005037900","name":"Mount Hope","tract":"379","pop":6961,"pop65":369,"popU18":2287,"hh":2212,"hhNoVeh":1542,"pov":1922,"povUniverse":6293,"disab":1757,"lep":2025,"hhNoNet":308,"pop65Alone":139,"atRisk":715,"hazardShare":1.0,"floodShare":0.0,"areaKm2":0.19,"hvi":5.0,"lon":-73.89883,"lat":40.85153}},{"type":"Feature","geometry":{"type":"Polygon","coordinates":[[[-73.89878,40.85537],[-73.9,40.85252],[-73.90069,40.85026],[-73.90095,40.84843],[-73.90167,40.84812],[-73.9024,40.84852],[-73.90328,40.8487],[-73.9028,40.85007],[-73.90286,40.85173],[-73.9017,40.85315],[-73.90078,40.85605],[-73.89878,40.85537]]]},"properties":{"id":184,"geoid":"36005038100","name":"Mount Hope \u00b7 381","tract":"381","pop":6543,"pop65":828,"popU18":1854,"hh":2726,"hhNoVeh":1887,"pov":2154,"povUniverse":6523,"disab":1032,"lep":2251,"hhNoNet":322,"pop65Alone":443,"atRisk":815,"hazardShare":1.0,"floodShare":0.0,"areaKm2":0.15,"hvi":5.0,"lon":-73.90128,"lat":40.8522}},{"type":"Feature","geometry":{"type":"Polygon","coordinates":[[[-73.89883,40.85931],[-73.89636,40.85838],[-73.89817,40.85515],[-73.90078,40.85605],[-73.89883,40.85931]]]},"properties":{"id":185,"geoid":"36005038301","name":"Fordham Heights \u00b7 383.01","tract":"383.01","pop":4553,"pop65":284,"popU18":1339,"hh":1601,"hhNoVeh":1156,"pov":1671,"povUniverse":4525,"disab":565,"lep":1573,"hhNoNet":98,"pop65Alone":52,"atRisk":558,"hazardShare":1.0,"floodShare":0.0,"areaKm2":0.09,"hvi":5.0,"lon":-73.89848,"lat":40.85728}},{"type":"Feature","geometry":{"type":"Polygon","coordinates":[[[-73.89381,40.85895],[-73.89644,40.85492],[-73.8971,40.85518],[-73.89864,40.85391],[-73.89817,40.85515],[-73.89636,40.85838],[-73.89574,40.85815],[-73.89469,40.85943],[-73.89381,40.85895]]]},"properties":{"id":186,"geoid":"36005038303","name":"Fordham Heights \u00b7 383.03","tract":"383.03","pop":3662,"pop65":325,"popU18":993,"hh":1237,"hhNoVeh":974,"pov":940,"povUniverse":3644,"disab":663,"lep":1121,"hhNoNet":119,"pop65Alone":189,"atRisk":356,"hazardShare":1.0,"floodShare":0.0,"areaKm2":0.08,"hvi":5.0,"lon":-73.89629,"lat":40.85663}},{"type":"Feature","geometry":{"type":"Polygon","coordinates":[[[-73.89089,40.86135],[-73.89561,40.85458],[-73.89644,40.85492],[-73.89322,40.85988],[-73.89145,40.86164],[-73.89089,40.86135]]]},"properties":{"id":187,"geoid":"36005038304","name":"Belmont \u00b7 383.04","tract":"383.04","pop":2231,"pop65":174,"popU18":629,"hh":844,"hhNoVeh":714,"pov":1033,"povUniverse":2146,"disab":562,"lep":262,"hhNoNet":82,"pop65Alone":46,"atRisk":349,"hazardShare":1.0,"floodShare":0.0,"areaKm2":0.07,"hvi":5.0,"lon":-73.89416,"lat":40.85757}},{"type":"Feature","geometry":{"type":"Polygon","coordinates":[[[-73.89044,40.86113],[-73.89117,40.86011],[-73.89109,40.85661],[-73.89039,40.8547],[-73.89217,40.85278],[-73.89421,40.85386],[-73.89399,40.85425],[-73.89515,40.85464],[-73.89561,40.85458],[-73.89105,40.86115],[-73.89089,40.86135],[-73.89044,40.86113]]]},"properties":{"id":188,"geoid":"36005038500","name":"Belmont \u00b7 385","tract":"385","pop":5218,"pop65":541,"popU18":1676,"hh":1884,"hhNoVeh":1505,"pov":3759,"povUniverse":5197,"disab":1275,"lep":984,"hhNoNet":334,"pop65Alone":288,"atRisk":1177,"hazardShare":1.0,"floodShare":0.0,"areaKm2":0.19,"hvi":5.0,"lon":-73.89251,"lat":40.85712}},{"type":"Feature","geometry":{"type":"Polygon","coordinates":[[[-73.88599,40.85881],[-73.88687,40.85784],[-73.89003,40.85423],[-73.89039,40.8547],[-73.89109,40.85661],[-73.89117,40.86011],[-73.89044,40.86113],[-73.88599,40.85881]]]},"properties":{"id":189,"geoid":"36005038700","name":"Belmont \u00b7 387","tract":"387","pop":3610,"pop65":468,"popU18":660,"hh":1481,"hhNoVeh":1189,"pov":1054,"povUniverse":3610,"disab":631,"lep":1491,"hhNoNet":180,"pop65Alone":233,"atRisk":346,"hazardShare":0.663,"floodShare":0.0,"areaKm2":0.18,"hvi":5.0,"lon":-73.88909,"lat":40.85763}},{"type":"Feature","geometry":{"type":"Polygon","coordinates":[[[-73.88183,40.85746],[-73.88363,40.85392],[-73.88542,40.85451],[-73.88845,40.85603],[-73.88599,40.85881],[-73.88441,40.85813],[-73.88183,40.85746]]]},"properties":{"id":190,"geoid":"36005038900","name":"Belmont \u00b7 389","tract":"389","pop":5412,"pop65":299,"popU18":1062,"hh":1954,"hhNoVeh":1545,"pov":1810,"povUniverse":5221,"disab":505,"lep":1485,"hhNoNet":110,"pop65Alone":52,"atRisk":567,"hazardShare":0.825,"floodShare":0.0,"areaKm2":0.17,"hvi":5.0,"lon":-73.88518,"lat":40.8565}},{"type":"Feature","geometry":{"type":"Polygon","coordinates":[[[-73.88363,40.85392],[-73.88472,40.85177],[-73.88644,40.85032],[-73.88752,40.85096],[-73.88878,40.85135],[-73.88988,40.85208],[-73.88994,40.8526],[-73.88962,40.8536],[-73.89003,40.85423],[-73.88845,40.85603],[-73.88542,40.85451],[-73.88363,40.85392]]]},"properties":{"id":191,"geoid":"36005039100","name":"Belmont \u00b7 391","tract":"391","pop":6071,"pop65":1318,"popU18":842,"hh":3026,"hhNoVeh":1659,"pov":2033,"povUniverse":6048,"disab":1192,"lep":2424,"hhNoNet":137,"pop65Alone":364,"atRisk":875,"hazardShare":1.0,"floodShare":0.0,"areaKm2":0.21,"hvi":5.0,"lon":-73.88697,"lat":40.8529}},{"type":"Feature","geometry":{"type":"Polygon","coordinates":[[[-73.88076,40.857],[-73.88071,40.85681],[-73.88311,40.84828],[-73.88644,40.85032],[-73.88472,40.85177],[-73.88183,40.85746],[-73.88076,40.857]]]},"properties":{"id":192,"geoid":"36005039300","name":"Belmont","tract":"393","pop":8847,"pop65":936,"popU18":2534,"hh":3092,"hhNoVeh":2425,"pov":3306,"povUniverse":8776,"disab":1510,"lep":2137,"hhNoNet":301,"pop65Alone":326,"atRisk":808,"hazardShare":0.376,"floodShare":0.0,"areaKm2":0.18,"hvi":5.0,"lon":-73.88302,"lat":40.85279}},{"type":"Feature","geometry":{"type":"Polygon","coordinates":[[[-73.89307,40.85326],[-73.89432,40.8519],[-73.89479,40.85109],[-73.89407,40.85072],[-73.89618,40.84667],[-73.8929,40.84628],[-73.89357,40.84515],[-73.89481,40.84377],[-73.9013,40.84448],[-73.89561,40.85458],[-73.89515,40.85464],[-73.89399,40.85425],[-73.89421,40.85386],[-73.89307,40.85326]]]},"properties":{"id":193,"geoid":"36005039500","name":"Tremont \u00b7 395","tract":"395","pop":4389,"pop65":542,"popU18":1030,"hh":1821,"hhNoVeh":1481,"pov":1820,"povUniverse":4389,"disab":1738,"lep":1207,"hhNoNet":136,"pop65Alone":241,"atRisk":512,"hazardShare":0.598,"floodShare":0.0,"areaKm2":0.41,"hvi":5.0,"lon":-73.89652,"lat":40.84967}},{"type":"Feature","geometry":{"type":"Polygon","coordinates":[[[-73.88363,40.86727],[-73.88269,40.86616],[-73.88386,40.8652],[-73.88396,40.86446],[-73.88235,40.86246],[-73.8809,40.8613],[-73.88054,40.86075],[-73.88101,40.85825],[-73.88076,40.857],[-73.88266,40.85775],[-73.88517,40.85839],[-73.89182,40.86183],[-73.8889,40.86476],[-73.88812,40.86426],[-73.88683,40.8654],[-73.88363,40.86727]]]},"properties":{"id":194,"geoid":"36005039700","name":"Belmont \u00b7 397","tract":"397","pop":4219,"pop65":301,"popU18":193,"hh":521,"hhNoVeh":461,"pov":377,"povUniverse":1052,"disab":386,"lep":546,"hhNoNet":53,"pop65Alone":160,"atRisk":285,"hazardShare":0.113,"floodShare":0.0,"areaKm2":0.52,"hvi":5.0,"lon":-73.88668,"lat":40.86214}},{"type":"Feature","geometry":{"type":"Polygon","coordinates":[[[-73.8933,40.8653],[-73.89016,40.86349],[-73.89182,40.86183],[-73.89483,40.86207],[-73.89707,40.86254],[-73.89438,40.86607],[-73.89386,40.86575],[-73.89372,40.8653],[-73.8933,40.8653]]]},"properties":{"id":195,"geoid":"36005039901","name":"University Heights (North)-Fordham \u00b7 399.01","tract":"399.01","pop":4855,"pop65":631,"popU18":1124,"hh":1678,"hhNoVeh":1125,"pov":987,"povUniverse":4854,"disab":459,"lep":1799,"hhNoNet":169,"pop65Alone":135,"atRisk":401,"hazardShare":0.796,"floodShare":0.0,"areaKm2":0.15,"hvi":5.0,"lon":-73.8934,"lat":40.86384}},{"type":"Feature","geometry":{"type":"Polygon","coordinates":[[[-73.89182,40.86183],[-73.89145,40.86164],[-73.89322,40.85988],[-73.89381,40.85895],[-73.89469,40.85943],[-73.89574,40.85815],[-73.89736,40.85877],[-73.89589,40.86227],[-73.89182,40.86183]]]},"properties":{"id":196,"geoid":"36005039902","name":"Fordham Heights \u00b7 399.02","tract":"399.02","pop":4719,"pop65":404,"popU18":1416,"hh":1727,"hhNoVeh":1382,"pov":1122,"povUniverse":4706,"disab":569,"lep":1407,"hhNoNet":42,"pop65Alone":166,"atRisk":430,"hazardShare":1.0,"floodShare":0.0,"areaKm2":0.12,"hvi":5.0,"lon":-73.89479,"lat":40.86027}},{"type":"Feature","geometry":{"type":"Polygon","coordinates":[[[-73.89438,40.86607],[-73.89707,40.86254],[-73.89962,40.86217],[-73.90108,40.86276],[-73.8974,40.86748],[-73.89438,40.86607]]]},"properties":{"id":197,"geoid":"36005040100","name":"University Heights (North)-Fordham \u00b7 401","tract":"401","pop":4749,"pop65":463,"popU18":1008,"hh":2172,"hhNoVeh":1601,"pov":2040,"povUniverse":4566,"disab":1135,"lep":1253,"hhNoNet":79,"pop65Alone":289,"atRisk":326,"hazardShare":0.098,"floodShare":0.0,"areaKm2":0.17,"hvi":4.0,"lon":-73.89726,"lat":40.86501}},{"type":"Feature","geometry":{"type":"Polygon","coordinates":[[[-73.88989,40.86953],[-73.8925,40.8667],[-73.8933,40.8653],[-73.89372,40.8653],[-73.89386,40.86575],[-73.89438,40.86607],[-73.89174,40.86952],[-73.89098,40.87017],[-73.88989,40.86953]]]},"properties":{"id":198,"geoid":"36005040302","name":"Bedford Park \u00b7 403.02","tract":"403.02","pop":4008,"pop65":725,"popU18":999,"hh":1581,"hhNoVeh":1176,"pov":1755,"povUniverse":3968,"disab":701,"lep":1603,"hhNoNet":69,"pop65Alone":139,"atRisk":653,"hazardShare":1.0,"floodShare":0.0,"areaKm2":0.06,"hvi":5.0,"lon":-73.89239,"lat":40.86766}},{"type":"Feature","geometry":{"type":"Polygon","coordinates":[[[-73.89098,40.87017],[-73.89174,40.86952],[-73.893,40.86789],[-73.89604,40.86924],[-73.895,40.87037],[-73.89307,40.8714],[-73.89098,40.87017]]]},"properties":{"id":199,"geoid":"36005040303","name":"Bedford Park \u00b7 403.03","tract":"403.03","pop":3999,"pop65":485,"popU18":893,"hh":1375,"hhNoVeh":1033,"pov":1225,"povUniverse":3980,"disab":585,"lep":1426,"hhNoNet":66,"pop65Alone":64,"atRisk":320,"hazardShare":0.636,"floodShare":0.0,"areaKm2":0.09,"hvi":4.0,"lon":-73.89356,"lat":40.86973}},{"type":"Feature","geometry":{"type":"Polygon","coordinates":[[[-73.893,40.86789],[-73.89438,40.86607],[-73.8974,40.86748],[-73.89604,40.86924],[-73.893,40.86789]]]},"properties":{"id":200,"geoid":"36005040304","name":"Bedford Park \u00b7 403.04","tract":"403.04","pop":3502,"pop65":258,"popU18":1035,"hh":1267,"hhNoVeh":991,"pov":1321,"povUniverse":3502,"disab":423,"lep":1080,"hhNoNet":48,"pop65Alone":108,"atRisk":370,"hazardShare":1.0,"floodShare":0.0,"areaKm2":0.07,"hvi":4.0,"lon":-73.8952,"lat":40.86769}},{"type":"Feature","geometry":{"type":"Polygon","coordinates":[[[-73.88832,40.86855],[-73.89213,40.86464],[-73.8933,40.8653],[-73.8925,40.8667],[-73.88989,40.86953],[-73.88832,40.86855]]]},"properties":{"id":201,"geoid":"36005040501","name":"Bedford Park \u00b7 405.01","tract":"405.01","pop":3327,"pop65":590,"popU18":809,"hh":1325,"hhNoVeh":1057,"pov":829,"povUniverse":3327,"disab":376,"lep":1371,"hhNoNet":179,"pop65Alone":193,"atRisk":382,"hazardShare":1.0,"floodShare":0.0,"areaKm2":0.08,"hvi":5.0,"lon":-73.89113,"lat":40.86697}},{"type":"Feature","geometry":{"type":"Polygon","coordinates":[[[-73.88594,40.86593],[-73.88812,40.86426],[-73.8889,40.86476],[-73.89016,40.86349],[-73.89213,40.86464],[-73.88832,40.86855],[-73.88691,40.86724],[-73.88594,40.86593]]]},"properties":{"id":202,"geoid":"36005040502","name":"Bedford Park \u00b7 405.02","tract":"405.02","pop":5615,"pop65":611,"popU18":1393,"hh":2461,"hhNoVeh":1504,"pov":2013,"povUniverse":5615,"disab":601,"lep":1540,"hhNoNet":133,"pop65Alone":54,"atRisk":664,"hazardShare":0.84,"floodShare":0.0,"areaKm2":0.14,"hvi":5.0,"lon":-73.88841,"lat":40.86628}},{"type":"Feature","geometry":{"type":"Polygon","coordinates":[[[-73.88785,40.87213],[-73.89098,40.87017],[-73.89307,40.8714],[-73.89214,40.87176],[-73.8903,40.8719],[-73.8899,40.87223],[-73.88937,40.87339],[-73.88785,40.87213]]]},"properties":{"id":203,"geoid":"36005040701","name":"Bedford Park \u00b7 407.01","tract":"407.01","pop":2839,"pop65":200,"popU18":773,"hh":1205,"hhNoVeh":874,"pov":947,"povUniverse":2839,"disab":483,"lep":1095,"hhNoNet":56,"pop65Alone":58,"atRisk":220,"hazardShare":0.63,"floodShare":0.0,"areaKm2":0.06,"hvi":4.0,"lon":-73.88953,"lat":40.87177}},{"type":"Feature","geometry":{"type":"Polygon","coordinates":[[[-73.88785,40.87213],[-73.88505,40.86979],[-73.88471,40.86871],[-73.88363,40.86727],[-73.88594,40.86593],[-73.88691,40.86724],[-73.88832,40.86855],[-73.89098,40.87017],[-73.88785,40.87213]]]},"properties":{"id":204,"geoid":"36005040702","name":"Bedford Park","tract":"407.02","pop":6233,"pop65":927,"popU18":1566,"hh":2801,"hhNoVeh":2140,"pov":1739,"povUniverse":6223,"disab":1239,"lep":1839,"hhNoNet":301,"pop65Alone":620,"atRisk":613,"hazardShare":0.695,"floodShare":0.0,"areaKm2":0.18,"hvi":5.0,"lon":-73.88683,"lat":40.86889}},{"type":"Feature","geometry":{"type":"Polygon","coordinates":[[[-73.88247,40.87214],[-73.88147,40.86858],[-73.88363,40.86727],[-73.88471,40.86871],[-73.88505,40.86979],[-73.88623,40.87079],[-73.88296,40.87306],[-73.88247,40.87214]]]},"properties":{"id":205,"geoid":"36005041500","name":"Bedford Park \u00b7 415","tract":"415","pop":5555,"pop65":575,"popU18":1290,"hh":2293,"hhNoVeh":1752,"pov":1288,"povUniverse":5555,"disab":536,"lep":1737,"hhNoNet":63,"pop65Alone":248,"atRisk":259,"hazardShare":0.0,"floodShare":0.0,"areaKm2":0.14,"hvi":5.0,"lon":-73.88361,"lat":40.87006}},{"type":"Feature","geometry":{"type":"Polygon","coordinates":[[[-73.87752,40.87415],[-73.87437,40.87271],[-73.87629,40.87053],[-73.87986,40.86828],[-73.88308,40.8666],[-73.88363,40.86727],[-73.88147,40.86858],[-73.88247,40.87214],[-73.87923,40.87368],[-73.8786,40.87422],[-73.87752,40.87415]]]},"properties":{"id":206,"geoid":"36005042500","name":"Norwood","tract":"425","pop":6810,"pop65":603,"popU18":1924,"hh":2369,"hhNoVeh":1522,"pov":2209,"povUniverse":6693,"disab":1020,"lep":2186,"hhNoNet":297,"pop65Alone":127,"atRisk":331,"hazardShare":0.0,"floodShare":0.0,"areaKm2":0.29,"hvi":4.0,"lon":-73.87922,"lat":40.87047}},{"type":"Feature","geometry":{"type":"Polygon","coordinates":[[[-73.9451,40.79677],[-73.94604,40.79547],[-73.94922,40.79692],[-73.94831,40.79814],[-73.9451,40.79677]]]},"properties":{"id":207,"geoid":"36061017402","name":"East Harlem (South)","tract":"174.02","pop":2887,"pop65":278,"popU18":408,"hh":1196,"hhNoVeh":973,"pov":335,"povUniverse":2887,"disab":510,"lep":306,"hhNoNet":87,"pop65Alone":94,"atRisk":135,"hazardShare":0.857,"floodShare":0.0,"areaKm2":0.05,"hvi":4.0,"lon":-73.94718,"lat":40.79685}},{"type":"Feature","geometry":{"type":"Polygon","coordinates":[[[-73.9386,40.79989],[-73.94188,40.79541],[-73.9451,40.79677],[-73.94183,40.80125],[-73.9386,40.79989]]]},"properties":{"id":208,"geoid":"36061018200","name":"East Harlem (North) \u00b7 182","tract":"182","pop":7266,"pop65":659,"popU18":1645,"hh":3074,"hhNoVeh":2561,"pov":2791,"povUniverse":7098,"disab":1765,"lep":1081,"hhNoNet":401,"pop65Alone":366,"atRisk":814,"hazardShare":1.0,"floodShare":0.0,"areaKm2":0.18,"hvi":4.0,"lon":-73.94178,"lat":40.79842}},{"type":"Feature","geometry":{"type":"Polygon","coordinates":[[[-73.94183,40.80125],[-73.9451,40.79677],[-73.94831,40.79814],[-73.94505,40.80261],[-73.94183,40.80125]]]},"properties":{"id":209,"geoid":"36061018400","name":"East Harlem (North)","tract":"184","pop":8225,"pop65":918,"popU18":2042,"hh":3286,"hhNoVeh":2615,"pov":2108,"povUniverse":8225,"disab":1316,"lep":1646,"hhNoNet":445,"pop65Alone":467,"atRisk":638,"hazardShare":0.829,"floodShare":0.0,"areaKm2":0.18,"hvi":4.0,"lon":-73.94512,"lat":40.79963}},{"type":"Feature","geometry":{"type":"Polygon","coordinates":[[[-73.94697,40.79997],[-73.94922,40.79692],[-73.95248,40.79826],[-73.95019,40.80134],[-73.94697,40.79997]]]},"properties":{"id":210,"geoid":"36061018600","name":"Harlem (South) \u00b7 186","tract":"186","pop":6104,"pop65":627,"popU18":1448,"hh":1980,"hhNoVeh":1467,"pov":1794,"povUniverse":6091,"disab":785,"lep":851,"hhNoNet":217,"pop65Alone":313,"atRisk":450,"hazardShare":0.339,"floodShare":0.0,"areaKm2":0.12,"hvi":5.0,"lon":-73.94966,"lat":40.79917}},{"type":"Feature","geometry":{"type":"Polygon","coordinates":[[[-73.93399,40.79794],[-73.93591,40.79532],[-73.94052,40.79727],[-73.9386,40.79989],[-73.93399,40.79794]]]},"properties":{"id":211,"geoid":"36061018800","name":"East Harlem (North) \u00b7 188","tract":"188","pop":4685,"pop65":583,"popU18":455,"hh":2520,"hhNoVeh":2250,"pov":1428,"povUniverse":4676,"disab":856,"lep":1365,"hhNoNet":199,"pop65Alone":374,"atRisk":509,"hazardShare":0.847,"floodShare":0.0,"areaKm2":0.15,"hvi":5.0,"lon":-73.93724,"lat":40.79764}},{"type":"Feature","geometry":{"type":"Polygon","coordinates":[[[-73.94505,40.80261],[-73.94697,40.79997],[-73.95019,40.80134],[-73.94827,40.80396],[-73.94505,40.80261]]]},"properties":{"id":212,"geoid":"36061019000","name":"Harlem (South) \u00b7 190","tract":"190","pop":3735,"pop65":549,"popU18":741,"hh":1645,"hhNoVeh":1047,"pov":465,"povUniverse":3735,"disab":346,"lep":300,"hhNoNet":139,"pop65Alone":301,"atRisk":284,"hazardShare":1.0,"floodShare":0.0,"areaKm2":0.1,"hvi":5.0,"lon":-73.94783,"lat":40.80168}},{"type":"Feature","geometry":{"type":"Polygon","coordinates":[[[-73.92926,40.79587],[-73.93399,40.79794],[-73.93073,40.80243],[-73.92998,40.80299],[-73.92893,40.80087],[-73.92904,40.7967],[-73.92926,40.79587]]]},"properties":{"id":213,"geoid":"36061019200","name":"East Harlem (North) \u00b7 192","tract":"192","pop":3868,"pop65":615,"popU18":949,"hh":1626,"hhNoVeh":1387,"pov":1814,"povUniverse":3867,"disab":899,"lep":772,"hhNoNet":256,"pop65Alone":319,"atRisk":439,"hazardShare":0.367,"floodShare":0.0,"areaKm2":0.19,"hvi":5.0,"lon":-73.93085,"lat":40.79959}},{"type":"Feature","geometry":{"type":"Polygon","coordinates":[[[-73.96386,40.80298],[-73.9582,40.80056],[-73.96004,40.79805],[-73.96571,40.80045],[-73.96386,40.80298]]]},"properties":{"id":214,"geoid":"36061019300","name":"Upper West Side-Manhattan Valley","tract":"193","pop":9211,"pop65":1916,"popU18":963,"hh":4112,"hhNoVeh":3269,"pov":1909,"povUniverse":9098,"disab":1605,"lep":1304,"hhNoNet":310,"pop65Alone":764,"atRisk":393,"hazardShare":0.522,"floodShare":0.0,"areaKm2":0.18,"hvi":2.0,"lon":-73.96195,"lat":40.8005}},{"type":"Feature","geometry":{"type":"Polygon","coordinates":[[[-73.93177,40.80099],[-73.93399,40.79794],[-73.9386,40.79989],[-73.93631,40.80303],[-73.93177,40.80099]]]},"properties":{"id":215,"geoid":"36061019400","name":"East Harlem (North) \u00b7 194","tract":"194","pop":5879,"pop65":1040,"popU18":607,"hh":2845,"hhNoVeh":2245,"pov":1567,"povUniverse":5879,"disab":1177,"lep":1217,"hhNoNet":606,"pop65Alone":561,"atRisk":662,"hazardShare":0.895,"floodShare":0.0,"areaKm2":0.17,"hvi":5.0,"lon":-73.93532,"lat":40.80026}},{"type":"Feature","geometry":{"type":"Polygon","coordinates":[[[-73.93533,40.80438],[-73.9386,40.79989],[-73.94183,40.80125],[-73.93855,40.80574],[-73.93533,40.80438]]]},"properties":{"id":216,"geoid":"36061019600","name":"East Harlem (North) \u00b7 196","tract":"196","pop":4166,"pop65":1206,"popU18":817,"hh":1841,"hhNoVeh":1450,"pov":1235,"povUniverse":3900,"disab":774,"lep":871,"hhNoNet":449,"pop65Alone":439,"atRisk":562,"hazardShare":0.747,"floodShare":0.0,"areaKm2":0.18,"hvi":5.0,"lon":-73.93861,"lat":40.80277}},{"type":"Feature","geometry":{"type":"Polygon","coordinates":[[[-73.95497,40.81007],[-73.95818,40.8056],[-73.95825,40.80311],[-73.95965,40.80116],[-73.96386,40.80298],[-73.96201,40.80552],[-73.96008,40.80471],[-73.95983,40.80544],[-73.95795,40.80806],[-73.95725,40.80941],[-73.95709,40.81009],[-73.95827,40.81064],[-73.95781,40.81127],[-73.95497,40.81007]]]},"properties":{"id":217,"geoid":"36061019701","name":"Morningside Heights \u00b7 197.01","tract":"197.01","pop":962,"pop65":94,"popU18":120,"hh":515,"hhNoVeh":414,"pov":327,"povUniverse":962,"disab":76,"lep":100,"hhNoNet":0,"pop65Alone":0,"atRisk":63,"hazardShare":0.079,"floodShare":0.0,"areaKm2":0.24,"hvi":5.0,"lon":-73.95854,"lat":40.80621}},{"type":"Feature","geometry":{"type":"Polygon","coordinates":[[[-73.95632,40.80312],[-73.9582,40.80056],[-73.95965,40.80116],[-73.95825,40.80311],[-73.95821,40.8039],[-73.95632,40.80312]]]},"properties":{"id":218,"geoid":"36061019702","name":"Harlem (South) \u00b7 197.02","tract":"197.02","pop":2531,"pop65":264,"popU18":398,"hh":1173,"hhNoVeh":976,"pov":353,"povUniverse":2523,"disab":255,"lep":55,"hhNoNet":33,"pop65Alone":206,"atRisk":87,"hazardShare":0.0,"floodShare":0.0,"areaKm2":0.05,"hvi":5.0,"lon":-73.95796,"lat":40.80217}},{"type":"Feature","geometry":{"type":"Polygon","coordinates":[[[-73.93855,40.80574],[-73.94183,40.80125],[-73.94505,40.80261],[-73.9446,40.80324],[-73.94613,40.80389],[-73.9443,40.8064],[-73.94276,40.80575],[-73.94177,40.8071],[-73.93855,40.80574]]]},"properties":{"id":219,"geoid":"36061019800","name":"East Harlem (North) \u00b7 198","tract":"198","pop":2511,"pop65":549,"popU18":299,"hh":1029,"hhNoVeh":751,"pov":301,"povUniverse":2361,"disab":171,"lep":155,"hhNoNet":89,"pop65Alone":152,"atRisk":142,"hazardShare":0.187,"floodShare":0.0,"areaKm2":0.23,"hvi":5.0,"lon":-73.94284,"lat":40.80414}},{"type":"Feature","geometry":{"type":"Polygon","coordinates":[[[-73.94177,40.8071],[-73.94276,40.80575],[-73.9443,40.8064],[-73.94478,40.80577],[-73.94613,40.80389],[-73.9446,40.80324],[-73.94505,40.80261],[-73.94827,40.80396],[-73.945,40.80845],[-73.94177,40.8071]]]},"properties":{"id":220,"geoid":"36061020000","name":"Harlem (South) \u00b7 200","tract":"200","pop":2763,"pop65":581,"popU18":236,"hh":1651,"hhNoVeh":1272,"pov":504,"povUniverse":2746,"disab":632,"lep":153,"hhNoNet":265,"pop65Alone":397,"atRisk":153,"hazardShare":0.243,"floodShare":0.0,"areaKm2":0.13,"hvi":4.0,"lon":-73.94607,"lat":40.8055}},{"type":"Feature","geometry":{"type":"Polygon","coordinates":[[[-73.95841,40.80743],[-73.95983,40.80544],[-73.96008,40.80471],[-73.96201,40.80552],[-73.96011,40.80813],[-73.95841,40.80743]]]},"properties":{"id":221,"geoid":"36061020101","name":"Morningside Heights \u00b7 201.01","tract":"201.01","pop":1968,"pop65":100,"popU18":67,"hh":337,"hhNoVeh":272,"pov":202,"povUniverse":807,"disab":38,"lep":215,"hhNoNet":0,"pop65Alone":28,"atRisk":71,"hazardShare":0.0,"floodShare":0.0,"areaKm2":0.06,"hvi":4.0,"lon":-73.96024,"lat":40.80642}},{"type":"Feature","geometry":{"type":"Polygon","coordinates":[[[-73.95442,40.80573],[-73.95632,40.80312],[-73.95821,40.8039],[-73.95818,40.8056],[-73.95727,40.80692],[-73.95442,40.80573]]]},"properties":{"id":222,"geoid":"36061020102","name":"Harlem (South) \u00b7 201.02","tract":"201.02","pop":4148,"pop65":365,"popU18":695,"hh":1609,"hhNoVeh":1186,"pov":650,"povUniverse":4148,"disab":456,"lep":233,"hhNoNet":19,"pop65Alone":181,"atRisk":218,"hazardShare":0.516,"floodShare":0.0,"areaKm2":0.08,"hvi":5.0,"lon":-73.95663,"lat":40.80491}},{"type":"Feature","geometry":{"type":"Polygon","coordinates":[[[-73.95827,40.81064],[-73.96201,40.80552],[-73.96485,40.80671],[-73.96111,40.81184],[-73.95827,40.81064]]]},"properties":{"id":223,"geoid":"36061020300","name":"Morningside Heights \u00b7 203","tract":"203","pop":3989,"pop65":217,"popU18":218,"hh":466,"hhNoVeh":416,"pov":244,"povUniverse":989,"disab":129,"lep":732,"hhNoNet":14,"pop65Alone":102,"atRisk":143,"hazardShare":0.0,"floodShare":0.0,"areaKm2":0.18,"hvi":4.0,"lon":-73.96164,"lat":40.80858}},{"type":"Feature","geometry":{"type":"Polygon","coordinates":[[[-73.93582,40.80951],[-73.93855,40.80574],[-73.94177,40.8071],[-73.93902,40.81086],[-73.93582,40.80951]]]},"properties":{"id":224,"geoid":"36061020600","name":"East Harlem (North) \u00b7 206","tract":"206","pop":3481,"pop65":310,"popU18":541,"hh":1786,"hhNoVeh":1470,"pov":1037,"povUniverse":3456,"disab":458,"lep":295,"hhNoNet":135,"pop65Alone":186,"atRisk":372,"hazardShare":0.967,"floodShare":0.0,"areaKm2":0.15,"hvi":5.0,"lon":-73.93879,"lat":40.80829}},{"type":"Feature","geometry":{"type":"Polygon","coordinates":[[[-73.95841,40.80743],[-73.96011,40.80813],[-73.95827,40.81064],[-73.95709,40.81009],[-73.95725,40.80941],[-73.95841,40.80743]]]},"properties":{"id":225,"geoid":"36061020701","name":"Morningside Heights \u00b7 207.01","tract":"207.01","pop":2826,"pop65":179,"popU18":234,"hh":1091,"hhNoVeh":956,"pov":464,"povUniverse":2120,"disab":158,"lep":309,"hhNoNet":5,"pop65Alone":52,"atRisk":123,"hazardShare":0.293,"floodShare":0.0,"areaKm2":0.05,"hvi":4.0,"lon":-73.95852,"lat":40.80891}},{"type":"Feature","geometry":{"type":"Polygon","coordinates":[[[-73.93902,40.81086],[-73.94177,40.8071],[-73.945,40.80845],[-73.94225,40.81221],[-73.93902,40.81086]]]},"properties":{"id":226,"geoid":"36061020800","name":"Harlem (North) \u00b7 208","tract":"208","pop":5391,"pop65":532,"popU18":1236,"hh":2235,"hhNoVeh":1659,"pov":1263,"povUniverse":5378,"disab":365,"lep":474,"hhNoNet":81,"pop65Alone":343,"atRisk":418,"hazardShare":1.0,"floodShare":0.0,"areaKm2":0.15,"hvi":4.0,"lon":-73.94202,"lat":40.80965}},{"type":"Feature","geometry":{"type":"Polygon","coordinates":[[[-73.9521,40.81145],[-73.95358,40.80949],[-73.95781,40.81127],[-73.95571,40.81415],[-73.95408,40.81229],[-73.9521,40.81145]]]},"properties":{"id":227,"geoid":"36061020901","name":"Morningside Heights \u00b7 209.01","tract":"209.01","pop":3656,"pop65":617,"popU18":921,"hh":1440,"hhNoVeh":1243,"pov":1235,"povUniverse":3656,"disab":687,"lep":602,"hhNoNet":279,"pop65Alone":198,"atRisk":360,"hazardShare":0.751,"floodShare":0.0,"areaKm2":0.12,"hvi":4.0,"lon":-73.95517,"lat":40.81182}},{"type":"Feature","geometry":{"type":"Polygon","coordinates":[[[-73.93382,40.8195],[-73.93383,40.81416],[-73.93424,40.81085],[-73.93502,40.81039],[-73.93582,40.80951],[-73.93902,40.81086],[-73.93429,40.81725],[-73.93413,40.81774],[-73.93398,40.81771],[-73.93448,40.81971],[-73.93382,40.8195]]]},"properties":{"id":228,"geoid":"36061021000","name":"East Harlem (North) \u00b7 210","tract":"210","pop":6552,"pop65":1166,"popU18":1563,"hh":3322,"hhNoVeh":2542,"pov":2392,"povUniverse":6518,"disab":1255,"lep":282,"hhNoNet":270,"pop65Alone":712,"atRisk":885,"hazardShare":0.877,"floodShare":0.0,"areaKm2":0.2,"hvi":5.0,"lon":-73.93508,"lat":40.81452}},{"type":"Feature","geometry":{"type":"Polygon","coordinates":[[[-73.95627,40.81338],[-73.95827,40.81064],[-73.96302,40.81263],[-73.96538,40.81397],[-73.96417,40.8158],[-73.96207,40.81811],[-73.95949,40.81701],[-73.95627,40.81338]]]},"properties":{"id":229,"geoid":"36061021100","name":"Morningside Heights","tract":"211","pop":9865,"pop65":2264,"popU18":998,"hh":4189,"hhNoVeh":3261,"pov":2596,"povUniverse":8749,"disab":1796,"lep":623,"hhNoNet":558,"pop65Alone":857,"atRisk":613,"hazardShare":0.084,"floodShare":0.0,"areaKm2":0.35,"hvi":4.0,"lon":-73.96112,"lat":40.81456}},{"type":"Feature","geometry":{"type":"Polygon","coordinates":[[[-73.93576,40.81533],[-73.93902,40.81086],[-73.94225,40.81221],[-73.93899,40.81667],[-73.93576,40.81533]]]},"properties":{"id":230,"geoid":"36061021200","name":"Harlem (North) \u00b7 212","tract":"212","pop":5225,"pop65":1101,"popU18":784,"hh":2678,"hhNoVeh":2043,"pov":1037,"povUniverse":5010,"disab":455,"lep":464,"hhNoNet":282,"pop65Alone":445,"atRisk":586,"hazardShare":1.0,"floodShare":0.0,"areaKm2":0.18,"hvi":5.0,"lon":-73.93894,"lat":40.81386}},{"type":"Feature","geometry":{"type":"Polygon","coordinates":[[[-73.95093,40.81258],[-73.9521,40.81145],[-73.95408,40.81229],[-73.95571,40.81415],[-73.9522,40.81896],[-73.95088,40.8184],[-73.95177,40.81792],[-73.95276,40.81655],[-73.95297,40.81508],[-73.95086,40.81419],[-73.95177,40.81295],[-73.95093,40.81258]]]},"properties":{"id":231,"geoid":"36061021303","name":"Manhattanville-West Harlem \u00b7 213.03","tract":"213.03","pop":5804,"pop65":791,"popU18":993,"hh":2390,"hhNoVeh":1640,"pov":1228,"povUniverse":5795,"disab":800,"lep":809,"hhNoNet":188,"pop65Alone":354,"atRisk":411,"hazardShare":0.775,"floodShare":0.0,"areaKm2":0.15,"hvi":4.0,"lon":-73.95385,"lat":40.81542}},{"type":"Feature","geometry":{"type":"Polygon","coordinates":[[[-73.93448,40.81971],[-73.93398,40.81771],[-73.93413,40.81774],[-73.93429,40.81725],[-73.93576,40.81533],[-73.93899,40.81667],[-73.93623,40.82045],[-73.93448,40.81971]]]},"properties":{"id":232,"geoid":"36061021400","name":"Harlem (North) \u00b7 214","tract":"214","pop":2953,"pop65":575,"popU18":195,"hh":2113,"hhNoVeh":1706,"pov":714,"povUniverse":2911,"disab":599,"lep":4,"hhNoNet":248,"pop65Alone":283,"atRisk":252,"hazardShare":0.453,"floodShare":0.0,"areaKm2":0.14,"hvi":5.0,"lon":-73.93599,"lat":40.8182}},{"type":"Feature","geometry":{"type":"Polygon","coordinates":[[[-73.94703,40.81584],[-73.95068,40.81085],[-73.9521,40.81145],[-73.94962,40.81411],[-73.94836,40.81638],[-73.94703,40.81584]]]},"properties":{"id":233,"geoid":"36061021500","name":"Harlem (North) \u00b7 215","tract":"215","pop":3863,"pop65":417,"popU18":708,"hh":1821,"hhNoVeh":1518,"pov":750,"povUniverse":3863,"disab":457,"lep":462,"hhNoNet":169,"pop65Alone":249,"atRisk":219,"hazardShare":0.615,"floodShare":0.0,"areaKm2":0.07,"hvi":4.0,"lon":-73.94935,"lat":40.81359}},{"type":"Feature","geometry":{"type":"Polygon","coordinates":[[[-73.95064,40.80073],[-73.95248,40.79826],[-73.9582,40.80056],[-73.95632,40.80312],[-73.95064,40.80073]]]},"properties":{"id":234,"geoid":"36061021600","name":"Harlem (South)","tract":"216","pop":8912,"pop65":567,"popU18":1836,"hh":3361,"hhNoVeh":2574,"pov":1397,"povUniverse":8905,"disab":732,"lep":607,"hhNoNet":91,"pop65Alone":205,"atRisk":409,"hazardShare":0.452,"floodShare":0.0,"areaKm2":0.17,"hvi":5.0,"lon":-73.95442,"lat":40.80064}},{"type":"Feature","geometry":{"type":"Polygon","coordinates":[[[-73.94608,40.82127],[-73.94902,40.81503],[-73.95093,40.81258],[-73.95177,40.81295],[-73.95086,40.81419],[-73.95297,40.81508],[-73.95276,40.81655],[-73.95177,40.81792],[-73.95088,40.8184],[-73.9522,40.81896],[-73.94992,40.82208],[-73.94854,40.82149],[-73.94808,40.82212],[-73.94608,40.82127]]]},"properties":{"id":235,"geoid":"36061021703","name":"Manhattanville-West Harlem \u00b7 217.03","tract":"217.03","pop":348,"pop65":0,"popU18":29,"hh":0,"hhNoVeh":0,"pov":0,"povUniverse":0,"disab":32,"lep":69,"hhNoNet":0,"pop65Alone":0,"atRisk":0,"hazardShare":0.174,"floodShare":0.0,"areaKm2":0.31,"hvi":4.0,"lon":-73.94993,"lat":40.81755}},{"type":"Feature","geometry":{"type":"Polygon","coordinates":[[[-73.94873,40.80334],[-73.95064,40.80073],[-73.95632,40.80312],[-73.95442,40.80573],[-73.94873,40.80334]]]},"properties":{"id":236,"geoid":"36061021800","name":"Harlem (South) \u00b7 218","tract":"218","pop":6128,"pop65":536,"popU18":988,"hh":2971,"hhNoVeh":2378,"pov":849,"povUniverse":6127,"disab":864,"lep":186,"hhNoNet":246,"pop65Alone":426,"atRisk":393,"hazardShare":1.0,"floodShare":0.0,"areaKm2":0.18,"hvi":5.0,"lon":-73.95253,"lat":40.80323}},{"type":"Feature","geometry":{"type":"Polygon","coordinates":[[[-73.95545,40.81938],[-73.95272,40.81824],[-73.95627,40.81338],[-73.95949,40.81701],[-73.96207,40.81811],[-73.96001,40.82043],[-73.95602,40.81881],[-73.95545,40.81938]]]},"properties":{"id":237,"geoid":"36061021900","name":"Manhattanville-West Harlem \u00b7 219","tract":"219","pop":5390,"pop65":538,"popU18":1567,"hh":2052,"hhNoVeh":1850,"pov":2042,"povUniverse":5277,"disab":826,"lep":803,"hhNoNet":200,"pop65Alone":263,"atRisk":472,"hazardShare":0.565,"floodShare":0.0,"areaKm2":0.28,"hvi":4.0,"lon":-73.95655,"lat":40.81669}},{"type":"Feature","geometry":{"type":"Polygon","coordinates":[[[-73.9469,40.80585],[-73.94873,40.80334],[-73.95442,40.80573],[-73.95259,40.80825],[-73.9469,40.80585]]]},"properties":{"id":238,"geoid":"36061022000","name":"Harlem (South) \u00b7 220","tract":"220","pop":6087,"pop65":920,"popU18":775,"hh":3032,"hhNoVeh":1882,"pov":1513,"povUniverse":6017,"disab":501,"lep":618,"hhNoNet":166,"pop65Alone":393,"atRisk":523,"hazardShare":0.885,"floodShare":0.0,"areaKm2":0.17,"hvi":4.0,"lon":-73.95066,"lat":40.80579}},{"type":"Feature","geometry":{"type":"Polygon","coordinates":[[[-73.94608,40.82127],[-73.94378,40.8203],[-73.94703,40.81584],[-73.94836,40.81638],[-73.94608,40.82127]]]},"properties":{"id":239,"geoid":"36061022102","name":"Harlem (North) \u00b7 221.02","tract":"221.02","pop":2350,"pop65":188,"popU18":250,"hh":1138,"hhNoVeh":797,"pov":344,"povUniverse":2350,"disab":147,"lep":195,"hhNoNet":12,"pop65Alone":45,"atRisk":76,"hazardShare":0.0,"floodShare":0.0,"areaKm2":0.1,"hvi":5.0,"lon":-73.94605,"lat":40.8188}},{"type":"Feature","geometry":{"type":"Polygon","coordinates":[[[-73.945,40.80845],[-73.9469,40.80585],[-73.95259,40.80825],[-73.95068,40.81085],[-73.945,40.80845]]]},"properties":{"id":240,"geoid":"36061022200","name":"Harlem (South) \u00b7 222","tract":"222","pop":3595,"pop65":456,"popU18":681,"hh":1571,"hhNoVeh":1139,"pov":673,"povUniverse":3595,"disab":437,"lep":168,"hhNoNet":63,"pop65Alone":185,"atRisk":261,"hazardShare":1.0,"floodShare":0.0,"areaKm2":0.18,"hvi":4.0,"lon":-73.94879,"lat":40.80835}},{"type":"Feature","geometry":{"type":"Polygon","coordinates":[[[-73.95083,40.82084],[-73.95272,40.81824],[-73.95545,40.81938],[-73.95508,40.8201],[-73.95874,40.82163],[-73.95801,40.8228],[-73.95832,40.82284],[-73.95821,40.82306],[-73.95965,40.82368],[-73.95919,40.82435],[-73.95741,40.82328],[-73.95573,40.8229],[-73.95083,40.82084]]]},"properties":{"id":241,"geoid":"36061022301","name":"Manhattanville-West Harlem","tract":"223.01","pop":7226,"pop65":967,"popU18":1157,"hh":2610,"hhNoVeh":2162,"pov":2307,"povUniverse":7226,"disab":1169,"lep":1660,"hhNoNet":343,"pop65Alone":253,"atRisk":511,"hazardShare":0.38,"floodShare":0.0,"areaKm2":0.19,"hvi":4.0,"lon":-73.95502,"lat":40.82134}},{"type":"Feature","geometry":{"type":"Polygon","coordinates":[[[-73.95508,40.8201],[-73.95602,40.81881],[-73.96001,40.82043],[-73.95977,40.82042],[-73.95874,40.82163],[-73.95508,40.8201]]]},"properties":{"id":242,"geoid":"36061022302","name":"Manhattanville-West Harlem \u00b7 223.02","tract":"223.02","pop":2870,"pop65":574,"popU18":355,"hh":1294,"hhNoVeh":1006,"pov":563,"povUniverse":2870,"disab":615,"lep":831,"hhNoNet":174,"pop65Alone":282,"atRisk":186,"hazardShare":0.454,"floodShare":0.0,"areaKm2":0.06,"hvi":4.0,"lon":-73.95732,"lat":40.8202}},{"type":"Feature","geometry":{"type":"Polygon","coordinates":[[[-73.94317,40.81095],[-73.945,40.80845],[-73.95068,40.81085],[-73.94842,40.81395],[-73.94557,40.81276],[-73.94603,40.81213],[-73.94317,40.81095]]]},"properties":{"id":243,"geoid":"36061022400","name":"Harlem (North) \u00b7 224","tract":"224","pop":6682,"pop65":987,"popU18":1774,"hh":2766,"hhNoVeh":2528,"pov":2756,"povUniverse":6591,"disab":1362,"lep":694,"hhNoNet":461,"pop65Alone":389,"atRisk":842,"hazardShare":1.0,"floodShare":0.0,"areaKm2":0.19,"hvi":4.0,"lon":-73.94707,"lat":40.81122}},{"type":"Feature","geometry":{"type":"Polygon","coordinates":[[[-73.94901,40.82332],[-73.95083,40.82084],[-73.95573,40.8229],[-73.95741,40.82328],[-73.95919,40.82435],[-73.95746,40.82688],[-73.94901,40.82332]]]},"properties":{"id":244,"geoid":"36061022500","name":"Hamilton Heights-Sugar Hill","tract":"225","pop":11327,"pop65":2069,"popU18":1672,"hh":3968,"hhNoVeh":2923,"pov":2790,"povUniverse":11262,"disab":1853,"lep":3323,"hhNoNet":461,"pop65Alone":463,"atRisk":873,"hazardShare":0.601,"floodShare":0.0,"areaKm2":0.26,"hvi":4.0,"lon":-73.95457,"lat":40.82398}},{"type":"Feature","geometry":{"type":"Polygon","coordinates":[[[-73.94135,40.81345],[-73.94317,40.81095],[-73.94603,40.81213],[-73.94557,40.81276],[-73.94842,40.81395],[-73.94703,40.81584],[-73.94135,40.81345]]]},"properties":{"id":245,"geoid":"36061022600","name":"Harlem (North) \u00b7 226","tract":"226","pop":5673,"pop65":478,"popU18":1259,"hh":2210,"hhNoVeh":1339,"pov":937,"povUniverse":5633,"disab":679,"lep":559,"hhNoNet":181,"pop65Alone":126,"atRisk":321,"hazardShare":0.915,"floodShare":0.0,"areaKm2":0.15,"hvi":4.0,"lon":-73.9443,"lat":40.81342}},{"type":"Feature","geometry":{"type":"Polygon","coordinates":[[[-73.94293,40.82327],[-73.94516,40.82088],[-73.94808,40.82212],[-73.94854,40.82149],[-73.94992,40.82208],[-73.9476,40.82524],[-73.94293,40.82327]]]},"properties":{"id":246,"geoid":"36061022700","name":"Hamilton Heights-Sugar Hill \u00b7 227","tract":"227","pop":5887,"pop65":1335,"popU18":749,"hh":2389,"hhNoVeh":1894,"pov":1190,"povUniverse":5856,"disab":928,"lep":1046,"hhNoNet":112,"pop65Alone":305,"atRisk":565,"hazardShare":1.0,"floodShare":0.0,"areaKm2":0.15,"hvi":4.0,"lon":-73.94611,"lat":40.82313}},{"type":"Feature","geometry":{"type":"Polygon","coordinates":[[[-73.93946,40.81603],[-73.94135,40.81345],[-73.94703,40.81584],[-73.94514,40.81843],[-73.93946,40.81603]]]},"properties":{"id":247,"geoid":"36061022800","name":"Harlem (North) \u00b7 228","tract":"228","pop":5713,"pop65":963,"popU18":1039,"hh":2789,"hhNoVeh":1999,"pov":1384,"povUniverse":5663,"disab":1020,"lep":715,"hhNoNet":141,"pop65Alone":507,"atRisk":561,"hazardShare":0.762,"floodShare":0.0,"areaKm2":0.18,"hvi":5.0,"lon":-73.94325,"lat":40.81594}},{"type":"Feature","geometry":{"type":"Polygon","coordinates":[[[-73.94712,40.82591],[-73.94901,40.82332],[-73.95746,40.82688],[-73.95728,40.82715],[-73.95699,40.82708],[-73.95633,40.82796],[-73.95511,40.82746],[-73.95443,40.82808],[-73.95371,40.82728],[-73.95259,40.82731],[-73.95197,40.82705],[-73.95127,40.82767],[-73.94712,40.82591]]]},"properties":{"id":248,"geoid":"36061022900","name":"Hamilton Heights-Sugar Hill \u00b7 229","tract":"229","pop":7702,"pop65":950,"popU18":826,"hh":2976,"hhNoVeh":2319,"pov":2360,"povUniverse":7702,"disab":1044,"lep":1428,"hhNoNet":127,"pop65Alone":238,"atRisk":552,"hazardShare":0.464,"floodShare":0.0,"areaKm2":0.21,"hvi":4.0,"lon":-73.95094,"lat":40.82566}},{"type":"Feature","geometry":{"type":"Polygon","coordinates":[[[-73.93764,40.81852],[-73.93946,40.81603],[-73.94514,40.81843],[-73.94332,40.82093],[-73.93764,40.81852]]]},"properties":{"id":249,"geoid":"36061023000","name":"Harlem (North) \u00b7 230","tract":"230","pop":8773,"pop65":2061,"popU18":1353,"hh":3909,"hhNoVeh":3351,"pov":4277,"povUniverse":8764,"disab":2185,"lep":1137,"hhNoNet":589,"pop65Alone":873,"atRisk":1442,"hazardShare":0.802,"floodShare":0.0,"areaKm2":0.17,"hvi":5.0,"lon":-73.94139,"lat":40.81848}},{"type":"Feature","geometry":{"type":"Polygon","coordinates":[[[-73.9406,40.82642],[-73.94293,40.82327],[-73.9476,40.82524],[-73.94529,40.82841],[-73.9406,40.82642]]]},"properties":{"id":250,"geoid":"36061023100","name":"Hamilton Heights-Sugar Hill \u00b7 231","tract":"231","pop":7132,"pop65":893,"popU18":1344,"hh":2724,"hhNoVeh":2088,"pov":1493,"povUniverse":7110,"disab":729,"lep":1178,"hhNoNet":53,"pop65Alone":328,"atRisk":505,"hazardShare":0.833,"floodShare":0.0,"areaKm2":0.18,"hvi":4.0,"lon":-73.94408,"lat":40.82586}},{"type":"Feature","geometry":{"type":"Polygon","coordinates":[[[-73.93575,40.82111],[-73.93764,40.81852],[-73.94332,40.82093],[-73.94143,40.82351],[-73.93575,40.82111]]]},"properties":{"id":251,"geoid":"36061023200","name":"Harlem (North) \u00b7 232","tract":"232","pop":9183,"pop65":707,"popU18":2118,"hh":3410,"hhNoVeh":3138,"pov":4815,"povUniverse":9183,"disab":1595,"lep":1255,"hhNoNet":142,"pop65Alone":272,"atRisk":1490,"hazardShare":0.928,"floodShare":0.0,"areaKm2":0.18,"hvi":5.0,"lon":-73.93953,"lat":40.82103}},{"type":"Feature","geometry":{"type":"Polygon","coordinates":[[[-73.94529,40.82841],[-73.94712,40.82591],[-73.95127,40.82767],[-73.95197,40.82705],[-73.95259,40.82731],[-73.95371,40.82728],[-73.95443,40.82808],[-73.95383,40.82866],[-73.95225,40.83129],[-73.94529,40.82841]]]},"properties":{"id":252,"geoid":"36061023300","name":"Hamilton Heights-Sugar Hill \u00b7 233","tract":"233","pop":7367,"pop65":814,"popU18":1417,"hh":2751,"hhNoVeh":1884,"pov":1439,"povUniverse":7341,"disab":770,"lep":1657,"hhNoNet":63,"pop65Alone":137,"atRisk":301,"hazardShare":0.146,"floodShare":0.0,"areaKm2":0.23,"hvi":4.0,"lon":-73.94971,"lat":40.82854}},{"type":"Feature","geometry":{"type":"Polygon","coordinates":[[[-73.93575,40.82111],[-73.94143,40.82351],[-73.9396,40.82601],[-73.93679,40.82482],[-73.93813,40.82294],[-73.93534,40.82176],[-73.93575,40.82111]]]},"properties":{"id":253,"geoid":"36061023400","name":"Harlem (North) \u00b7 234","tract":"234","pop":5442,"pop65":434,"popU18":921,"hh":2463,"hhNoVeh":2341,"pov":1447,"povUniverse":5442,"disab":630,"lep":825,"hhNoNet":121,"pop65Alone":205,"atRisk":530,"hazardShare":1.0,"floodShare":0.0,"areaKm2":0.11,"hvi":5.0,"lon":-73.93955,"lat":40.82354}},{"type":"Feature","geometry":{"type":"Polygon","coordinates":[[[-73.94298,40.83158],[-73.93859,40.82973],[-73.93925,40.8283],[-73.9406,40.82642],[-73.94529,40.82841],[-73.94298,40.83158]]]},"properties":{"id":254,"geoid":"36061023501","name":"Hamilton Heights-Sugar Hill \u00b7 235.01","tract":"235.01","pop":7506,"pop65":792,"popU18":1285,"hh":2817,"hhNoVeh":2093,"pov":1295,"povUniverse":7506,"disab":1130,"lep":1466,"hhNoNet":129,"pop65Alone":455,"atRisk":374,"hazardShare":0.535,"floodShare":0.0,"areaKm2":0.18,"hvi":4.0,"lon":-73.94208,"lat":40.82869}},{"type":"Feature","geometry":{"type":"Polygon","coordinates":[[[-73.93727,40.82916],[-73.9396,40.82601],[-73.9406,40.82642],[-73.93925,40.8283],[-73.93859,40.82973],[-73.93727,40.82916]]]},"properties":{"id":255,"geoid":"36061023502","name":"Harlem (North) \u00b7 235.02","tract":"235.02","pop":1858,"pop65":313,"popU18":347,"hh":867,"hhNoVeh":648,"pov":686,"povUniverse":1858,"disab":351,"lep":223,"hhNoNet":139,"pop65Alone":141,"atRisk":197,"hazardShare":0.485,"floodShare":0.0,"areaKm2":0.04,"hvi":5.0,"lon":-73.93897,"lat":40.82778}},{"type":"Feature","geometry":{"type":"Polygon","coordinates":[[[-73.93456,40.82805],[-73.9343,40.82439],[-73.93382,40.8195],[-73.93623,40.82045],[-73.93534,40.82176],[-73.93813,40.82294],[-73.93679,40.82482],[-73.9396,40.82601],[-73.93727,40.82916],[-73.93484,40.82804],[-73.93456,40.82805]]]},"properties":{"id":256,"geoid":"36061023600","name":"Harlem (North)","tract":"236","pop":11042,"pop65":1875,"popU18":1960,"hh":4594,"hhNoVeh":2941,"pov":1708,"povUniverse":11040,"disab":2175,"lep":1456,"hhNoNet":455,"pop65Alone":769,"atRisk":910,"hazardShare":0.841,"floodShare":0.0,"areaKm2":0.26,"hvi":5.0,"lon":-73.93572,"lat":40.82429}},{"type":"Feature","geometry":{"type":"Polygon","coordinates":[[[-73.94298,40.83158],[-73.94529,40.82841],[-73.95225,40.83129],[-73.95028,40.83433],[-73.94934,40.83399],[-73.94891,40.83407],[-73.94829,40.83387],[-73.94298,40.83158]]]},"properties":{"id":257,"geoid":"36061023700","name":"Hamilton Heights-Sugar Hill \u00b7 237","tract":"237","pop":6677,"pop65":917,"popU18":1109,"hh":2651,"hhNoVeh":2178,"pov":1903,"povUniverse":6453,"disab":1002,"lep":1360,"hhNoNet":122,"pop65Alone":420,"atRisk":327,"hazardShare":0.0,"floodShare":0.0,"areaKm2":0.27,"hvi":4.0,"lon":-73.94762,"lat":40.83143}},{"type":"Feature","geometry":{"type":"Polygon","coordinates":[[[-73.94112,40.83412],[-73.93916,40.83329],[-73.94031,40.83172],[-73.94035,40.83047],[-73.94298,40.83158],[-73.94112,40.83412]]]},"properties":{"id":258,"geoid":"36061023900","name":"Washington Heights (South) \u00b7 239","tract":"239","pop":3184,"pop65":500,"popU18":662,"hh":1271,"hhNoVeh":974,"pov":576,"povUniverse":3184,"disab":946,"lep":936,"hhNoNet":106,"pop65Alone":203,"atRisk":197,"hazardShare":1.0,"floodShare":0.0,"areaKm2":0.06,"hvi":3.0,"lon":-73.94108,"lat":40.83247}},{"type":"Feature","geometry":{"type":"Polygon","coordinates":[[[-73.9496,40.83684],[-73.94158,40.83349],[-73.94298,40.83158],[-73.94829,40.83387],[-73.94891,40.83407],[-73.94934,40.83399],[-73.95028,40.83433],[-73.9496,40.83684]]]},"properties":{"id":259,"geoid":"36061024100","name":"Washington Heights (South) \u00b7 241","tract":"241","pop":7915,"pop65":1953,"popU18":1095,"hh":3228,"hhNoVeh":2523,"pov":1663,"povUniverse":7838,"disab":1943,"lep":2007,"hhNoNet":355,"pop65Alone":669,"atRisk":442,"hazardShare":0.373,"floodShare":0.0,"areaKm2":0.18,"hvi":3.0,"lon":-73.94669,"lat":40.83424}},{"type":"Feature","geometry":{"type":"Polygon","coordinates":[[[-73.92998,40.80299],[-73.93073,40.80243],[-73.93177,40.80099],[-73.93631,40.80303],[-73.93533,40.80438],[-73.93855,40.80574],[-73.93558,40.80983],[-73.93424,40.81085],[-73.93427,40.80933],[-73.9337,40.80791],[-73.93094,40.80474],[-73.92998,40.80299]]]},"properties":{"id":260,"geoid":"36061024200","name":"East Harlem (North) \u00b7 242","tract":"242","pop":5847,"pop65":759,"popU18":1680,"hh":2037,"hhNoVeh":1591,"pov":1684,"povUniverse":5847,"disab":999,"lep":860,"hhNoNet":164,"pop65Alone":416,"atRisk":400,"hazardShare":0.199,"floodShare":0.0,"areaKm2":0.35,"hvi":5.0,"lon":-73.9352,"lat":40.80612}},{"type":"Feature","geometry":{"type":"Polygon","coordinates":[[[-73.93983,40.83851],[-73.93669,40.8372],[-73.93798,40.83438],[-73.93916,40.83329],[-73.94036,40.83379],[-73.93978,40.83519],[-73.9401,40.83695],[-73.93983,40.83851]]]},"properties":{"id":261,"geoid":"36061024301","name":"Washington Heights (South) \u00b7 243.01","tract":"243.01","pop":4681,"pop65":594,"popU18":638,"hh":1583,"hhNoVeh":1287,"pov":758,"povUniverse":4539,"disab":886,"lep":861,"hhNoNet":72,"pop65Alone":228,"atRisk":181,"hazardShare":0.421,"floodShare":0.0,"areaKm2":0.11,"hvi":3.0,"lon":-73.9386,"lat":40.83593}},{"type":"Feature","geometry":{"type":"Polygon","coordinates":[[[-73.93456,40.82805],[-73.93484,40.82804],[-73.94017,40.83039],[-73.93839,40.83312],[-73.9344,40.83606],[-73.93497,40.83484],[-73.93508,40.83239],[-73.93456,40.82805]]]},"properties":{"id":262,"geoid":"36061024302","name":"Harlem (North) \u00b7 243.02","tract":"243.02","pop":7627,"pop65":756,"popU18":2155,"hh":2663,"hhNoVeh":2182,"pov":3154,"povUniverse":7547,"disab":1447,"lep":827,"hhNoNet":342,"pop65Alone":184,"atRisk":834,"hazardShare":0.533,"floodShare":0.0,"areaKm2":0.21,"hvi":5.0,"lon":-73.93707,"lat":40.83217}},{"type":"Feature","geometry":{"type":"Polygon","coordinates":[[[-73.93983,40.83851],[-73.9401,40.83695],[-73.93986,40.83493],[-73.94036,40.83379],[-73.94112,40.83412],[-73.94158,40.83349],[-73.94443,40.83469],[-73.94397,40.83532],[-73.94452,40.83562],[-73.94467,40.83619],[-73.94307,40.8402],[-73.93983,40.83851]]]},"properties":{"id":263,"geoid":"36061024500","name":"Washington Heights (South)","tract":"245","pop":14577,"pop65":2601,"popU18":2147,"hh":5442,"hhNoVeh":4922,"pov":4599,"povUniverse":14577,"disab":3485,"lep":4303,"hhNoNet":1019,"pop65Alone":1010,"atRisk":1183,"hazardShare":0.854,"floodShare":0.0,"areaKm2":0.21,"hvi":3.0,"lon":-73.94225,"lat":40.83667}},{"type":"Feature","geometry":{"type":"Polygon","coordinates":[[[-73.94307,40.8402],[-73.94467,40.83619],[-73.94452,40.83562],[-73.94397,40.83532],[-73.94443,40.83469],[-73.9496,40.83684],[-73.94772,40.84146],[-73.94468,40.84106],[-73.94307,40.8402]]]},"properties":{"id":264,"geoid":"36061024700","name":"Washington Heights (South) \u00b7 247","tract":"247","pop":6102,"pop65":1765,"popU18":605,"hh":2705,"hhNoVeh":2037,"pov":1172,"povUniverse":6102,"disab":1554,"lep":1433,"hhNoNet":503,"pop65Alone":911,"atRisk":281,"hazardShare":0.08,"floodShare":0.0,"areaKm2":0.26,"hvi":3.0,"lon":-73.94649,"lat":40.83816}},{"type":"Feature","geometry":{"type":"Polygon","coordinates":[[[-73.93669,40.8372],[-73.93834,40.83792],[-73.93557,40.84172],[-73.93563,40.84129],[-73.93503,40.83999],[-73.93503,40.83941],[-73.93534,40.83887],[-73.93623,40.83809],[-73.93669,40.8372]]]},"properties":{"id":265,"geoid":"36061024900","name":"Washington Heights (South) \u00b7 249","tract":"249","pop":984,"pop65":235,"popU18":91,"hh":470,"hhNoVeh":412,"pov":95,"povUniverse":984,"disab":192,"lep":250,"hhNoNet":28,"pop65Alone":72,"atRisk":31,"hazardShare":0.0,"floodShare":0.0,"areaKm2":0.06,"hvi":3.0,"lon":-73.93613,"lat":40.83945}},{"type":"Feature","geometry":{"type":"Polygon","coordinates":[[[-73.93646,40.84049],[-73.93834,40.83792],[-73.93983,40.83851],[-73.94307,40.8402],[-73.94201,40.84282],[-73.93646,40.84049]]]},"properties":{"id":266,"geoid":"36061025100","name":"Washington Heights (South) \u00b7 251","tract":"251","pop":2502,"pop65":428,"popU18":463,"hh":839,"hhNoVeh":658,"pov":699,"povUniverse":2375,"disab":550,"lep":730,"hhNoNet":61,"pop65Alone":89,"atRisk":201,"hazardShare":0.931,"floodShare":0.0,"areaKm2":0.16,"hvi":3.0,"lon":-73.93979,"lat":40.84035}},{"type":"Feature","geometry":{"type":"Polygon","coordinates":[[[-73.94052,40.84538],[-73.93467,40.84297],[-73.93646,40.84049],[-73.94201,40.84282],[-73.94093,40.84436],[-73.94052,40.84538]]]},"properties":{"id":267,"geoid":"36061025300","name":"Washington Heights (South) \u00b7 253","tract":"253","pop":10189,"pop65":2039,"popU18":1782,"hh":4028,"hhNoVeh":3547,"pov":1826,"povUniverse":10132,"disab":1541,"lep":3218,"hhNoNet":137,"pop65Alone":371,"atRisk":643,"hazardShare":0.833,"floodShare":0.0,"areaKm2":0.17,"hvi":3.0,"lon":-73.93837,"lat":40.84287}},{"type":"Feature","geometry":{"type":"Polygon","coordinates":[[[-73.94319,40.84976],[-73.94407,40.84786],[-73.94358,40.8479],[-73.94334,40.84827],[-73.94248,40.84833],[-73.93953,40.84785],[-73.94085,40.84453],[-73.94195,40.84298],[-73.94307,40.8402],[-73.94468,40.84106],[-73.94772,40.84146],[-73.9463,40.84369],[-73.94605,40.84459],[-73.9469,40.84724],[-73.9467,40.84768],[-73.94701,40.85047],[-73.94319,40.84976]]]},"properties":{"id":268,"geoid":"36061025500","name":"Washington Heights (South) \u00b7 255","tract":"255","pop":5562,"pop65":646,"popU18":423,"hh":1908,"hhNoVeh":1585,"pov":915,"povUniverse":4574,"disab":694,"lep":1143,"hhNoNet":65,"pop65Alone":121,"atRisk":212,"hazardShare":0.3,"floodShare":0.0,"areaKm2":0.44,"hvi":3.0,"lon":-73.94342,"lat":40.8452}},{"type":"Feature","geometry":{"type":"Polygon","coordinates":[[[-73.95068,40.81085],[-73.95442,40.80573],[-73.95727,40.80692],[-73.95497,40.81007],[-73.95358,40.80949],[-73.9521,40.81145],[-73.95068,40.81085]]]},"properties":{"id":269,"geoid":"36061025700","name":"Harlem (South) \u00b7 257","tract":"257","pop":4443,"pop65":432,"popU18":712,"hh":2260,"hhNoVeh":1595,"pov":712,"povUniverse":4443,"disab":384,"lep":95,"hhNoNet":113,"pop65Alone":245,"atRisk":212,"hazardShare":0.578,"floodShare":0.0,"areaKm2":0.14,"hvi":4.0,"lon":-73.95423,"lat":40.80853}},{"type":"Feature","geometry":{"type":"Polygon","coordinates":[[[-73.9396,40.82601],[-73.94378,40.8203],[-73.94516,40.82088],[-73.94293,40.82327],[-73.9406,40.82642],[-73.9396,40.82601]]]},"properties":{"id":270,"geoid":"36061025900","name":"Harlem (North) \u00b7 259","tract":"259","pop":4790,"pop65":173,"popU18":1268,"hh":1806,"hhNoVeh":1286,"pov":761,"povUniverse":4779,"disab":357,"lep":923,"hhNoNet":177,"pop65Alone":50,"atRisk":272,"hazardShare":1.0,"floodShare":0.0,"areaKm2":0.08,"hvi":5.0,"lon":-73.94217,"lat":40.82339}},{"type":"Feature","geometry":{"type":"Polygon","coordinates":[[[-73.93139,40.84744],[-73.93467,40.84297],[-73.93752,40.84414],[-73.93424,40.84863],[-73.93139,40.84744]]]},"properties":{"id":271,"geoid":"36061026100","name":"Washington Heights (South) \u00b7 261","tract":"261","pop":12041,"pop65":1983,"popU18":2242,"hh":3719,"hhNoVeh":3312,"pov":4282,"povUniverse":11982,"disab":2403,"lep":4541,"hhNoNet":353,"pop65Alone":392,"atRisk":732,"hazardShare":0.75,"floodShare":0.0,"areaKm2":0.16,"hvi":2.0,"lon":-73.93443,"lat":40.84583}},{"type":"Feature","geometry":{"type":"Polygon","coordinates":[[[-73.93424,40.84863],[-73.93752,40.84414],[-73.94052,40.84538],[-73.93953,40.84785],[-73.93804,40.84757],[-73.93767,40.8484],[-73.9364,40.84955],[-73.93424,40.84863]]]},"properties":{"id":272,"geoid":"36061026300","name":"Washington Heights (South) \u00b7 263","tract":"263","pop":8342,"pop65":1300,"popU18":1454,"hh":2804,"hhNoVeh":2495,"pov":1502,"povUniverse":8342,"disab":1344,"lep":2600,"hhNoNet":243,"pop65Alone":327,"atRisk":372,"hazardShare":0.933,"floodShare":0.0,"areaKm2":0.16,"hvi":2.0,"lon":-73.93773,"lat":40.84686}},{"type":"Feature","geometry":{"type":"Polygon","coordinates":[[[-73.94126,40.8514],[-73.9394,40.85124],[-73.93576,40.85018],[-73.93767,40.8484],[-73.93804,40.84757],[-73.94205,40.84832],[-73.94334,40.84827],[-73.94358,40.8479],[-73.94407,40.84786],[-73.94322,40.84966],[-73.94299,40.85083],[-73.94239,40.85166],[-73.94204,40.85194],[-73.94126,40.8514]]]},"properties":{"id":273,"geoid":"36061026500","name":"Washington Heights (North) \u00b7 265","tract":"265","pop":7702,"pop65":1104,"popU18":1203,"hh":2942,"hhNoVeh":1770,"pov":852,"povUniverse":7665,"disab":955,"lep":1429,"hhNoNet":34,"pop65Alone":279,"atRisk":241,"hazardShare":0.751,"floodShare":0.0,"areaKm2":0.19,"hvi":2.0,"lon":-73.93969,"lat":40.84978}},{"type":"Feature","geometry":{"type":"Polygon","coordinates":[[[-73.93062,40.84849],[-73.9292,40.85053],[-73.9277,40.8525],[-73.9271,40.85206],[-73.92708,40.85144],[-73.92748,40.8507],[-73.92869,40.84956],[-73.92978,40.84816],[-73.93062,40.84849]]]},"properties":{"id":274,"geoid":"36061026700","name":"Washington Heights (North) \u00b7 267","tract":"267","pop":2227,"pop65":161,"popU18":373,"hh":591,"hhNoVeh":352,"pov":292,"povUniverse":1690,"disab":110,"lep":367,"hhNoNet":26,"pop65Alone":80,"atRisk":39,"hazardShare":0.0,"floodShare":0.0,"areaKm2":0.05,"hvi":2.0,"lon":-73.92855,"lat":40.85037}},{"type":"Feature","geometry":{"type":"Polygon","coordinates":[[[-73.9277,40.8525],[-73.93139,40.84744],[-73.93424,40.84863],[-73.93054,40.85369],[-73.9277,40.8525]]]},"properties":{"id":275,"geoid":"36061026900","name":"Washington Heights (North) \u00b7 269","tract":"269","pop":7601,"pop65":1289,"popU18":1353,"hh":2470,"hhNoVeh":1797,"pov":1069,"povUniverse":7414,"disab":1256,"lep":2930,"hhNoNet":247,"pop65Alone":555,"atRisk":263,"hazardShare":0.595,"floodShare":0.0,"areaKm2":0.18,"hvi":2.0,"lon":-73.93081,"lat":40.85082}},{"type":"Feature","geometry":{"type":"Polygon","coordinates":[[[-73.93604,40.85492],[-73.931,40.85307],[-73.93424,40.84863],[-73.9364,40.84955],[-73.93576,40.85018],[-73.93666,40.85046],[-73.93572,40.85235],[-73.93655,40.85262],[-73.93604,40.85492]]]},"properties":{"id":276,"geoid":"36061027100","name":"Washington Heights (North) \u00b7 271","tract":"271","pop":7742,"pop65":1199,"popU18":982,"hh":3179,"hhNoVeh":2411,"pov":1165,"povUniverse":7742,"disab":861,"lep":2229,"hhNoNet":213,"pop65Alone":485,"atRisk":328,"hazardShare":1.0,"floodShare":0.0,"areaKm2":0.19,"hvi":2.0,"lon":-73.93382,"lat":40.85203}},{"type":"Feature","geometry":{"type":"Polygon","coordinates":[[[-73.93409,40.85939],[-73.93688,40.85514],[-73.93604,40.85492],[-73.93655,40.85262],[-73.93572,40.85235],[-73.93666,40.85046],[-73.93957,40.85128],[-73.94029,40.85133],[-73.93954,40.85349],[-73.93561,40.85887],[-73.93489,40.85938],[-73.93409,40.85939]]]},"properties":{"id":277,"geoid":"36061027300","name":"Washington Heights (North) \u00b7 273","tract":"273","pop":7434,"pop65":874,"popU18":1958,"hh":3116,"hhNoVeh":2068,"pov":332,"povUniverse":7434,"disab":552,"lep":295,"hhNoNet":28,"pop65Alone":483,"atRisk":116,"hazardShare":0.323,"floodShare":0.0,"areaKm2":0.18,"hvi":2.0,"lon":-73.93741,"lat":40.85504}},{"type":"Feature","geometry":{"type":"Polygon","coordinates":[[[-73.93561,40.85887],[-73.93954,40.85349],[-73.94015,40.85141],[-73.94126,40.8514],[-73.94204,40.85194],[-73.9429,40.85101],[-73.94319,40.84976],[-73.94701,40.85047],[-73.94633,40.85104],[-73.9433,40.8525],[-73.9427,40.85307],[-73.94055,40.85626],[-73.93779,40.85982],[-73.93699,40.85962],[-73.93561,40.85887]]]},"properties":{"id":278,"geoid":"36061027500","name":"Washington Heights (North) \u00b7 275","tract":"275","pop":3164,"pop65":732,"popU18":307,"hh":1794,"hhNoVeh":1201,"pov":169,"povUniverse":3164,"disab":658,"lep":109,"hhNoNet":51,"pop65Alone":276,"atRisk":65,"hazardShare":0.0,"floodShare":0.0,"areaKm2":0.28,"hvi":2.0,"lon":-73.93995,"lat":40.85487}},{"type":"Feature","geometry":{"type":"Polygon","coordinates":[[[-73.9277,40.8525],[-73.93054,40.85369],[-73.92827,40.85682],[-73.92823,40.85718],[-73.92727,40.85794],[-73.92675,40.85771],[-73.92634,40.85811],[-73.92557,40.85818],[-73.92508,40.85797],[-73.92484,40.85761],[-73.92469,40.85665],[-73.9277,40.8525]]]},"properties":{"id":279,"geoid":"36061027700","name":"Washington Heights (North) \u00b7 277","tract":"277","pop":6441,"pop65":1652,"popU18":975,"hh":1997,"hhNoVeh":1599,"pov":1307,"povUniverse":5817,"disab":778,"lep":1802,"hhNoNet":47,"pop65Alone":321,"atRisk":310,"hazardShare":0.516,"floodShare":0.0,"areaKm2":0.16,"hvi":2.0,"lon":-73.92757,"lat":40.85522}},{"type":"Feature","geometry":{"type":"Polygon","coordinates":[[[-73.93131,40.85934],[-73.93263,40.85672],[-73.93212,40.85658],[-73.9305,40.85731],[-73.92893,40.85745],[-73.92823,40.85718],[-73.92827,40.85682],[-73.931,40.85307],[-73.93463,40.85451],[-73.93228,40.85946],[-73.93205,40.85954],[-73.93131,40.85934]]]},"properties":{"id":280,"geoid":"36061027900","name":"Washington Heights (North)","tract":"279","pop":9587,"pop65":1062,"popU18":1410,"hh":4302,"hhNoVeh":3052,"pov":1033,"povUniverse":9587,"disab":1130,"lep":2842,"hhNoNet":263,"pop65Alone":461,"atRisk":260,"hazardShare":0.749,"floodShare":0.0,"areaKm2":0.18,"hvi":2.0,"lon":-73.93123,"lat":40.85639}},{"type":"Feature","geometry":{"type":"Polygon","coordinates":[[[-73.93215,40.85954],[-73.93368,40.85679],[-73.93463,40.85451],[-73.93688,40.85514],[-73.93409,40.85939],[-73.93302,40.85983],[-73.93215,40.85954]]]},"properties":{"id":281,"geoid":"36061028100","name":"Washington Heights (North) \u00b7 281","tract":"281","pop":3308,"pop65":568,"popU18":610,"hh":1459,"hhNoVeh":925,"pov":135,"povUniverse":3120,"disab":187,"lep":111,"hhNoNet":29,"pop65Alone":103,"atRisk":69,"hazardShare":0.333,"floodShare":0.0,"areaKm2":0.09,"hvi":2.0,"lon":-73.93451,"lat":40.8572}},{"type":"Feature","geometry":{"type":"Polygon","coordinates":[[[-73.92727,40.85794],[-73.92823,40.85718],[-73.92893,40.85745],[-73.9305,40.85731],[-73.93212,40.85658],[-73.93263,40.85672],[-73.93131,40.85934],[-73.93083,40.85937],[-73.92488,40.86155],[-73.92529,40.86013],[-73.92677,40.85892],[-73.92727,40.85794]]]},"properties":{"id":282,"geoid":"36061028300","name":"Washington Heights (North) \u00b7 283","tract":"283","pop":8040,"pop65":1880,"popU18":1162,"hh":3239,"hhNoVeh":2161,"pov":1315,"povUniverse":7961,"disab":1332,"lep":3328,"hhNoNet":185,"pop65Alone":339,"atRisk":311,"hazardShare":0.433,"floodShare":0.0,"areaKm2":0.15,"hvi":2.0,"lon":-73.92908,"lat":40.85901}},{"type":"Feature","geometry":{"type":"Polygon","coordinates":[[[-73.92474,40.8616],[-73.93083,40.85937],[-73.93131,40.85934],[-73.93,40.86211],[-73.92601,40.86358],[-73.92474,40.8616]]]},"properties":{"id":283,"geoid":"36061028500","name":"Washington Heights (North) \u00b7 285","tract":"285","pop":7094,"pop65":1597,"popU18":1041,"hh":2286,"hhNoVeh":1881,"pov":2130,"povUniverse":7045,"disab":986,"lep":2557,"hhNoNet":195,"pop65Alone":265,"atRisk":439,"hazardShare":0.796,"floodShare":0.0,"areaKm2":0.12,"hvi":2.0,"lon":-73.92787,"lat":40.86139}},{"type":"Feature","geometry":{"type":"Polygon","coordinates":[[[-73.93252,40.86992],[-73.92727,40.86554],[-73.92601,40.86358],[-73.93,40.86211],[-73.93131,40.85934],[-73.93302,40.85983],[-73.93422,40.85935],[-73.93489,40.85938],[-73.93561,40.85887],[-73.93699,40.85962],[-73.93779,40.85982],[-73.93247,40.86762],[-73.93252,40.86992]]]},"properties":{"id":284,"geoid":"36061028700","name":"Washington Heights (North) \u00b7 287","tract":"287","pop":3690,"pop65":514,"popU18":735,"hh":1634,"hhNoVeh":1237,"pov":612,"povUniverse":3690,"disab":297,"lep":726,"hhNoNet":103,"pop65Alone":303,"atRisk":80,"hazardShare":0.023,"floodShare":0.0,"areaKm2":0.53,"hvi":2.0,"lon":-73.93059,"lat":40.8641}},{"type":"Feature","geometry":{"type":"Polygon","coordinates":[[[-73.92061,40.86312],[-73.92474,40.8616],[-73.92727,40.86554],[-73.92311,40.86702],[-73.92061,40.86312]]]},"properties":{"id":285,"geoid":"36061029100","name":"Inwood","tract":"291","pop":10870,"pop65":1416,"popU18":1672,"hh":3912,"hhNoVeh":2861,"pov":1528,"povUniverse":10834,"disab":1568,"lep":4016,"hhNoNet":268,"pop65Alone":523,"atRisk":269,"hazardShare":0.956,"floodShare":0.0,"areaKm2":0.19,"hvi":1.0,"lon":-73.92394,"lat":40.86433}},{"type":"Feature","geometry":{"type":"Polygon","coordinates":[[[-73.91705,40.86703],[-73.91894,40.86447],[-73.92028,40.86261],[-73.92311,40.86702],[-73.91975,40.86812],[-73.91705,40.86703]]]},"properties":{"id":286,"geoid":"36061029300","name":"Inwood \u00b7 293","tract":"293","pop":8011,"pop65":1121,"popU18":2238,"hh":2921,"hhNoVeh":2392,"pov":2866,"povUniverse":8011,"disab":1674,"lep":2891,"hhNoNet":483,"pop65Alone":493,"atRisk":359,"hazardShare":1.0,"floodShare":0.0,"areaKm2":0.16,"hvi":1.0,"lon":-73.92017,"lat":40.86538}},{"type":"Feature","geometry":{"type":"Polygon","coordinates":[[[-73.92234,40.86947],[-73.92122,40.8677],[-73.92727,40.86554],[-73.92872,40.86675],[-73.92623,40.86851],[-73.92234,40.86947]]]},"properties":{"id":287,"geoid":"36061029500","name":"Inwood \u00b7 295","tract":"295","pop":7565,"pop65":1461,"popU18":1098,"hh":3345,"hhNoVeh":2048,"pov":419,"povUniverse":7564,"disab":920,"lep":1606,"hhNoNet":81,"pop65Alone":345,"atRisk":90,"hazardShare":0.0,"floodShare":0.0,"areaKm2":0.14,"hvi":1.0,"lon":-73.92497,"lat":40.86739}},{"type":"Feature","geometry":{"type":"Polygon","coordinates":[[[-73.92216,40.85562],[-73.92287,40.85588],[-73.92289,40.85886],[-73.92474,40.8616],[-73.92061,40.86312],[-73.92028,40.86261],[-73.91401,40.87117],[-73.91144,40.8733],[-73.91059,40.87246],[-73.91061,40.87097],[-73.91118,40.86874],[-73.91443,40.86419],[-73.91511,40.86439],[-73.91591,40.86428],[-73.915,40.86354],[-73.91714,40.86204],[-73.9196,40.85884],[-73.92084,40.85926],[-73.92145,40.86039],[-73.92199,40.85957],[-73.9215,40.85901],[-73.9211,40.85757],[-73.92216,40.85562]]]},"properties":{"id":288,"geoid":"36061029900","name":"Inwood \u00b7 299","tract":"299","pop":3532,"pop65":833,"popU18":613,"hh":1399,"hhNoVeh":1181,"pov":657,"povUniverse":3532,"disab":1035,"lep":1136,"hhNoNet":124,"pop65Alone":294,"atRisk":92,"hazardShare":0.372,"floodShare":0.0,"areaKm2":0.62,"hvi":1.0,"lon":-73.91637,"lat":40.86477}},{"type":"Feature","geometry":{"type":"Polygon","coordinates":[[[-73.91518,40.86956],[-73.91705,40.86703],[-73.91975,40.86812],[-73.92122,40.8677],[-73.92215,40.86916],[-73.91926,40.87102],[-73.9197,40.87207],[-73.91946,40.87226],[-73.91628,40.86959],[-73.91588,40.86985],[-73.91518,40.86956]]]},"properties":{"id":289,"geoid":"36061030300","name":"Inwood \u00b7 303","tract":"303","pop":3309,"pop65":720,"popU18":352,"hh":1629,"hhNoVeh":1114,"pov":421,"povUniverse":3309,"disab":510,"lep":712,"hhNoNet":49,"pop65Alone":284,"atRisk":52,"hazardShare":0.0,"floodShare":0.0,"areaKm2":0.16,"hvi":1.0,"lon":-73.91876,"lat":40.86963}},{"type":"Feature","geometry":{"type":"Polygon","coordinates":[[[-73.91401,40.87117],[-73.91518,40.86956],[-73.91588,40.86985],[-73.91628,40.86959],[-73.91946,40.87226],[-73.91846,40.87303],[-73.91401,40.87117]]]},"properties":{"id":290,"geoid":"36061030700","name":"Inwood \u00b7 307","tract":"307","pop":3563,"pop65":589,"popU18":377,"hh":1835,"hhNoVeh":1058,"pov":111,"povUniverse":3563,"disab":513,"lep":204,"hhNoNet":0,"pop65Alone":243,"atRisk":34,"hazardShare":0.0,"floodShare":0.0,"areaKm2":0.08,"hvi":1.0,"lon":-73.9164,"lat":40.87135}}]}