{"type":"FeatureCollection","features":[{"type":"Feature","geometry":{"type":"MultiPolygon","coordinates":[[[[-80.246792,25.701690000000003],[-80.247334,25.702323999999997],[-80.247684,25.70347],[-80.247601,25.703891],[-80.247273,25.704271],[-80.246865,25.704436],[-80.246213,25.704426],[-80.246099,25.704543999999995],[-80.246427,25.707432],[-80.246691,25.707733000000005],[-80.247479,25.708232000000002],[-80.247879,25.708623999999997],[-80.248007,25.708909],[-80.247876,25.709274999999998],[-80.248,25.709391999999998],[-80.248928,25.709728],[-80.25047700000002,25.709891],[-80.251613,25.710181],[-80.252285,25.710617999999997],[-80.252495,25.710875999999992],[-80.252562,25.711169999999992],[-80.252109,25.711947000000002],[-80.251678,25.712375999999995],[-80.250284,25.712884999999996],[-80.249149,25.713077000000002],[-80.24913,25.713402999999992],[-80.249726,25.713766],[-80.249935,25.713989],[-80.250066,25.714374],[-80.25004,25.714675999999997],[-80.249244,25.716198999999996],[-80.247984,25.715537999999995],[-80.24788500000001,25.715634999999992],[-80.247931,25.716138000000004],[-80.248903,25.716633999999996],[-80.248151,25.717785],[-80.247906,25.717834000000003],[-80.246289,25.716984],[-80.245512,25.717817],[-80.245481,25.717955999999997],[-80.246892,25.719146],[-80.246855,25.719348999999998],[-80.245256,25.721092],[-80.243259,25.723062999999993],[-80.24188,25.72467],[-80.240814,25.725598999999995],[-80.240031,25.725825999999998],[-80.239286,25.726835999999995],[-80.238644,25.727332000000004],[-80.237971,25.727706000000005],[-80.237273,25.727797999999996],[-80.236865,25.727641000000002],[-80.236213,25.727018],[-80.235906,25.726909000000003],[-80.235392,25.727127000000003],[-80.234849,25.727779999999996],[-80.234123,25.727382000000002],[-80.233825,25.727431],[-80.233599,25.727619],[-80.233518,25.727838000000002],[-80.233757,25.728305999999996],[-80.233776,25.728563],[-80.233547,25.728764999999996],[-80.233006,25.728879999999997],[-80.232876,25.729068999999996],[-80.23295,25.729383999999992],[-80.233238,25.729451],[-80.233533,25.730516999999995],[-80.233576,25.730846000000003],[-80.233403,25.73256599999999],[-80.233225,25.732842],[-80.232414,25.733409],[-80.231526,25.734306999999994],[-80.230214,25.735203],[-80.228882,25.735968000000003],[-80.227725,25.736433999999992],[-80.227398,25.736224999999994],[-80.226397,25.734457],[-80.226318,25.734342999999992],[-80.22617200000002,25.734324],[-80.221344,25.736938],[-80.22087,25.73733699999999],[-80.220286,25.738325],[-80.218887,25.739382999999997],[-80.218491,25.739571000000005],[-80.21721,25.739493],[-80.21659900000002,25.739583],[-80.215845,25.738778],[-80.21436,25.738342000000003],[-80.211156,25.740486],[-80.210808,25.7408],[-80.210746,25.741023],[-80.210811,25.741534],[-80.210603,25.741881],[-80.210425,25.742993],[-80.210591,25.743522],[-80.210571,25.743771000000002],[-80.210204,25.744104],[-80.209848,25.744295],[-80.209658,25.744254000000005],[-80.2096,25.744415999999998],[-80.209367,25.744507],[-80.209182,25.744962],[-80.209068,25.745005],[-80.209082,25.745143000000002],[-80.208785,25.745492],[-80.208063,25.745967],[-80.206773,25.746456],[-80.206353,25.746781],[-80.20586300000001,25.746877000000005],[-80.204199,25.747572],[-80.203104,25.748316999999997],[-80.20228,25.748364],[-80.202197,25.748789999999996],[-80.201548,25.749459000000005],[-80.20109,25.748920999999992],[-80.200746,25.749205999999997],[-80.20124,25.749785],[-80.200537,25.750664999999998],[-80.199888,25.751031999999995],[-80.199706,25.751335999999995],[-80.198402,25.752653999999996],[-80.196754,25.754089000000004],[-80.195766,25.75455],[-80.195181,25.753863000000003],[-80.194652,25.754179],[-80.195193,25.754814],[-80.19353,25.755802999999997],[-80.192463,25.756845],[-80.19114,25.757306],[-80.190448,25.75774],[-80.190061,25.758507999999996],[-80.190094,25.759379000000003],[-80.189985,25.759704],[-80.189582,25.759915],[-80.188947,25.759870000000003],[-80.188716,25.763107],[-80.18887300000002,25.76322],[-80.19105,25.763699999999993],[-80.19118,25.763854],[-80.190785,25.764233],[-80.190021,25.764044],[-80.189098,25.763952],[-80.188917,25.764379],[-80.188885,25.765010999999998],[-80.188716,25.765698],[-80.188365,25.766110999999995],[-80.187939,25.766232999999996],[-80.186731,25.765704999999997],[-80.185423,25.764535999999996],[-80.184879,25.763937999999996],[-80.184588,25.763902],[-80.184399,25.763978],[-80.182844,25.76901],[-80.18286,25.769358999999998],[-80.183075,25.769503999999998],[-80.183403,25.769539999999996],[-80.18644700000002,25.769362],[-80.188247,25.769497999999995],[-80.18883600000001,25.769788],[-80.188979,25.770011999999998],[-80.188981,25.770204],[-80.188887,25.770332999999997],[-80.187322,25.770874],[-80.187179,25.771068],[-80.185173,25.771799000000005],[-80.185112,25.772076],[-80.185181,25.772686999999994],[-80.185419,25.773372],[-80.185513,25.774051],[-80.185599,25.776165000000002],[-80.185547,25.776657999999994],[-80.185272,25.7771],[-80.184521,25.776844999999998],[-80.18437100000001,25.777080000000005],[-80.184989,25.777302],[-80.184545,25.777426],[-80.18414,25.777413999999997],[-80.183214,25.777147],[-80.182483,25.776815],[-80.183025,25.776386999999996],[-80.183317,25.775786],[-80.183455,25.773965],[-80.183409,25.773215],[-80.183144,25.772277000000003],[-80.182119,25.770884999999996],[-80.1818,25.770068],[-80.181834,25.769048999999995],[-80.182165,25.767360999999998],[-80.182467,25.766434000000004],[-80.183102,25.765163],[-80.183819,25.764127],[-80.184446,25.763445999999995],[-80.184782,25.763204999999992],[-80.185249,25.763073],[-80.18647,25.763085999999998],[-80.186889,25.762785000000004],[-80.186959,25.762473],[-80.186815,25.759624999999996],[-80.187065,25.758466000000002],[-80.18745,25.757597],[-80.188583,25.756277999999995],[-80.189263,25.755780999999995],[-80.190571,25.755205999999998],[-80.192129,25.75469],[-80.193074,25.754169],[-80.194142,25.753356999999998],[-80.195533,25.752753],[-80.196254,25.752323999999994],[-80.197153,25.751486],[-80.198249,25.750033000000002],[-80.19879,25.749543],[-80.199237,25.748804000000003],[-80.199272,25.748580999999998],[-80.199195,25.748262],[-80.19859,25.747766000000002],[-80.197105,25.747511000000003],[-80.193894,25.747535000000003],[-80.190332,25.747354],[-80.187311,25.74739],[-80.18376500000001,25.747196999999993],[-80.182946,25.747234999999993],[-80.181963,25.747418000000003],[-80.1813919593433,25.746627956566993],[-80.18145017513919,25.745086245918646],[-80.18406800000001,25.745105999999996],[-80.189298,25.744748],[-80.19293,25.744605],[-80.19543,25.744777],[-80.199342,25.744887000000002],[-80.200406,25.745111999999992],[-80.202163,25.745290000000004],[-80.203988,25.745712999999995],[-80.20479,25.745700000000003],[-80.205399,25.745587],[-80.205891,25.745420999999993],[-80.206509,25.745066999999995],[-80.207045,25.744617000000005],[-80.207396,25.744163999999998],[-80.208406,25.742216999999997],[-80.209104,25.739857],[-80.20969,25.738956999999996],[-80.211739,25.737652],[-80.214348,25.736675],[-80.215245,25.736157000000006],[-80.21572,25.735579000000005],[-80.216495,25.73367],[-80.216908,25.73313599999999],[-80.217415,25.732773000000005],[-80.218606,25.732312999999998],[-80.219691,25.732218],[-80.220395,25.732477999999997],[-80.221388,25.733593999999997],[-80.222186,25.734102],[-80.223048,25.734145999999996],[-80.223636,25.733986],[-80.224127,25.73374099999999],[-80.224725,25.733273000000004],[-80.225119,25.732787999999996],[-80.225621,25.731878],[-80.225867,25.731132],[-80.225964,25.730479],[-80.22587700000001,25.729042999999997],[-80.225962,25.728212000000003],[-80.226126,25.727641000000002],[-80.226547,25.726952000000004],[-80.226631,25.726521999999992],[-80.226521,25.726203000000005],[-80.225976,25.725371],[-80.225859,25.724732999999997],[-80.22588613236995,25.7245296175545],[-80.22655142952193,25.723468326330114],[-80.227222,25.723181999999998],[-80.227784,25.723142000000006],[-80.228422,25.723381999999997],[-80.229696,25.724077],[-80.230355,25.724266999999994],[-80.230819,25.724276999999997],[-80.231199,25.724174],[-80.231807,25.723736],[-80.232962,25.722221999999995],[-80.233484,25.7219],[-80.235085,25.721902],[-80.237483,25.722343999999996],[-80.238639,25.722255],[-80.239477,25.721996000000004],[-80.239967,25.72167],[-80.240225,25.721386],[-80.241203,25.719520999999997],[-80.242582,25.717981],[-80.243555,25.716278999999997],[-80.244229,25.715667999999997],[-80.245655,25.714769],[-80.246116,25.713346],[-80.246225,25.712087],[-80.246115,25.710965999999996],[-80.245748,25.710051],[-80.244994,25.708666000000004],[-80.24429,25.706778],[-80.244138,25.704323999999996],[-80.24386133023783,25.7027884727498],[-80.24505308917504,25.70220132227165],[-80.246792,25.701690000000003]],[[-80.230458,25.733973999999993],[-80.230657,25.733978999999998],[-80.230585,25.733883000000002],[-80.230458,25.733973999999993]]],[[[-80.203978,25.737537],[-80.204165,25.737788000000002],[-80.20425,25.738122],[-80.204703,25.73854],[-80.204823,25.739020999999997],[-80.205494,25.73998],[-80.205533,25.740271],[-80.205431,25.740564000000003],[-80.205015,25.740872],[-80.204545,25.740898000000005],[-80.204006,25.740676],[-80.20325,25.739482],[-80.20282108918892,25.739001154922917],[-80.20362764031896,25.737375546775677],[-80.203978,25.737537]]],[[[-80.18731500000001,25.796148000000002],[-80.18759,25.796336],[-80.187229,25.79634499999999],[-80.187132,25.797311999999994],[-80.187547,25.797328000000004],[-80.187194,25.798218],[-80.185386,25.798268999999998],[-80.185381,25.798785],[-80.186904,25.798804],[-80.186717,25.799180999999997],[-80.186319,25.799191],[-80.186302,25.798877],[-80.185381,25.79891],[-80.185381,25.80067199999999],[-80.185883,25.80066199999999],[-80.185874,25.800347999999993],[-80.186304,25.800340000000002],[-80.186102,25.801374000000006],[-80.185788,25.801374000000003],[-80.185785,25.801765],[-80.185395,25.801773999999995],[-80.18536800000001,25.802358999999996],[-80.186099,25.802304999999997],[-80.186389,25.802982000000004],[-80.185404,25.803005],[-80.185394,25.803243],[-80.186582,25.803207999999998],[-80.18672,25.803417],[-80.186793,25.803806],[-80.186748,25.803975000000005],[-80.185377,25.804018000000003],[-80.185383,25.804302],[-80.185772,25.804289],[-80.18575700000001,25.80442100000001],[-80.185395,25.804462999999995],[-80.185383,25.805399999999988],[-80.186131,25.805452],[-80.186125,25.805934],[-80.185382,25.805952000000005],[-80.185399,25.807535999999995],[-80.185989,25.807536],[-80.185408,25.808349],[-80.185393,25.808695],[-80.185637,25.808989000000004],[-80.186066,25.809832],[-80.186104,25.810074999999998],[-80.185924,25.810342999999996],[-80.185248,25.810456],[-80.184263,25.810254999999994],[-80.183876,25.81009],[-80.183323,25.809647000000005],[-80.183015,25.809133999999997],[-80.183609,25.809099],[-80.18384,25.808867999999997],[-80.18402300000001,25.806552],[-80.183812,25.80370599999999],[-80.183963,25.800810999999992],[-80.183826,25.799161],[-80.183842,25.796402000000004],[-80.183502,25.794792000000005],[-80.183749,25.793094999999997],[-80.183741,25.792152],[-80.184484,25.791915999999997],[-80.185246,25.79191],[-80.185969,25.792147999999997],[-80.186394,25.792497000000004],[-80.186526,25.792700999999997],[-80.186426,25.792707],[-80.186369,25.793003],[-80.186561,25.793039000000004],[-80.186532,25.793503999999995],[-80.18694,25.793533000000004],[-80.187021,25.794114999999998],[-80.186211,25.794131999999998],[-80.186028,25.79429],[-80.185956,25.794616],[-80.186048,25.795476999999998],[-80.186165,25.795579],[-80.187032,25.79569699999999],[-80.18731500000001,25.796148000000002]]],[[[-80.185798,25.813523999999997],[-80.185439,25.813553999999996],[-80.185441,25.814135],[-80.185533,25.814157000000005],[-80.185354,25.814470999999998],[-80.181027,25.817999],[-80.180163,25.818810999999997],[-80.17873700000001,25.820721],[-80.178409,25.821482999999997],[-80.178545,25.822227999999996],[-80.179184,25.823434],[-80.179613,25.824682999999993],[-80.179675,25.825502],[-80.179404,25.826869],[-80.17986300000001,25.828361],[-80.179858,25.830489],[-80.180098,25.831161999999992],[-80.180698,25.832140000000003],[-80.180791,25.832665999999993],[-80.180802,25.833433999999993],[-80.180651,25.834345999999996],[-80.17996,25.836523999999994],[-80.180091,25.837291999999998],[-80.179975,25.837975999999998],[-80.179852,25.838183000000008],[-80.179584,25.838319999999992],[-80.178616,25.838609],[-80.178031,25.838916999999995],[-80.174949,25.841350999999996],[-80.174286,25.842302],[-80.173419,25.844728],[-80.172738,25.844732999999994],[-80.172042,25.844858000000002],[-80.172342,25.843969],[-80.173044,25.842445999999995],[-80.173819,25.841119999999997],[-80.17523000000001,25.839402000000003],[-80.177431,25.837312],[-80.178659,25.836000999999996],[-80.179267,25.835049],[-80.17958,25.834079000000003],[-80.179739,25.832655999999997],[-80.179614,25.831927000000004],[-80.179029,25.830236999999997],[-80.178945,25.828442999999996],[-80.17761100000001,25.825229999999998],[-80.177087,25.823340999999996],[-80.176977,25.821919],[-80.1772,25.820903],[-80.177827,25.819816000000003],[-80.178541,25.818918000000004],[-80.17925300000002,25.817781999999998],[-80.182421,25.815112000000003],[-80.183445,25.814099],[-80.184028,25.813133],[-80.184028,25.812960999999998],[-80.183802,25.812714000000003],[-80.184802,25.812454],[-80.185441,25.812504999999994],[-80.185719,25.812738],[-80.185895,25.813075000000005],[-80.185912,25.813327],[-80.185798,25.813523999999997]]],[[[-80.17507588175356,25.771207463431477],[-80.176357,25.770800999999995],[-80.176929,25.770764],[-80.177318,25.770830999999998],[-80.17782400000002,25.771087999999995],[-80.178296,25.771469999999997],[-80.178481,25.771819999999998],[-80.178394,25.772259],[-80.17795,25.772827],[-80.177997,25.773096],[-80.178218,25.773248],[-80.179076,25.773381999999994],[-80.179457,25.773528000000002],[-80.180096,25.773912],[-80.180409,25.774289999999993],[-80.178177,25.774292],[-80.177636,25.774176999999998],[-80.17642779854823,25.77370861055627],[-80.17580562184114,25.772835697253765],[-80.17535148049826,25.771946322851512],[-80.17507588175356,25.771207463431477]]],[[[-80.17816,25.796305999999998],[-80.17886,25.79642],[-80.179326,25.796772],[-80.179501,25.797207999999994],[-80.179461,25.797934],[-80.179288,25.798552],[-80.179044,25.799021999999997],[-80.178701,25.799561000000004],[-80.17788,25.800497],[-80.17739252281038,25.8013571134453],[-80.1773974538827,25.79825225179563],[-80.17526317897985,25.798355622153775],[-80.17573,25.797442999999998],[-80.176414,25.796790999999995],[-80.177173,25.796403000000005],[-80.17816,25.796305999999998]]],[[[-80.17650162492487,25.803535718945906],[-80.175838,25.805054],[-80.175557,25.806241999999997],[-80.175028,25.807209],[-80.174475,25.807601],[-80.17406,25.807771999999996],[-80.173606,25.807798999999996],[-80.173211,25.807633999999997],[-80.172493,25.806956],[-80.172299,25.806469000000003],[-80.17228200000001,25.806068999999997],[-80.172592,25.804797999999995],[-80.17347995526535,25.802806235522784],[-80.17467731774023,25.802966807788987],[-80.17562026559291,25.803207940453614],[-80.17650162492487,25.803535718945906]]],[[[-80.173591,25.809106999999997],[-80.175805,25.809185],[-80.176894,25.809115],[-80.180268,25.809190999999995],[-80.179026,25.810719999999996],[-80.180635,25.811966],[-80.17914,25.811984],[-80.178133,25.812086999999995],[-80.17624,25.812033999999993],[-80.17380100000001,25.812119999999997],[-80.175783,25.810664999999993],[-80.175539,25.810397999999992],[-80.173591,25.809106999999997]]],[[[-80.1725,25.816341],[-80.172641,25.816713],[-80.172645,25.817600999999996],[-80.172259,25.818917],[-80.171935,25.819467000000003],[-80.17161,25.819743],[-80.1711,25.819898000000002],[-80.170703,25.819858999999997],[-80.17050566234255,25.819760698047318],[-80.17108951715973,25.818378035725797],[-80.16960487337178,25.818350288704906],[-80.169761,25.817693000000002],[-80.170884,25.816128999999997],[-80.172189,25.816104],[-80.1725,25.816341]]],[[[-80.17058,25.822229],[-80.171115,25.822694999999992],[-80.171272,25.823196000000003],[-80.17115600000001,25.823978],[-80.17067789377602,25.8256382326812],[-80.17024595257202,25.823796549498976],[-80.17012060588044,25.82213646716015],[-80.17058,25.822229]]],[[[-80.176766,25.826884000000003],[-80.177245,25.827261999999994],[-80.177455,25.827913999999996],[-80.17736,25.828647],[-80.176854,25.829747],[-80.176702,25.830371],[-80.176764,25.832374000000005],[-80.176998,25.833193999999995],[-80.177896,25.834135],[-80.177965,25.83471099999999],[-80.177864,25.835074],[-80.177539,25.835590999999997],[-80.176693,25.836501999999996],[-80.176141,25.836863000000005],[-80.175677,25.836919999999992],[-80.175194,25.836776000000004],[-80.174841,25.836489000000004],[-80.174194,25.83507],[-80.174104,25.834474999999998],[-80.174285,25.833976999999997],[-80.174845,25.833184],[-80.17501100000001,25.83279],[-80.174851,25.831358000000005],[-80.174946,25.830877999999995],[-80.175643,25.829837],[-80.175306,25.828335000000003],[-80.175307,25.827614],[-80.175493,25.827264000000003],[-80.175892,25.826943999999997],[-80.176336,25.826820999999992],[-80.176766,25.826884000000003]]],[[[-80.168602,25.837218999999997],[-80.169242,25.837661999999998],[-80.169497,25.838086],[-80.169497,25.838780999999997],[-80.169142,25.83971],[-80.169122,25.840010000000003],[-80.16925400000001,25.840281999999995],[-80.169774,25.840609],[-80.169877,25.840947999999997],[-80.16975,25.84129399999999],[-80.168918,25.842211000000002],[-80.168511,25.842930000000003],[-80.168321,25.843059000000004],[-80.168013,25.843110999999993],[-80.167807,25.843053999999995],[-80.167456,25.842751999999997],[-80.167139,25.842076000000002],[-80.167166,25.841672000000003],[-80.167494,25.840665],[-80.167549,25.839997],[-80.16714195876585,25.838749314450727],[-80.16817619319146,25.837183936819034],[-80.168602,25.837218999999997]]],[[[-80.1589287322105,25.855409240289777],[-80.16097300000001,25.854958999999997],[-80.165063,25.853597000000008],[-80.164761,25.854119],[-80.164222,25.854668],[-80.163849,25.854963999999992],[-80.16337,25.855158],[-80.162675,25.855287],[-80.161735,25.855240999999996],[-80.1613,25.855642],[-80.16091529570679,25.855855427266384],[-80.16023861585514,25.855761264222085],[-80.1589287322105,25.855409240289777]]],[[[-80.1695789197312,25.862663123767057],[-80.169803,25.861092999999993],[-80.16976200000002,25.860334999999996],[-80.169903,25.858810999999992],[-80.169722,25.857480999999996],[-80.169689,25.856359],[-80.169787,25.854757999999997],[-80.170055,25.853607],[-80.171322,25.854630999999998],[-80.171561,25.854992999999997],[-80.171733,25.855534000000002],[-80.17171,25.855985],[-80.171507,25.856741999999997],[-80.17158600000002,25.858961999999995],[-80.171465,25.860167000000004],[-80.171337,25.860194000000003],[-80.171347,25.860616999999998],[-80.171499,25.860620999999995],[-80.171469,25.861244],[-80.17132711912124,25.8628276101488],[-80.1695789197312,25.862663123767057]]]]},"properties":{"cls":1,"src":0}},{"type":"Feature","geometry":{"type":"MultiPolygon","coordinates":[[[[-80.32054546581143,25.75580381485174],[-80.320725,25.755987],[-80.320612,25.756050999999996],[-80.32054546581143,25.75580381485174]]],[[[-80.32143,25.758879999999998],[-80.321308,25.758747000000003],[-80.320789,25.756790999999996],[-80.320867,25.756573000000003],[-80.321085,25.756871999999998],[-80.321182,25.756657],[-80.321276,25.756635999999997],[-80.320904,25.756357],[-80.321,25.756311999999998],[-80.321149,25.756396],[-80.32127500000001,25.756301],[-80.321208,25.756086],[-80.32129398224501,25.75603389347006],[-80.32223344504493,25.756427387387703],[-80.322247,25.756648],[-80.322298,25.756586999999996],[-80.322429,25.756655999999992],[-80.32261429565919,25.756621450723497],[-80.32330170157992,25.757031341804787],[-80.32459456595134,25.758108624205686],[-80.32549692075234,25.75923893380851],[-80.32585358514679,25.759857925406642],[-80.32614259721163,25.760505205093153],[-80.32650600444126,25.761853140953804],[-80.326296,25.761922999999992],[-80.326271,25.761758000000004],[-80.325889,25.761749],[-80.32576,25.761606],[-80.325814,25.762107000000004],[-80.324468,25.762092999999997],[-80.324428,25.761875],[-80.324337,25.761861999999997],[-80.32428,25.762087999999995],[-80.32385,25.762142000000004],[-80.322382,25.76225399999999],[-80.322359,25.762063],[-80.32187,25.762181000000005],[-80.321229,25.762145999999998],[-80.321254,25.761537999999994],[-80.32140600000001,25.76124],[-80.321716,25.761032999999998],[-80.322221,25.761246999999997],[-80.322458,25.761552999999996],[-80.322478,25.761859000000005],[-80.322582,25.761820000000004],[-80.32252,25.761379999999992],[-80.322234,25.760982999999996],[-80.321843,25.760775999999996],[-80.321652,25.760753999999995],[-80.321532,25.760838999999997],[-80.321439,25.760698],[-80.32143,25.758879999999998]]],[[[-80.315734,25.756064999999996],[-80.31591,25.756114],[-80.316079,25.756019],[-80.316,25.755682999999998],[-80.316084,25.755654],[-80.316191,25.755873000000005],[-80.31615,25.75597700000001],[-80.316394,25.756112999999992],[-80.316483,25.756001000000005],[-80.31697800000002,25.756145],[-80.317322,25.756117999999997],[-80.317341,25.75628],[-80.317743,25.756442],[-80.317739,25.756368],[-80.317922,25.756409],[-80.318038,25.756614999999996],[-80.318026,25.756473000000003],[-80.317731,25.756226],[-80.31787,25.756184999999995],[-80.317869,25.756270999999998],[-80.318018,25.756346],[-80.318046,25.756171000000002],[-80.318212,25.756133999999996],[-80.318056,25.756062000000004],[-80.31806900000001,25.755978],[-80.318204,25.755981],[-80.318219,25.756107],[-80.318304,25.756059000000004],[-80.318584,25.756193],[-80.318844,25.756418],[-80.318908,25.756183000000004],[-80.31898000000001,25.756316000000005],[-80.319086,25.756187999999998],[-80.319432,25.756400999999997],[-80.319376,25.756251999999993],[-80.31952,25.756135999999998],[-80.31909,25.755851999999997],[-80.319231,25.755828],[-80.319226,25.755694],[-80.318998,25.75566],[-80.318928,25.755814999999995],[-80.318708,25.755507999999992],[-80.318619,25.755672],[-80.31855,25.755511999999992],[-80.318413,25.755533999999997],[-80.318364,25.755701000000002],[-80.318223,25.755684000000002],[-80.318116,25.755518999999996],[-80.318127,25.755626000000003],[-80.317994,25.75561],[-80.318012,25.755466999999996],[-80.317693,25.755493999999995],[-80.3176043728799,25.755429372879924],[-80.31897351264477,25.75550300964476],[-80.32009270890127,25.755689506815443],[-80.32053800000001,25.758014],[-80.320139,25.758911],[-80.320159,25.759027],[-80.320015,25.75918],[-80.320049,25.759445999999997],[-80.319927,25.759521],[-80.319736,25.759985],[-80.319835,25.760681],[-80.319787,25.762044],[-80.319849,25.762384999999995],[-80.320036,25.762415],[-80.319783,25.762432000000004],[-80.319817,25.762731],[-80.321142,25.762679999999996],[-80.32234,25.762464000000005],[-80.32656350900295,25.762397064787162],[-80.32650169940423,25.76394826684326],[-80.32612921597115,25.765301611041128],[-80.32526298761253,25.7668582077117],[-80.32423078249073,25.769368642699245],[-80.32350021131873,25.770608120788836],[-80.32285940873403,25.771481999510122],[-80.32196019700109,25.77255044963187],[-80.32098077460802,25.773507218097333],[-80.320988,25.772778000000002],[-80.321216,25.772308000000002],[-80.32105400000002,25.772385999999997],[-80.320967,25.772295999999994],[-80.320941,25.771818],[-80.321367,25.771862999999996],[-80.321556,25.771791999999998],[-80.321634,25.771914999999996],[-80.321941,25.771650000000005],[-80.322115,25.77123999999999],[-80.321957,25.770887],[-80.321865,25.77151],[-80.321697,25.771690999999993],[-80.321401,25.771748999999996],[-80.321016,25.771590999999994],[-80.320923,25.770084999999998],[-80.320624,25.769862999999997],[-80.320893,25.769538999999998],[-80.320578,25.766664999999996],[-80.320588,25.765963],[-80.320784,25.765365],[-80.320661,25.765311999999998],[-80.320708,25.765238000000004],[-80.320611,25.765056999999995],[-80.320702,25.764768999999998],[-80.321156,25.764687],[-80.320945,25.76462],[-80.32075,25.764345999999996],[-80.32097200000001,25.763165000000004],[-80.320722,25.762951],[-80.32040900000001,25.762951],[-80.320164,25.76358],[-80.319766,25.763896000000003],[-80.319587,25.763899000000002],[-80.319262,25.763693000000004],[-80.319347,25.763528999999995],[-80.319026,25.763668],[-80.319713,25.76495299999999],[-80.31942,25.76412],[-80.320143,25.764036999999995],[-80.320095,25.765298000000005],[-80.31988300000002,25.765272999999997],[-80.320027,25.765744000000005],[-80.319661,25.765514000000003],[-80.319607,25.765096],[-80.31933000000001,25.764938000000004],[-80.319304,25.765043999999996],[-80.319241,25.764995999999993],[-80.31919100000002,25.764629999999997],[-80.318937,25.764404000000003],[-80.318838,25.764460999999997],[-80.318881,25.76459699999999],[-80.319137,25.764849],[-80.318915,25.764771],[-80.318926,25.764916999999997],[-80.319116,25.764946000000002],[-80.318932,25.76502199999999],[-80.31906400000001,25.765103],[-80.318623,25.765238],[-80.31856,25.765107000000004],[-80.318716,25.765091999999996],[-80.318463,25.765062999999998],[-80.318452,25.765209999999996],[-80.318341,25.765231999999994],[-80.31834,25.765537000000002],[-80.318202,25.765885999999988],[-80.317719,25.766496999999998],[-80.317737,25.76618],[-80.317961,25.765759],[-80.317768,25.765621999999997],[-80.318074,25.765647999999995],[-80.318026,25.765492],[-80.318147,25.765422999999995],[-80.318181,25.765255999999997],[-80.318086,25.764983],[-80.317978,25.764979999999998],[-80.317959,25.765163],[-80.317667,25.765107999999998],[-80.317148,25.766382000000004],[-80.316282,25.767640000000004],[-80.315652,25.768325000000004],[-80.31477500000001,25.769051999999995],[-80.31344,25.769839],[-80.312924,25.770532],[-80.312893,25.770699],[-80.314749,25.772243],[-80.31492,25.772265000000004],[-80.316085,25.773320999999996],[-80.316236,25.773301],[-80.316323,25.773384999999998],[-80.316385,25.773193000000006],[-80.31662,25.773318999999997],[-80.316665,25.773187999999998],[-80.316841,25.773157999999995],[-80.316762,25.773068],[-80.316847,25.772984999999995],[-80.31698,25.773146999999998],[-80.317116,25.773165999999996],[-80.31724400000002,25.772846],[-80.317396,25.772989999999993],[-80.31746700000001,25.772947999999992],[-80.317431,25.772762000000004],[-80.317263,25.772673999999995],[-80.316877,25.772716000000003],[-80.316514,25.772607000000004],[-80.316562,25.772537],[-80.316794,25.772536999999996],[-80.316846,25.772441999999998],[-80.317129,25.772460000000002],[-80.316716,25.772264],[-80.316685,25.772046],[-80.316752,25.772187999999996],[-80.316947,25.772010999999996],[-80.317398,25.772111000000002],[-80.317485,25.772389],[-80.317381,25.772349999999996],[-80.317281,25.772437999999998],[-80.317409,25.772484999999996],[-80.318136,25.772499999999997],[-80.318204,25.772411999999992],[-80.318317,25.772583],[-80.31862800000002,25.772324],[-80.318629,25.772183999999996],[-80.318446,25.772172],[-80.31829,25.772036999999994],[-80.318223,25.772162000000005],[-80.318207,25.771773999999997],[-80.317591,25.771830999999988],[-80.317521,25.771747],[-80.317671,25.77165199999999],[-80.317857,25.771723999999995],[-80.317964,25.771607],[-80.318059,25.771697999999997],[-80.318208,25.771595],[-80.31816,25.77141],[-80.318258,25.771338000000004],[-80.318146,25.771257999999992],[-80.318125,25.770385],[-80.317832,25.77033],[-80.317904,25.770199999999996],[-80.31782,25.770138999999993],[-80.317522,25.770129000000004],[-80.3175,25.770331999999993],[-80.317257,25.770381],[-80.317153,25.770309],[-80.31715400000002,25.770109999999995],[-80.317872,25.769970000000004],[-80.31772500000001,25.769898],[-80.317167,25.769891],[-80.317426,25.769837000000003],[-80.31750200000002,25.76959099999999],[-80.317637,25.769593999999998],[-80.317689,25.769804999999998],[-80.318272,25.769763],[-80.318211,25.769527999999998],[-80.318296,25.769303],[-80.318548,25.76952],[-80.318563,25.769765],[-80.318723,25.769824],[-80.318481,25.769950999999995],[-80.318912,25.770016],[-80.31924000000001,25.770226000000005],[-80.319339,25.770924],[-80.319223,25.77143],[-80.319413,25.771763],[-80.320115,25.772375999999998],[-80.320352,25.772692999999997],[-80.32049318689364,25.77391901642831],[-80.31834,25.775513671830133],[-80.318336,25.775362000000005],[-80.317652,25.774927999999996],[-80.317513,25.774719],[-80.317288,25.774767000000008],[-80.31703300000001,25.77446399999999],[-80.316692,25.774505],[-80.316635,25.774947],[-80.316707,25.7752],[-80.316499,25.775445999999995],[-80.31649,25.776191999999998],[-80.316187,25.776167999999995],[-80.316223,25.775783],[-80.315799,25.775764],[-80.315781,25.77593],[-80.31563900000002,25.775938999999994],[-80.315543,25.776158999999996],[-80.315401,25.776058999999997],[-80.315498,25.776015000000005],[-80.315458,25.775969],[-80.315255,25.776003999999997],[-80.315386,25.776133999999992],[-80.315367,25.776292000000005],[-80.31396,25.776447],[-80.313194,25.776359000000003],[-80.313278,25.776495000000004],[-80.313179,25.776564999999998],[-80.313078,25.776202],[-80.312788,25.776131999999997],[-80.312813,25.775705999999996],[-80.312606,25.775573],[-80.312498,25.775740999999996],[-80.312451,25.775541000000004],[-80.312491,25.775280999999996],[-80.312621,25.775315],[-80.312712,25.775228],[-80.312724,25.774802000000005],[-80.312503,25.774523999999992],[-80.31269,25.774512000000005],[-80.31274400000001,25.774381999999992],[-80.313126,25.774524999999997],[-80.313302,25.774451],[-80.312836,25.774176999999995],[-80.313237,25.774057999999997],[-80.313443,25.77412199999999],[-80.313689,25.773980999999996],[-80.31382500000001,25.774052],[-80.314032,25.773737000000004],[-80.314173,25.774065],[-80.314247,25.773898999999993],[-80.314427,25.773889000000004],[-80.314472,25.773732000000003],[-80.314638,25.773733999999997],[-80.314698,25.773881],[-80.314592,25.774076],[-80.314822,25.77411],[-80.31488,25.773811999999992],[-80.315191,25.773951999999998],[-80.315393,25.773868000000004],[-80.315201,25.773732999999996],[-80.315313,25.773524],[-80.315808,25.773691999999997],[-80.315873,25.773875999999998],[-80.315809,25.773957999999997],[-80.315927,25.774069],[-80.316161,25.774073],[-80.316116,25.773582999999995],[-80.314911,25.772564999999997],[-80.314668,25.772455],[-80.313793,25.771638],[-80.313576,25.771636000000004],[-80.313528,25.771427999999997],[-80.312911,25.770923000000003],[-80.312821,25.770943],[-80.3128,25.770841999999995],[-80.312597,25.770954999999997],[-80.312105,25.770878000000003],[-80.312115,25.770935],[-80.311945,25.770946],[-80.311596,25.770708],[-80.311374,25.770711000000002],[-80.310561,25.771102999999997],[-80.310124,25.771337],[-80.310255,25.771552],[-80.31029,25.772443999999997],[-80.310337,25.775031999999996],[-80.310221,25.775039000000003],[-80.310241,25.775441000000004],[-80.310518,25.775523],[-80.310598,25.775747999999997],[-80.311023,25.77574],[-80.310975,25.775485999999997],[-80.311055,25.775678999999997],[-80.311265,25.775818],[-80.310876,25.775889],[-80.310944,25.776031999999997],[-80.31081,25.776003999999997],[-80.310912,25.776199999999996],[-80.310685,25.776075999999993],[-80.310726,25.776187],[-80.310587,25.776237],[-80.310603,25.77635499999999],[-80.310855,25.776371],[-80.310874,25.776253000000004],[-80.311103,25.776330000000005],[-80.31109,25.776478],[-80.31076,25.776436999999994],[-80.310727,25.776543999999994],[-80.310559,25.776620000000005],[-80.310085,25.776345999999997],[-80.310094,25.774551],[-80.310075,25.774235999999995],[-80.309956,25.774088999999996],[-80.309796,25.774457999999996],[-80.30966,25.774213],[-80.309662,25.774437999999996],[-80.309778,25.774600999999993],[-80.309748,25.774861999999995],[-80.309506,25.774896000000002],[-80.309436,25.775075999999995],[-80.309461,25.77526],[-80.309517,25.775093],[-80.309631,25.775150999999997],[-80.309589,25.775451999999998],[-80.309464,25.775549999999992],[-80.30926,25.775521999999995],[-80.309042,25.775858999999997],[-80.30910000000002,25.776221000000003],[-80.309187,25.775886],[-80.309395,25.775590999999995],[-80.309428,25.775743999999996],[-80.309343,25.775806],[-80.309274,25.776234999999993],[-80.309169,25.776371],[-80.30902,25.776256],[-80.308947,25.776316],[-80.308826,25.776965],[-80.308704,25.777095000000003],[-80.308427,25.776866999999996],[-80.308367,25.776022],[-80.308432,25.775771],[-80.308299,25.775128999999996],[-80.308102,25.775367999999997],[-80.308221,25.776526999999994],[-80.308183,25.777161000000003],[-80.308037,25.777350999999996],[-80.307853,25.777282999999997],[-80.307758,25.777371],[-80.307563,25.777315999999995],[-80.307081,25.776866000000002],[-80.307112,25.776742],[-80.306986,25.776699999999995],[-80.306521,25.776906],[-80.306151,25.776795000000003],[-80.305798,25.776851999999995],[-80.305963,25.776944000000004],[-80.305987,25.777158],[-80.305866,25.777208000000005],[-80.305615,25.777199999999993],[-80.305502,25.777086000000004],[-80.305298,25.777176],[-80.305228,25.777044000000004],[-80.305124,25.777039],[-80.30509,25.777169999999998],[-80.30524,25.777260999999992],[-80.304341,25.777413999999997],[-80.304358,25.777107999999995],[-80.304431,25.777231999999998],[-80.304633,25.777132],[-80.304801,25.777248],[-80.30483,25.777117],[-80.304643,25.777049999999996],[-80.30473,25.776993],[-80.30447,25.776846],[-80.304171,25.77682100000001],[-80.304096,25.776905],[-80.303716,25.776818999999996],[-80.303475,25.77698],[-80.303387,25.777259000000004],[-80.303237,25.77713],[-80.303125,25.777230999999997],[-80.303222,25.777337999999997],[-80.302828,25.777088999999997],[-80.30291,25.777215999999992],[-80.30286,25.777323],[-80.303093,25.777458999999997],[-80.302947,25.777665000000002],[-80.303129,25.777722000000004],[-80.302846,25.777866999999993],[-80.303057,25.777832999999998],[-80.303391,25.777944999999995],[-80.302462,25.778017999999992],[-80.301778,25.777933],[-80.302268,25.777800999999997],[-80.301902,25.777766],[-80.30191,25.777687],[-80.30291,25.777693999999993],[-80.302777,25.777527],[-80.302357,25.777542],[-80.302325,25.777467999999995],[-80.302467,25.777486],[-80.302524,25.777294999999995],[-80.302292,25.777269000000004],[-80.302176,25.777080999999995],[-80.302231,25.776933],[-80.302005,25.776993999999995],[-80.301922,25.776851999999998],[-80.301968,25.776755999999992],[-80.301657,25.776631999999992],[-80.301491,25.776969],[-80.301295,25.777074999999993],[-80.301367,25.777289999999997],[-80.301203,25.777303],[-80.301073,25.77747799999999],[-80.301032,25.777186999999998],[-80.300658,25.777207],[-80.30043200000001,25.777049999999996],[-80.299975,25.776960999999993],[-80.299883,25.776747000000004],[-80.299676,25.776718999999993],[-80.299537,25.776814],[-80.299649,25.777077000000002],[-80.299638,25.777367],[-80.299501,25.777515000000005],[-80.299595,25.777592999999996],[-80.299071,25.777718999999994],[-80.299393,25.777730999999996],[-80.299443,25.777820999999996],[-80.298146,25.777898],[-80.298244,25.778382],[-80.298627,25.778518999999996],[-80.298813,25.77845200000001],[-80.299005,25.778948],[-80.298878,25.779501999999997],[-80.298198,25.779514999999996],[-80.298146,25.779747],[-80.298231,25.779845999999996],[-80.299231,25.779821999999996],[-80.299278,25.779894999999996],[-80.299082,25.780005],[-80.299317,25.780013999999998],[-80.299625,25.779877],[-80.300674,25.779852999999996],[-80.300857,25.779724999999996],[-80.301266,25.779647999999998],[-80.301359,25.779776999999992],[-80.301309,25.77999],[-80.301395,25.780051000000004],[-80.301657,25.779812999999994],[-80.302171,25.779706999999995],[-80.302136,25.779539999999994],[-80.302003,25.779656999999997],[-80.301611,25.779608],[-80.301573,25.779458],[-80.301676,25.779354000000005],[-80.301964,25.779290999999994],[-80.302139,25.779409999999995],[-80.302542,25.779398],[-80.302764,25.779065999999997],[-80.303291,25.779125000000004],[-80.30338400000001,25.779055],[-80.303451,25.779224999999997],[-80.303774,25.779343999999995],[-80.304139,25.779239000000004],[-80.303989,25.779364999999995],[-80.304171,25.779421],[-80.304342,25.779320999999992],[-80.307466,25.779338],[-80.307693,25.778606],[-80.307444,25.778681],[-80.30675800000002,25.77856],[-80.30662700000002,25.778644999999997],[-80.306141,25.778595999999993],[-80.30604,25.778662],[-80.305839,25.778515000000006],[-80.305728,25.778640000000003],[-80.304426,25.778610000000004],[-80.304362,25.778702999999997],[-80.304355,25.778156000000003],[-80.304459,25.778296999999995],[-80.304822,25.778306],[-80.304921,25.778379],[-80.305028,25.778280999999996],[-80.305718,25.778383],[-80.305798,25.778287999999996],[-80.306094,25.778308],[-80.306274,25.778401],[-80.306553,25.778290999999996],[-80.306836,25.778414],[-80.306978,25.778312999999994],[-80.307595,25.778312999999997],[-80.307751,25.778548],[-80.30795,25.778024999999996],[-80.308,25.777506999999996],[-80.308344,25.777532],[-80.308435,25.777398999999996],[-80.308613,25.777463000000004],[-80.308674,25.777355000000004],[-80.30896,25.777379999999997],[-80.309169,25.777288],[-80.309293,25.777356],[-80.30933,25.777575999999996],[-80.309322,25.777161],[-80.309552,25.777058999999998],[-80.31037,25.777146],[-80.31043900000002,25.777030000000003],[-80.310648,25.777116],[-80.310723,25.777035000000005],[-80.311108,25.777025999999992],[-80.311212,25.777102999999997],[-80.31135000000002,25.776844999999998],[-80.311506,25.777019999999997],[-80.312327,25.777082],[-80.312361,25.777331000000004],[-80.312198,25.777399000000003],[-80.312008,25.777345999999998],[-80.311513,25.77773],[-80.31139900000001,25.777755],[-80.311272,25.777659999999997],[-80.310931,25.777733],[-80.310841,25.777866],[-80.310378,25.777920999999996],[-80.310247,25.777617000000003],[-80.309085,25.777646],[-80.308995,25.77776],[-80.309384,25.777834],[-80.309488,25.777996999999996],[-80.309477,25.778235999999996],[-80.309247,25.778284999999993],[-80.309321,25.77842499999999],[-80.309232,25.778610000000004],[-80.308904,25.778475999999998],[-80.308807,25.778530999999997],[-80.308741,25.778777999999992],[-80.308629,25.778295000000004],[-80.308552,25.778806000000003],[-80.308382,25.778595999999997],[-80.308285,25.778661999999994],[-80.308295,25.779625999999997],[-80.308378,25.779800999999996],[-80.308491,25.779728],[-80.308481,25.779225999999998],[-80.308644,25.779242999999997],[-80.308559,25.779436999999998],[-80.308656,25.779622],[-80.30864377282164,25.779881390343764],[-80.308342,25.780002771244497],[-80.308301,25.779859999999996],[-80.30828679490736,25.780026101853718],[-80.30740677641008,25.780449582765296],[-80.30094808770583,25.783289820738933],[-80.30080611380812,25.78334722761625],[-80.300694,25.783264999999997],[-80.300573,25.783339999999995],[-80.300351,25.783249],[-80.299991,25.783518000000004],[-80.299833,25.783351999999997],[-80.299622,25.783309],[-80.298943,25.783442000000004],[-80.298843,25.783394],[-80.298536,25.783636000000005],[-80.298012,25.783424],[-80.297743,25.783532999999995],[-80.297787,25.783797999999997],[-80.298507,25.783760000000004],[-80.298805,25.784051],[-80.29959881106224,25.784084000000014],[-80.29915237014134,25.784304640478386],[-80.295158,25.784422999999993],[-80.293226,25.784304000000002],[-80.293186,25.784238],[-80.293447,25.784192999999995],[-80.295022,25.784245000000002],[-80.295094,25.784156999999997],[-80.295349,25.784252],[-80.295647,25.784223],[-80.295765,25.784103999999996],[-80.29568,25.783563999999995],[-80.295772,25.783351999999997],[-80.295553,25.783223],[-80.295716,25.783410999999997],[-80.295535,25.783505999999996],[-80.295419,25.783416],[-80.295107,25.783486],[-80.29488,25.783336],[-80.29419800000001,25.783225000000005],[-80.293729,25.783318999999995],[-80.293663,25.783437999999993],[-80.293424,25.783289],[-80.292935,25.783310000000004],[-80.29289800000001,25.783433000000002],[-80.29309,25.784026],[-80.293024,25.784172999999992],[-80.292935,25.783655000000003],[-80.292885,25.783902],[-80.292826,25.783856],[-80.292789,25.783358999999997],[-80.292187,25.783362999999998],[-80.292113,25.783249],[-80.291873,25.78325],[-80.291805,25.783163],[-80.29172500000001,25.783231000000004],[-80.291636,25.783069999999995],[-80.291534,25.783238],[-80.291428,25.78304199999999],[-80.291178,25.782946],[-80.291138,25.782837],[-80.291242,25.782780000000002],[-80.291179,25.782685],[-80.291373,25.782715999999997],[-80.291359,25.782397],[-80.291074,25.782503999999996],[-80.291141,25.782648999999992],[-80.291007,25.782668000000005],[-80.291014,25.783128999999995],[-80.290864,25.783096000000004],[-80.29094900000001,25.782841],[-80.290866,25.782522999999998],[-80.290667,25.782670999999993],[-80.290607,25.782537000000005],[-80.29046800000002,25.782586999999996],[-80.290503,25.782866999999996],[-80.290603,25.782799],[-80.290723,25.782942000000002],[-80.290609,25.782986999999995],[-80.290506,25.782898999999997],[-80.290598,25.783128],[-80.290382,25.783163],[-80.290556,25.783496],[-80.290845,25.783753],[-80.291002,25.783581999999996],[-80.291265,25.783650999999995],[-80.290982,25.783922999999998],[-80.290535,25.78379],[-80.290584,25.783642000000004],[-80.290457,25.783626],[-80.290267,25.783802999999995],[-80.288763,25.783842],[-80.288519,25.782877000000003],[-80.28858,25.781707],[-80.288778,25.781837000000003],[-80.289389,25.781807],[-80.289528,25.781909000000002],[-80.289576,25.781751],[-80.290182,25.781668],[-80.290013,25.781600999999995],[-80.290016,25.781360999999993],[-80.29016500000002,25.781278999999998],[-80.290286,25.780995],[-80.290469,25.781035],[-80.290585,25.780886],[-80.290739,25.780935999999997],[-80.290699,25.781094999999997],[-80.290782,25.781146],[-80.291222,25.781119],[-80.291175,25.780886000000002],[-80.290946,25.780669000000003],[-80.290844,25.78069],[-80.290795,25.780820000000002],[-80.290673,25.780824],[-80.290496,25.780604],[-80.289154,25.780830000000005],[-80.288202,25.780868000000005],[-80.288244,25.781141000000005],[-80.288165,25.781386],[-80.288246,25.781708000000005],[-80.28804,25.781850999999993],[-80.288103,25.782075999999996],[-80.288278,25.782112000000005],[-80.28837,25.782255999999997],[-80.28843300000001,25.78255100000001],[-80.288378,25.783249000000005],[-80.288298,25.783145999999995],[-80.288201,25.782144000000002],[-80.287925,25.78217],[-80.288122,25.782507999999993],[-80.288121,25.782703000000005],[-80.28796200000001,25.782712],[-80.287698,25.782359000000003],[-80.287428,25.782264000000005],[-80.287401,25.782131],[-80.287598,25.782075999999996],[-80.287472,25.781989],[-80.287659,25.781936999999996],[-80.287168,25.781840000000003],[-80.287069,25.781386],[-80.286238,25.781433000000003],[-80.286194,25.781591],[-80.286412,25.781677],[-80.286282,25.781710000000004],[-80.286105,25.781612999999997],[-80.286192,25.782008999999995],[-80.286379,25.781806999999993],[-80.286583,25.782013000000003],[-80.286413,25.782115],[-80.286495,25.782366999999994],[-80.28643900000002,25.782439000000004],[-80.286564,25.782472999999996],[-80.286584,25.782597],[-80.286722,25.78267],[-80.287043,25.78249],[-80.287151,25.782548999999996],[-80.287148,25.782692],[-80.286996,25.782719999999994],[-80.287204,25.782829999999997],[-80.287419,25.782596999999996],[-80.287725,25.782868999999998],[-80.28772,25.78300699999999],[-80.287428,25.783064999999993],[-80.287227,25.783251999999997],[-80.287712,25.783286],[-80.287927,25.783466999999998],[-80.287944,25.783212],[-80.28835,25.783422],[-80.288303,25.783695],[-80.288402,25.783808],[-80.288337,25.783916],[-80.286945,25.784134999999996],[-80.28525,25.784644000000004],[-80.282852,25.785158],[-80.281042,25.785316],[-80.279566,25.785228999999998],[-80.278589,25.785058999999997],[-80.27647,25.784448999999988],[-80.275489,25.783976],[-80.275402,25.783833999999995],[-80.275262,25.783871000000005],[-80.274691,25.783577],[-80.274408,25.783924999999996],[-80.274541,25.784035999999997],[-80.276436,25.784820999999994],[-80.277759,25.785242999999998],[-80.278028,25.785478000000005],[-80.278094,25.785363],[-80.280815,25.785656999999997],[-80.280597,25.785731000000002],[-80.280613,25.785815],[-80.280469,25.785892999999998],[-80.280018,25.785986999999995],[-80.281192,25.785977000000003],[-80.281476,25.786058999999995],[-80.283815,25.785955000000005],[-80.283916,25.786031999999995],[-80.282495,25.786149999999996],[-80.282469,25.786320999999997],[-80.282287,25.786452000000004],[-80.281394,25.78646399999999],[-80.281427,25.786688999999996],[-80.282035,25.786728999999994],[-80.28192122089033,25.78683688955487],[-80.28144130774251,25.78675200236249],[-80.28129767444378,25.786861000000016],[-80.28085000000002,25.786815999999995],[-80.280631,25.786875],[-80.280531,25.786815999999998],[-80.280534,25.786638999999994],[-80.280378,25.786418999999995],[-80.279908,25.786671000000002],[-80.279859,25.786906999999996],[-80.279318,25.786989999999992],[-80.276308,25.785569999999996],[-80.275885,25.785626999999998],[-80.275156,25.785414],[-80.273999,25.785514999999997],[-80.273944,25.78567],[-80.274196,25.785987],[-80.274194,25.786235999999995],[-80.274554,25.786647],[-80.27456900000001,25.786961],[-80.2743,25.787019000000008],[-80.274068,25.786905],[-80.273763,25.787103],[-80.273436,25.787130999999995],[-80.273181,25.78731],[-80.272417,25.787550999999997],[-80.272366,25.788271999999992],[-80.272851,25.788237999999996],[-80.27326,25.788454000000005],[-80.273336,25.788594],[-80.272953,25.788657],[-80.272869,25.788739999999997],[-80.27289,25.789007],[-80.27267,25.788936999999997],[-80.27255,25.789097],[-80.272174,25.789076],[-80.272049,25.789256999999996],[-80.271774,25.789311],[-80.27165,25.789628000000004],[-80.27187,25.789695],[-80.271978,25.789850999999995],[-80.271996,25.790119999999998],[-80.271846,25.790332],[-80.271819,25.790655],[-80.271904,25.790845],[-80.271986,25.792493999999998],[-80.272042,25.792583999999998],[-80.272423,25.792644999999997],[-80.273062,25.792651],[-80.273526,25.792986999999997],[-80.275549,25.792928],[-80.275551,25.793012],[-80.273481,25.79309],[-80.273082,25.792750999999992],[-80.27302,25.792836000000005],[-80.272838,25.792766000000004],[-80.272552,25.792839999999998],[-80.271839,25.792768999999993],[-80.271694,25.792517],[-80.271718,25.791650999999998],[-80.271581,25.79045799999999],[-80.271771,25.789865000000002],[-80.271577,25.789784],[-80.271348,25.789834],[-80.271195,25.789678],[-80.270793,25.789606999999997],[-80.270813,25.789463],[-80.270317,25.789028999999992],[-80.270167,25.789182000000004],[-80.270488,25.789337999999997],[-80.270657,25.789641],[-80.27027,25.789476],[-80.270014,25.789526],[-80.269833,25.789467],[-80.269671,25.789555999999997],[-80.269559,25.789763],[-80.269606,25.789858000000002],[-80.269997,25.789981],[-80.270476,25.789865],[-80.270677,25.789987],[-80.270885,25.789812],[-80.271489,25.790019999999995],[-80.271476,25.790160999999998],[-80.271091,25.790332],[-80.270942,25.790498999999993],[-80.270692,25.791069999999998],[-80.270718,25.791270999999995],[-80.270541,25.791400999999997],[-80.2705,25.791810999999996],[-80.270241,25.792308000000002],[-80.270026,25.792340999999997],[-80.269841,25.792704],[-80.269785,25.791796999999995],[-80.269888,25.791716000000005],[-80.268794,25.79133],[-80.268652,25.791152000000007],[-80.268414,25.791218999999998],[-80.268171,25.791624],[-80.269501,25.792157],[-80.269325,25.792259999999995],[-80.269049,25.792713999999997],[-80.268276,25.792543],[-80.268155,25.792583],[-80.268164,25.79282999999999],[-80.268256,25.792777000000005],[-80.268353,25.792972999999996],[-80.26889600000001,25.793467999999997],[-80.268716,25.793584999999997],[-80.268508,25.793490000000002],[-80.268416,25.79358],[-80.266995,25.793638],[-80.266529,25.794050999999996],[-80.26642500000001,25.793902999999993],[-80.266629,25.793699],[-80.266513,25.793604],[-80.266169,25.794233],[-80.265869,25.794455],[-80.26568600000002,25.794795],[-80.265571,25.795255],[-80.265772,25.795268],[-80.265797,25.795545],[-80.265497,25.795766999999998],[-80.265372,25.796282000000005],[-80.265538,25.796318],[-80.265293,25.796393999999996],[-80.265211,25.796719],[-80.265277,25.797003000000004],[-80.265117,25.797060999999996],[-80.265077,25.797405],[-80.26512300000002,25.797468],[-80.265226,25.79741],[-80.265293,25.797513999999996],[-80.26520700000002,25.798151000000008],[-80.265132,25.797604999999997],[-80.264862,25.797627],[-80.26489,25.798944999999996],[-80.264961,25.798885999999996],[-80.265131,25.800221999999998],[-80.26699887671826,25.800219876718305],[-80.265718,25.800517],[-80.264838,25.800491],[-80.264764,25.797622],[-80.264649,25.797599],[-80.26478151062,25.800737590122413],[-80.26458053537894,25.80080303274958],[-80.26291835728088,25.801092332727656],[-80.25973424134024,25.801169075484534],[-80.25152592616485,25.801764691413798],[-80.24893594988612,25.801715429225247],[-80.24801899721881,25.801878892938078],[-80.2482459673385,25.80977848322244],[-80.24838214108176,25.811795485129768],[-80.24838876062762,25.812069558901047],[-80.24828,25.812084],[-80.245776,25.812083000000005],[-80.244816,25.811691],[-80.244207,25.811795999999998],[-80.24363,25.81207699999999],[-80.243058,25.812193999999995],[-80.241838,25.812218999999995],[-80.240543,25.812504999999998],[-80.239598,25.812457000000002],[-80.23917,25.812255],[-80.23852,25.811687],[-80.236972,25.811244],[-80.236416,25.81064],[-80.23614,25.810498],[-80.235728,25.810455],[-80.234932,25.81055],[-80.233748,25.810416000000004],[-80.233263,25.810478],[-80.232542,25.810301],[-80.231881,25.809976999999993],[-80.231437,25.810123000000004],[-80.23099,25.81053999999999],[-80.231468,25.811739999999997],[-80.229899,25.811993000000005],[-80.229758,25.811712999999997],[-80.229494,25.811582],[-80.229249,25.811651],[-80.228685,25.812041999999995],[-80.227888,25.811972],[-80.226647,25.812087000000002],[-80.224407,25.812036000000003],[-80.223979,25.812186],[-80.223768,25.812059],[-80.223094,25.812060999999993],[-80.222841,25.811981999999997],[-80.22279,25.811739999999997],[-80.222562,25.811594],[-80.222517,25.811453],[-80.222379,25.811500999999996],[-80.222304,25.811741],[-80.222206,25.811731000000005],[-80.222263,25.811514999999996],[-80.22193000000001,25.811592],[-80.222101,25.810966],[-80.221924,25.810921999999998],[-80.221926,25.810625000000005],[-80.222225,25.810548999999995],[-80.222223,25.81071],[-80.222325,25.810766000000005],[-80.222399,25.810548],[-80.222511,25.810487999999992],[-80.222676,25.810718999999995],[-80.222486,25.810697],[-80.222408,25.810936],[-80.222696,25.810779000000004],[-80.222837,25.810885],[-80.222889,25.810721],[-80.222721,25.8103],[-80.222851,25.810234000000005],[-80.22338,25.810283999999996],[-80.223432,25.810423999999998],[-80.223592,25.810200000000002],[-80.223752,25.810158000000005],[-80.22401400000001,25.810176000000002],[-80.22435,25.810366999999992],[-80.22401,25.810303999999995],[-80.224058,25.810465999999998],[-80.224338,25.810508999999993],[-80.224305,25.810443],[-80.224502,25.810434],[-80.224377,25.81063599999999],[-80.224822,25.81068700000001],[-80.22518,25.810973000000004],[-80.225209,25.811104],[-80.225429,25.810999000000002],[-80.22588,25.811089000000003],[-80.22596300000001,25.811],[-80.226112,25.811160999999995],[-80.226136,25.811012],[-80.226287,25.810880999999995],[-80.226471,25.811049],[-80.226724,25.811037999999986],[-80.226849,25.811209],[-80.227086,25.811106],[-80.227148,25.811206999999996],[-80.227434,25.811238999999997],[-80.226298,25.809978],[-80.226729,25.809427000000003],[-80.226566,25.807422000000006],[-80.226674,25.806977999999997],[-80.227385,25.806006999999994],[-80.2272,25.805689000000005],[-80.226592,25.806082],[-80.225792,25.806832000000004],[-80.224696,25.806884],[-80.224064,25.807138],[-80.223102,25.807343],[-80.221878,25.807039],[-80.221888,25.807529],[-80.221808,25.80764599999999],[-80.22163,25.807623999999997],[-80.221622,25.807939],[-80.221874,25.807910999999994],[-80.22193200000001,25.808255000000003],[-80.222328,25.808551],[-80.222828,25.808611],[-80.222658,25.808621],[-80.222679,25.808701000000003],[-80.222329,25.808859],[-80.222337,25.80899],[-80.221868,25.808835999999996],[-80.221907,25.808697999999996],[-80.221684,25.808624],[-80.221652,25.808425999999997],[-80.22149,25.808419000000004],[-80.22128300000001,25.808236999999995],[-80.221204,25.808339999999998],[-80.221118,25.808297999999997],[-80.220965,25.808387],[-80.220926,25.808270999999998],[-80.220539,25.808186],[-80.220379,25.807992],[-80.220123,25.807968999999996],[-80.220268,25.808004999999998],[-80.220213,25.808071999999996],[-80.21989,25.807998999999995],[-80.219888,25.80862],[-80.220135,25.808666999999996],[-80.22019600000002,25.808740999999998],[-80.220104,25.808807000000005],[-80.220352,25.808778999999998],[-80.22042,25.808912],[-80.220532,25.808911999999996],[-80.220505,25.809086],[-80.220597,25.809199000000003],[-80.220713,25.809183999999995],[-80.220578,25.809446000000005],[-80.220379,25.809299999999993],[-80.219871,25.809224999999998],[-80.219795,25.809125999999996],[-80.219589,25.809256999999995],[-80.219441,25.809230999999997],[-80.219217,25.809018999999996],[-80.21868300000001,25.808929],[-80.218723,25.808789999999995],[-80.21863,25.808704999999996],[-80.218132,25.808736000000007],[-80.217974,25.808592000000004],[-80.218001,25.808504],[-80.217555,25.808514999999996],[-80.217259,25.808271000000005],[-80.217088,25.808401999999997],[-80.216771,25.808366999999997],[-80.216435,25.808016],[-80.216029,25.807935],[-80.215861,25.807648],[-80.215752,25.80763],[-80.21572,25.807703],[-80.215648,25.807169999999992],[-80.215541,25.807360999999997],[-80.215586,25.807685],[-80.215446,25.807604999999995],[-80.215544,25.807510999999998],[-80.215333,25.80748299999999],[-80.215281,25.808139999999998],[-80.215111,25.808271],[-80.214978,25.807517999999998],[-80.21481,25.807663000000005],[-80.214719,25.807508999999996],[-80.21465000000002,25.807614999999995],[-80.214748,25.807677],[-80.21467,25.807698],[-80.214231,25.807650999999996],[-80.214175,25.807463999999992],[-80.214204,25.807362],[-80.214414,25.807275],[-80.214407,25.807173],[-80.214178,25.807122999999997],[-80.214371,25.807028000000003],[-80.214491,25.807045],[-80.214505,25.807226999999994],[-80.214782,25.807269],[-80.214948,25.807175000000004],[-80.215025,25.807080999999997],[-80.214998,25.806547000000002],[-80.215109,25.806509999999996],[-80.215223,25.807134999999988],[-80.215468,25.807124999999996],[-80.215412,25.806889999999996],[-80.21557,25.807147999999998],[-80.215729,25.807005],[-80.215793,25.807225],[-80.216082,25.807191999999997],[-80.216266,25.807287999999996],[-80.216372,25.807514999999995],[-80.216681,25.80745],[-80.21681800000002,25.807530000000003],[-80.217403,25.807528],[-80.217451,25.807691],[-80.217599,25.807666999999995],[-80.217744,25.80781199999999],[-80.217758,25.807968999999996],[-80.218078,25.807945999999998],[-80.218394,25.80803],[-80.218446,25.808185],[-80.218579,25.808113999999993],[-80.218753,25.808231],[-80.219021,25.808222],[-80.219214,25.80832099999999],[-80.219322,25.808596],[-80.21911700000001,25.808618],[-80.219071,25.808696999999995],[-80.219214,25.808756999999996],[-80.219405,25.808733999999998],[-80.219355,25.808358999999996],[-80.219472,25.808347999999995],[-80.219517,25.80844],[-80.219613,25.808313],[-80.219382,25.807988],[-80.219655,25.807914999999998],[-80.219587,25.807384],[-80.219796,25.807198999999997],[-80.220006,25.807150000000007],[-80.21972500000001,25.807075],[-80.220102,25.807069999999992],[-80.220472,25.80735599999999],[-80.220985,25.80740099999999],[-80.220988,25.807621000000008],[-80.221215,25.80765],[-80.221246,25.807353],[-80.221472,25.807166],[-80.220679,25.807038999999996],[-80.220129,25.806418],[-80.220025,25.806098],[-80.22005,25.805407],[-80.220621,25.80474],[-80.220632,25.804477000000002],[-80.220428,25.804184999999997],[-80.219426,25.803252999999998],[-80.218998,25.802591000000003],[-80.218772,25.802048999999997],[-80.219398,25.800942999999997],[-80.219171,25.799647999999998],[-80.219214,25.799006999999996],[-80.2201,25.796327999999995],[-80.220309,25.795225999999992],[-80.220168,25.794619],[-80.219931,25.794455],[-80.21833100000002,25.793874999999996],[-80.217348,25.793242000000006],[-80.216199,25.791731999999996],[-80.215366,25.790419],[-80.215017,25.789151],[-80.214759,25.788796],[-80.21445,25.788624000000002],[-80.212736,25.788385999999992],[-80.212087,25.788122],[-80.211305,25.787611999999992],[-80.210378,25.787358999999995],[-80.209895,25.786915999999998],[-80.209177,25.786603000000003],[-80.208945,25.786124000000004],[-80.208177,25.785474],[-80.207897,25.784668999999997],[-80.207474,25.783875],[-80.207175,25.783485999999993],[-80.206479,25.782904999999996],[-80.206311,25.782431],[-80.206329,25.781833],[-80.206241,25.781503],[-80.204334,25.779712000000004],[-80.201296,25.77762],[-80.200251,25.777254999999993],[-80.198072,25.775993],[-80.196482,25.775326],[-80.195285,25.774686999999997],[-80.191671,25.77195199999999],[-80.191477,25.771662],[-80.19132,25.771109999999993],[-80.19066,25.770888999999997],[-80.190305,25.770428999999993],[-80.190132,25.770392999999995],[-80.1891,25.770689],[-80.188917,25.770869000000005],[-80.18878900000001,25.771287000000004],[-80.18848400000002,25.771657999999995],[-80.188161,25.772462000000004],[-80.18827300000001,25.772529999999996],[-80.188383,25.772894000000004],[-80.189209,25.773496],[-80.189296,25.773643999999997],[-80.189079,25.773830999999994],[-80.18904700000002,25.774145999999995],[-80.188369,25.775045],[-80.188068,25.775733999999996],[-80.188711,25.778100999999996],[-80.189281,25.779714000000002],[-80.189585,25.780258000000003],[-80.190165,25.780620999999996],[-80.19033,25.782089999999997],[-80.190518,25.782406],[-80.190282,25.783788],[-80.190323,25.785761999999995],[-80.190486,25.786957999999995],[-80.190369,25.787675999999998],[-80.190268,25.792142999999996],[-80.189893,25.794131],[-80.18976,25.797670000000004],[-80.18947900000002,25.799593],[-80.18903,25.800946999999997],[-80.18892000000001,25.80216400000001],[-80.188011,25.803758999999996],[-80.18766500000001,25.805167],[-80.18741,25.806796],[-80.187503,25.807625],[-80.187284,25.808653999999994],[-80.187406,25.809970999999994],[-80.187233,25.811062999999997],[-80.18697,25.811683],[-80.187048,25.813003999999992],[-80.186816,25.813951000000007],[-80.186202,25.814778],[-80.186109,25.815151999999998],[-80.185973,25.817154],[-80.186168,25.817857999999994],[-80.186178,25.818668999999996],[-80.185916,25.820429999999998],[-80.185775,25.820919],[-80.184649,25.823436],[-80.18404,25.825773],[-80.182946,25.828223],[-80.182082,25.831101],[-80.181677,25.833704999999995],[-80.181582,25.835447],[-80.18176900000002,25.836507999999995],[-80.182516,25.837939],[-80.182464,25.840422],[-80.183253,25.842088999999998],[-80.183591,25.843942000000002],[-80.183838,25.844469999999998],[-80.184727,25.84506100000001],[-80.186264,25.845197999999996],[-80.187027,25.845453999999993],[-80.187783,25.846102],[-80.188487,25.847158000000004],[-80.18887,25.851018999999997],[-80.188462,25.852248],[-80.18879,25.852444999999992],[-80.189023,25.852863999999997],[-80.189919,25.852839999999997],[-80.19104,25.853309],[-80.190831,25.852846999999997],[-80.191356,25.852996999999995],[-80.19168600000002,25.852992],[-80.191978,25.853256999999996],[-80.192491,25.853253],[-80.192636,25.853394999999995],[-80.192435,25.853480999999995],[-80.193112,25.853425999999995],[-80.193692,25.853207999999995],[-80.1936,25.852610999999996],[-80.194208,25.852341],[-80.194403,25.851676],[-80.19471,25.851553],[-80.195204,25.851593],[-80.195327,25.851449999999996],[-80.195622,25.851432999999997],[-80.195924,25.851616999999997],[-80.195993,25.851455999999995],[-80.196158,25.851368999999995],[-80.195982,25.850657],[-80.196254,25.850531999999998],[-80.196663,25.850165999999998],[-80.196584,25.849261999999996],[-80.196858,25.849203],[-80.196978,25.849516999999995],[-80.197004,25.85035299999999],[-80.197234,25.850959999999997],[-80.197052,25.851066999999993],[-80.196904,25.851664],[-80.196899,25.852535999999994],[-80.196613,25.852606999999995],[-80.196525,25.852795999999998],[-80.195919,25.852621],[-80.19562,25.852814999999996],[-80.195946,25.852905999999997],[-80.196653,25.852864],[-80.197397,25.852954999999998],[-80.197649,25.852821999999993],[-80.197383,25.852481],[-80.197362,25.851987999999995],[-80.198126,25.851717],[-80.197534,25.851162999999996],[-80.19762500000002,25.851048],[-80.197972,25.851067999999998],[-80.198074,25.850093000000008],[-80.19822,25.850336000000002],[-80.198138,25.850622999999995],[-80.19835,25.850933],[-80.199287,25.850795999999995],[-80.199409,25.850910999999996],[-80.199933,25.850943999999995],[-80.200203,25.850047999999997],[-80.2005,25.850251999999998],[-80.200574,25.850141],[-80.200831,25.850157999999997],[-80.200989,25.849969],[-80.201151,25.850079000000004],[-80.201148,25.850422000000002],[-80.200791,25.85046],[-80.200526,25.850381999999996],[-80.200421,25.850621999999998],[-80.201092,25.850794],[-80.201405,25.851117],[-80.201663,25.851163999999994],[-80.201725,25.850168000000004],[-80.201881,25.850362999999994],[-80.201793,25.850648],[-80.201992,25.850932999999998],[-80.202828,25.851477000000003],[-80.202709,25.851742],[-80.20225,25.851957999999996],[-80.20224,25.852029999999996],[-80.203452,25.852232],[-80.203482,25.851746],[-80.202994,25.851447999999994],[-80.202807,25.85118],[-80.202781,25.850911],[-80.202633,25.850817999999993],[-80.202323,25.850814],[-80.2022,25.850527],[-80.202347,25.85047999999999],[-80.202644,25.850573000000004],[-80.20337,25.850504999999995],[-80.203722,25.850261],[-80.203959,25.850377000000005],[-80.204163,25.850674],[-80.205052,25.850828000000003],[-80.205355,25.850973999999997],[-80.20538400000001,25.851228999999996],[-80.205186,25.851322000000003],[-80.205166,25.851480999999996],[-80.20542100000002,25.852294999999998],[-80.205512,25.853119999999997],[-80.205654,25.853284999999996],[-80.20594700000001,25.853275999999997],[-80.206133,25.853411],[-80.205154,25.853483],[-80.205122,25.853804000000004],[-80.208305,25.854172],[-80.208398,25.854103],[-80.20895445187945,25.854249420397185],[-80.20490335126877,25.85441841040046],[-80.20458060357733,25.85543388418121],[-80.204479,25.855442999999998],[-80.203814,25.855069999999998],[-80.203525,25.855077000000005],[-80.203376,25.855221],[-80.20231,25.854963],[-80.201731,25.854920000000003],[-80.201334,25.854708999999996],[-80.200748,25.85465],[-80.20017,25.854737999999998],[-80.199542,25.854293],[-80.19865900000002,25.854053],[-80.198475,25.854045999999997],[-80.19803,25.854307],[-80.197446,25.853751],[-80.197439,25.853581000000002],[-80.197744,25.853494999999995],[-80.198076,25.853629],[-80.198479,25.853520000000003],[-80.198771,25.853317999999998],[-80.196997,25.853120999999994],[-80.196826,25.853243999999993],[-80.195907,25.853354999999997],[-80.196211,25.853568999999997],[-80.196514,25.853638],[-80.196391,25.853766],[-80.196224,25.853719],[-80.196134,25.853816],[-80.196045,25.854592000000004],[-80.195756,25.854592],[-80.195406,25.854453999999997],[-80.195143,25.854179],[-80.195099,25.853913999999996],[-80.194889,25.853801],[-80.194692,25.853904],[-80.194926,25.854171999999995],[-80.194907,25.854365000000005],[-80.19441,25.854305999999998],[-80.194294,25.854452],[-80.193799,25.854568999999998],[-80.193478,25.854168],[-80.193603,25.853901],[-80.19338300000001,25.853695999999992],[-80.193105,25.853621],[-80.192365,25.853691999999995],[-80.191771,25.853649],[-80.191764,25.853721999999998],[-80.19173,25.853638000000004],[-80.190813,25.853456],[-80.189699,25.853049],[-80.188622,25.85317],[-80.188449,25.853012],[-80.188543,25.852722999999997],[-80.188353,25.852489],[-80.187664,25.853945],[-80.186093,25.854708999999993],[-80.185298,25.855457000000005],[-80.183705,25.856389999999998],[-80.183707,25.856568999999993],[-80.183895,25.856906000000002],[-80.184859,25.858151],[-80.184915,25.85849],[-80.184798,25.858693000000002],[-80.18451,25.858678],[-80.183931,25.858383],[-80.183623,25.858378999999996],[-80.183301,25.858546],[-80.182785,25.859236999999997],[-80.182494,25.859352000000005],[-80.182227,25.859256000000002],[-80.181676,25.85885],[-80.181165,25.858893],[-80.180973,25.858713999999996],[-80.180947,25.858319999999996],[-80.180603,25.857834],[-80.180397,25.85709099999999],[-80.180232,25.856942],[-80.179938,25.856903999999997],[-80.17955600000002,25.857030999999996],[-80.179136,25.85751399999999],[-80.178771,25.858137],[-80.178426,25.858443],[-80.177474,25.859057],[-80.17692100000001,25.859128],[-80.176639,25.858910999999996],[-80.176516,25.858554999999996],[-80.176601,25.857921999999995],[-80.176894,25.857363],[-80.177542,25.856714],[-80.177821,25.85625],[-80.177933,25.855536999999998],[-80.177577,25.854300000000002],[-80.178346,25.852071],[-80.17838700000001,25.851773000000005],[-80.178296,25.851371999999998],[-80.178515,25.849978999999994],[-80.179422,25.848403],[-80.17934500000001,25.848134],[-80.179029,25.847866],[-80.178431,25.847698999999995],[-80.178102,25.847430000000003],[-80.177901,25.847387999999995],[-80.177713,25.848341],[-80.177758,25.848928000000004],[-80.177446,25.850011000000002],[-80.177478,25.850759999999998],[-80.177387,25.851472000000005],[-80.17748000000002,25.851897],[-80.1772,25.853219999999997],[-80.176066,25.855274],[-80.176121,25.855546000000004],[-80.176686,25.856153999999997],[-80.176737,25.856376000000004],[-80.176549,25.85663],[-80.176044,25.856702999999992],[-80.175902,25.856809999999992],[-80.175783,25.8575],[-80.17537,25.85798],[-80.175122,25.85885],[-80.17468,25.859679999999997],[-80.17478800000002,25.859908000000004],[-80.17531200000002,25.860221],[-80.175499,25.860442999999997],[-80.175613,25.861222000000005],[-80.176115,25.861882999999995],[-80.176095,25.862371],[-80.17621811845883,25.862676893258662],[-80.17490895523105,25.862717089539817],[-80.17504,25.862475999999994],[-80.175046,25.862018999999997],[-80.17526,25.861368999999993],[-80.175169,25.861213999999997],[-80.174943,25.861142999999995],[-80.174645,25.861261999999993],[-80.174388,25.861629000000004],[-80.17416087798146,25.86274171808986],[-80.17132711912124,25.8628276101488],[-80.171499,25.860620999999995],[-80.171347,25.860616999999998],[-80.171337,25.860194000000003],[-80.171465,25.860167000000004],[-80.17159000000001,25.858869999999996],[-80.171507,25.856741999999997],[-80.17171,25.855985],[-80.171733,25.855534000000002],[-80.171561,25.854992999999997],[-80.171322,25.854630999999998],[-80.170055,25.853607],[-80.1703,25.851357],[-80.170966,25.850422],[-80.171159,25.849900999999996],[-80.171169,25.849543999999998],[-80.170995,25.849297999999997],[-80.170672,25.849222999999995],[-80.169887,25.849411999999997],[-80.168142,25.85032899999999],[-80.167195,25.850469999999998],[-80.165293,25.850187999999996],[-80.163448,25.849308999999998],[-80.162001,25.849458999999996],[-80.161763,25.849808999999993],[-80.161715,25.850328000000005],[-80.161899,25.85110699999999],[-80.16241,25.852438999999997],[-80.162368,25.853186999999995],[-80.162514,25.853205999999997],[-80.162981,25.852553999999994],[-80.16348,25.852160000000005],[-80.163986,25.851968999999997],[-80.16441,25.851933],[-80.164912,25.852102000000002],[-80.165168,25.852447000000005],[-80.165251,25.852846000000007],[-80.16516,25.853355],[-80.165063,25.853597000000008],[-80.160387,25.855126],[-80.1589287322105,25.855409240289777],[-80.15808532253536,25.85506727677775],[-80.15678715961936,25.854295008397727],[-80.15543300000006,25.853024594309357],[-80.155288,25.852077999999995],[-80.155146,25.851734000000004],[-80.154784,25.851364],[-80.15429813182101,25.851173217933106],[-80.15408087981159,25.85057597565712],[-80.1538105062801,25.84927275269156],[-80.1537932970816,25.847710675047455],[-80.15404077837088,25.84640348516181],[-80.15457275773848,25.84509618116458],[-80.1553721604617,25.843905592675114],[-80.15671821879262,25.842643673080417],[-80.157682,25.842605],[-80.159285,25.84269],[-80.159998,25.842802999999993],[-80.160545,25.843079000000003],[-80.160961,25.843596000000005],[-80.161363,25.844559],[-80.16149,25.845231999999992],[-80.161465,25.846556],[-80.161742,25.846817],[-80.162257,25.847042999999996],[-80.163778,25.847134],[-80.165905,25.846975],[-80.167844,25.846427000000002],[-80.16861,25.846366999999997],[-80.169141,25.846484],[-80.17061,25.847377000000005],[-80.171094,25.847405],[-80.171331,25.847288000000002],[-80.171592,25.846781],[-80.171861,25.845965999999997],[-80.172042,25.844858000000002],[-80.172738,25.844732999999994],[-80.173419,25.844728],[-80.174286,25.842302],[-80.174949,25.841350999999996],[-80.178031,25.838916999999995],[-80.178425,25.838686999999997],[-80.179446,25.838373000000004],[-80.179892,25.838142],[-80.180087,25.837393000000002],[-80.17996,25.836523999999994],[-80.180651,25.834345999999996],[-80.180802,25.833433999999993],[-80.180791,25.832665999999993],[-80.180698,25.832140000000003],[-80.180098,25.831161999999992],[-80.179858,25.830489],[-80.17986300000001,25.828361],[-80.179404,25.826869],[-80.179675,25.825502],[-80.179613,25.824682999999993],[-80.179184,25.823434],[-80.178545,25.822227999999996],[-80.178409,25.821482999999997],[-80.17873700000001,25.820721],[-80.180163,25.818810999999997],[-80.181027,25.817999],[-80.185354,25.814470999999998],[-80.185533,25.814157000000005],[-80.185441,25.814135],[-80.185439,25.813553999999996],[-80.185842,25.813523],[-80.185924,25.813198],[-80.185719,25.812738],[-80.185316,25.812454999999996],[-80.184397,25.812519999999996],[-80.183802,25.812714000000003],[-80.182403,25.812055999999995],[-80.18188,25.811956000000006],[-80.180635,25.811966],[-80.179112,25.810840999999996],[-80.179024,25.810680000000005],[-80.180268,25.809190999999995],[-80.180871,25.809149000000005],[-80.183015,25.809133999999997],[-80.183448,25.809773999999997],[-80.184192,25.810233999999998],[-80.185328,25.81046299999999],[-80.185857,25.810369],[-80.186048,25.810229999999997],[-80.186066,25.809832],[-80.185637,25.808989000000004],[-80.185393,25.808695],[-80.185408,25.808349],[-80.185989,25.807536],[-80.185399,25.807535999999995],[-80.185382,25.805952000000005],[-80.186125,25.805934],[-80.186131,25.805452],[-80.185383,25.805399999999988],[-80.185395,25.804462999999995],[-80.18575700000001,25.80442100000001],[-80.185772,25.804289],[-80.185383,25.804302],[-80.185377,25.804018000000003],[-80.186748,25.803975000000005],[-80.186793,25.803806],[-80.18672,25.803417],[-80.186582,25.803207999999998],[-80.185394,25.803243],[-80.185404,25.803005],[-80.186389,25.802982000000004],[-80.186099,25.802304999999997],[-80.18536800000001,25.802358999999996],[-80.185395,25.801773999999995],[-80.185785,25.801765],[-80.185788,25.801374000000003],[-80.186102,25.801374000000006],[-80.186304,25.800340000000002],[-80.185874,25.800347999999993],[-80.185883,25.80066199999999],[-80.185381,25.80067199999999],[-80.185381,25.79891],[-80.186302,25.798877],[-80.186319,25.799191],[-80.186717,25.799180999999997],[-80.186904,25.798804],[-80.185381,25.798785],[-80.185386,25.798268999999998],[-80.187194,25.798218],[-80.187547,25.797328000000004],[-80.187132,25.797311999999994],[-80.187229,25.79634499999999],[-80.18759,25.796336],[-80.18757100000002,25.796272],[-80.187381,25.796218999999997],[-80.187032,25.79569699999999],[-80.186165,25.795579],[-80.186048,25.795476999999998],[-80.185956,25.794616],[-80.186028,25.79429],[-80.186211,25.794131999999998],[-80.187021,25.794114999999998],[-80.18694,25.793533000000004],[-80.186528,25.793493000000005],[-80.186561,25.793039000000004],[-80.186369,25.793003],[-80.186488,25.792632999999995],[-80.185999,25.792166000000005],[-80.185318,25.791921],[-80.184601,25.791897999999993],[-80.183741,25.792152],[-80.183693,25.791115999999995],[-80.183563,25.791049999999995],[-80.180986,25.791163000000005],[-80.179766,25.791835],[-80.177978,25.792207999999995],[-80.176202,25.792153999999996],[-80.172405,25.792347999999997],[-80.168876,25.792376000000004],[-80.167006,25.792600999999998],[-80.16604400000001,25.792874000000005],[-80.164853,25.793408000000003],[-80.164161,25.794235999999994],[-80.16249400000001,25.794795],[-80.161187,25.795956],[-80.16046529214974,25.79631917285532],[-80.15930705121374,25.795018521660275],[-80.15880511599245,25.794235822574894],[-80.15837677721608,25.793312428026884],[-80.15803336538508,25.792204419073816],[-80.15786231816531,25.791225613366386],[-80.15785155736053,25.789956111010927],[-80.15806026021801,25.788741730083522],[-80.15849802114093,25.78747891422524],[-80.15950619053777,25.78578602090405],[-80.15997225996489,25.785233125053978],[-80.16089522883115,25.78439052783109],[-80.16226260474735,25.78349021316835],[-80.16341347050673,25.78297812242743],[-80.16428477320056,25.782695525537548],[-80.16592084697939,25.78239092926434],[-80.16826033247375,25.782254346357615],[-80.17057831094907,25.782227784784332],[-80.17258328446121,25.782027623143783],[-80.17506969723664,25.781983252602412],[-80.17624340881666,25.782115845881446],[-80.17557117964729,25.780549625994617],[-80.17541489603458,25.779850957062273],[-80.17533356891134,25.77842889196636],[-80.17540931467546,25.777719345064195],[-80.1757899369719,25.776337705166444],[-80.176860981975,25.77420560975169],[-80.17642779854823,25.77370861055627],[-80.177636,25.774176999999998],[-80.178177,25.774292],[-80.180409,25.774289999999993],[-80.181023,25.775428000000005],[-80.18154,25.776800999999995],[-80.181657,25.776924999999995],[-80.181863,25.77696],[-80.182483,25.776815],[-80.183387,25.777207],[-80.184353,25.777433999999992],[-80.184989,25.777302],[-80.18437100000001,25.777080000000005],[-80.184521,25.776844999999998],[-80.185261,25.777110999999998],[-80.185547,25.776657999999994],[-80.185599,25.776165000000002],[-80.185513,25.774051],[-80.185419,25.773372],[-80.185181,25.772686999999994],[-80.185112,25.772076],[-80.185173,25.771799000000005],[-80.187179,25.771068],[-80.187322,25.770874],[-80.188887,25.770332999999997],[-80.188989,25.770103000000002],[-80.188775,25.769732000000005],[-80.188203,25.769490999999995],[-80.18644700000002,25.769362],[-80.183403,25.769539999999996],[-80.183075,25.769503999999998],[-80.18286,25.769358999999998],[-80.182844,25.76901],[-80.182959,25.768586000000006],[-80.184399,25.763978],[-80.184588,25.763902],[-80.184879,25.763937999999996],[-80.185423,25.764535999999996],[-80.186731,25.765704999999997],[-80.187939,25.766232999999996],[-80.188365,25.766110999999995],[-80.188716,25.765698],[-80.188885,25.765010999999998],[-80.188917,25.764379],[-80.189098,25.763952],[-80.190021,25.764044],[-80.190785,25.764233],[-80.19092,25.764122000000004],[-80.191191,25.763834999999997],[-80.191119,25.763731],[-80.18887300000002,25.76322],[-80.188716,25.763107],[-80.188947,25.759870000000003],[-80.189582,25.759915],[-80.189985,25.759704],[-80.190094,25.759379000000003],[-80.190061,25.758507999999996],[-80.190448,25.75774],[-80.19114,25.757306],[-80.192463,25.756845],[-80.19353,25.755802999999997],[-80.195193,25.754814],[-80.194652,25.754179],[-80.195181,25.753863000000003],[-80.195766,25.75455],[-80.196051,25.754444999999997],[-80.196718,25.754117999999995],[-80.198314,25.752737],[-80.199706,25.751335999999995],[-80.19986,25.751058],[-80.200537,25.750664999999998],[-80.20124,25.749785],[-80.200746,25.749205999999997],[-80.20109,25.748920999999992],[-80.201548,25.749459000000005],[-80.202197,25.748789999999996],[-80.20228,25.748364],[-80.203104,25.748316999999997],[-80.204398,25.747474000000004],[-80.20586300000001,25.746877000000005],[-80.206353,25.746781],[-80.206773,25.746456],[-80.20732700000002,25.746257000000007],[-80.206616,25.746698999999996],[-80.206162,25.747196999999996],[-80.205214,25.74748],[-80.204496,25.747846],[-80.202703,25.749479999999995],[-80.20146,25.750225000000004],[-80.20068,25.750819],[-80.200352,25.751182],[-80.199145,25.752037],[-80.198565,25.752745999999988],[-80.196822,25.754236],[-80.194809,25.755321999999996],[-80.194347,25.755775999999997],[-80.193777,25.756630999999995],[-80.193542,25.757172999999998],[-80.19325,25.758675999999994],[-80.193466,25.759137000000003],[-80.193584,25.759916],[-80.193693,25.760085000000004],[-80.193046,25.762455999999997],[-80.193855,25.763665000000003],[-80.194243,25.763922],[-80.194929,25.764054000000005],[-80.195326,25.764432000000003],[-80.195461,25.765374999999995],[-80.196449,25.765681],[-80.197024,25.765970999999997],[-80.198628,25.767359999999996],[-80.198839,25.767438],[-80.199242,25.767351],[-80.199412,25.767396],[-80.200162,25.768355999999997],[-80.200875,25.768539999999994],[-80.20144,25.768582],[-80.201943,25.768937999999995],[-80.202471,25.768986999999992],[-80.202744,25.768895999999998],[-80.203315,25.768471000000005],[-80.203331,25.768205999999992],[-80.203471,25.768152000000008],[-80.203435,25.768001],[-80.203899,25.767925999999996],[-80.20421100000002,25.767661],[-80.204286,25.767836000000003],[-80.20464700000001,25.767833000000003],[-80.205398,25.768006000000003],[-80.205045,25.768070000000005],[-80.205051,25.768353999999995],[-80.205867,25.768949000000006],[-80.208923,25.768346000000005],[-80.211143,25.768746],[-80.211612,25.769034],[-80.212412,25.769909000000002],[-80.213118,25.770527000000005],[-80.21439,25.772092],[-80.215352,25.773044],[-80.21625900000001,25.773317999999996],[-80.216826,25.77358500000001],[-80.217141,25.773950999999997],[-80.217731,25.774976000000002],[-80.218609,25.775474000000006],[-80.219299,25.776004],[-80.222067,25.77709400000001],[-80.224331,25.77816],[-80.225537,25.778999999999996],[-80.226508,25.780112],[-80.226882,25.780399999999997],[-80.227409,25.780423],[-80.22883,25.779761999999998],[-80.229264,25.77973499999999],[-80.230488,25.780575],[-80.23131,25.781428000000002],[-80.232212,25.782106000000002],[-80.232774,25.782348999999993],[-80.235506,25.782918999999993],[-80.237595,25.782715999999997],[-80.23851,25.782451],[-80.239087,25.782095999999996],[-80.239201,25.782201999999995],[-80.23923,25.782475999999992],[-80.239715,25.782238999999997],[-80.240383,25.782131000000007],[-80.242153,25.782436000000004],[-80.24285,25.782204999999998],[-80.243463,25.781865999999997],[-80.243767,25.781833999999996],[-80.244395,25.782002999999996],[-80.244844,25.782257999999995],[-80.245226,25.782938999999992],[-80.245906,25.783486000000003],[-80.24671400000001,25.783584999999995],[-80.247489,25.783396999999997],[-80.248851,25.783551000000003],[-80.24957400000001,25.783125999999996],[-80.249749,25.782891000000003],[-80.249757,25.782692999999995],[-80.24957,25.782478999999988],[-80.249289,25.782392],[-80.248803,25.782398999999998],[-80.248718,25.782303000000006],[-80.248784,25.782085999999996],[-80.249156,25.781925],[-80.24931,25.781759],[-80.249534,25.781299],[-80.250333,25.780976],[-80.250814,25.780633000000005],[-80.252493,25.779921],[-80.25277,25.779881],[-80.253648,25.780028999999992],[-80.254189,25.780307],[-80.254658,25.78078],[-80.25531,25.780781],[-80.257234,25.780276],[-80.257356,25.780166999999995],[-80.25763400000001,25.779027],[-80.257884,25.778877],[-80.258419,25.77882],[-80.25873,25.77891],[-80.259197,25.779299999999996],[-80.259596,25.780326],[-80.259789,25.780437000000003],[-80.260023,25.780432999999995],[-80.260118,25.780291],[-80.259571,25.779567999999998],[-80.259594,25.779351],[-80.259767,25.779387999999997],[-80.26027,25.77985],[-80.260488,25.779884000000003],[-80.261096,25.779259],[-80.262382,25.778856999999995],[-80.262302,25.778692],[-80.262331,25.77842800000001],[-80.26219,25.778117],[-80.261592,25.778138],[-80.261319,25.778056999999997],[-80.261309,25.778001],[-80.261728,25.77793],[-80.261043,25.777778999999995],[-80.260903,25.777496],[-80.259949,25.777471999999996],[-80.259821,25.777931],[-80.259609,25.777466999999998],[-80.258757,25.777505999999995],[-80.258821,25.777399000000003],[-80.259046,25.777425],[-80.259112,25.777338000000004],[-80.259587,25.777343999999996],[-80.259685,25.777162999999998],[-80.259544,25.776861999999998],[-80.259465,25.776931000000005],[-80.25906300000001,25.776852999999996],[-80.258924,25.776950999999997],[-80.258546,25.776783999999996],[-80.25836300000002,25.777086999999995],[-80.258191,25.775774000000002],[-80.257945,25.775801000000005],[-80.257897,25.775699999999997],[-80.257954,25.77559799999999],[-80.258185,25.775596999999994],[-80.258194,25.775095999999998],[-80.258257,25.774947],[-80.258376,25.774992],[-80.258393,25.774934999999996],[-80.25849,25.775037999999995],[-80.259054,25.774912],[-80.259261,25.774993999999996],[-80.259696,25.774925000000003],[-80.259926,25.77517999999999],[-80.260362,25.775241000000005],[-80.260255,25.775380000000002],[-80.260328,25.775461],[-80.260669,25.775574999999996],[-80.260866,25.775541000000004],[-80.261073,25.775733999999996],[-80.261516,25.775498],[-80.261754,25.775538],[-80.261766,25.775670999999996],[-80.262019,25.775709],[-80.26216,25.775354000000007],[-80.26212,25.775226000000004],[-80.262275,25.775334],[-80.262362,25.775655999999998],[-80.262588,25.775549999999992],[-80.26296,25.775578],[-80.263291,25.77542],[-80.263507,25.77547],[-80.26353,25.775788000000002],[-80.263603,25.775811],[-80.263693,25.775744],[-80.263702,25.775319999999997],[-80.26384,25.77537299999999],[-80.264019,25.775315000000003],[-80.264155,25.778144000000005],[-80.263944,25.777227999999997],[-80.263861,25.778148999999992],[-80.26381,25.778046],[-80.263729,25.778071],[-80.26378600000001,25.778284999999997],[-80.263624,25.77826200000001],[-80.263558,25.778122],[-80.262586,25.778108000000003],[-80.262445,25.778208999999997],[-80.26252300000002,25.778551999999998],[-80.262623,25.778629],[-80.262777,25.778472000000004],[-80.262948,25.778564000000003],[-80.263018,25.77836199999999],[-80.263236,25.778426],[-80.263057,25.778483],[-80.263079,25.778618999999996],[-80.26338900000002,25.778607000000004],[-80.263479,25.778420999999998],[-80.26364,25.778689],[-80.264179,25.778668],[-80.264201,25.778842999999995],[-80.267315,25.778804999999995],[-80.2675,25.778728000000008],[-80.267364,25.778662999999995],[-80.267464,25.778463999999996],[-80.267643,25.778558999999994],[-80.267836,25.778530999999997],[-80.267797,25.778373999999996],[-80.267577,25.778325999999996],[-80.26746700000001,25.778441],[-80.267414,25.778397],[-80.267303,25.777993999999993],[-80.267106,25.777955],[-80.267292,25.77789299999999],[-80.267262,25.777830000000005],[-80.266974,25.777913999999992],[-80.267028,25.777738],[-80.26713,25.777813],[-80.267296,25.777781],[-80.266956,25.777624999999997],[-80.267118,25.777532999999995],[-80.26705,25.777404999999998],[-80.267299,25.777370000000005],[-80.267202,25.777268000000003],[-80.267285,25.777173000000005],[-80.267142,25.777130000000003],[-80.267295,25.777088999999997],[-80.266625,25.776987],[-80.266658,25.776856],[-80.267239,25.776767000000003],[-80.26716000000002,25.776678],[-80.267259,25.776628000000002],[-80.267259,25.776501000000003],[-80.267705,25.776522],[-80.26777200000001,25.77665],[-80.267571,25.776734999999995],[-80.267729,25.776775999999998],[-80.267543,25.776867999999997],[-80.267614,25.776905],[-80.26783,25.776760000000003],[-80.268276,25.776821999999996],[-80.268401,25.776378999999995],[-80.268572,25.776838999999995],[-80.269171,25.776871999999997],[-80.269316,25.776830999999994],[-80.269329,25.776638999999996],[-80.269484,25.776465000000005],[-80.26971500000002,25.776527999999995],[-80.270174,25.776435000000003],[-80.27015,25.776887],[-80.270013,25.776803999999995],[-80.270003,25.776656],[-80.26965,25.776579],[-80.26944,25.776624999999996],[-80.269429,25.776892999999998],[-80.269327,25.77695],[-80.2695,25.77714],[-80.271647,25.777184000000005],[-80.271776,25.777114000000005],[-80.271712,25.776903999999995],[-80.270825,25.777012999999997],[-80.270722,25.776856000000002],[-80.270676,25.776989],[-80.270447,25.776937999999994],[-80.270411,25.77676],[-80.270489,25.776665],[-80.270723,25.776755000000005],[-80.27088800000001,25.776665],[-80.270482,25.776564],[-80.270563,25.776302999999995],[-80.270719,25.776232],[-80.271226,25.776458],[-80.271741,25.776431999999993],[-80.271785,25.776339999999998],[-80.27214300000001,25.776385],[-80.272503,25.776265999999996],[-80.272467,25.776121000000003],[-80.272379,25.776266000000003],[-80.272243,25.776203],[-80.272402,25.775988],[-80.27243,25.776102999999996],[-80.27255,25.775946999999995],[-80.272726,25.776113],[-80.272657,25.775973],[-80.27288200000001,25.775797],[-80.273176,25.775911],[-80.273595,25.775815999999995],[-80.274159,25.775927000000006],[-80.274314,25.775887999999995],[-80.274387,25.775608000000002],[-80.274515,25.775753],[-80.274628,25.776222999999995],[-80.274991,25.776184000000004],[-80.275044,25.77606],[-80.275139,25.776198],[-80.275218,25.776054000000002],[-80.27529,25.776170999999998],[-80.275369,25.776027],[-80.275415,25.776173999999997],[-80.275522,25.776028000000004],[-80.275568,25.776148],[-80.27569,25.776157999999988],[-80.27578,25.776031999999997],[-80.275874,25.776171999999995],[-80.275989,25.775806999999993],[-80.27611,25.775873],[-80.276209,25.776128999999997],[-80.277153,25.776147000000005],[-80.277013,25.776318999999997],[-80.27673700000001,25.776305999999998],[-80.276603,25.776385999999995],[-80.276713,25.776524000000002],[-80.276812,25.776471],[-80.277413,25.776607000000002],[-80.277536,25.776561999999995],[-80.277813,25.776845999999995],[-80.277913,25.776801000000003],[-80.27787,25.77665899999999],[-80.278042,25.776593999999996],[-80.278196,25.776788999999997],[-80.278508,25.776841999999995],[-80.27858,25.776942],[-80.279233,25.776999999999997],[-80.27924500000002,25.777071999999997],[-80.279112,25.777121999999995],[-80.279214,25.777279999999998],[-80.279638,25.77729],[-80.279817,25.777480999999998],[-80.279256,25.777530000000002],[-80.279424,25.777680000000004],[-80.279402,25.77776],[-80.279358,25.777669999999997],[-80.279286,25.777707],[-80.279308,25.777892999999995],[-80.27942,25.777933999999995],[-80.279294,25.777995],[-80.279495,25.778026999999998],[-80.279695,25.777909999999995],[-80.279745,25.778215000000003],[-80.280018,25.778178000000004],[-80.279806,25.778100999999996],[-80.279944,25.77805],[-80.280001,25.777507],[-80.280129,25.777762],[-80.280177,25.777509],[-80.280277,25.777541],[-80.280323,25.778164999999998],[-80.28093,25.778155999999996],[-80.280949,25.777507000000004],[-80.280789,25.777395999999996],[-80.280266,25.777470999999995],[-80.280256,25.777373000000004],[-80.280864,25.777306999999997],[-80.281098,25.777177],[-80.28124700000001,25.777209999999993],[-80.281311,25.777422],[-80.281471,25.777508],[-80.281983,25.777352999999998],[-80.282216,25.777499999999993],[-80.282325,25.777343],[-80.282503,25.777366],[-80.282634,25.776959],[-80.283007,25.776906999999998],[-80.283306,25.776962999999995],[-80.28293,25.777349999999995],[-80.282956,25.77742],[-80.283408,25.777397],[-80.283394,25.777606999999996],[-80.283485,25.777567999999995],[-80.283838,25.777732999999994],[-80.284099,25.777735999999997],[-80.284168,25.777442],[-80.284116,25.777172999999994],[-80.283844,25.777073000000005],[-80.283729,25.776878999999997],[-80.283686,25.776240999999995],[-80.283528,25.776132999999998],[-80.283376,25.776198999999995],[-80.283416,25.776407],[-80.283336,25.776605000000004],[-80.282858,25.776458],[-80.282815,25.775969000000003],[-80.282989,25.775719000000002],[-80.282863,25.775560999999996],[-80.283749,25.775479000000004],[-80.28383,25.77557399999999],[-80.283682,25.775626],[-80.283904,25.775937999999993],[-80.283868,25.776084999999995],[-80.283764,25.776055000000003],[-80.283793,25.776184000000004],[-80.28419,25.776408],[-80.284359,25.776744],[-80.284518,25.77673499999999],[-80.284463,25.776839],[-80.284662,25.776813000000004],[-80.284822,25.777101],[-80.285064,25.777121],[-80.285132,25.777355000000004],[-80.285499,25.777427999999997],[-80.285586,25.777604999999994],[-80.285562,25.777868999999995],[-80.285734,25.777898],[-80.285804,25.777635999999998],[-80.286171,25.777642999999998],[-80.286231,25.77743],[-80.286359,25.777659999999997],[-80.28668,25.777650000000005],[-80.286756,25.777889],[-80.288067,25.77788500000001],[-80.288216,25.777823999999995],[-80.288285,25.777519],[-80.28865400000001,25.777659000000003],[-80.288711,25.777784000000004],[-80.289046,25.777863999999997],[-80.289205,25.777579000000003],[-80.289319,25.777608000000004],[-80.289474,25.777922999999994],[-80.289246,25.778015999999997],[-80.289472,25.778074],[-80.289087,25.778121999999996],[-80.28896,25.778316],[-80.288848,25.778244999999995],[-80.288658,25.778295],[-80.288524,25.778478999999994],[-80.288727,25.778652000000005],[-80.28858,25.778699000000003],[-80.288613,25.778817999999998],[-80.288479,25.779049],[-80.288407,25.77853199999999],[-80.28830000000002,25.778536000000003],[-80.288249,25.778842999999988],[-80.288185,25.778741000000004],[-80.288111,25.778831],[-80.287794,25.77885],[-80.287278,25.778647],[-80.287233,25.778262999999995],[-80.28714,25.77815199999999],[-80.286872,25.778206],[-80.286662,25.779175000000002],[-80.286792,25.779347000000005],[-80.287641,25.779360999999998],[-80.287477,25.780312],[-80.287599,25.780477],[-80.288716,25.780597000000007],[-80.288596,25.780441999999994],[-80.28863,25.779862999999995],[-80.288853,25.780292],[-80.289354,25.780223000000003],[-80.289642,25.780433999999996],[-80.290611,25.780249999999995],[-80.290609,25.778955],[-80.291036,25.778881999999996],[-80.291108,25.778944],[-80.290845,25.779014999999994],[-80.290689,25.779167999999995],[-80.29072600000002,25.779397999999993],[-80.290848,25.779445999999997],[-80.290881,25.779766999999996],[-80.291025,25.779778],[-80.291543,25.779615],[-80.291718,25.779391],[-80.291611,25.779241000000003],[-80.291368,25.779180999999998],[-80.291574,25.778958000000006],[-80.291537,25.778801999999992],[-80.291349,25.778703],[-80.291379,25.778637999999997],[-80.291947,25.778722999999996],[-80.292056,25.77867],[-80.292224,25.77887099999999],[-80.292432,25.778914],[-80.292535,25.779141000000003],[-80.29269,25.779152000000003],[-80.292735,25.778969000000004],[-80.29287,25.779231],[-80.294356,25.778507],[-80.294554,25.778378],[-80.294453,25.778214],[-80.294639,25.778155],[-80.29424100000001,25.778085999999995],[-80.293786,25.778199999999995],[-80.293621,25.778065999999992],[-80.293273,25.778002],[-80.293089,25.778043],[-80.292951,25.778223],[-80.292809,25.778223],[-80.292735,25.778062000000002],[-80.292474,25.778031999999996],[-80.291712,25.778133],[-80.291349,25.77803999999999],[-80.291329,25.778116999999998],[-80.291264,25.778054999999995],[-80.29142000000002,25.777962999999996],[-80.291327,25.777845],[-80.291495,25.777724],[-80.29146700000001,25.777471999999996],[-80.291589,25.777413999999997],[-80.291509,25.777509],[-80.291674,25.777636999999995],[-80.291822,25.77756299999999],[-80.291583,25.777258999999994],[-80.291148,25.777353],[-80.291038,25.777460999999995],[-80.290922,25.777407],[-80.290864,25.777033],[-80.290784,25.777212999999993],[-80.290449,25.77719],[-80.290264,25.776540999999998],[-80.290182,25.776882],[-80.290096,25.776887000000002],[-80.28993,25.776463999999997],[-80.289996,25.776313],[-80.289875,25.776141],[-80.290043,25.775906],[-80.290153,25.775897999999998],[-80.290236,25.776027999999997],[-80.290429,25.775851],[-80.29083,25.775872999999997],[-80.290938,25.775556],[-80.291117,25.775948999999997],[-80.291318,25.775943],[-80.291127,25.775612999999996],[-80.291229,25.775562999999995],[-80.291079,25.775175],[-80.290947,25.77553],[-80.290874,25.775017],[-80.290668,25.775197],[-80.290508,25.775094],[-80.290465,25.77465],[-80.290572,25.774509999999996],[-80.290374,25.774349999999995],[-80.290566,25.774243000000002],[-80.29043,25.773840999999997],[-80.290453,25.773452000000002],[-80.290569,25.773421999999993],[-80.290632,25.773524000000002],[-80.290643,25.773944999999998],[-80.290556,25.774005],[-80.290656,25.77418099999999],[-80.290807,25.774155],[-80.290734,25.773989],[-80.29081200000002,25.773843999999993],[-80.290739,25.773748000000005],[-80.290835,25.773648],[-80.290767,25.773473],[-80.290899,25.773313],[-80.291015,25.773578999999998],[-80.291315,25.773490999999996],[-80.291534,25.773631999999996],[-80.291653,25.773894999999996],[-80.291847,25.773724],[-80.29215700000002,25.77417],[-80.292747,25.774363999999995],[-80.292832,25.774666],[-80.292993,25.774675],[-80.293034,25.774837999999995],[-80.293249,25.774935999999993],[-80.293305,25.775415],[-80.293219,25.77561499999999],[-80.293503,25.77571],[-80.293584,25.775345999999995],[-80.293731,25.775317],[-80.293832,25.775515000000002],[-80.293966,25.774999000000005],[-80.29436,25.774731000000003],[-80.294482,25.774458999999997],[-80.294415,25.774375999999993],[-80.294566,25.774418000000004],[-80.29467500000001,25.775002999999998],[-80.294912,25.77550099999999],[-80.294738,25.775779],[-80.294959,25.776022999999995],[-80.29472200000001,25.776314],[-80.294785,25.776495],[-80.294711,25.776646],[-80.294819,25.776769],[-80.295071,25.776798],[-80.295205,25.777095],[-80.29506200000002,25.777294999999995],[-80.295364,25.777502],[-80.294682,25.777896999999996],[-80.295066,25.778043999999998],[-80.295213,25.778005000000004],[-80.296413,25.777303],[-80.296383,25.777147000000003],[-80.296114,25.777118],[-80.295946,25.777309],[-80.295755,25.777355000000004],[-80.295746,25.777458999999997],[-80.29543,25.777476],[-80.29547,25.776592],[-80.295396,25.776310999999993],[-80.295503,25.776172999999993],[-80.29562,25.777024999999995],[-80.295878,25.776966],[-80.295968,25.776792000000004],[-80.295753,25.77657],[-80.295901,25.776446000000004],[-80.29579900000002,25.776306],[-80.295933,25.776280999999997],[-80.295915,25.776126],[-80.295604,25.776021000000004],[-80.295574,25.775914999999998],[-80.296056,25.775852999999998],[-80.296066,25.775528999999995],[-80.296177,25.775475000000004],[-80.295941,25.775257999999997],[-80.295957,25.775402000000007],[-80.295856,25.77541799999999],[-80.295766,25.775313000000004],[-80.295818,25.775175000000004],[-80.295737,25.775016],[-80.295891,25.774936999999998],[-80.295768,25.774800000000003],[-80.295757,25.774318],[-80.295522,25.774349],[-80.295686,25.77449199999999],[-80.295547,25.774535000000004],[-80.29548,25.774976999999996],[-80.295314,25.774865000000002],[-80.295315,25.774305999999996],[-80.29492,25.774211],[-80.295243,25.774142999999995],[-80.295348,25.773757999999997],[-80.295473,25.774002],[-80.295654,25.774111999999995],[-80.29595,25.773979999999998],[-80.296058,25.774015000000002],[-80.295976,25.773840999999997],[-80.296124,25.773833999999994],[-80.296168,25.77372799999999],[-80.296166,25.773223],[-80.296037,25.77287],[-80.296136,25.772762000000004],[-80.296147,25.772513999999997],[-80.295715,25.772432],[-80.296169,25.772366],[-80.296091,25.771236999999996],[-80.295919,25.771188],[-80.296,25.771530000000002],[-80.295887,25.771607999999997],[-80.295868,25.771764999999995],[-80.295661,25.771898],[-80.295444,25.771799],[-80.295301,25.77194],[-80.295175,25.77144],[-80.295214,25.770692999999994],[-80.295117,25.770602999999998],[-80.295211,25.769927],[-80.29537,25.770275],[-80.295602,25.770146999999998],[-80.29555,25.770046999999998],[-80.295618,25.769974],[-80.295779,25.770051],[-80.29597,25.769923],[-80.295921,25.769788999999992],[-80.296055,25.769203999999995],[-80.296202,25.769313999999998],[-80.296262,25.769796000000003],[-80.296417,25.769949999999998],[-80.296386,25.769746],[-80.296727,25.769333000000003],[-80.296634,25.769237999999994],[-80.296816,25.769226999999997],[-80.296758,25.769284999999996],[-80.296854,25.769367999999996],[-80.297068,25.769082],[-80.297205,25.769118000000002],[-80.297337,25.769322],[-80.297214,25.770096999999993],[-80.297272,25.770342000000003],[-80.297103,25.770233999999995],[-80.297154,25.770071999999992],[-80.29702,25.76989],[-80.296773,25.769965999999997],[-80.297073,25.77033],[-80.297068,25.770702999999997],[-80.296365,25.770784999999997],[-80.296308,25.770867],[-80.296337,25.77102],[-80.296472,25.771048999999994],[-80.296296,25.771248],[-80.29636200000002,25.772294999999996],[-80.296805,25.772348999999995],[-80.296864,25.772438],[-80.296415,25.772523000000003],[-80.29631500000002,25.772704],[-80.296461,25.773507999999996],[-80.296399,25.773875],[-80.296555,25.774056000000005],[-80.297023,25.774086],[-80.297169,25.77402],[-80.29718,25.773264],[-80.29696400000002,25.773357999999998],[-80.296986,25.773617999999995],[-80.29679800000001,25.773932],[-80.29675,25.773734999999995],[-80.296609,25.773643999999997],[-80.29675100000001,25.773548],[-80.296737,25.773454],[-80.296549,25.773442999999997],[-80.296663,25.773159999999994],[-80.296583,25.772995999999992],[-80.296686,25.772858999999993],[-80.297032,25.773193999999997],[-80.297317,25.773234],[-80.297468,25.774042],[-80.298215,25.774120999999994],[-80.298277,25.774229999999996],[-80.297455,25.774340999999996],[-80.29753,25.775392000000004],[-80.297846,25.775452999999995],[-80.297778,25.775612999999996],[-80.29787700000001,25.775704],[-80.298156,25.775736999999992],[-80.29825,25.775398],[-80.2982,25.77529],[-80.297648,25.775073999999996],[-80.297743,25.774977999999994],[-80.297855,25.775126],[-80.298254,25.774991000000004],[-80.298229,25.774322000000005],[-80.298384,25.774431000000003],[-80.298501,25.775517],[-80.299245,25.775250999999997],[-80.299151,25.77494],[-80.299227,25.774881999999995],[-80.299247,25.774432],[-80.298829,25.774233],[-80.298352,25.774201999999995],[-80.298452,25.774101],[-80.29913200000001,25.774032000000002],[-80.29924,25.773863],[-80.299211,25.773224000000006],[-80.299319,25.773256999999997],[-80.299457,25.77351],[-80.29939,25.773795999999997],[-80.299459,25.774027000000004],[-80.299949,25.774158000000003],[-80.29943,25.774287999999995],[-80.299419,25.774681],[-80.29952700000001,25.775033999999998],[-80.299704,25.77506899999999],[-80.300273,25.774797],[-80.300233,25.774212000000002],[-80.29996100000001,25.77409899999999],[-80.300238,25.774022],[-80.30027,25.773187000000004],[-80.300369,25.773268],[-80.300358,25.773982000000004],[-80.300836,25.774124999999994],[-80.300392,25.774241000000007],[-80.300487,25.774673999999997],[-80.300968,25.774521999999997],[-80.301055,25.774620999999996],[-80.30049,25.774892999999995],[-80.300424,25.775077999999993],[-80.300639,25.77529],[-80.301793,25.774841999999996],[-80.302355,25.774483999999998],[-80.302223,25.774288],[-80.302045,25.774224999999998],[-80.301411,25.774445999999994],[-80.301365,25.774228],[-80.301411,25.774055999999998],[-80.301773,25.774056],[-80.302153,25.773819999999997],[-80.302039,25.773453],[-80.302176,25.773279],[-80.30216,25.77252199999999],[-80.302079,25.772410999999998],[-80.301765,25.772344999999998],[-80.302147,25.772192000000004],[-80.302065,25.771946],[-80.302205,25.771648],[-80.302351,25.771813999999996],[-80.30243,25.772206],[-80.30315,25.772267999999997],[-80.303238,25.772377],[-80.303222,25.772567],[-80.303144,25.772597],[-80.302907,25.772408],[-80.302479,25.772408999999993],[-80.302445,25.772689999999997],[-80.302594,25.772728000000004],[-80.302615,25.77255],[-80.302747,25.772553],[-80.302862,25.772685],[-80.302751,25.772775],[-80.30308,25.772916999999993],[-80.303006,25.773000999999997],[-80.30319,25.773079],[-80.303195,25.772879999999997],[-80.303301,25.772780999999995],[-80.303423,25.772977],[-80.303578,25.773040999999996],[-80.303588,25.773161999999992],[-80.303449,25.773071000000005],[-80.303368,25.773108],[-80.303362,25.773228],[-80.30355,25.773263999999998],[-80.30344,25.773311999999997],[-80.303494,25.773538000000002],[-80.302536,25.774065],[-80.302664,25.774237],[-80.302603,25.774362999999997],[-80.302966,25.774326000000002],[-80.303175,25.774031999999995],[-80.303309,25.774108999999996],[-80.303603,25.774009999999997],[-80.303707,25.773873],[-80.304358,25.773694999999996],[-80.304176,25.773207999999997],[-80.30438,25.773201],[-80.304472,25.773589999999995],[-80.304899,25.773406],[-80.304963,25.773299999999995],[-80.305368,25.77326999999999],[-80.306434,25.772809],[-80.306671,25.772511999999995],[-80.30718,25.772480000000005],[-80.307317,25.772301999999993],[-80.307482,25.772349999999996],[-80.30817,25.772006],[-80.308163,25.771770000000004],[-80.308009,25.771724000000003],[-80.307983,25.771222],[-80.308126,25.771004999999995],[-80.308153,25.771211000000008],[-80.308244,25.771250000000002],[-80.308288,25.770660000000003],[-80.308398,25.771779999999993],[-80.308477,25.771844],[-80.309427,25.771466],[-80.309662,25.771228999999998],[-80.309881,25.77125],[-80.311054,25.770749000000002],[-80.311723,25.770339999999997],[-80.312017,25.770446000000003],[-80.312107,25.770585999999998],[-80.312446,25.770614999999992],[-80.312867,25.770234000000006],[-80.312956,25.769900999999997],[-80.314323,25.769191],[-80.31528900000002,25.768435],[-80.315173,25.768338],[-80.31528900000002,25.768314],[-80.315377,25.768103999999997],[-80.31521,25.767918999999996],[-80.315654,25.768002999999997],[-80.315703,25.767826000000003],[-80.315961,25.767782000000004],[-80.316833,25.766624999999994],[-80.317287,25.765668999999995],[-80.316958,25.765476],[-80.316769,25.765748999999996],[-80.316918,25.76592],[-80.316659,25.765972],[-80.316629,25.765738999999996],[-80.316549,25.765725],[-80.31650900000001,25.76584999999999],[-80.31661,25.7655],[-80.31657,25.765269999999997],[-80.316338,25.765381999999995],[-80.316327,25.765472999999993],[-80.316231,25.765416999999996],[-80.316189,25.765203999999997],[-80.316261,25.765084999999996],[-80.316106,25.765006],[-80.316304,25.76484899999999],[-80.316199,25.764646],[-80.316419,25.764722999999996],[-80.316394,25.764570999999993],[-80.316611,25.764556],[-80.316806,25.764280000000003],[-80.316653,25.764035],[-80.316477,25.764022000000004],[-80.316596,25.764125],[-80.316407,25.764134999999996],[-80.316393,25.764207],[-80.316301,25.764096999999996],[-80.316198,25.764142000000003],[-80.316091,25.763804999999994],[-80.315947,25.764038],[-80.315806,25.764049999999997],[-80.315746,25.763973000000004],[-80.31601,25.763617],[-80.316207,25.763676999999994],[-80.316291,25.763275999999998],[-80.316421,25.763164],[-80.316295,25.762998999999997],[-80.316569,25.762902],[-80.316719,25.763063999999996],[-80.317004,25.763121999999996],[-80.317218,25.763330999999994],[-80.317058,25.763111],[-80.317372,25.763124999999995],[-80.31745700000002,25.763006000000004],[-80.317449,25.763204],[-80.318001,25.763365],[-80.318162,25.763004000000002],[-80.318294,25.762946000000003],[-80.31875700000002,25.763503],[-80.319085,25.763386],[-80.319022,25.763173],[-80.319125,25.762838999999996],[-80.319607,25.762694000000007],[-80.319606,25.762298000000005],[-80.319504,25.762207],[-80.319531,25.760945999999997],[-80.319382,25.760949999999998],[-80.319375,25.761305000000004],[-80.319197,25.761384000000003],[-80.31918,25.761722],[-80.31927,25.761692999999998],[-80.319321,25.761805],[-80.319152,25.761884999999992],[-80.319114,25.762244999999993],[-80.319018,25.762195000000002],[-80.318956,25.761948999999998],[-80.318932,25.762169000000004],[-80.318787,25.762179999999997],[-80.318766,25.761965999999994],[-80.318893,25.761977],[-80.318961,25.761840999999993],[-80.31888600000002,25.761721999999992],[-80.318777,25.761754999999994],[-80.318708,25.76157],[-80.318918,25.761517999999995],[-80.318887,25.760466999999995],[-80.318343,25.760493],[-80.318276,25.760908999999995],[-80.318204,25.760155],[-80.318024,25.759971999999998],[-80.318218,25.759704999999997],[-80.318003,25.759406999999992],[-80.317933,25.759380999999998],[-80.317861,25.759562],[-80.317977,25.759641999999996],[-80.317871,25.759756],[-80.31751,25.759895000000004],[-80.31736,25.759764000000004],[-80.317349,25.759374],[-80.317443,25.759518999999997],[-80.317622,25.759552],[-80.317844,25.759359],[-80.317754,25.759222999999995],[-80.317989,25.759261999999993],[-80.318145,25.759189999999997],[-80.317964,25.758882000000003],[-80.318108,25.758841999999994],[-80.317953,25.758452999999996],[-80.317793,25.758486999999995],[-80.317769,25.758664],[-80.317619,25.758411999999993],[-80.317394,25.758448999999995],[-80.317324,25.758602000000003],[-80.31758600000002,25.758675999999998],[-80.317455,25.758789],[-80.317181,25.758530000000004],[-80.317397,25.758168999999995],[-80.317511,25.758185],[-80.317608,25.758349],[-80.317879,25.758353],[-80.317665,25.758276],[-80.317598,25.758187999999997],[-80.317806,25.758143],[-80.317578,25.757981],[-80.317793,25.75785000000001],[-80.317743,25.757206],[-80.31798500000001,25.757159999999992],[-80.317769,25.757070999999996],[-80.31771700000002,25.756862],[-80.317464,25.756786],[-80.317355,25.757080000000002],[-80.317178,25.756950000000003],[-80.316929,25.756949],[-80.316835,25.756876],[-80.316879,25.756719999999998],[-80.31668100000002,25.75654],[-80.316497,25.756763],[-80.316363,25.756735],[-80.316495,25.756903],[-80.316257,25.756671999999995],[-80.31615700000002,25.756788],[-80.316031,25.756771000000008],[-80.315704,25.756498],[-80.315734,25.756064999999996]],[[-80.278742,25.78117900000001],[-80.278412,25.781488],[-80.277976,25.781589],[-80.27782,25.781736999999996],[-80.278207,25.78194299999999],[-80.27811,25.782051],[-80.278463,25.782556],[-80.278416,25.782676999999993],[-80.278906,25.783064999999993],[-80.278844,25.782946],[-80.278904,25.782831999999992],[-80.279063,25.782757999999998],[-80.279138,25.782955999999995],[-80.27927,25.78297],[-80.27937400000002,25.782917999999995],[-80.279376,25.782760000000003],[-80.279562,25.782713],[-80.27938400000001,25.78263799999999],[-80.279324,25.782513],[-80.279422,25.782365],[-80.279193,25.782191999999995],[-80.279162,25.781851999999997],[-80.278995,25.781796],[-80.27920800000001,25.781813],[-80.279261,25.781896999999994],[-80.279304,25.781814999999998],[-80.279616,25.781767999999996],[-80.279684,25.781283999999992],[-80.279124,25.781255],[-80.279041,25.781594],[-80.278958,25.781534],[-80.279001,25.781193000000002],[-80.278742,25.78117900000001]],[[-80.27378500000002,25.783802],[-80.274213,25.783394999999995],[-80.274185,25.783298999999996],[-80.273938,25.783178],[-80.273801,25.783165000000004],[-80.273704,25.783263000000005],[-80.273099,25.783162],[-80.272396,25.783009000000003],[-80.272206,25.78285199999999],[-80.271783,25.782897999999996],[-80.2716,25.782775999999995],[-80.271168,25.78284],[-80.270984,25.782769999999996],[-80.27088600000002,25.782837000000004],[-80.270645,25.782713000000005],[-80.270367,25.782807999999992],[-80.27038,25.782869],[-80.26989100000002,25.782898999999997],[-80.269741,25.783070000000002],[-80.269709,25.783347999999997],[-80.269906,25.783497000000004],[-80.271426,25.783453000000005],[-80.27153300000002,25.783376000000004],[-80.272134,25.783504],[-80.27232,25.78346],[-80.272463,25.783575],[-80.272954,25.783570999999995],[-80.27378500000002,25.783802]],[[-80.295877,25.777875],[-80.29506200000002,25.778358999999995],[-80.295092,25.778463000000002],[-80.295363,25.778375],[-80.29549,25.778488],[-80.295424,25.778609],[-80.295164,25.77862],[-80.294958,25.778488999999993],[-80.294766,25.778645999999995],[-80.294593,25.778568000000003],[-80.294308,25.778931],[-80.294405,25.779073999999994],[-80.294235,25.778992999999996],[-80.294174,25.779088],[-80.294234,25.779320999999996],[-80.293531,25.779575],[-80.29351,25.779669],[-80.293394,25.779576000000002],[-80.293431,25.779693999999992],[-80.293282,25.779644],[-80.293404,25.77986],[-80.293317,25.779928000000005],[-80.293498,25.780188999999996],[-80.29363300000001,25.780173],[-80.293779,25.780015000000002],[-80.293652,25.779942999999996],[-80.293757,25.779761999999998],[-80.294297,25.779427999999996],[-80.294387,25.779473],[-80.294803,25.779370999999998],[-80.295038,25.779064999999992],[-80.295335,25.779332],[-80.296025,25.779177],[-80.296336,25.779293999999997],[-80.29727,25.779297999999994],[-80.297541,25.779415999999998],[-80.29761900000001,25.77914799999999],[-80.297539,25.778750999999993],[-80.297247,25.778737999999993],[-80.297184,25.778641999999994],[-80.297672,25.778629999999993],[-80.297765,25.778749999999995],[-80.297838,25.777869999999993],[-80.297979,25.777906000000005],[-80.298426,25.777717999999997],[-80.298116,25.777640000000005],[-80.298265,25.777607],[-80.29811,25.777441999999997],[-80.29804900000002,25.777437999999993],[-80.298067,25.777588999999995],[-80.297895,25.77752],[-80.297882,25.777106999999997],[-80.29812,25.777129],[-80.298296,25.777385999999993],[-80.298376,25.777322000000005],[-80.298435,25.777435],[-80.29871,25.777528],[-80.299058,25.777547],[-80.299075,25.7774],[-80.29945,25.777361],[-80.299404,25.77724299999999],[-80.299165,25.777191999999996],[-80.299189,25.777023999999997],[-80.2993,25.777037000000004],[-80.299197,25.776901],[-80.299315,25.776533999999998],[-80.299594,25.776449],[-80.299614,25.776336],[-80.299445,25.776355],[-80.299479,25.776443999999998],[-80.299317,25.776390999999997],[-80.298341,25.776789],[-80.298402,25.776975],[-80.298245,25.777051],[-80.29813500000002,25.776887000000006],[-80.297917,25.776952000000005],[-80.297917,25.777065],[-80.297677,25.777089],[-80.297616,25.777224],[-80.29723000000001,25.777260000000002],[-80.296853,25.777544999999996],[-80.295877,25.777875]],[[-80.295549,25.782425000000003],[-80.293165,25.782385999999995],[-80.292842,25.782628000000003],[-80.292651,25.782930999999994],[-80.292697,25.783007999999995],[-80.293684,25.783038999999995],[-80.293791,25.783103000000004],[-80.294071,25.782959000000005],[-80.295224,25.782950999999994],[-80.295464,25.782721999999996],[-80.295397,25.782986999999995],[-80.295893,25.783044999999994],[-80.296224,25.782994],[-80.296536,25.782748999999995],[-80.296658,25.782970999999996],[-80.297262,25.783053000000002],[-80.297392,25.782849999999996],[-80.297356,25.782494],[-80.297454,25.782454000000005],[-80.297393,25.78238],[-80.296466,25.782505],[-80.29636200000002,25.782364],[-80.295657,25.782336000000004],[-80.295549,25.782425000000003]],[[-80.240249,25.808688000000004],[-80.241096,25.809286],[-80.24358,25.809746],[-80.244493,25.810064000000004],[-80.245196,25.810420999999998],[-80.24552,25.810365999999995],[-80.246016,25.810082],[-80.246518,25.809927999999996],[-80.24714,25.80943],[-80.24699,25.808959000000005],[-80.246426,25.808698],[-80.245812,25.807965000000003],[-80.244212,25.807523],[-80.243487,25.807116],[-80.242596,25.806858000000002],[-80.241773,25.806972],[-80.240866,25.807465],[-80.240134,25.807494000000002],[-80.240249,25.808688000000004]],[[-80.240124,25.806397999999998],[-80.241494,25.805791999999993],[-80.241774,25.805166999999997],[-80.241743,25.805022],[-80.241009,25.804768999999997],[-80.241009,25.804541000000004],[-80.241205,25.80427],[-80.241921,25.803994],[-80.243233,25.803198999999996],[-80.244131,25.802909],[-80.244228,25.802799],[-80.244221,25.802531],[-80.243619,25.801738],[-80.24337300000002,25.801557999999993],[-80.243183,25.80160699999999],[-80.242633,25.802102],[-80.242227,25.801886],[-80.242031,25.801188],[-80.242021,25.799993999999998],[-80.241623,25.799507000000002],[-80.24098,25.798996000000002],[-80.239964,25.798565999999997],[-80.239933,25.802377],[-80.240124,25.805053],[-80.240124,25.806397999999998]],[[-80.220348,25.78369],[-80.221431,25.783415999999995],[-80.222027,25.783460999999992],[-80.22274,25.783893],[-80.222818,25.784621],[-80.222924,25.784752000000005],[-80.225557,25.785407],[-80.226289,25.785401999999998],[-80.226873,25.785261],[-80.227486,25.784881999999996],[-80.227661,25.784484],[-80.227636,25.784231999999996],[-80.227126,25.783670999999995],[-80.226,25.782872],[-80.224684,25.782275],[-80.223799,25.78213999999999],[-80.222953,25.78213],[-80.221351,25.782304],[-80.220678,25.781979999999997],[-80.219492,25.781637999999997],[-80.218825,25.781123000000004],[-80.218428,25.780377999999995],[-80.21793,25.779867000000003],[-80.217065,25.779178],[-80.216461,25.778869],[-80.215549,25.778679],[-80.214483,25.778639],[-80.214104,25.778818],[-80.213684,25.779201999999998],[-80.213568,25.779454],[-80.213585,25.779676999999992],[-80.214108,25.780625],[-80.21493,25.781604],[-80.215828,25.782254999999996],[-80.216414,25.782536999999998],[-80.218265,25.783018000000002],[-80.220088,25.783651000000003],[-80.220348,25.78369]],[[-80.281226,25.783428],[-80.281304,25.783537],[-80.281569,25.783589999999997],[-80.28163400000001,25.783097],[-80.28206,25.782871999999994],[-80.282308,25.782837999999998],[-80.282359,25.782661],[-80.282593,25.782733],[-80.282899,25.782628],[-80.283211,25.782647],[-80.283768,25.782107],[-80.283418,25.781993],[-80.282552,25.781964999999996],[-80.282883,25.781909],[-80.28286,25.781732000000005],[-80.283074,25.781931999999998],[-80.283162,25.781863],[-80.283043,25.781683000000005],[-80.283549,25.781754],[-80.283911,25.781674999999996],[-80.284989,25.781954],[-80.285196,25.78171499999999],[-80.284732,25.781660000000002],[-80.28418,25.781424],[-80.283562,25.78144899999999],[-80.283397,25.781345000000005],[-80.283122,25.781464],[-80.283037,25.781344],[-80.283254,25.781332],[-80.28318,25.781260999999997],[-80.282427,25.781222999999997],[-80.282412,25.781123000000004],[-80.282327,25.781214],[-80.281962,25.781255],[-80.280257,25.781255],[-80.28028900000001,25.781504],[-80.28019500000002,25.781802999999996],[-80.279844,25.781891999999996],[-80.279999,25.781911000000004],[-80.2802,25.782081999999996],[-80.280372,25.78177],[-80.28048,25.781901],[-80.28074,25.781898999999996],[-80.28087,25.781793],[-80.281018,25.781901],[-80.281305,25.781932999999995],[-80.281372,25.781776],[-80.28249,25.781818],[-80.282365,25.781886],[-80.282432,25.782063],[-80.282216,25.781991],[-80.281224,25.782283999999994],[-80.280444,25.782309999999995],[-80.28045,25.782522],[-80.280264,25.782611999999997],[-80.280389,25.78288],[-80.280268,25.783039],[-80.280101,25.783091],[-80.280419,25.783347999999997],[-80.281226,25.783428]],[[-80.18075,25.786092999999997],[-80.183341,25.786139],[-80.183706,25.786099999999998],[-80.183816,25.786006],[-80.183741,25.783403999999997],[-80.183599,25.783198],[-80.182782,25.782674999999998],[-80.182307,25.781706999999997],[-80.181903,25.781341],[-80.181586,25.781176999999992],[-80.181153,25.781096000000005],[-80.180276,25.781111999999997],[-80.179851,25.781278000000007],[-80.17947400000001,25.781603],[-80.179221,25.782059],[-80.179198,25.782483],[-80.179904,25.784300000000005],[-80.179983,25.784953999999992],[-80.180299,25.785832999999997],[-80.18075,25.786092999999997]],[[-80.180988,25.851476999999996],[-80.180795,25.852192999999996],[-80.180585,25.852440999999995],[-80.17999000000002,25.852627],[-80.179749,25.852822999999997],[-80.179162,25.853917],[-80.178465,25.854455999999995],[-80.178399,25.854754],[-80.178607,25.855138999999998],[-80.17886600000001,25.85516],[-80.179078,25.855004999999995],[-80.17977,25.853674],[-80.180046,25.853375000000003],[-80.18034000000002,25.853231999999995],[-80.181002,25.853240999999997],[-80.181241,25.853436999999996],[-80.181058,25.853869999999997],[-80.18049,25.854354000000004],[-80.180497,25.854551],[-80.180622,25.854691000000006],[-80.181362,25.854854999999997],[-80.18224200000002,25.854575],[-80.182459,25.854326],[-80.182536,25.853652],[-80.182757,25.853254999999997],[-80.183035,25.853066000000002],[-80.183725,25.852852999999996],[-80.18409,25.852585],[-80.184153,25.852294999999994],[-80.183943,25.851689],[-80.183347,25.851184],[-80.183197,25.850922],[-80.183214,25.850353999999996],[-80.183405,25.849702],[-80.183328,25.849472000000002],[-80.182755,25.849331],[-80.18233400000001,25.849492000000005],[-80.181985,25.849771],[-80.181646,25.850233],[-80.181507,25.850936999999995],[-80.180988,25.851476999999996]]],[[[-80.32001200000002,25.761392],[-80.320095,25.761239000000003],[-80.320087,25.760723],[-80.319984,25.760519000000002],[-80.320048,25.760156000000002],[-80.320164,25.760005],[-80.320476,25.759945000000002],[-80.320696,25.760123999999994],[-80.320792,25.760339999999996],[-80.320692,25.760907000000003],[-80.320543,25.76107899999999],[-80.320638,25.761195000000004],[-80.320496,25.761267],[-80.320558,25.761461],[-80.32046,25.761458999999995],[-80.320387,25.761639],[-80.320273,25.761645999999995],[-80.320127,25.761611999999996],[-80.32001200000002,25.761392]]],[[[-80.319094,25.768537000000002],[-80.319245,25.768534999999996],[-80.319289,25.768806999999995],[-80.319385,25.768863999999997],[-80.319316,25.769043],[-80.319525,25.769052],[-80.319582,25.768941999999996],[-80.319471,25.768822],[-80.319567,25.768515],[-80.31983,25.768503000000003],[-80.319842,25.768187999999995],[-80.319752,25.768103],[-80.319618,25.768219999999996],[-80.319363,25.767986],[-80.319448,25.767932000000002],[-80.319383,25.767530999999995],[-80.319444,25.767135000000007],[-80.319567,25.767271],[-80.319544,25.76745],[-80.319718,25.767537000000004],[-80.319529,25.767795999999997],[-80.31961,25.767921000000005],[-80.31980300000001,25.767904],[-80.319882,25.767782999999998],[-80.319705,25.767666999999996],[-80.319876,25.76723],[-80.319993,25.76715],[-80.31999,25.766516],[-80.31994,25.766330000000004],[-80.319767,25.766320999999994],[-80.319706,25.766172],[-80.319968,25.765787000000003],[-80.320093,25.765908000000007],[-80.320162,25.76628],[-80.3202,25.769642000000005],[-80.32010600000001,25.769642000000005],[-80.320137,25.769475999999994],[-80.319986,25.769657],[-80.319944,25.769569999999998],[-80.319587,25.769494000000005],[-80.319138,25.769735999999998],[-80.319159,25.769147],[-80.319049,25.768857],[-80.319094,25.768537000000002]]],[[[-80.319094,25.768537000000002],[-80.318864,25.768221999999998],[-80.318807,25.768350999999992],[-80.318694,25.768358999999997],[-80.318589,25.76824],[-80.318638,25.768164999999993],[-80.318345,25.767992999999997],[-80.31893100000002,25.767985999999993],[-80.319096,25.767853],[-80.319269,25.768097],[-80.319231,25.768388],[-80.319094,25.768537000000002]]],[[[-80.313921,25.768775],[-80.313661,25.768430999999996],[-80.313329,25.768410000000003],[-80.313128,25.768466999999998],[-80.313005,25.768625],[-80.312648,25.768510999999997],[-80.312531,25.768621],[-80.312503,25.768421000000004],[-80.312673,25.768482000000002],[-80.312667,25.768302999999996],[-80.312938,25.768275999999997],[-80.31361,25.76787699999999],[-80.313727,25.767978999999997],[-80.313686,25.767836],[-80.31378000000001,25.767714],[-80.313736,25.767871],[-80.313858,25.767966999999995],[-80.31371,25.768167],[-80.314178,25.768301],[-80.314702,25.768112000000002],[-80.314787,25.767985999999993],[-80.315153,25.767958000000004],[-80.314528,25.768584999999998],[-80.314559,25.768799000000005],[-80.314371,25.768706999999996],[-80.313675,25.769062999999996],[-80.313666,25.768965999999995],[-80.313921,25.768775]]],[[[-80.319806,25.771826],[-80.319555,25.771694],[-80.319461,25.771522],[-80.319405,25.770253999999998],[-80.319718,25.769983],[-80.320277,25.769955999999997],[-80.320214,25.770114],[-80.320285,25.77147],[-80.320043,25.771828999999997],[-80.320357,25.771824999999996],[-80.320372,25.772349999999996],[-80.319908,25.772067000000003],[-80.319806,25.771826]]],[[[-80.31153080253127,25.77857559240622],[-80.311556,25.778343999999993],[-80.311886,25.778277999999997],[-80.3121,25.778048000000002],[-80.312334,25.778147],[-80.31234171749126,25.77821621979356],[-80.31194920679694,25.77839765490842],[-80.31153080253127,25.77857559240622]]],[[[-80.289142,25.779638000000002],[-80.288677,25.779611999999997],[-80.288577,25.779198000000004],[-80.288837,25.779102999999996],[-80.288947,25.77846],[-80.289085,25.778551999999998],[-80.28908600000001,25.778878999999996],[-80.289149,25.778751999999997],[-80.289599,25.778829],[-80.28968,25.778792999999997],[-80.289417,25.778710999999998],[-80.289281,25.778568],[-80.289336,25.778378999999997],[-80.289627,25.778255999999992],[-80.28998,25.77827],[-80.290045,25.778705999999993],[-80.289796,25.77868],[-80.289726,25.778795],[-80.290177,25.778819999999996],[-80.290254,25.779123999999996],[-80.290171,25.779396999999996],[-80.289765,25.779525999999997],[-80.289618,25.779297999999997],[-80.289537,25.779368999999996],[-80.289583,25.779492999999995],[-80.289142,25.779638000000002]]],[[[-80.30871054237522,25.779854751466928],[-80.308759,25.779488999999995],[-80.30893410497616,25.7797595524881],[-80.30871054237522,25.779854751466928]]],[[[-80.29990317947396,25.7839141042652],[-80.299835,25.783780000000004],[-80.30005471532208,25.783827430644237],[-80.29990317947396,25.7839141042652]]],[[[-80.29474652155726,25.786453040333857],[-80.29445600000001,25.786515999999995],[-80.294229,25.786454000000003],[-80.294163,25.786531],[-80.293735,25.786387000000005],[-80.291791,25.786413999999997],[-80.291443,25.786114000000005],[-80.291356,25.785935000000002],[-80.291562,25.78579],[-80.291533,25.78568599999999],[-80.291625,25.785595000000004],[-80.291905,25.785479000000006],[-80.292563,25.785509999999995],[-80.293167,25.78540199999999],[-80.293014,25.785321999999994],[-80.293112,25.785263],[-80.293078,25.785164],[-80.292357,25.785288999999995],[-80.291268,25.785338000000003],[-80.289488,25.785320999999996],[-80.291106,25.784512999999997],[-80.29283,25.784714],[-80.294348,25.784776],[-80.29860415394377,25.78460501698816],[-80.29799924004467,25.784929748577838],[-80.2964,25.785067],[-80.296341,25.785216999999996],[-80.296116,25.785064999999996],[-80.294054,25.785222],[-80.294056,25.785322999999998],[-80.29505,25.785472000000002],[-80.29519,25.785286],[-80.295364,25.785417999999996],[-80.29541,25.785577999999997],[-80.296345,25.785327],[-80.29711772929632,25.78536751156813],[-80.29474652155726,25.786453040333857]]],[[[-80.28789250267064,25.787790637257288],[-80.288465,25.787617],[-80.288581,25.787737999999994],[-80.288729,25.787624],[-80.289053,25.787582],[-80.29126044022642,25.787509000000014],[-80.2893439044919,25.787798673499793],[-80.28789250267064,25.787790637257288]]],[[[-80.267751,25.70829],[-80.267804,25.708104],[-80.268445,25.707699],[-80.268928,25.707616999999992],[-80.26922,25.707693],[-80.2696869477573,25.707554850070366],[-80.26971029588232,25.707674844158326],[-80.268779,25.708006],[-80.268552,25.708104],[-80.268498,25.708242999999992],[-80.268191,25.708328999999992],[-80.267437,25.709009999999996],[-80.267187,25.709074],[-80.26698,25.708991000000008],[-80.266753,25.709115000000004],[-80.265885,25.710132999999995],[-80.266319,25.710332],[-80.266642,25.710165999999997],[-80.26702,25.710259999999998],[-80.267258,25.710746],[-80.26719,25.710940999999995],[-80.26756,25.711431999999995],[-80.267413,25.712035999999998],[-80.26725400000001,25.712301999999994],[-80.267412,25.712330999999995],[-80.267709,25.712827999999995],[-80.267955,25.712787000000002],[-80.267894,25.712499999999995],[-80.267732,25.712335999999997],[-80.267975,25.712006],[-80.267855,25.711886],[-80.267997,25.711884000000005],[-80.268048,25.712035000000004],[-80.268145,25.712011],[-80.267939,25.712416999999995],[-80.268491,25.713316],[-80.268373,25.713476],[-80.268328,25.714275],[-80.268136,25.714344],[-80.268276,25.71448],[-80.267927,25.714427],[-80.267687,25.714502],[-80.267583,25.714628],[-80.267642,25.714788999999993],[-80.267988,25.714816000000003],[-80.267939,25.714936000000005],[-80.267671,25.714996999999997],[-80.267886,25.715366],[-80.267836,25.715459999999993],[-80.267538,25.715553000000003],[-80.267662,25.715617000000005],[-80.267541,25.715626999999998],[-80.267521,25.715984999999996],[-80.267656,25.716011000000005],[-80.267509,25.716056],[-80.267666,25.716098],[-80.267778,25.716263999999992],[-80.267661,25.716671],[-80.267704,25.717018999999997],[-80.267873,25.717353],[-80.267808,25.717502000000003],[-80.267963,25.717625999999992],[-80.26798300000002,25.717459000000005],[-80.268108,25.717486999999995],[-80.268211,25.717726999999996],[-80.268405,25.717776999999995],[-80.26833500000001,25.718053000000005],[-80.268627,25.718168],[-80.26863800000001,25.718237999999996],[-80.268555,25.71818899999999],[-80.268633,25.718397999999993],[-80.268792,25.71845499999999],[-80.268945,25.718742999999996],[-80.269086,25.718789999999995],[-80.26916,25.718883999999996],[-80.269204,25.718991999999993],[-80.269085,25.719015999999996],[-80.26914,25.71887199999999],[-80.268831,25.718782999999995],[-80.268802,25.718638999999996],[-80.26850900000001,25.718567],[-80.26859100000001,25.718774999999997],[-80.268218,25.718873],[-80.268486,25.719125000000005],[-80.268502,25.71904],[-80.268619,25.719070999999996],[-80.268571,25.718930999999998],[-80.26872000000002,25.718903000000005],[-80.268662,25.719151],[-80.268493,25.719174999999996],[-80.268831,25.719527000000003],[-80.26854600000001,25.719536000000005],[-80.268438,25.719393999999994],[-80.26841,25.719571],[-80.268322,25.719575000000003],[-80.268323,25.71929],[-80.268154,25.719152],[-80.268205,25.718947999999997],[-80.268026,25.718467999999998],[-80.268141,25.718154000000002],[-80.267882,25.717846999999992],[-80.26773,25.718268999999996],[-80.267794,25.71854],[-80.267731,25.719017999999995],[-80.267905,25.719315999999996],[-80.26777200000001,25.719546999999995],[-80.267644,25.719513999999997],[-80.267575,25.719889999999992],[-80.267578,25.720019],[-80.26774,25.720098999999994],[-80.267555,25.720100999999996],[-80.267229,25.720772999999998],[-80.266947,25.721005999999996],[-80.266956,25.721083],[-80.266868,25.721078],[-80.266906,25.721284],[-80.267057,25.721411999999997],[-80.267053,25.721586],[-80.266659,25.721294000000004],[-80.266675,25.721369],[-80.266482,25.721475000000005],[-80.266456,25.721740999999998],[-80.266264,25.721697999999996],[-80.266189,25.721757],[-80.266335,25.722155],[-80.266529,25.722374999999996],[-80.266503,25.722582999999997],[-80.266393,25.7224],[-80.266174,25.722433999999996],[-80.26633,25.722738999999997],[-80.26647200000001,25.722739],[-80.26636,25.722879999999996],[-80.266553,25.72306899999999],[-80.26654,25.723179],[-80.26684,25.723369],[-80.267371,25.724030999999993],[-80.267738,25.724945999999996],[-80.268008,25.725338999999995],[-80.26965594726661,25.726544493989444],[-80.2695175632697,25.727874478936485],[-80.269254,25.727963999999997],[-80.269178,25.728103],[-80.26943092312493,25.728252493235352],[-80.2694110339271,25.728339270206153],[-80.26911,25.728588000000002],[-80.268861,25.728668],[-80.268647,25.728589999999997],[-80.268602,25.728679999999997],[-80.268422,25.72864],[-80.268436,25.728738999999997],[-80.268066,25.728944],[-80.267919,25.728873],[-80.267987,25.729011999999997],[-80.267698,25.729161999999995],[-80.267514,25.729400000000002],[-80.267192,25.729431],[-80.266656,25.729835999999995],[-80.26624700000002,25.730010999999998],[-80.264266,25.730098],[-80.264222,25.729839],[-80.265854,25.729773999999995],[-80.266417,25.72963199999999],[-80.266925,25.729154],[-80.267154,25.729056],[-80.267249,25.728743000000005],[-80.267379,25.728722999999995],[-80.267493,25.728552],[-80.267672,25.728524],[-80.267689,25.728393999999998],[-80.26793800000002,25.728271000000003],[-80.268151,25.727963],[-80.267964,25.727765999999995],[-80.268095,25.727729000000004],[-80.268191,25.727493],[-80.268379,25.727470999999998],[-80.268613,25.727623999999995],[-80.268217,25.727702999999995],[-80.268173,25.727889],[-80.268251,25.727960000000003],[-80.268424,25.727960999999997],[-80.268463,25.72779],[-80.268584,25.727835],[-80.268771,25.727645999999996],[-80.269019,25.727641000000002],[-80.268714,25.72741],[-80.268579,25.727523],[-80.268427,25.72745399999999],[-80.268559,25.727243999999995],[-80.268747,25.727151],[-80.268676,25.727031999999998],[-80.268766,25.727008999999995],[-80.26867300000002,25.726883],[-80.268466,25.726817999999998],[-80.269401,25.726913],[-80.268822,25.726491],[-80.268685,25.726623],[-80.268453,25.726674000000003],[-80.268005,25.726355],[-80.267823,25.726321000000002],[-80.26777000000001,25.726181999999994],[-80.268015,25.726277000000003],[-80.267995,25.726118999999997],[-80.268071,25.726093999999993],[-80.267974,25.72595],[-80.26781700000001,25.725941999999996],[-80.267379,25.725303],[-80.267204,25.725330999999994],[-80.26728900000002,25.724996],[-80.267213,25.724660999999998],[-80.267051,25.724575999999992],[-80.266964,25.72422],[-80.267039,25.724140000000002],[-80.266697,25.723900000000004],[-80.266822,25.723925999999995],[-80.26671,25.72381],[-80.266801,25.723741000000004],[-80.266571,25.723411000000002],[-80.266164,25.723027],[-80.266021,25.723105999999998],[-80.265745,25.722707999999997],[-80.265545,25.722775999999993],[-80.265561,25.722860000000004],[-80.26577800000001,25.723073],[-80.265812,25.723226999999994],[-80.266013,25.723132999999997],[-80.26547500000001,25.723612],[-80.265681,25.723600999999995],[-80.265673,25.723815000000005],[-80.265082,25.724301],[-80.265049,25.724453],[-80.265018,25.724242000000004],[-80.264812,25.724167999999995],[-80.264655,25.724305000000005],[-80.26472,25.724445],[-80.264477,25.724655999999996],[-80.264553,25.724702],[-80.264522,25.724805],[-80.264388,25.724855999999992],[-80.264231,25.72513],[-80.263752,25.725272],[-80.263608,25.725412999999993],[-80.263423,25.725353],[-80.263249,25.725436],[-80.262598,25.726072],[-80.262449,25.726005],[-80.26279,25.725652000000004],[-80.262656,25.725642999999994],[-80.26247,25.725830999999996],[-80.262308,25.725821],[-80.26287300000001,25.725371999999997],[-80.262938,25.725265999999998],[-80.262876,25.725192999999997],[-80.262435,25.725493999999998],[-80.262308,25.72543],[-80.261905,25.725724],[-80.262056,25.725565999999997],[-80.262092,25.725068999999998],[-80.262328,25.724915],[-80.262153,25.724906999999998],[-80.262056,25.725023999999998],[-80.262017,25.724859999999993],[-80.262116,25.724874],[-80.262031,25.724708999999997],[-80.262138,25.724579999999992],[-80.262308,25.72461699999999],[-80.262445,25.724545],[-80.262292,25.724481999999995],[-80.262043,25.724553],[-80.262006,25.724667],[-80.26195800000002,25.724488999999995],[-80.261709,25.724499],[-80.261695,25.724633],[-80.26159,25.724608999999997],[-80.261435,25.724734000000005],[-80.261448,25.724934],[-80.261201,25.724696],[-80.261154,25.724482999999996],[-80.261273,25.724318999999998],[-80.261187,25.724115],[-80.261306,25.724127999999997],[-80.261303,25.723990999999998],[-80.261499,25.724108000000005],[-80.261612,25.723993],[-80.261909,25.724029999999996],[-80.262149,25.723942999999995],[-80.262229,25.723816],[-80.26261,25.723879999999994],[-80.262499,25.723806000000003],[-80.262461,25.723572999999995],[-80.262389,25.723636],[-80.262345,25.723515],[-80.262612,25.723501],[-80.262922,25.723114000000002],[-80.26333,25.723022999999994],[-80.263119,25.722837000000006],[-80.263745,25.722573999999998],[-80.263459,25.722361999999997],[-80.263691,25.722335000000008],[-80.263704,25.722203],[-80.263449,25.722164999999997],[-80.26347,25.722086999999995],[-80.263596,25.72201],[-80.26384,25.722208],[-80.263826,25.722496999999994],[-80.264052,25.722730999999992],[-80.264446,25.722773999999998],[-80.264724,25.722692999999996],[-80.264921,25.722599],[-80.264964,25.722442],[-80.265169,25.722275],[-80.265194,25.722107999999995],[-80.265324,25.722236999999996],[-80.265576,25.722068999999994],[-80.26576,25.721525999999997],[-80.266291,25.721016000000002],[-80.266364,25.720816],[-80.266777,25.720565999999998],[-80.267137,25.720465999999995],[-80.267065,25.720402000000004],[-80.267192,25.720115999999994],[-80.267108,25.719975999999996],[-80.267222,25.719853999999998],[-80.26720700000001,25.719521999999998],[-80.26711700000001,25.719395999999996],[-80.267189,25.719303],[-80.266924,25.719083],[-80.267061,25.718923999999998],[-80.266985,25.718229000000004],[-80.26714,25.717764999999996],[-80.26694100000002,25.717411999999992],[-80.267135,25.71721],[-80.267017,25.717181999999998],[-80.267069,25.717135],[-80.266908,25.716939],[-80.267,25.716797999999997],[-80.266852,25.716301],[-80.266917,25.716152999999995],[-80.266834,25.715625],[-80.266991,25.715455999999996],[-80.266888,25.715370000000004],[-80.266818,25.714988999999996],[-80.2669,25.714651],[-80.267057,25.714646],[-80.267014,25.713476],[-80.266898,25.713436999999992],[-80.267022,25.713414000000004],[-80.266929,25.712420999999996],[-80.266991,25.712258],[-80.266778,25.712146],[-80.266704,25.712342000000003],[-80.266446,25.712424],[-80.266513,25.712168],[-80.266771,25.712104999999998],[-80.266564,25.711704999999995],[-80.266627,25.711215],[-80.265903,25.710658999999996],[-80.26557,25.710703],[-80.265335,25.710473999999998],[-80.265094,25.710475999999996],[-80.265134,25.710402000000002],[-80.265023,25.710395],[-80.26505,25.710334999999997],[-80.264778,25.71014],[-80.264334,25.709979999999998],[-80.263895,25.709423000000005],[-80.263887,25.709126],[-80.263492,25.709082],[-80.263394,25.708739999999995],[-80.262996,25.70826599999999],[-80.262893,25.707723000000005],[-80.262518,25.707253999999995],[-80.262389,25.707329999999995],[-80.262467,25.707217999999994],[-80.261914,25.706656000000002],[-80.261066,25.706216000000005],[-80.260422,25.706158000000002],[-80.259614,25.705545000000004],[-80.259349,25.70544599999999],[-80.258075,25.705412000000003],[-80.25803,25.705765999999997],[-80.257897,25.705829999999995],[-80.257834,25.70547499999999],[-80.256647,25.706764000000003],[-80.255567,25.708463],[-80.254393,25.709304999999993],[-80.25392,25.709792],[-80.252169,25.712424],[-80.25052400000001,25.714364999999997],[-80.249912,25.715703999999995],[-80.249204,25.716623999999996],[-80.248645,25.717674999999996],[-80.246611,25.719765999999996],[-80.244713,25.722017999999995],[-80.243114,25.723497],[-80.242043,25.724811],[-80.240542,25.726098999999998],[-80.23957,25.727292999999996],[-80.237998,25.728488999999993],[-80.236875,25.729739999999996],[-80.235883,25.730607000000003],[-80.235386,25.73135],[-80.234833,25.731923],[-80.233286,25.733033999999996],[-80.231162,25.734749],[-80.22821,25.736595999999995],[-80.226123,25.737630999999997],[-80.22509300000002,25.738676999999996],[-80.22421,25.739031999999998],[-80.222995,25.739352],[-80.220647,25.740597],[-80.218753,25.741778],[-80.21605,25.742935000000003],[-80.213173,25.74451299999999],[-80.212912,25.744489000000005],[-80.212748,25.744023999999992],[-80.212296,25.744069000000003],[-80.210096,25.745166999999995],[-80.208063,25.745967],[-80.208785,25.745492],[-80.209014,25.745237000000003],[-80.209367,25.744507],[-80.2096,25.744415999999998],[-80.209658,25.744254000000005],[-80.209848,25.744295],[-80.210204,25.744104],[-80.210571,25.743771000000002],[-80.210591,25.743522],[-80.210431,25.742923999999995],[-80.210603,25.741881],[-80.210811,25.741534],[-80.210746,25.741023],[-80.21084400000001,25.740755999999998],[-80.21436,25.738342000000003],[-80.215845,25.738778],[-80.21659900000002,25.739583],[-80.21721,25.739493],[-80.218491,25.739571000000005],[-80.218887,25.739382999999997],[-80.220286,25.738325],[-80.22087,25.73733699999999],[-80.221344,25.736938],[-80.22617200000002,25.734324],[-80.226318,25.734342999999992],[-80.226397,25.734457],[-80.227398,25.736224999999994],[-80.227725,25.736433999999992],[-80.228882,25.735968000000003],[-80.231334,25.734438999999995],[-80.232414,25.733409],[-80.233225,25.732842],[-80.233403,25.73256599999999],[-80.233576,25.730846000000003],[-80.233533,25.730516999999995],[-80.233238,25.729451],[-80.23295,25.729383999999992],[-80.232876,25.729068999999996],[-80.233006,25.728879999999997],[-80.233547,25.728764999999996],[-80.233776,25.728563],[-80.233757,25.728305999999996],[-80.233518,25.727838000000002],[-80.233599,25.727619],[-80.233825,25.727431],[-80.234123,25.727382000000002],[-80.234849,25.727779999999996],[-80.235392,25.727127000000003],[-80.235906,25.726909000000003],[-80.236213,25.727018],[-80.236865,25.727641000000002],[-80.237273,25.727797999999996],[-80.237971,25.727706000000005],[-80.238644,25.727332000000004],[-80.239286,25.726835999999995],[-80.240031,25.725825999999998],[-80.240814,25.725598999999995],[-80.24188,25.72467],[-80.243259,25.723062999999993],[-80.245256,25.721092],[-80.246855,25.719348999999998],[-80.246892,25.719146],[-80.245481,25.717955999999997],[-80.245512,25.717817],[-80.246289,25.716984],[-80.247906,25.717834000000003],[-80.248151,25.717785],[-80.248903,25.716633999999996],[-80.247931,25.716138000000004],[-80.24788500000001,25.715634999999992],[-80.247984,25.715537999999995],[-80.249244,25.716198999999996],[-80.25004,25.714675999999997],[-80.250066,25.714374],[-80.249935,25.713989],[-80.249726,25.713766],[-80.24913,25.713402999999992],[-80.249149,25.713077000000002],[-80.250284,25.712884999999996],[-80.251678,25.712375999999995],[-80.252109,25.711947000000002],[-80.252562,25.711169999999992],[-80.252495,25.710875999999992],[-80.252285,25.710617999999997],[-80.251613,25.710181],[-80.25047700000002,25.709891],[-80.248928,25.709728],[-80.248,25.709391999999998],[-80.247876,25.709274999999998],[-80.248007,25.708909],[-80.247879,25.708623999999997],[-80.247479,25.708232000000002],[-80.246691,25.707733000000005],[-80.246427,25.707432],[-80.246099,25.704543999999995],[-80.246213,25.704426],[-80.246865,25.704436],[-80.247273,25.704271],[-80.247601,25.703891],[-80.247684,25.70347],[-80.247334,25.702323999999997],[-80.24678713253664,25.701684980430024],[-80.24885727280784,25.701495631283564],[-80.25024997660798,25.700930965964073],[-80.25099452579191,25.700740059781833],[-80.25252720600182,25.700558273139812],[-80.25932107318181,25.70039041162599],[-80.26111228077396,25.7006955864955],[-80.26171288052686,25.700724473661335],[-80.260746,25.702719999999996],[-80.259879,25.703695],[-80.258957,25.704506000000002],[-80.258863,25.704746999999998],[-80.259813,25.705065],[-80.260438,25.705593],[-80.26084,25.705793000000003],[-80.260843,25.705925],[-80.261035,25.705893999999997],[-80.26118,25.705693999999998],[-80.261578,25.705572999999998],[-80.262117,25.705969999999997],[-80.262405,25.70643],[-80.262791,25.706750999999997],[-80.26285,25.706929000000002],[-80.262756,25.706971],[-80.262903,25.707162],[-80.263159,25.707258],[-80.263651,25.707705000000004],[-80.263709,25.708092],[-80.26399900000001,25.708693],[-80.264287,25.708865],[-80.264604,25.708788],[-80.265201,25.709309999999995],[-80.265332,25.709213999999992],[-80.265375,25.708979],[-80.26524,25.708772],[-80.265283,25.708558],[-80.26541,25.708617999999998],[-80.265351,25.70886],[-80.265539,25.708842000000004],[-80.265477,25.708722999999992],[-80.265714,25.708418],[-80.266208,25.708587999999995],[-80.266291,25.708682],[-80.266173,25.70880800000001],[-80.266232,25.709025999999998],[-80.266474,25.709152999999993],[-80.267399,25.708536],[-80.267351,25.708461],[-80.267455,25.708506999999994],[-80.267751,25.70829]]],[[[-80.260999,25.71188799999999],[-80.260158,25.711789999999997],[-80.259109,25.711864],[-80.258989,25.711527999999998],[-80.259008,25.710979999999992],[-80.259261,25.71091699999999],[-80.259428,25.71101],[-80.259751,25.710807000000003],[-80.260558,25.710863],[-80.26063,25.710805999999998],[-80.260827,25.710927999999992],[-80.261058,25.711671999999997],[-80.261067,25.712225999999994],[-80.260999,25.71188799999999]]],[[[-80.26070300000002,25.731103999999995],[-80.260866,25.731219],[-80.260914,25.731526999999996],[-80.26057400000002,25.731534],[-80.260288,25.731369],[-80.260299,25.731155999999995],[-80.26070300000002,25.731103999999995]]],[[[-80.257151,25.737896],[-80.256993,25.737537000000003],[-80.257012,25.737331999999995],[-80.256869,25.737203000000004],[-80.256841,25.737037999999995],[-80.25673,25.737045],[-80.256697,25.737342],[-80.256486,25.737111],[-80.256234,25.737285],[-80.256137,25.737688000000002],[-80.255944,25.737185],[-80.256127,25.737018999999997],[-80.256313,25.737065999999995],[-80.256294,25.736856],[-80.25646,25.736636],[-80.256372,25.736440999999996],[-80.256442,25.736428],[-80.256398,25.73562799999999],[-80.256509,25.735578],[-80.256467,25.735474999999997],[-80.256754,25.735555999999995],[-80.256974,25.735964999999997],[-80.257134,25.736029],[-80.257326,25.736448999999993],[-80.257644,25.736666],[-80.257637,25.737172000000005],[-80.257421,25.737088999999997],[-80.257496,25.737239999999993],[-80.257339,25.737222],[-80.257248,25.737309000000003],[-80.257354,25.737737],[-80.257144,25.738003],[-80.257185,25.738142999999994],[-80.257105,25.738075999999996],[-80.257151,25.737896]]],[[[-80.256553,25.740127999999995],[-80.25665,25.740132],[-80.256622,25.740015000000003],[-80.256306,25.739689],[-80.256617,25.739755999999993],[-80.256609,25.739381],[-80.256301,25.739078000000006],[-80.256342,25.738956999999996],[-80.256475,25.738929],[-80.256643,25.739024000000004],[-80.256584,25.738869999999995],[-80.256783,25.738967000000002],[-80.256911,25.739253999999995],[-80.257057,25.739322999999995],[-80.256965,25.7394],[-80.256903,25.739267],[-80.256783,25.739245],[-80.256822,25.739461999999996],[-80.256715,25.73944399999999],[-80.256872,25.739701000000004],[-80.257157,25.739652999999997],[-80.257171,25.739446000000004],[-80.257266,25.739410999999997],[-80.257455,25.739532],[-80.257474,25.739673],[-80.257351,25.739854999999995],[-80.257209,25.739780000000003],[-80.256759,25.739831999999996],[-80.256691,25.739932999999997],[-80.256862,25.740020999999995],[-80.256914,25.740237999999998],[-80.256776,25.740171999999998],[-80.256683,25.740324],[-80.256553,25.740127999999995]]],[[[-80.260958,25.748625999999998],[-80.260767,25.748958000000002],[-80.260774,25.749203999999995],[-80.260695,25.749144],[-80.26062100000001,25.749244],[-80.260537,25.748638000000003],[-80.259215,25.748719000000005],[-80.259034,25.748662999999997],[-80.25901800000001,25.748572],[-80.259167,25.748566000000004],[-80.259201,25.748641999999993],[-80.259208,25.748562999999997],[-80.259427,25.748574],[-80.259685,25.748433999999996],[-80.259831,25.748515999999995],[-80.260116,25.748499999999993],[-80.260112,25.748315000000005],[-80.259812,25.748279],[-80.259798,25.748208],[-80.260387,25.748155000000004],[-80.260378,25.747896],[-80.259707,25.747919],[-80.259706,25.748192],[-80.259118,25.748411],[-80.258994,25.748221],[-80.259038,25.747948],[-80.258738,25.747968],[-80.25866800000001,25.748188999999996],[-80.258738,25.748281999999993],[-80.258667,25.748235999999995],[-80.258651,25.747440999999995],[-80.258721,25.74779],[-80.25897100000002,25.747794999999993],[-80.25902,25.747353000000004],[-80.259255,25.747253999999995],[-80.259498,25.747353],[-80.259729,25.747281999999995],[-80.259775,25.747138],[-80.260438,25.747022999999995],[-80.260712,25.747162],[-80.26074,25.74729],[-80.261098,25.747384999999998],[-80.26249311371683,25.74726415451329],[-80.26254242905148,25.748528000000025],[-80.260958,25.748625999999998]]],[[[-80.2625518957316,25.74903789573161],[-80.262396,25.74905],[-80.26255171217898,25.74890285616466],[-80.2625518957316,25.74903789573161]]],[[[-80.254921,25.756768000000005],[-80.25498900000001,25.756758999999995],[-80.254902,25.756114999999998],[-80.255049,25.756115999999995],[-80.255063,25.755928000000004],[-80.255201,25.755962],[-80.25520800000001,25.755828999999995],[-80.25549,25.755899],[-80.255626,25.755754999999997],[-80.255703,25.755896999999997],[-80.255873,25.755960999999996],[-80.256091,25.755912],[-80.256095,25.755756999999996],[-80.2562,25.755794000000005],[-80.25628700000001,25.755616999999997],[-80.256748,25.755604999999996],[-80.256742,25.755443999999997],[-80.256253,25.755392],[-80.256153,25.75548300000001],[-80.255976,25.755312],[-80.256199,25.755205],[-80.256247,25.755077000000004],[-80.256731,25.754961999999995],[-80.256787,25.754691],[-80.256875,25.754871],[-80.256946,25.754453000000005],[-80.257041,25.754518],[-80.257483,25.754455999999994],[-80.257681,25.754524],[-80.257554,25.754622000000005],[-80.257645,25.754935000000003],[-80.25734,25.755048],[-80.257393,25.755199999999995],[-80.258207,25.755202999999998],[-80.25813,25.75506],[-80.258228,25.754981000000004],[-80.258343,25.755031999999993],[-80.2584,25.755246],[-80.258133,25.755330999999998],[-80.258476,25.755746999999996],[-80.25840800000002,25.755864999999993],[-80.258693,25.755849],[-80.258677,25.755279999999996],[-80.258841,25.755442000000002],[-80.258905,25.755256],[-80.259236,25.75525],[-80.25956,25.755122999999994],[-80.259604,25.754932999999994],[-80.259669,25.755045],[-80.259819,25.754943999999995],[-80.260022,25.75508599999999],[-80.260011,25.755167],[-80.260136,25.755131],[-80.260371,25.755447000000004],[-80.259997,25.755277999999997],[-80.259676,25.755284],[-80.259653,25.755548999999995],[-80.260048,25.755521],[-80.260237,25.755771999999993],[-80.26065800000002,25.755743999999996],[-80.26097,25.755882],[-80.261046,25.755809],[-80.26123,25.755848999999998],[-80.261015,25.755943000000002],[-80.260908,25.756263000000004],[-80.260638,25.756526000000004],[-80.260679,25.756635],[-80.260537,25.75664099999999],[-80.260611,25.756965000000005],[-80.260526,25.757162],[-80.260399,25.757202],[-80.260351,25.756742999999997],[-80.260155,25.756762999999996],[-80.260262,25.756846],[-80.260262,25.757046999999996],[-80.259983,25.75709],[-80.260003,25.757302999999997],[-80.260101,25.757297000000005],[-80.260116,25.757176999999995],[-80.260256,25.757169999999995],[-80.260287,25.757290999999995],[-80.260408,25.757238999999995],[-80.260503,25.757346],[-80.2606,25.757308],[-80.26061300000002,25.757137],[-80.260848,25.757136],[-80.260874,25.75702799999999],[-80.260923,25.757125],[-80.260832,25.757219999999997],[-80.261063,25.757326999999997],[-80.261072,25.757191999999996],[-80.261142,25.757216999999994],[-80.26113900000001,25.757524],[-80.26099,25.757619999999996],[-80.260702,25.757545000000004],[-80.260607,25.757615999999995],[-80.260577,25.757996],[-80.260341,25.757702999999996],[-80.260277,25.758271],[-80.260151,25.758208],[-80.259844,25.758267999999994],[-80.259691,25.758498999999997],[-80.259868,25.75858],[-80.260233,25.758524000000005],[-80.260258,25.758440999999994],[-80.260371,25.758613],[-80.260534,25.758537],[-80.26049200000001,25.758430999999998],[-80.260694,25.758651],[-80.26068,25.758943000000002],[-80.260768,25.759052000000004],[-80.260647,25.759096],[-80.260634,25.759241],[-80.26048,25.759049000000005],[-80.260373,25.759501999999994],[-80.260235,25.759537999999992],[-80.260513,25.759708999999997],[-80.260356,25.759973999999993],[-80.260408,25.760277],[-80.260268,25.760271999999993],[-80.260239,25.759851999999995],[-80.260117,25.759858],[-80.260079,25.760038999999995],[-80.259958,25.759812],[-80.259523,25.759681],[-80.259482,25.759613000000005],[-80.259591,25.759645000000003],[-80.25963,25.759478],[-80.25959,25.759376],[-80.259378,25.75932399999999],[-80.259361,25.759634000000002],[-80.259246,25.759619000000004],[-80.259376,25.759194],[-80.259583,25.759143000000005],[-80.259163,25.759094],[-80.259105,25.759254000000002],[-80.258967,25.758923],[-80.258757,25.759318000000004],[-80.258556,25.759251999999996],[-80.25851,25.759111],[-80.258383,25.759165000000003],[-80.257516,25.759089999999993],[-80.257453,25.758925],[-80.257648,25.758901],[-80.257632,25.75875],[-80.257147,25.758767999999996],[-80.257124,25.758879],[-80.257015,25.758904],[-80.256635,25.758488999999997],[-80.256181,25.758456999999996],[-80.256159,25.758598],[-80.256033,25.758428],[-80.2558,25.758497],[-80.255685,25.758433],[-80.25577100000001,25.758591999999993],[-80.255656,25.758556999999996],[-80.255622,25.758439],[-80.255087,25.758436],[-80.254997,25.758574000000003],[-80.255058,25.758713000000004],[-80.255148,25.758699999999994],[-80.25516300000001,25.75856099999999],[-80.255509,25.758543],[-80.25537400000002,25.758575],[-80.255307,25.75875999999999],[-80.255029,25.758752999999995],[-80.255005,25.758894],[-80.254965,25.758404],[-80.255184,25.758311999999997],[-80.25498700000001,25.758300999999996],[-80.254921,25.756768000000005]]],[[[-80.263263,25.761294],[-80.263333,25.76135499999999],[-80.26332,25.762417999999997],[-80.263114,25.762424999999993],[-80.262883,25.758958],[-80.262923,25.758298],[-80.263224,25.758548],[-80.26316,25.758705000000003],[-80.263263,25.761294]]],[[[-80.255516,25.769899],[-80.255843,25.76971899999999],[-80.255618,25.769578999999997],[-80.255675,25.769508999999996],[-80.256406,25.769381000000003],[-80.256774,25.769166],[-80.256874,25.769231],[-80.25697,25.769171],[-80.257005,25.769267000000003],[-80.257301,25.769239999999996],[-80.257615,25.768952],[-80.257625,25.769049],[-80.2576,25.769215000000003],[-80.257386,25.769459999999995],[-80.25672300000001,25.769895],[-80.25606,25.77011999999999],[-80.25511400000002,25.770060999999995],[-80.255239,25.769948000000003],[-80.255278,25.769499],[-80.25504,25.765570999999998],[-80.25502400000002,25.764825],[-80.255126,25.764676],[-80.255272,25.764747000000003],[-80.255262,25.765267000000005],[-80.255369,25.765358999999997],[-80.255276,25.765564999999995],[-80.25537600000001,25.766184999999993],[-80.25533700000001,25.766652],[-80.255496,25.766740999999996],[-80.255361,25.766938999999997],[-80.255441,25.76874799999999],[-80.255627,25.768839],[-80.255623,25.768946999999997],[-80.255453,25.768992],[-80.255516,25.769899]]],[[[-80.282693,25.785555999999996],[-80.285815,25.784843000000002],[-80.287313,25.784601999999996],[-80.288276,25.784512999999997],[-80.288439,25.784637],[-80.288404,25.784718999999996],[-80.288245,25.78472199999999],[-80.288379,25.784783999999995],[-80.288365,25.784910999999997],[-80.288209,25.78491],[-80.28824,25.784800999999998],[-80.288155,25.784752999999995],[-80.287062,25.78470999999999],[-80.286818,25.784866],[-80.28688,25.785088000000002],[-80.28673,25.785061999999996],[-80.286627,25.785140999999992],[-80.286274,25.785047],[-80.285904,25.785126999999996],[-80.285425,25.785039999999995],[-80.283836,25.785465999999992],[-80.283037,25.785592],[-80.282693,25.785555999999996]]],[[[-80.287283,25.785163],[-80.287994,25.785127999999997],[-80.28806,25.785327],[-80.287748,25.78548],[-80.287221,25.785458],[-80.287087,25.785311],[-80.287283,25.785163]]],[[[-80.27435600000001,25.792865000000003],[-80.273938,25.792802000000002],[-80.273882,25.792609],[-80.273778,25.792836],[-80.27366400000001,25.792796999999993],[-80.273472,25.792461],[-80.27370300000001,25.79240499999999],[-80.273816,25.792556999999995],[-80.273864,25.792518],[-80.273847,25.791630000000005],[-80.273596,25.791696],[-80.273519,25.791585000000005],[-80.27374600000002,25.791496999999993],[-80.273839,25.791357999999995],[-80.273738,25.790805999999996],[-80.274122,25.790768999999997],[-80.27418000000002,25.791927999999995],[-80.274248,25.792304999999995],[-80.274386,25.792415999999996],[-80.27435600000001,25.792865000000003]]],[[[-80.2761421255402,25.792913809593482],[-80.27565,25.793002999999995],[-80.275645,25.792917],[-80.2761421255402,25.792913809593482]]],[[[-80.268316,25.799710000000005],[-80.26833368075198,25.799702662642343],[-80.2683051874322,25.7997168750452],[-80.268316,25.799710000000005]]],[[[-80.26811860092431,25.799798412940618],[-80.268167,25.799745999999995],[-80.26823184376617,25.799750000000042],[-80.26811860092431,25.799798412940618]]],[[[-80.230657,25.733978999999998],[-80.230458,25.733973999999993],[-80.230585,25.733883000000002],[-80.230657,25.733978999999998]]],[[[-80.213395,25.758628000000005],[-80.213534,25.758722999999996],[-80.213413,25.759000999999998],[-80.213237,25.759153],[-80.213072,25.759049999999995],[-80.212923,25.75916],[-80.213065,25.759360999999995],[-80.213162,25.759398],[-80.213768,25.759014999999998],[-80.213822,25.75908199999999],[-80.213767,25.759307999999997],[-80.213371,25.759578],[-80.21343400000002,25.759753000000003],[-80.213288,25.759855999999996],[-80.213316,25.759934000000005],[-80.213008,25.75979],[-80.212584,25.76017],[-80.212448,25.760199],[-80.212502,25.760357999999997],[-80.212359,25.76049099999999],[-80.212166,25.760453],[-80.211674,25.760619],[-80.21166500000001,25.760463],[-80.211994,25.760190000000005],[-80.2117,25.759744],[-80.213395,25.758628000000005]]],[[[-80.211295,25.765069999999998],[-80.210976,25.765046],[-80.210911,25.765141],[-80.210765,25.764997999999988],[-80.210899,25.764868],[-80.210784,25.76470399999999],[-80.210869,25.764601999999996],[-80.210738,25.764481999999997],[-80.210737,25.764131],[-80.210374,25.763980999999998],[-80.210629,25.763913999999996],[-80.210658,25.763705],[-80.210209,25.763339],[-80.21045,25.763372],[-80.21052,25.76315399999999],[-80.209963,25.763145000000005],[-80.209429,25.763004999999993],[-80.21010500000001,25.762876000000002],[-80.210174,25.762744000000005],[-80.210028,25.762683999999997],[-80.209658,25.762162999999994],[-80.209342,25.762118999999995],[-80.209576,25.761794999999992],[-80.209752,25.761812],[-80.210155,25.761481],[-80.210314,25.761472999999995],[-80.2103,25.761328],[-80.210033,25.761011],[-80.21010500000001,25.760882],[-80.210538,25.761292],[-80.210395,25.761356999999993],[-80.210436,25.761580000000002],[-80.210275,25.761652],[-80.21027100000002,25.761794],[-80.210053,25.761712],[-80.20983,25.761993000000004],[-80.209834,25.762109999999996],[-80.21036,25.76245],[-80.210276,25.762492999999996],[-80.21046,25.762543999999995],[-80.21044700000002,25.762670000000004],[-80.210811,25.762881],[-80.211187,25.762868],[-80.211246,25.762969999999992],[-80.210908,25.763234999999998],[-80.211148,25.763369000000004],[-80.211069,25.763856],[-80.211371,25.763871999999996],[-80.211303,25.764049000000004],[-80.211199,25.764035],[-80.211176,25.764317],[-80.2113,25.764447],[-80.211361,25.764083999999997],[-80.211453,25.764283999999996],[-80.211548,25.764924],[-80.211485,25.765681],[-80.21136200000001,25.765863999999993],[-80.211295,25.765069999999998]]],[[[-80.254047,25.763938],[-80.254639,25.764339],[-80.254633,25.764758999999998],[-80.254238,25.764763],[-80.254238,25.765049999999995],[-80.254625,25.765054],[-80.25463,25.765248],[-80.254855,25.765416],[-80.25475,25.765481],[-80.254619,25.765334],[-80.254629,25.765607000000003],[-80.254505,25.765681],[-80.254514,25.765858],[-80.254418,25.765914000000002],[-80.25442200000002,25.766479],[-80.254222,25.766783000000004],[-80.25474,25.766956],[-80.254399,25.767007000000003],[-80.254653,25.767041],[-80.25464,25.767359],[-80.254357,25.767056],[-80.254184,25.767359999999996],[-80.254016,25.767297],[-80.253985,25.767068],[-80.253658,25.767077],[-80.253844,25.767373000000003],[-80.253738,25.767394],[-80.253574,25.767265999999996],[-80.253637,25.767384999999997],[-80.25347400000001,25.767386999999996],[-80.253431,25.767573000000002],[-80.253602,25.767748],[-80.253381,25.767808999999993],[-80.253254,25.767957],[-80.253052,25.767895999999997],[-80.252904,25.768111999999995],[-80.252617,25.768184999999995],[-80.252732,25.768245999999998],[-80.252743,25.76839],[-80.25251400000002,25.768498],[-80.252026,25.768382],[-80.251992,25.767836],[-80.251902,25.767891],[-80.251931,25.768010999999998],[-80.251779,25.767884999999993],[-80.251404,25.767857999999993],[-80.251293,25.768175999999997],[-80.251347,25.768284999999995],[-80.250858,25.768318],[-80.251068,25.768248000000003],[-80.250844,25.768046],[-80.25085,25.767558],[-80.25074500000001,25.767275],[-80.251011,25.767342000000003],[-80.251012,25.766455000000004],[-80.250881,25.766272000000004],[-80.25044000000001,25.766142],[-80.250333,25.766208000000002],[-80.250341,25.766079999999995],[-80.250622,25.766022],[-80.250723,25.766107],[-80.250744,25.766041],[-80.25056900000001,25.765899000000005],[-80.25025,25.765846],[-80.25017,25.765668999999995],[-80.250534,25.765587999999997],[-80.250525,25.76529],[-80.250693,25.765254999999996],[-80.250772,25.765035],[-80.25095600000002,25.764983000000004],[-80.25098,25.76518099999999],[-80.25137,25.765314000000004],[-80.251324,25.76545799999999],[-80.25143700000001,25.76539],[-80.251579,25.765454999999992],[-80.251785,25.765124],[-80.25186900000001,25.765232000000008],[-80.252001,25.765219999999996],[-80.252018,25.764912999999996],[-80.252058,25.765067999999996],[-80.252283,25.765241],[-80.25232,25.765460999999995],[-80.252449,25.765468999999996],[-80.252356,25.765339999999995],[-80.252471,25.765222999999995],[-80.252604,25.765332000000008],[-80.252889,25.765329999999995],[-80.253041,25.765139],[-80.252971,25.764833000000003],[-80.253222,25.764752000000005],[-80.253003,25.764685],[-80.253068,25.764201],[-80.25321600000001,25.764338],[-80.253235,25.764643000000003],[-80.253446,25.764644000000004],[-80.253704,25.763951000000002],[-80.254047,25.763938]]],[[[-80.216023,25.767814000000005],[-80.215811,25.767762],[-80.2157,25.767829],[-80.215529,25.767716999999998],[-80.21565,25.7676],[-80.216065,25.767469999999992],[-80.215984,25.767276],[-80.215799,25.767235],[-80.215821,25.766966999999994],[-80.215964,25.767073000000003],[-80.215942,25.766963999999998],[-80.216134,25.766767999999995],[-80.215448,25.766886000000003],[-80.215343,25.767272999999996],[-80.215409,25.76739],[-80.21530700000001,25.767523000000004],[-80.215146,25.767341000000002],[-80.21516800000002,25.766832000000008],[-80.214966,25.766746999999995],[-80.215137,25.766558],[-80.214661,25.766402999999997],[-80.214676,25.76631],[-80.214934,25.76623],[-80.214909,25.765915999999997],[-80.215056,25.765927999999995],[-80.215026,25.766319],[-80.215203,25.766241999999995],[-80.215316,25.766331],[-80.215292,25.766428],[-80.215465,25.766406999999997],[-80.215357,25.766550999999996],[-80.21608,25.766667000000005],[-80.216029,25.766721],[-80.216151,25.766768999999996],[-80.216235,25.766957000000005],[-80.216333,25.767484],[-80.216873,25.767586],[-80.216659,25.767795999999997],[-80.216323,25.767801],[-80.216198,25.768055],[-80.216069,25.768007000000004],[-80.216023,25.767814000000005]]],[[[-80.22019400000002,25.773929],[-80.219976,25.773638999999992],[-80.219888,25.773733999999997],[-80.21993800000001,25.77359999999999],[-80.219728,25.77362],[-80.21955100000001,25.773472999999996],[-80.21924400000002,25.773441999999992],[-80.21933000000001,25.773376999999996],[-80.219221,25.773305000000008],[-80.219363,25.773038999999997],[-80.219273,25.772892],[-80.218989,25.772835],[-80.218851,25.772593],[-80.218431,25.772478999999997],[-80.218428,25.772046999999997],[-80.218274,25.771895],[-80.218056,25.771869999999996],[-80.218108,25.771559999999997],[-80.217891,25.771626],[-80.21776,25.771503999999997],[-80.217884,25.77123],[-80.217745,25.771176999999998],[-80.217802,25.771041000000004],[-80.21764,25.770824999999995],[-80.217838,25.770669000000005],[-80.21783,25.770521],[-80.218753,25.77037599999999],[-80.218753,25.770238000000003],[-80.21850700000002,25.769985],[-80.219289,25.769977000000004],[-80.219394,25.769744999999993],[-80.219204,25.769838],[-80.219092,25.769702000000002],[-80.218868,25.769664999999996],[-80.21859100000002,25.76976399999999],[-80.218404,25.769679],[-80.218014,25.769672999999994],[-80.218021,25.769864],[-80.218469,25.770014],[-80.218435,25.770104],[-80.218003,25.770175999999992],[-80.217893,25.770422],[-80.2178,25.770128999999997],[-80.217544,25.770015],[-80.21754,25.769804999999995],[-80.217738,25.76984],[-80.217837,25.769634999999997],[-80.217631,25.769594],[-80.217689,25.769368],[-80.217439,25.769071],[-80.21733600000002,25.769181],[-80.217132,25.769185999999998],[-80.216893,25.769319000000003],[-80.216603,25.769223],[-80.21651,25.769280000000002],[-80.216359,25.769078999999998],[-80.21630400000001,25.769280999999992],[-80.216379,25.769441],[-80.216763,25.769529],[-80.21663,25.769699],[-80.216184,25.769831],[-80.215949,25.76954299999999],[-80.216126,25.769414],[-80.21608300000001,25.768832999999997],[-80.21578000000001,25.768675],[-80.21575,25.768488999999995],[-80.215523,25.768184],[-80.215675,25.767884999999996],[-80.216053,25.768306],[-80.216112,25.768092],[-80.216223,25.768086999999998],[-80.216365,25.768444],[-80.216761,25.768421999999997],[-80.216576,25.768265999999997],[-80.216708,25.768095999999996],[-80.217105,25.768486],[-80.217673,25.768536000000005],[-80.217874,25.768465],[-80.217982,25.768604000000003],[-80.217834,25.768796000000002],[-80.218034,25.768888999999998],[-80.21794,25.76907299999999],[-80.218052,25.769229],[-80.21847,25.769318],[-80.218582,25.769268],[-80.218714,25.769356999999996],[-80.21867,25.769225999999996],[-80.218811,25.769106000000004],[-80.218954,25.769124],[-80.219021,25.768890000000003],[-80.219256,25.768846999999997],[-80.21924600000001,25.768757000000004],[-80.21894300000001,25.768642],[-80.218374,25.76869],[-80.21807700000001,25.768554999999996],[-80.218424,25.768428000000004],[-80.219394,25.768427999999993],[-80.219508,25.768065999999997],[-80.21966,25.768348],[-80.22011200000001,25.76849399999999],[-80.219797,25.76863399999999],[-80.219914,25.768702999999995],[-80.219923,25.768867999999998],[-80.220113,25.76884],[-80.220503,25.769098999999997],[-80.22076,25.769125000000003],[-80.221174,25.769480999999995],[-80.220328,25.769600000000004],[-80.22031,25.769878000000002],[-80.219971,25.769983999999997],[-80.220025,25.770058],[-80.2198,25.770284000000004],[-80.219776,25.77039],[-80.219883,25.770468999999995],[-80.219786,25.770719999999994],[-80.21984600000002,25.770881999999997],[-80.220303,25.77084],[-80.221042,25.771179],[-80.221328,25.771132999999995],[-80.221583,25.771283],[-80.222623,25.771257],[-80.222582,25.771355],[-80.222417,25.771397000000007],[-80.221649,25.771441000000003],[-80.221585,25.771642999999997],[-80.221503,25.771551999999996],[-80.221462,25.771693999999997],[-80.22167000000002,25.771737999999992],[-80.221549,25.771792999999995],[-80.221593,25.77196999999999],[-80.22128500000001,25.772113000000004],[-80.22107,25.772022999999997],[-80.221434,25.772215999999993],[-80.221296,25.77231],[-80.22135,25.772386000000004],[-80.221488,25.772351000000004],[-80.221318,25.77255],[-80.22111100000001,25.772494],[-80.221114,25.772408999999996],[-80.220958,25.772466999999995],[-80.220994,25.772574999999996],[-80.220889,25.772599999999997],[-80.220825,25.772454999999994],[-80.220125,25.772492999999997],[-80.220039,25.772628999999995],[-80.220185,25.772775999999997],[-80.220377,25.772886],[-80.220609,25.772828000000004],[-80.22056,25.772897999999998],[-80.220705,25.773126],[-80.22097,25.773207000000003],[-80.22111,25.773182999999996],[-80.221259,25.772922999999995],[-80.22121,25.772631],[-80.221421,25.772538999999995],[-80.221509,25.772380999999996],[-80.221606,25.772405999999997],[-80.221643,25.772674000000002],[-80.22171,25.772475999999997],[-80.2218,25.772702],[-80.221497,25.772826999999996],[-80.221396,25.772988000000005],[-80.221464,25.773221999999997],[-80.221739,25.773195000000005],[-80.221816,25.773262000000003],[-80.221172,25.773319999999995],[-80.221716,25.77335],[-80.22170900000002,25.773609],[-80.221616,25.773446],[-80.221413,25.773596999999995],[-80.221424,25.773886999999995],[-80.221252,25.773814],[-80.221267,25.773588],[-80.221136,25.773757999999994],[-80.22088,25.773767999999997],[-80.22081,25.773509],[-80.22072,25.773805],[-80.220522,25.774006],[-80.22019400000002,25.773929]]],[[[-80.253004,25.778966999999994],[-80.253381,25.778775999999993],[-80.253439,25.77892],[-80.253933,25.778900999999994],[-80.253991,25.778772999999997],[-80.254088,25.778778999999997],[-80.254107,25.778893000000007],[-80.254367,25.778889999999997],[-80.254373,25.778741999999998],[-80.254235,25.778647999999997],[-80.254308,25.778568000000003],[-80.254603,25.778538999999995],[-80.254787,25.778388999999997],[-80.254954,25.778467999999997],[-80.255046,25.778321999999992],[-80.255205,25.778307000000005],[-80.25512,25.778166999999993],[-80.255578,25.777991999999998],[-80.255657,25.778096999999995],[-80.25573,25.777986],[-80.255788,25.778054999999995],[-80.255826,25.778780999999995],[-80.255715,25.778934],[-80.255447,25.778817],[-80.254478,25.778925000000005],[-80.253004,25.778966999999994]]],[[[-80.215368,25.806041],[-80.21513300000001,25.805772999999995],[-80.214651,25.80567],[-80.214541,25.805340999999988],[-80.214703,25.805187],[-80.215242,25.805196999999996],[-80.21522,25.804996000000003],[-80.21486,25.804996000000003],[-80.215438,25.804696999999997],[-80.215525,25.804987999999998],[-80.21559,25.80472],[-80.215746,25.804869],[-80.215737,25.805343000000004],[-80.21603800000001,25.805355],[-80.216329,25.805246],[-80.21643300000001,25.805303],[-80.216504,25.805134],[-80.216741,25.805127],[-80.216826,25.805530999999995],[-80.217119,25.805655999999995],[-80.216898,25.805718000000002],[-80.216832,25.805834000000008],[-80.216428,25.80578],[-80.215847,25.80595],[-80.215653,25.806276999999998],[-80.215584,25.806096999999998],[-80.215507,25.80628],[-80.215295,25.806133],[-80.215368,25.806041]]],[[[-80.242888,25.812855],[-80.242653,25.812833],[-80.242466,25.81321],[-80.241405,25.813255999999996],[-80.241258,25.812965999999992],[-80.240893,25.812784999999998],[-80.241217,25.812629999999995],[-80.242089,25.812671],[-80.24223,25.812590999999998],[-80.24235,25.812687],[-80.243512,25.812537999999996],[-80.243766,25.812598000000005],[-80.243721,25.812504999999998],[-80.244038,25.812504999999994],[-80.244338,25.812612999999992],[-80.244761,25.812575999999993],[-80.244726,25.812723999999992],[-80.244488,25.81284],[-80.244443,25.813354999999998],[-80.244018,25.81326500000001],[-80.244218,25.813148],[-80.244123,25.81299],[-80.244025,25.813011000000003],[-80.244051,25.812853999999994],[-80.243708,25.813094],[-80.243584,25.812841999999996],[-80.243249,25.813021999999997],[-80.24301,25.812973],[-80.242956,25.813294000000003],[-80.243179,25.813382],[-80.242792,25.813407],[-80.242888,25.812855]]],[[[-80.24812313797146,25.814175938426573],[-80.247877,25.813958999999997],[-80.247811,25.814044999999997],[-80.247899,25.814109999999992],[-80.247771,25.814093],[-80.247641,25.813832],[-80.247693,25.81375899999999],[-80.247462,25.813885999999997],[-80.247225,25.81378799999999],[-80.246934,25.813845999999998],[-80.246838,25.813989999999997],[-80.246733,25.813993],[-80.24661,25.813826999999996],[-80.246628,25.813770999999996],[-80.246813,25.813867999999996],[-80.246674,25.813693999999998],[-80.246731,25.813615999999996],[-80.246615,25.813661000000003],[-80.246545,25.813512000000003],[-80.246692,25.813260999999997],[-80.24658,25.813249000000003],[-80.246464,25.81336],[-80.245819,25.813316999999998],[-80.245932,25.813072999999996],[-80.246154,25.812982],[-80.246015,25.812730000000002],[-80.246053,25.812633999999996],[-80.246251,25.812526999999996],[-80.24839888951784,25.812488931466145],[-80.24819815414345,25.813936724994935],[-80.24812313797146,25.814175938426573]]],[[[-80.248095,25.814220999999993],[-80.2481157025131,25.81419964874346],[-80.24809979336135,25.814250380084122],[-80.248095,25.814220999999993]]],[[[-80.228569,25.820252],[-80.228415,25.820581],[-80.228271,25.820379],[-80.228177,25.820453999999998],[-80.228046,25.820029000000005],[-80.227747,25.820109],[-80.227599,25.819999],[-80.227657,25.819698000000002],[-80.227199,25.819745],[-80.226963,25.819588999999997],[-80.227065,25.819308999999997],[-80.226808,25.81935199999999],[-80.226976,25.819420000000004],[-80.226791,25.819491],[-80.226893,25.819535],[-80.226879,25.819751],[-80.22665,25.819786999999998],[-80.226774,25.819571999999994],[-80.226697,25.819168000000005],[-80.22683,25.819091999999998],[-80.226785,25.818857999999995],[-80.226572,25.818743999999995],[-80.226658,25.818635000000004],[-80.226761,25.818759999999997],[-80.226842,25.818648],[-80.227303,25.818662000000007],[-80.227523,25.818552999999998],[-80.227894,25.818592],[-80.227967,25.818680000000004],[-80.227941,25.818966],[-80.22799800000001,25.818907],[-80.228145,25.818958000000002],[-80.228257,25.818826999999995],[-80.228078,25.818742999999998],[-80.228036,25.818490000000004],[-80.227522,25.818530999999993],[-80.227598,25.818296999999994],[-80.227426,25.818211],[-80.227208,25.818262999999998],[-80.227077,25.818184],[-80.226876,25.818257000000003],[-80.226999,25.818375999999997],[-80.22746,25.818386],[-80.227492,25.818442999999988],[-80.227256,25.818409],[-80.226754,25.818605],[-80.226422,25.818596999999997],[-80.226562,25.818472000000003],[-80.22647700000002,25.818393999999994],[-80.226784,25.818335999999995],[-80.226741,25.818101],[-80.226966,25.818093],[-80.226822,25.818010999999995],[-80.22689,25.817825],[-80.226753,25.817635999999997],[-80.226939,25.817595999999998],[-80.226852,25.817360999999995],[-80.226681,25.817398],[-80.226628,25.817168],[-80.226482,25.817134],[-80.226475,25.817242999999998],[-80.226275,25.817315000000004],[-80.226234,25.81749],[-80.226178,25.817274999999995],[-80.226083,25.817379999999996],[-80.22604300000002,25.817303],[-80.226126,25.81715],[-80.225326,25.8171],[-80.225299,25.817201],[-80.225189,25.817214000000003],[-80.22513,25.81702],[-80.225535,25.816935],[-80.225673,25.817003],[-80.22591,25.816879000000004],[-80.225708,25.816708],[-80.225495,25.816786],[-80.225275,25.816594],[-80.225141,25.816746999999992],[-80.225178,25.816496999999995],[-80.225263,25.816450000000003],[-80.225414,25.816618],[-80.225491,25.816405],[-80.224665,25.816278000000004],[-80.22469,25.815893],[-80.22427200000001,25.815776999999997],[-80.2242,25.815512000000005],[-80.224132,25.815663],[-80.22396900000001,25.81561],[-80.223853,25.815496999999997],[-80.224007,25.815459000000004],[-80.223882,25.815251000000004],[-80.2238,25.815273999999995],[-80.223828,25.815462],[-80.223503,25.815385999999997],[-80.22343,25.814999999999998],[-80.223487,25.814867999999997],[-80.22338,25.814788],[-80.223524,25.814663999999993],[-80.223295,25.814545999999996],[-80.223175,25.814321999999997],[-80.223301,25.814165000000003],[-80.223094,25.813955999999994],[-80.223328,25.813931],[-80.223263,25.81382199999999],[-80.223452,25.813624000000004],[-80.223552,25.813661999999994],[-80.223433,25.813842],[-80.223602,25.813806],[-80.223763,25.813668],[-80.223809,25.813426],[-80.223289,25.813410999999995],[-80.223142,25.813299],[-80.223764,25.813237999999995],[-80.223801,25.813131000000006],[-80.223679,25.812972],[-80.223463,25.813059000000003],[-80.22322800000002,25.812941],[-80.223136,25.812976],[-80.22311,25.812872000000002],[-80.223256,25.812733999999995],[-80.223038,25.812704],[-80.223051,25.812827999999996],[-80.22285,25.812670000000004],[-80.223278,25.812543999999995],[-80.223341,25.812601],[-80.224027,25.812531000000003],[-80.224903,25.812611999999998],[-80.225934,25.812516999999996],[-80.226275,25.812524000000003],[-80.226462,25.81267699999999],[-80.22664,25.812563999999995],[-80.226814,25.812626],[-80.227005,25.812474999999996],[-80.227409,25.812422000000005],[-80.228185,25.812465999999997],[-80.228159,25.812985999999995],[-80.228039,25.812884999999998],[-80.227486,25.81291999999999],[-80.227539,25.813188999999994],[-80.227287,25.813222],[-80.22743,25.813508],[-80.227414,25.813682],[-80.227338,25.813673999999995],[-80.227423,25.813900000000004],[-80.227651,25.813926],[-80.22748200000001,25.814054],[-80.227574,25.814301999999998],[-80.227709,25.814202000000005],[-80.227669,25.814003000000003],[-80.22774000000001,25.813911],[-80.227636,25.813843000000002],[-80.227547,25.813525],[-80.227604,25.81317],[-80.227912,25.81338],[-80.227856,25.813563],[-80.22804,25.813455999999995],[-80.228169,25.813645999999995],[-80.227944,25.813851000000003],[-80.228006,25.813909],[-80.228178,25.813787999999995],[-80.22803,25.813933],[-80.228207,25.814043999999996],[-80.228169,25.814719999999998],[-80.228247,25.814824000000005],[-80.228197,25.815176999999995],[-80.2283,25.815976],[-80.228408,25.815947999999995],[-80.228333,25.815729999999995],[-80.228368,25.815183000000005],[-80.228842,25.815151999999994],[-80.22884,25.814939000000003],[-80.22896,25.814994999999996],[-80.228887,25.815233],[-80.229075,25.81538099999999],[-80.229296,25.815377999999995],[-80.22912400000001,25.815532999999995],[-80.229297,25.815695000000005],[-80.2292,25.815936],[-80.229194,25.816378000000004],[-80.229288,25.816553999999996],[-80.229419,25.816559],[-80.229404,25.816761],[-80.229656,25.816711999999995],[-80.2297,25.81677699999999],[-80.23013,25.816778999999997],[-80.230225,25.816699999999994],[-80.230139,25.816635999999992],[-80.230214,25.816547999999994],[-80.230436,25.816625999999996],[-80.230517,25.816979],[-80.230658,25.816917999999998],[-80.231001,25.817153],[-80.231427,25.817152999999998],[-80.23151,25.81722],[-80.231608,25.816923000000003],[-80.231558,25.816405999999997],[-80.231773,25.816732999999996],[-80.232095,25.816604999999996],[-80.232254,25.816723000000003],[-80.232377,25.817669],[-80.232309,25.818321],[-80.232196,25.818479999999997],[-80.232344,25.818603],[-80.232442,25.819481999999997],[-80.232365,25.819757999999993],[-80.232524,25.820253999999995],[-80.232593,25.819901],[-80.232529,25.818867],[-80.232767,25.818927],[-80.232667,25.819039],[-80.23276,25.819181999999998],[-80.232838,25.818936999999995],[-80.232985,25.818821999999994],[-80.233178,25.818841999999997],[-80.23321,25.818735999999998],[-80.23268,25.81866399999999],[-80.232566,25.818794999999998],[-80.232589,25.818368],[-80.232654,25.818556],[-80.233242,25.818509999999996],[-80.2333,25.818194999999996],[-80.233443,25.818303000000007],[-80.233578,25.818133],[-80.233518,25.817885000000004],[-80.232973,25.81772],[-80.233205,25.817710000000005],[-80.233204,25.817473999999997],[-80.233074,25.817256000000004],[-80.232837,25.817217],[-80.232685,25.817065999999997],[-80.232627,25.817282999999996],[-80.232784,25.8175],[-80.232613,25.817620999999992],[-80.232538,25.818235999999995],[-80.232487,25.817564999999995],[-80.232401,25.817447],[-80.232465,25.816776],[-80.232575,25.81665999999999],[-80.233001,25.816607999999995],[-80.233093,25.81668],[-80.233441,25.816569999999995],[-80.233539,25.816736999999993],[-80.23341500000001,25.816855],[-80.233419,25.817168999999996],[-80.233866,25.817215],[-80.233907,25.817368],[-80.23413,25.817549],[-80.234324,25.817517],[-80.234181,25.817623000000005],[-80.234561,25.818057],[-80.234554,25.818465],[-80.235037,25.818439999999995],[-80.235214,25.818582],[-80.234803,25.818721],[-80.234801,25.81893399999999],[-80.234989,25.818919999999995],[-80.235012,25.818985],[-80.235096,25.819444000000004],[-80.234978,25.819543999999993],[-80.235357,25.81965299999999],[-80.234938,25.819730999999997],[-80.234857,25.819968],[-80.234937,25.820119],[-80.235384,25.820084999999995],[-80.2357,25.820264],[-80.236088,25.820319999999995],[-80.236472,25.820189999999997],[-80.236741,25.819985000000003],[-80.236823,25.820136000000005],[-80.236614,25.820168],[-80.236551,25.820344999999996],[-80.236656,25.820658],[-80.236926,25.820529],[-80.23709400000001,25.820872999999995],[-80.237411,25.820826999999998],[-80.237566,25.820597],[-80.237645,25.820606],[-80.237926,25.821101999999996],[-80.237785,25.821004000000002],[-80.237465,25.821004000000002],[-80.237543,25.821189],[-80.238118,25.821171],[-80.238226,25.821083999999992],[-80.238179,25.820975999999995],[-80.238428,25.820947000000004],[-80.238346,25.821164999999997],[-80.238434,25.821186999999995],[-80.23856000000002,25.820911999999996],[-80.23851,25.820401999999998],[-80.238239,25.820347999999996],[-80.238016,25.820445999999997],[-80.237944,25.820379],[-80.238111,25.820241999999997],[-80.238507,25.820201999999995],[-80.238537,25.819663000000002],[-80.238586,25.819751],[-80.238927,25.819773],[-80.238872,25.820067],[-80.238722,25.820201],[-80.239124,25.820276000000003],[-80.239274,25.820159],[-80.239539,25.820156999999995],[-80.239672,25.819729999999996],[-80.23981,25.81972199999999],[-80.239799,25.820106],[-80.239402,25.820212],[-80.239354,25.820389999999996],[-80.239697,25.820337999999996],[-80.239728,25.820505999999998],[-80.239958,25.820671],[-80.239987,25.820827],[-80.240112,25.820861],[-80.240098,25.82071],[-80.240179,25.820731999999992],[-80.240266,25.820966999999996],[-80.240429,25.820938],[-80.24050615995223,25.820766680095556],[-80.2406453831443,25.823075850567164],[-80.240309,25.8225],[-80.240391,25.822321],[-80.240166,25.822188],[-80.239809,25.822226999999998],[-80.23977600000002,25.822122],[-80.239624,25.822114999999997],[-80.239737,25.822286999999996],[-80.239571,25.822199],[-80.239347,25.822371],[-80.239268,25.822281999999998],[-80.239409,25.822187],[-80.239059,25.822219],[-80.238861,25.822149999999993],[-80.238806,25.822360999999994],[-80.238295,25.822109],[-80.237664,25.822261],[-80.237562,25.822103999999992],[-80.238051,25.822045],[-80.238247,25.821754999999996],[-80.238062,25.821666999999998],[-80.238114,25.821827],[-80.237933,25.821851999999996],[-80.237942,25.821751999999993],[-80.237682,25.821477],[-80.237386,25.821682],[-80.237306,25.821440999999997],[-80.23701000000001,25.821408999999996],[-80.23687,25.821682000000003],[-80.236932,25.822010999999993],[-80.236995,25.822148000000006],[-80.237162,25.82217],[-80.236821,25.822186999999996],[-80.236669,25.821922999999995],[-80.236455,25.821878999999996],[-80.236348,25.822052999999997],[-80.236096,25.822076999999997],[-80.235882,25.821943000000008],[-80.23579400000001,25.821765],[-80.235641,25.822032999999994],[-80.23556,25.822027000000006],[-80.235582,25.821874],[-80.23548900000002,25.821950999999995],[-80.235336,25.821893],[-80.235101,25.822189999999996],[-80.23506,25.821957],[-80.234836,25.822077],[-80.23463,25.821975999999996],[-80.233971,25.821961999999996],[-80.233879,25.822155],[-80.233798,25.822093999999996],[-80.233842,25.822008000000004],[-80.233641,25.821943999999995],[-80.23372,25.821841],[-80.233969,25.82191],[-80.234312,25.821792],[-80.234183,25.821712999999992],[-80.234104,25.821851],[-80.234029,25.821723999999996],[-80.233962,25.821851],[-80.233858,25.821738999999997],[-80.233432,25.821871],[-80.232965,25.821852999999994],[-80.232737,25.821692],[-80.232825,25.821593],[-80.232658,25.821328000000005],[-80.232734,25.821224000000004],[-80.232594,25.821071],[-80.232456,25.821425],[-80.232331,25.821178],[-80.232409,25.821023999999998],[-80.232061,25.821048],[-80.231981,25.820935999999996],[-80.231844,25.821120999999998],[-80.231606,25.821205000000006],[-80.23169,25.821036999999997],[-80.231436,25.820877],[-80.231426,25.821212],[-80.231249,25.821187999999996],[-80.231107,25.821048],[-80.231029,25.821079999999995],[-80.231131,25.82120799999999],[-80.23102,25.821228000000005],[-80.230621,25.821025],[-80.23085,25.820981999999997],[-80.230885,25.82082],[-80.230674,25.820817000000005],[-80.23055500000001,25.820964999999998],[-80.230472,25.82090399999999],[-80.230576,25.820764],[-80.230521,25.820543000000004],[-80.230469,25.820637],[-80.23024800000002,25.820611999999997],[-80.230242,25.820706999999995],[-80.230092,25.820616],[-80.229782,25.820727],[-80.229484,25.820687000000003],[-80.229399,25.820842],[-80.229287,25.820815999999997],[-80.229295,25.820890999999996],[-80.229172,25.820912],[-80.229071,25.820824000000005],[-80.229097,25.820611999999997],[-80.228837,25.820487999999997],[-80.228731,25.820255999999997],[-80.228671,25.820314],[-80.228569,25.820252]]],[[[-80.24211800000002,25.819336000000003],[-80.241935,25.819231],[-80.241906,25.819048],[-80.241583,25.818923],[-80.241397,25.81904],[-80.24124,25.818924999999997],[-80.241322,25.818818999999998],[-80.241821,25.818797],[-80.241812,25.818467999999996],[-80.242048,25.818542999999995],[-80.242332,25.818897],[-80.242328,25.818823999999996],[-80.242709,25.818651999999993],[-80.24305,25.818582999999997],[-80.243193,25.818392999999997],[-80.243332,25.81846],[-80.243547,25.818344999999997],[-80.244208,25.818270999999996],[-80.24428600000002,25.8181],[-80.24493416296211,25.818259451851777],[-80.24388361171222,25.818820692116493],[-80.2431523347178,25.81909968034413],[-80.24211800000002,25.819336000000003]]],[[[-80.226901,25.825265],[-80.225913,25.825019999999995],[-80.225824,25.824904999999998],[-80.225873,25.824626999999996],[-80.2256,25.824348],[-80.226514,25.824044],[-80.226476,25.823812999999998],[-80.225994,25.823556999999997],[-80.225409,25.822979999999998],[-80.225426,25.822787999999996],[-80.22561100000001,25.822585],[-80.225717,25.822717999999995],[-80.226251,25.822972],[-80.226448,25.823259],[-80.226525,25.823702999999995],[-80.226677,25.823816000000004],[-80.227213,25.82387],[-80.227281,25.823800000000002],[-80.227196,25.823545999999997],[-80.227428,25.823475000000002],[-80.228012,25.823537],[-80.228312,25.823826999999998],[-80.228956,25.823993],[-80.229531,25.824372],[-80.229374,25.824734],[-80.229087,25.824777],[-80.22866,25.825105],[-80.228277,25.824863],[-80.228241,25.825381],[-80.228089,25.825467],[-80.227718,25.825439],[-80.227399,25.825516999999998],[-80.226901,25.825265]]],[[[-80.240241,25.825156000000003],[-80.240266,25.824785],[-80.23991,25.824764],[-80.239842,25.825158999999996],[-80.239238,25.825086],[-80.239266,25.825],[-80.239098,25.824773],[-80.238861,25.824718],[-80.238857,25.824532000000005],[-80.238641,25.824577000000005],[-80.23852500000001,25.824314999999995],[-80.238424,25.824472999999998],[-80.23839,25.824166000000005],[-80.23802,25.824102000000003],[-80.23826500000001,25.824031999999995],[-80.238112,25.824009],[-80.238174,25.823995],[-80.240611,25.823941000000005],[-80.24065149661071,25.824082248305395],[-80.240588,25.823996],[-80.240381,25.824090999999992],[-80.240012,25.824099],[-80.239589,25.824316999999997],[-80.240054,25.82458],[-80.240321,25.824593],[-80.240336,25.824841999999997],[-80.24058871580412,25.825037400531883],[-80.24056985213012,25.825154756534268],[-80.240404,25.825037],[-80.24035,25.825189000000005],[-80.240241,25.825156000000003]]],[[[-80.22471,25.826726999999998],[-80.225499,25.827378000000003],[-80.224897,25.827587999999995],[-80.224747,25.827923999999992],[-80.225107,25.828201999999997],[-80.225118,25.828323000000005],[-80.224674,25.828416999999998],[-80.224477,25.828198999999998],[-80.224599,25.827866000000007],[-80.224549,25.827656999999995],[-80.224144,25.827371000000003],[-80.22441,25.827129000000003],[-80.22458,25.826735999999997],[-80.22471,25.826726999999998]]],[[[-80.230435,25.829465],[-80.230117,25.829100999999998],[-80.229843,25.82907],[-80.229675,25.829187999999995],[-80.229328,25.829052000000004],[-80.229066,25.82879],[-80.229093,25.828674],[-80.229636,25.828599],[-80.229638,25.828486],[-80.229832,25.828297999999997],[-80.230179,25.828712999999997],[-80.230336,25.828669],[-80.230366,25.828428],[-80.231093,25.829352999999998],[-80.230739,25.829530999999996],[-80.230435,25.829465]]],[[[-80.213075,25.834305000000004],[-80.212478,25.833991000000008],[-80.21205000000002,25.833639999999995],[-80.212277,25.833453000000002],[-80.212478,25.833053],[-80.212777,25.833369999999995],[-80.213437,25.833637],[-80.213379,25.833923],[-80.213583,25.834194999999998],[-80.213075,25.834305000000004]]],[[[-80.218473,25.836113],[-80.218753,25.83579],[-80.218753,25.835425000000004],[-80.218553,25.834712],[-80.217939,25.834589],[-80.21777000000002,25.834217],[-80.217816,25.834105],[-80.218176,25.833884],[-80.218609,25.834010000000003],[-80.21863,25.833167],[-80.218863,25.833216],[-80.219137,25.83368099999999],[-80.219012,25.834492],[-80.219031,25.835465999999997],[-80.218914,25.835692],[-80.219133,25.836011999999997],[-80.219439,25.836025],[-80.21955100000001,25.836135999999996],[-80.219611,25.836588999999993],[-80.219426,25.836692999999997],[-80.218605,25.836418000000002],[-80.218473,25.836113]]],[[[-80.208352,25.829196],[-80.208549,25.829116000000003],[-80.208802,25.829170999999995],[-80.208657,25.828738000000005],[-80.208857,25.8282],[-80.209335,25.828669],[-80.209418,25.828949999999995],[-80.209298,25.829218],[-80.209459,25.829493999999993],[-80.209662,25.829252],[-80.209582,25.829047999999997],[-80.209692,25.828878],[-80.209503,25.828557999999997],[-80.209262,25.82839600000001],[-80.209455,25.828118],[-80.209778,25.828354],[-80.210291,25.828332],[-80.2108,25.828156999999997],[-80.210815,25.827846],[-80.2105,25.82705],[-80.2107,25.826724000000002],[-80.210975,25.826825],[-80.211296,25.826812],[-80.211532,25.82732899999999],[-80.21187600000002,25.827498],[-80.212162,25.827267999999997],[-80.21221,25.826963],[-80.212287,25.827305999999997],[-80.212513,25.827476999999995],[-80.213025,25.827447],[-80.213727,25.827581999999996],[-80.213379,25.827816999999996],[-80.21328,25.828139999999998],[-80.213901,25.828293000000002],[-80.214329,25.828071999999995],[-80.214508,25.828430999999995],[-80.214887,25.828662999999995],[-80.214997,25.828456],[-80.215552,25.828682999999998],[-80.21614,25.828692000000004],[-80.21646,25.828067999999995],[-80.21661,25.828437],[-80.217037,25.828747],[-80.217373,25.828719],[-80.217671,25.828901],[-80.21827,25.829000999999998],[-80.218585,25.828860999999996],[-80.218753,25.828950999999993],[-80.218753,25.829171000000002],[-80.218973,25.82953399999999],[-80.219496,25.829906],[-80.219791,25.829847000000008],[-80.219859,25.830105],[-80.220387,25.830833],[-80.220689,25.830796],[-80.220984,25.831101],[-80.221307,25.831222000000004],[-80.221513,25.832231999999998],[-80.221375,25.832385],[-80.221424,25.832583999999994],[-80.221901,25.833128999999996],[-80.222208,25.832863999999994],[-80.222328,25.83312799999999],[-80.222259,25.833428],[-80.222419,25.833971],[-80.222978,25.834238],[-80.223106,25.834395],[-80.223218,25.835339],[-80.223182,25.835895],[-80.223401,25.836441999999998],[-80.223694,25.836725999999995],[-80.223693,25.836986999999997],[-80.223822,25.837239],[-80.224295,25.83759699999999],[-80.224594,25.837984999999996],[-80.224915,25.838097],[-80.22527,25.838442],[-80.22543,25.839152],[-80.225405,25.840492999999995],[-80.225063,25.840459],[-80.224881,25.840733999999994],[-80.224275,25.840628999999996],[-80.223673,25.840769],[-80.223603,25.84051699999999],[-80.223844,25.840419000000004],[-80.223974,25.840034],[-80.223693,25.839679000000004],[-80.223588,25.839676],[-80.223507,25.839890000000004],[-80.223071,25.839541999999998],[-80.22159,25.838932999999994],[-80.221519,25.838633000000005],[-80.220344,25.837916999999997],[-80.220275,25.837795],[-80.220376,25.837526000000004],[-80.220137,25.836698],[-80.220308,25.835901],[-80.220155,25.835056999999995],[-80.219947,25.834784999999997],[-80.220186,25.834616],[-80.220186,25.834518999999997],[-80.219309,25.833942],[-80.219193,25.833675],[-80.219354,25.833401],[-80.219164,25.833100999999992],[-80.21825100000001,25.833078999999994],[-80.217925,25.832923999999995],[-80.21763900000002,25.833014999999993],[-80.217285,25.832575],[-80.217018,25.83251],[-80.217024,25.832859000000003],[-80.217439,25.833114999999996],[-80.217664,25.833399999999994],[-80.217508,25.833813],[-80.217327,25.833806000000003],[-80.217045,25.833723999999997],[-80.216629,25.833368999999994],[-80.216147,25.832737000000005],[-80.215829,25.832668999999996],[-80.215505,25.832466],[-80.215439,25.832841999999996],[-80.215507,25.833094000000006],[-80.21527,25.833162999999995],[-80.215249,25.833393000000004],[-80.21499400000002,25.833640999999997],[-80.214944,25.833898999999995],[-80.215193,25.834121000000003],[-80.215504,25.834244000000005],[-80.215516,25.834498],[-80.215303,25.834741000000005],[-80.215502,25.835029999999996],[-80.215433,25.835302],[-80.215187,25.835531999999997],[-80.214722,25.835687999999998],[-80.214745,25.836014999999996],[-80.214289,25.836136000000003],[-80.213979,25.83612299999999],[-80.213832,25.836528999999988],[-80.213701,25.836589999999998],[-80.213432,25.836457999999993],[-80.213566,25.837123],[-80.21328,25.837148],[-80.213158,25.837318999999997],[-80.21306,25.838354000000002],[-80.213085,25.838592],[-80.213342,25.839083999999996],[-80.213636,25.839194999999993],[-80.214337,25.839232999999997],[-80.214558,25.839128],[-80.214923,25.839193],[-80.215109,25.839084],[-80.215132,25.838809000000005],[-80.215427,25.838745],[-80.21577600000002,25.8388],[-80.215882,25.839259],[-80.215824,25.839429999999997],[-80.216077,25.839550999999997],[-80.216191,25.839772],[-80.215893,25.839818],[-80.215792,25.840288999999995],[-80.21544,25.840076],[-80.215057,25.84017499999999],[-80.215122,25.84049999999999],[-80.214084,25.840351],[-80.213938,25.840507],[-80.213674,25.840560999999994],[-80.213581,25.840801],[-80.213332,25.841032999999996],[-80.21303,25.840922000000003],[-80.21266000000001,25.841003],[-80.212119,25.84088],[-80.211714,25.841062],[-80.211867,25.841246999999996],[-80.211637,25.841253999999996],[-80.21092,25.840927],[-80.21065,25.840485],[-80.210474,25.84037899999999],[-80.210405,25.840773000000002],[-80.210295,25.840855999999995],[-80.210194,25.840804999999996],[-80.209907,25.840227999999996],[-80.209389,25.839917999999997],[-80.208915,25.840086999999997],[-80.208255,25.840011999999998],[-80.208332,25.840773],[-80.208151,25.840930999999998],[-80.20774,25.840930999999998],[-80.207485,25.841309999999996],[-80.206575,25.841313],[-80.20663700000001,25.841038999999995],[-80.206242,25.84094],[-80.206167,25.841032000000002],[-80.206216,25.841210999999994],[-80.20546600000002,25.841336],[-80.205618,25.841834],[-80.205733,25.841936000000004],[-80.205713,25.842814999999998],[-80.205157,25.842928999999998],[-80.204697,25.842827999999997],[-80.204541,25.842976999999994],[-80.204569,25.843226999999995],[-80.20511600000002,25.843638999999992],[-80.205321,25.843983],[-80.2051,25.843982999999998],[-80.204812,25.843797999999996],[-80.204753,25.843495999999995],[-80.204495,25.843258],[-80.204189,25.843417999999993],[-80.203747,25.843359999999993],[-80.203829,25.843495999999995],[-80.203754,25.843737999999995],[-80.203571,25.843865],[-80.203276,25.843491999999998],[-80.203523,25.843211],[-80.20336,25.842673999999995],[-80.203467,25.842311],[-80.203626,25.842144000000005],[-80.203546,25.841843999999995],[-80.203306,25.841525999999995],[-80.202965,25.841371999999996],[-80.202311,25.841507],[-80.200357,25.841641],[-80.200222,25.841558999999993],[-80.200204,25.841282000000003],[-80.19994,25.840981],[-80.200473,25.840617999999996],[-80.200463,25.840228],[-80.200289,25.839643999999996],[-80.200378,25.839445999999995],[-80.200575,25.839354],[-80.20088,25.839608],[-80.201146,25.839591000000002],[-80.201104,25.839353000000003],[-80.201208,25.838803999999996],[-80.201106,25.837974999999997],[-80.201495,25.837668],[-80.201786,25.837681999999994],[-80.201825,25.837448],[-80.202136,25.83722699999999],[-80.202313,25.83677],[-80.202461,25.836625],[-80.202424,25.836322],[-80.202835,25.835913],[-80.203129,25.835801],[-80.203232,25.835416],[-80.203627,25.835181999999993],[-80.203709,25.834971],[-80.203583,25.834655999999995],[-80.203653,25.834159999999997],[-80.203812,25.834011999999994],[-80.203858,25.833747999999996],[-80.203679,25.833059999999996],[-80.203886,25.832953999999994],[-80.204051,25.832588],[-80.204034,25.832216],[-80.204186,25.832121],[-80.205017,25.832221999999994],[-80.204937,25.832285],[-80.205129,25.832730999999995],[-80.204681,25.833137000000004],[-80.20481,25.833328000000005],[-80.204833,25.833828],[-80.204757,25.833883999999998],[-80.205178,25.834417999999996],[-80.20541,25.834368],[-80.205474,25.834066],[-80.205529,25.83579399999999],[-80.20561,25.835936999999998],[-80.205491,25.836074999999997],[-80.205781,25.836352],[-80.205753,25.8371],[-80.205559,25.836868999999997],[-80.205544,25.836339],[-80.205376,25.835801],[-80.205165,25.83557],[-80.204968,25.835622000000004],[-80.204957,25.835821000000003],[-80.20543,25.836391],[-80.205356,25.836581000000002],[-80.204824,25.836550999999993],[-80.20474,25.837447000000004],[-80.204848,25.837696],[-80.205073,25.837679999999988],[-80.205069,25.837405000000004],[-80.205159,25.837338],[-80.205352,25.837622999999997],[-80.20533,25.837724999999992],[-80.205451,25.837775],[-80.205487,25.838000999999995],[-80.205424,25.838094999999996],[-80.205143,25.837783],[-80.204884,25.837748000000005],[-80.204711,25.837996000000008],[-80.204974,25.838286999999998],[-80.205388,25.838554000000002],[-80.205509,25.838831],[-80.205736,25.839021999999996],[-80.206051,25.839166999999996],[-80.206356,25.839111],[-80.206671,25.839484],[-80.207033,25.839447999999997],[-80.20692,25.839109999999998],[-80.207106,25.838942999999997],[-80.20709,25.838372999999997],[-80.206672,25.837738999999996],[-80.206446,25.836988999999992],[-80.206671,25.836964999999996],[-80.206887,25.837086],[-80.206914,25.836897999999998],[-80.20672,25.836631999999998],[-80.20676,25.836438999999995],[-80.207428,25.836794],[-80.20752,25.836565999999994],[-80.207287,25.835961999999995],[-80.206984,25.835822],[-80.206685,25.835988999999994],[-80.206522,25.835951],[-80.206475,25.836099999999995],[-80.206629,25.836579],[-80.206367,25.836508999999992],[-80.206372,25.835516999999996],[-80.20694000000002,25.834715],[-80.206663,25.834491000000003],[-80.206689,25.834219],[-80.207017,25.834692000000004],[-80.207276,25.834875],[-80.207501,25.834898999999997],[-80.207487,25.834697999999996],[-80.207603,25.834659999999996],[-80.20772,25.83482299999999],[-80.207704,25.834989],[-80.208053,25.835290999999998],[-80.208081,25.835432],[-80.207906,25.835457],[-80.207293,25.83526],[-80.207129,25.835559],[-80.207289,25.835702999999995],[-80.207404,25.835623999999996],[-80.208204,25.835749999999997],[-80.208277,25.836094000000003],[-80.208747,25.83658],[-80.208813,25.836916999999996],[-80.209118,25.837136000000005],[-80.20928,25.837084],[-80.20932,25.836829],[-80.20935,25.83637299999999],[-80.209217,25.836083],[-80.209285,25.835735000000003],[-80.210177,25.83554699999999],[-80.210111,25.835085999999997],[-80.210347,25.834995999999997],[-80.210168,25.834577999999997],[-80.2105,25.834318],[-80.210469,25.83373899999999],[-80.210653,25.833497999999995],[-80.211037,25.833633],[-80.210749,25.833729],[-80.210846,25.834182999999992],[-80.211165,25.834467999999998],[-80.211083,25.834577],[-80.210777,25.834604000000002],[-80.210933,25.834854],[-80.211145,25.834916999999997],[-80.212151,25.834951],[-80.212496,25.834764],[-80.213801,25.834853999999996],[-80.213941,25.834739],[-80.213972,25.834491999999997],[-80.213785,25.834198000000004],[-80.213998,25.833969999999994],[-80.214304,25.833936999999995],[-80.214466,25.833801],[-80.214294,25.833302999999997],[-80.213654,25.832983000000002],[-80.213312,25.833023000000004],[-80.213198,25.833185],[-80.21309,25.833187],[-80.212793,25.832831999999996],[-80.213404,25.832597],[-80.213836,25.832672],[-80.21406,25.83261299999999],[-80.213995,25.832411999999998],[-80.21365700000001,25.832251999999997],[-80.213815,25.832096000000003],[-80.213641,25.831713999999995],[-80.213308,25.831636999999997],[-80.213299,25.83194],[-80.213091,25.831942000000005],[-80.21278700000002,25.831805999999997],[-80.212498,25.831842999999992],[-80.211872,25.831629000000003],[-80.21157100000002,25.831320999999996],[-80.211099,25.831253000000004],[-80.210866,25.831431],[-80.210647,25.831474000000004],[-80.208407,25.830755],[-80.208352,25.829196]],[[-80.209082,25.839229000000003],[-80.20943,25.839676999999995],[-80.209688,25.839833000000002],[-80.209826,25.839793999999998],[-80.209887,25.839659999999995],[-80.20932300000001,25.839133999999998],[-80.209294,25.838844999999992],[-80.208698,25.838285],[-80.208193,25.838128],[-80.20788,25.83880999999999],[-80.207545,25.838534],[-80.207576,25.838663999999994],[-80.207812,25.838834999999996],[-80.207675,25.838933],[-80.207881,25.839566],[-80.208183,25.839633999999997],[-80.208625,25.839532999999992],[-80.20861,25.839233999999998],[-80.208791,25.839320999999998],[-80.209082,25.839229000000003]]],[[[-80.2332280103869,25.839107979299072],[-80.233072,25.838914999999997],[-80.233229652266,25.83889012519683],[-80.2332280103869,25.839107979299072]]],[[[-80.220709,25.842391999999993],[-80.220969,25.841974000000004],[-80.221043,25.841657999999995],[-80.221567,25.841415999999995],[-80.221869,25.841407],[-80.2225,25.841167],[-80.223077,25.84141],[-80.223396,25.841206],[-80.223503,25.840972000000004],[-80.223665,25.840889],[-80.22427200000001,25.841073],[-80.224555,25.84096699999999],[-80.224885,25.841002],[-80.225294,25.841411],[-80.225357,25.841947],[-80.225184,25.842267],[-80.224879,25.842163],[-80.224488,25.842162000000002],[-80.223767,25.842306],[-80.223669,25.842535999999992],[-80.222745,25.842351999999995],[-80.22258500000001,25.842511],[-80.222763,25.84267399999999],[-80.22305400000002,25.84273],[-80.223055,25.842807],[-80.222755,25.842900000000004],[-80.222445,25.842660999999996],[-80.221925,25.842787999999995],[-80.22154300000001,25.843009],[-80.221202,25.843020999999997],[-80.221247,25.843110000000003],[-80.221523,25.84315],[-80.221556,25.843339],[-80.221317,25.843400999999997],[-80.221182,25.843547],[-80.22073,25.843319000000005],[-80.220595,25.843030999999996],[-80.22082,25.842936],[-80.220709,25.842391999999993]]],[[[-80.228804,25.845481],[-80.228521,25.845554999999997],[-80.22854668433057,25.84570792470821],[-80.2275771342692,25.846031610114327],[-80.227373,25.84508],[-80.227575,25.844149000000005],[-80.227406,25.843165000000003],[-80.227449,25.842788],[-80.227006,25.842288999999994],[-80.226695,25.842116],[-80.225975,25.841405000000005],[-80.22552,25.841135],[-80.226089,25.841023],[-80.226609,25.841133],[-80.226959,25.841434],[-80.227348,25.841609],[-80.228257,25.842523999999994],[-80.229585,25.842707000000004],[-80.229793,25.842577999999996],[-80.230341,25.842611999999992],[-80.23066,25.842965999999997],[-80.230991,25.842836999999996],[-80.231091,25.842663999999996],[-80.23134,25.842607],[-80.23157,25.841815999999998],[-80.231874,25.842101999999997],[-80.232025,25.841859000000003],[-80.232274,25.841800000000003],[-80.23219,25.841626],[-80.231878,25.841582],[-80.231651,25.841447000000002],[-80.231867,25.841169],[-80.232188,25.84118399999999],[-80.232487,25.841384],[-80.23282726347897,25.84138983418122],[-80.23206398793866,25.84289913991885],[-80.23111585115646,25.844033203269955],[-80.22994054835226,25.84497719945222],[-80.22893964531923,25.845527053385293],[-80.228804,25.845481]]],[[[-80.209325,25.848801999999996],[-80.208459,25.849055],[-80.208404,25.849286999999993],[-80.208347,25.848099999999995],[-80.208434,25.847146999999996],[-80.208737,25.847200999999995],[-80.20893400000001,25.847394999999995],[-80.208873,25.847771999999996],[-80.208581,25.847791999999995],[-80.2086,25.848191000000003],[-80.208734,25.84837200000001],[-80.209035,25.848410000000005],[-80.209197,25.848339999999997],[-80.209151,25.847671000000002],[-80.209215,25.847505999999996],[-80.209325,25.848801999999996]]],[[[-80.21299137430188,25.852580939431885],[-80.212681,25.852261000000002],[-80.21234,25.852119000000005],[-80.211892,25.852189999999997],[-80.211753,25.852382999999996],[-80.21084400000001,25.852062999999994],[-80.212676,25.851976000000004],[-80.213061,25.851898999999996],[-80.213271,25.851758],[-80.213562,25.851856],[-80.213737,25.851128],[-80.21445067902758,25.851075495162593],[-80.21360839011831,25.852050804586835],[-80.21299137430188,25.852580939431885]]],[[[-80.21273741544651,25.852763533631645],[-80.212398,25.852665000000005],[-80.212345,25.852784],[-80.212294,25.852579000000002],[-80.212657,25.852492],[-80.21286595617892,25.852671114095337],[-80.21273741544651,25.852763533631645]]],[[[-80.211404,25.853477999999996],[-80.210526,25.85337],[-80.210465,25.853156999999996],[-80.210211,25.852881999999997],[-80.21022,25.852621999999993],[-80.210521,25.852814],[-80.210917,25.852875999999995],[-80.210976,25.853149999999992],[-80.211134,25.853330999999997],[-80.211291,25.853311],[-80.211282,25.853036],[-80.211424,25.852938999999996],[-80.211717,25.853166999999992],[-80.21204,25.853045999999996],[-80.21216785699767,25.85313588808515],[-80.211404,25.853477999999996]]],[[[-80.209913,25.853989],[-80.209888,25.85339],[-80.210093,25.853332],[-80.210507,25.853469],[-80.21070566800569,25.85382114142163],[-80.21006434320844,25.854021130295042],[-80.209913,25.853989]]],[[[-80.205487,25.766901],[-80.20527,25.766810999999997],[-80.205287,25.766504],[-80.205008,25.766234],[-80.204968,25.765775999999995],[-80.204845,25.765654999999995],[-80.204304,25.765529],[-80.20408000000002,25.765663],[-80.203942,25.765607999999993],[-80.203754,25.765677],[-80.20385,25.765842999999997],[-80.203468,25.765881],[-80.203224,25.766069],[-80.203422,25.765822],[-80.203396,25.765429],[-80.203257,25.765311],[-80.20265,25.76523299999999],[-80.20278200000001,25.765126000000002],[-80.202648,25.764752999999995],[-80.202752,25.764746000000002],[-80.20281900000002,25.765089000000003],[-80.202953,25.765046],[-80.20307,25.764486],[-80.202946,25.764343],[-80.203138,25.764325],[-80.203117,25.764149],[-80.203339,25.764076],[-80.203458,25.763910999999997],[-80.203316,25.763568000000003],[-80.203352,25.763378000000003],[-80.202708,25.763279],[-80.20272,25.763072],[-80.20286600000001,25.763156999999996],[-80.203259,25.763046],[-80.203351,25.762788],[-80.203542,25.76264],[-80.203461,25.762599],[-80.203105,25.762774],[-80.203238,25.762589000000002],[-80.203553,25.762485],[-80.203646,25.762332999999998],[-80.20397,25.762525],[-80.203979,25.762412999999995],[-80.203798,25.76229],[-80.203983,25.762103999999997],[-80.204046,25.762152999999998],[-80.203987,25.762324999999997],[-80.2042,25.762414999999997],[-80.204156,25.762500999999997],[-80.204273,25.762609],[-80.204242,25.762712000000004],[-80.204228,25.762585999999995],[-80.204125,25.762610000000006],[-80.204146,25.762775999999995],[-80.204362,25.763002],[-80.204781,25.763068],[-80.205155,25.763005],[-80.205217,25.762934000000005],[-80.205063,25.762852],[-80.204994,25.76270999999999],[-80.205049,25.762611999999997],[-80.205229,25.762818],[-80.205162,25.762888000000007],[-80.205465,25.763011000000002],[-80.205632,25.76279],[-80.205915,25.762651],[-80.205997,25.762781000000004],[-80.205739,25.762968],[-80.205811,25.763076999999996],[-80.206433,25.763120000000004],[-80.206321,25.763195],[-80.205834,25.763201],[-80.20571,25.763305],[-80.205785,25.763528999999995],[-80.205975,25.763557999999996],[-80.20607600000001,25.763677],[-80.206148,25.763958999999993],[-80.206524,25.76413399999999],[-80.206091,25.764218],[-80.20611,25.764503],[-80.205931,25.764726000000003],[-80.206169,25.765076000000004],[-80.206011,25.765298],[-80.206106,25.765459999999994],[-80.205911,25.765662999999996],[-80.205927,25.765909999999995],[-80.205774,25.76605],[-80.205944,25.766052],[-80.205924,25.766875999999996],[-80.206059,25.767028],[-80.205862,25.767270999999997],[-80.205712,25.767304999999997],[-80.205294,25.767037],[-80.205281,25.766961],[-80.205487,25.766901]]],[[[-80.20533700000001,25.789009000000004],[-80.205075,25.78891099999999],[-80.204908,25.788994000000002],[-80.204732,25.788929999999997],[-80.204439,25.78836],[-80.205178,25.788324999999993],[-80.205761,25.788487],[-80.2058,25.788790000000002],[-80.205971,25.788782],[-80.205904,25.789078999999997],[-80.205981,25.789200000000005],[-80.205869,25.789198999999996],[-80.205824,25.789016999999998],[-80.20533700000001,25.789009000000004]]],[[[-80.20535,25.790096],[-80.204961,25.789465000000003],[-80.205065,25.789368999999997],[-80.205661,25.789419],[-80.20535,25.790096]]],[[[-80.204221,25.790057000000004],[-80.203752,25.789664999999996],[-80.203567,25.789527],[-80.203438,25.789541],[-80.203146,25.789261],[-80.203689,25.789196999999994],[-80.204058,25.789435000000005],[-80.204543,25.790102999999995],[-80.204507,25.790285000000004],[-80.204415,25.790351000000005],[-80.204201,25.79031],[-80.204221,25.790057000000004]]],[[[-80.199262,25.792334],[-80.199456,25.792105000000003],[-80.19970100000002,25.792089999999998],[-80.199941,25.791681999999998],[-80.200204,25.7917],[-80.200248,25.791992],[-80.200355,25.792104999999996],[-80.200241,25.792108000000006],[-80.20022900000001,25.792392],[-80.19971,25.792585000000003],[-80.19966400000001,25.792989999999996],[-80.199332,25.793326],[-80.19913,25.793191],[-80.199146,25.792678],[-80.199262,25.792334]]],[[[-80.201945,25.794309999999996],[-80.201516,25.793845000000005],[-80.201599,25.793517000000005],[-80.201504,25.793408000000003],[-80.202215,25.793354],[-80.202232,25.793223999999988],[-80.202006,25.793130999999995],[-80.202209,25.792963999999998],[-80.202449,25.792926999999995],[-80.202538,25.793226999999998],[-80.202644,25.793216],[-80.202624,25.793120999999992],[-80.20272,25.793059],[-80.202624,25.792872000000003],[-80.20246,25.792811999999998],[-80.202622,25.792614999999994],[-80.202421,25.792461],[-80.202547,25.792318999999996],[-80.202641,25.791851],[-80.202534,25.791885],[-80.202218,25.791755999999996],[-80.202155,25.791813999999995],[-80.201956,25.791720999999995],[-80.202066,25.791597999999993],[-80.202734,25.79146799999999],[-80.202837,25.791366999999997],[-80.20284,25.791524000000003],[-80.202933,25.791561],[-80.20351,25.791475000000002],[-80.203613,25.791540999999995],[-80.203926,25.791520999999996],[-80.203939,25.791065000000003],[-80.204302,25.791515999999998],[-80.20456300000001,25.791411999999998],[-80.20503200000002,25.791405000000005],[-80.205328,25.791531999999997],[-80.205168,25.791673999999997],[-80.204966,25.791617000000002],[-80.204726,25.791731999999993],[-80.204664,25.791624],[-80.204492,25.791655999999996],[-80.204382,25.79181],[-80.204889,25.792725999999995],[-80.204954,25.793203],[-80.204855,25.793156],[-80.20455300000002,25.793380999999997],[-80.204275,25.793435000000002],[-80.204322,25.793548999999995],[-80.203795,25.793758999999994],[-80.203742,25.793885000000003],[-80.203336,25.793820999999998],[-80.203332,25.794061],[-80.202916,25.794118999999995],[-80.202879,25.794295],[-80.202719,25.794082],[-80.202603,25.794106999999993],[-80.202523,25.794372999999997],[-80.202355,25.794345999999994],[-80.202236,25.794209000000002],[-80.202061,25.794394000000004],[-80.202065,25.794320999999997],[-80.201945,25.794309999999996]]],[[[-80.202584,25.805594999999997],[-80.202667,25.80550599999999],[-80.203153,25.805482999999995],[-80.203129,25.804940999999996],[-80.202672,25.805375],[-80.202648,25.805201],[-80.202856,25.804923999999996],[-80.203155,25.804836],[-80.203089,25.80469],[-80.202953,25.804669],[-80.203416,25.804647],[-80.203404,25.804163999999997],[-80.203436,25.804355999999995],[-80.203496,25.804149],[-80.203415,25.803948],[-80.203534,25.803758999999992],[-80.203435,25.803646000000004],[-80.203765,25.803487999999994],[-80.203843,25.803269],[-80.204052,25.803141],[-80.204158,25.802867999999997],[-80.204016,25.802782],[-80.204046,25.802591000000003],[-80.204177,25.802438999999996],[-80.204506,25.802348999999992],[-80.204667,25.802139],[-80.204822,25.802335],[-80.204966,25.802272],[-80.205069,25.801819999999992],[-80.205258,25.801892999999996],[-80.205284,25.801609999999997],[-80.205362,25.803282999999993],[-80.205409,25.803505999999995],[-80.20559500000002,25.803674],[-80.205396,25.803915],[-80.205412,25.805449000000003],[-80.205346,25.805467999999998],[-80.205203,25.805238999999997],[-80.205312,25.805147000000005],[-80.205215,25.805108],[-80.205136,25.804738999999998],[-80.204862,25.804908999999995],[-80.20499500000001,25.805073],[-80.204919,25.805183999999997],[-80.20476,25.805077999999995],[-80.204685,25.805275000000005],[-80.204787,25.805369999999996],[-80.20438,25.805426999999998],[-80.20428,25.805605999999997],[-80.204078,25.805546999999997],[-80.203978,25.805628999999996],[-80.20391,25.805473999999997],[-80.203754,25.805398999999994],[-80.203701,25.805081999999995],[-80.203544,25.80485699999999],[-80.203453,25.804940999999992],[-80.203449,25.805217999999996],[-80.203479,25.805495],[-80.20360100000002,25.805618999999993],[-80.203504,25.805708],[-80.203478,25.806151999999997],[-80.203417,25.80620899999999],[-80.20336,25.805733],[-80.20323,25.80583199999999],[-80.203194,25.806161999999993],[-80.202969,25.805835],[-80.203112,25.805748],[-80.20308500000002,25.805681],[-80.202808,25.805671000000004],[-80.202947,25.805913999999994],[-80.202825,25.806053],[-80.20291,25.806202],[-80.202894,25.806328999999998],[-80.202584,25.805594999999997]]],[[[-80.200896,25.809440999999996],[-80.201109,25.80933],[-80.201025,25.809150999999996],[-80.201216,25.808966999999992],[-80.201234,25.808369],[-80.201361,25.808201000000004],[-80.201463,25.808314999999997],[-80.201687,25.808283999999997],[-80.201598,25.808002000000002],[-80.201753,25.807820000000003],[-80.201815,25.80753899999999],[-80.201947,25.807588000000003],[-80.201876,25.807385999999994],[-80.202183,25.807324999999988],[-80.202029,25.807129999999997],[-80.202193,25.806904],[-80.202284,25.807011000000003],[-80.202584,25.806813],[-80.202815,25.806990000000003],[-80.202855,25.806937],[-80.202806,25.806784999999998],[-80.202516,25.806585],[-80.202283,25.806651999999996],[-80.201926,25.806569999999997],[-80.202202,25.806362],[-80.202282,25.806126999999996],[-80.202599,25.806001000000002],[-80.202733,25.806445],[-80.203212,25.806404000000004],[-80.203179,25.806568999999993],[-80.203015,25.806599],[-80.203241,25.806723999999996],[-80.203359,25.806957],[-80.203324,25.807037999999995],[-80.202994,25.807106999999995],[-80.203,25.807345999999995],[-80.203222,25.807360000000003],[-80.203234,25.807128999999993],[-80.203344,25.807092],[-80.203312,25.80721],[-80.20342900000001,25.807162],[-80.203465,25.806934],[-80.203587,25.806872999999992],[-80.203663,25.807000000000002],[-80.203525,25.807173999999993],[-80.203668,25.807327],[-80.20385,25.807199],[-80.203971,25.807225999999996],[-80.204149,25.807031],[-80.204321,25.806993],[-80.204301,25.806922],[-80.205057,25.806903],[-80.205152,25.806672999999993],[-80.205042,25.80655],[-80.203697,25.806518],[-80.203618,25.806446999999995],[-80.204998,25.806255],[-80.205092,25.805962000000005],[-80.205256,25.806127],[-80.205267,25.805740000000004],[-80.205324,25.805649],[-80.205388,25.805680999999996],[-80.205493,25.806241000000004],[-80.205686,25.806449999999998],[-80.205459,25.806600000000003],[-80.205462,25.808241],[-80.2052,25.808477000000003],[-80.20442400000002,25.808501000000003],[-80.204254,25.808587999999997],[-80.203982,25.808506],[-80.203964,25.808429999999998],[-80.203891,25.808493999999996],[-80.203682,25.808308999999998],[-80.203989,25.808236000000004],[-80.204024,25.808126999999995],[-80.20418,25.808213999999996],[-80.204131,25.807959000000004],[-80.203846,25.807776],[-80.20372,25.807542000000005],[-80.203561,25.807519],[-80.203441,25.807938999999998],[-80.203334,25.808],[-80.203164,25.807877000000005],[-80.203226,25.80778599999999],[-80.203353,25.807822999999992],[-80.203338,25.807691],[-80.203245,25.80771],[-80.203239,25.807532],[-80.202927,25.807494],[-80.20295,25.807657999999996],[-80.202835,25.807672999999998],[-80.202783,25.807538999999995],[-80.202463,25.80793599999999],[-80.20256,25.808103999999993],[-80.202402,25.808301999999998],[-80.203032,25.808245],[-80.203217,25.808393],[-80.202983,25.808321999999997],[-80.202761,25.808445000000003],[-80.202615,25.808413999999996],[-80.202383,25.808677],[-80.202397,25.808566999999993],[-80.20227,25.808536000000004],[-80.202445,25.80891],[-80.202374,25.809198],[-80.202568,25.809233999999996],[-80.201486,25.809289999999997],[-80.201186,25.809456],[-80.200896,25.809440999999996]]],[[[-80.202355,25.830066999999996],[-80.202121,25.830280999999996],[-80.201591,25.830318],[-80.201506,25.830538999999998],[-80.201154,25.830742999999995],[-80.200671,25.83082],[-80.200329,25.831057],[-80.200234,25.8309],[-80.199504,25.831333],[-80.199431,25.831729000000003],[-80.199241,25.831761999999998],[-80.199131,25.832164],[-80.19892500000002,25.832313000000003],[-80.199108,25.83269599999999],[-80.199712,25.832896000000005],[-80.200239,25.833314999999995],[-80.200549,25.833857],[-80.20087,25.834120000000006],[-80.200524,25.834337999999995],[-80.200775,25.835387],[-80.200712,25.835767],[-80.200787,25.836094000000003],[-80.20061,25.836249999999996],[-80.199985,25.836328999999996],[-80.200089,25.836683999999995],[-80.1999,25.837635999999996],[-80.199926,25.839117999999996],[-80.199808,25.83945],[-80.199357,25.83961],[-80.198856,25.839617999999998],[-80.198701,25.839860999999996],[-80.198739,25.84016099999999],[-80.198195,25.840207999999997],[-80.198158,25.840459000000003],[-80.197906,25.840504],[-80.19694,25.840159999999997],[-80.196618,25.839899000000003],[-80.196156,25.839754999999993],[-80.195888,25.839754],[-80.19571500000002,25.839946999999995],[-80.195477,25.839873],[-80.195114,25.839588],[-80.194786,25.839684999999992],[-80.19468,25.839579999999994],[-80.194724,25.838769000000003],[-80.194798,25.838491000000005],[-80.195003,25.838378999999996],[-80.195114,25.838077],[-80.195183,25.838229999999992],[-80.195758,25.838558000000003],[-80.19592,25.838409999999993],[-80.196307,25.838487],[-80.196459,25.838358999999997],[-80.196621,25.83837099999999],[-80.196927,25.838786],[-80.197227,25.839006],[-80.197338,25.838870999999997],[-80.197664,25.838894999999997],[-80.198025,25.838700000000003],[-80.198451,25.838877],[-80.19867,25.838775000000002],[-80.19866900000001,25.838504999999998],[-80.198387,25.838226],[-80.197921,25.837477999999994],[-80.198161,25.837508999999994],[-80.198548,25.837226999999995],[-80.19849500000001,25.836863],[-80.198162,25.836794999999995],[-80.197782,25.83658700000001],[-80.197445,25.835928],[-80.197561,25.835949],[-80.197718,25.835767999999998],[-80.197669,25.835582],[-80.197872,25.835668999999996],[-80.198166,25.834941999999998],[-80.197862,25.834697],[-80.197565,25.83477999999999],[-80.197558,25.834378],[-80.197776,25.834294],[-80.197877,25.834139],[-80.198179,25.834351000000005],[-80.19847,25.834366000000003],[-80.198281,25.834109000000005],[-80.198372,25.833465],[-80.198202,25.833116],[-80.19784,25.832959000000002],[-80.197334,25.832951],[-80.197122,25.833109],[-80.196659,25.833742],[-80.196414,25.833876],[-80.196354,25.834080999999998],[-80.196075,25.834384999999994],[-80.195828,25.834448],[-80.19574,25.834563999999997],[-80.195276,25.834533000000004],[-80.195015,25.834651],[-80.198916,25.831588000000004],[-80.201396,25.83015599999999],[-80.202206,25.830028],[-80.202355,25.830066999999996]]],[[[-80.209143,25.846662999999996],[-80.208815,25.846651999999995],[-80.208433,25.846507999999993],[-80.20833,25.846725],[-80.20813,25.846665],[-80.208062,25.845451999999998],[-80.207818,25.845153],[-80.207796,25.84488899999999],[-80.207524,25.844607000000003],[-80.207403,25.843976999999995],[-80.207526,25.843866999999996],[-80.207963,25.844064999999997],[-80.208236,25.844334],[-80.208339,25.845444999999998],[-80.208753,25.846380999999997],[-80.208913,25.846431000000006],[-80.20889700000001,25.846282999999996],[-80.209113,25.845902],[-80.209143,25.846662999999996]]],[[[-80.206116,25.846344],[-80.205741,25.845712],[-80.205804,25.845157000000004],[-80.205717,25.844686000000003],[-80.205401,25.844630999999996],[-80.205195,25.844326999999993],[-80.205186,25.844113],[-80.205422,25.844133000000003],[-80.20571,25.844533],[-80.205791,25.844357999999996],[-80.205754,25.844089000000004],[-80.206011,25.843978000000003],[-80.206319,25.844302999999996],[-80.206359,25.844606999999996],[-80.206621,25.844852999999997],[-80.206673,25.845159000000002],[-80.206961,25.845434],[-80.206916,25.846551000000005],[-80.206578,25.8465],[-80.206304,25.846892],[-80.206116,25.846344]]],[[[-80.20811300000001,25.851842],[-80.207784,25.852048000000003],[-80.20772,25.851764],[-80.207792,25.851490999999996],[-80.208088,25.851669],[-80.208146,25.851543],[-80.208397,25.851647],[-80.208542,25.852048000000003],[-80.208815,25.852322],[-80.208635,25.852825],[-80.208846,25.853166],[-80.208759,25.853436],[-80.209158,25.853705],[-80.209054,25.853762000000003],[-80.209159,25.853983],[-80.209005,25.85408],[-80.20867400000002,25.854102],[-80.208255,25.853710000000003],[-80.208265,25.852324000000003],[-80.20811300000001,25.851842]]],[[[-80.181963,25.747418000000003],[-80.18145414899253,25.74745838498297],[-80.1813919593433,25.746627956566993],[-80.181963,25.747418000000003]]],[[[-80.15231301557561,25.808891676917632],[-80.156751,25.808753999999997],[-80.158008,25.808784],[-80.1613,25.809083],[-80.165316,25.809162],[-80.168714,25.809087999999996],[-80.171702,25.809187999999995],[-80.173591,25.809106999999997],[-80.175539,25.810397999999992],[-80.175783,25.810664999999993],[-80.17380100000001,25.812119999999997],[-80.172291,25.812147999999997],[-80.169615,25.812043],[-80.168787,25.812104],[-80.160656,25.812051],[-80.159328,25.812542],[-80.157486,25.812632999999995],[-80.156704,25.812808000000004],[-80.156123,25.812833999999995],[-80.155301,25.81259899999999],[-80.154702,25.812177000000002],[-80.154311,25.812033999999993],[-80.152543,25.812068],[-80.15204688591227,25.81200565596985],[-80.1519824101914,25.810623057089423],[-80.15221573092705,25.80923876580026],[-80.15231301557561,25.808891676917632]]]]},"properties":{"cls":2,"src":0}},{"type":"Feature","geometry":{"type":"MultiPolygon","coordinates":[[[[-80.263414,25.705278999999997],[-80.263237,25.705097],[-80.263292,25.704885999999995],[-80.263168,25.704753],[-80.263259,25.704686],[-80.26342,25.704770999999997],[-80.263395,25.704400000000003],[-80.263652,25.704501999999994],[-80.263754,25.704358],[-80.263882,25.704404999999998],[-80.263972,25.7043],[-80.264196,25.704304],[-80.264298,25.704185999999996],[-80.26443,25.704189999999993],[-80.264451,25.704022999999996],[-80.264235,25.703922000000002],[-80.264788,25.703790999999992],[-80.264824,25.703423],[-80.265106,25.703731999999995],[-80.265098,25.704273999999998],[-80.265276,25.704403999999993],[-80.265184,25.704628999999997],[-80.265392,25.704769999999996],[-80.265511,25.704758],[-80.265541,25.704666999999997],[-80.265544,25.704766999999993],[-80.26574,25.704922],[-80.265823,25.70475599999999],[-80.265962,25.704704],[-80.265975,25.704488999999995],[-80.265742,25.704285],[-80.265923,25.703941000000004],[-80.26608300000001,25.703894999999996],[-80.26622,25.703947999999997],[-80.26629,25.704116000000003],[-80.266442,25.704084],[-80.266316,25.703772999999998],[-80.266007,25.703530000000004],[-80.266115,25.703367],[-80.266288,25.703443999999998],[-80.266406,25.703274999999998],[-80.266333,25.703148999999993],[-80.266122,25.703165],[-80.266353,25.703107],[-80.266393,25.702978999999996],[-80.266158,25.702742999999995],[-80.265891,25.702878999999996],[-80.265226,25.702815000000005],[-80.265106,25.70288],[-80.265144,25.703028],[-80.26504,25.703000999999997],[-80.265095,25.703124000000003],[-80.265029,25.703165],[-80.264635,25.702835],[-80.264587,25.703063000000004],[-80.264488,25.702811999999994],[-80.264199,25.702928000000004],[-80.264114,25.702796],[-80.263949,25.702764],[-80.264558,25.702542],[-80.264634,25.702637999999997],[-80.264804,25.702638999999998],[-80.264905,25.702218],[-80.26473400000002,25.701939000000003],[-80.26523481942169,25.70182520315063],[-80.26544871350124,25.701948211932088],[-80.26559163912825,25.702040948446896],[-80.26547,25.701968],[-80.265323,25.702051999999995],[-80.265073,25.701997],[-80.265118,25.702630999999997],[-80.26560400000001,25.702566],[-80.265698,25.702641000000003],[-80.265683,25.702423000000003],[-80.26589047102993,25.702234842990038],[-80.26699730834228,25.703144819429582],[-80.267022,25.703431],[-80.267102,25.703434999999995],[-80.267112,25.703253372200844],[-80.26724486265208,25.70340317591244],[-80.267169,25.703574],[-80.26689,25.703590999999996],[-80.267127,25.703839],[-80.266796,25.703656],[-80.266727,25.703875],[-80.266837,25.704020999999994],[-80.26668100000002,25.704083999999995],[-80.266632,25.704370999999995],[-80.266853,25.704381000000005],[-80.267029,25.704125000000005],[-80.267415,25.704088999999996],[-80.267509,25.703967],[-80.267706,25.704059000000004],[-80.26757881411571,25.70378454647109],[-80.2686180613331,25.705130087035787],[-80.267458,25.705158],[-80.266304,25.705218999999996],[-80.266233,25.705212999999997],[-80.266376,25.705196999999995],[-80.26629400000002,25.705149999999993],[-80.265968,25.705235999999996],[-80.265709,25.705115999999997],[-80.265664,25.70521699999999],[-80.265834,25.705237],[-80.264705,25.705278],[-80.26447800000001,25.705193],[-80.264297,25.705291000000003],[-80.263414,25.705278999999997]]],[[[-80.266851,25.708203999999995],[-80.266787,25.707969000000002],[-80.26658,25.707949000000003],[-80.266037,25.708127999999995],[-80.265904,25.70795],[-80.265648,25.70787599999999],[-80.265589,25.70772899999999],[-80.265352,25.707717999999996],[-80.265129,25.707445999999997],[-80.26520700000002,25.707247],[-80.265356,25.707478],[-80.265819,25.707522],[-80.265807,25.707458],[-80.265594,25.707497],[-80.265553,25.707393],[-80.265607,25.70711899999999],[-80.265777,25.706973999999995],[-80.265763,25.70669],[-80.265999,25.706894999999992],[-80.266015,25.707217999999997],[-80.265949,25.70725],[-80.266033,25.707643],[-80.26656,25.707891999999998],[-80.266707,25.707843000000004],[-80.266529,25.707459999999998],[-80.266696,25.707118],[-80.26653,25.707032],[-80.26659900000001,25.706889],[-80.266349,25.706802],[-80.266577,25.706761],[-80.26667,25.706620999999995],[-80.266393,25.706477],[-80.26659,25.706202],[-80.266508,25.706026000000005],[-80.266609,25.705935000000004],[-80.26647000000001,25.705707999999998],[-80.266598,25.705313999999998],[-80.266742,25.705323],[-80.266761,25.705481000000002],[-80.266995,25.705673],[-80.26677,25.706391],[-80.266829,25.706558],[-80.266755,25.706597999999996],[-80.266969,25.706828],[-80.266856,25.706952999999995],[-80.266754,25.706928],[-80.266917,25.707047],[-80.266747,25.707247],[-80.266852,25.707637],[-80.266809,25.707852],[-80.26698800000001,25.708077],[-80.266994,25.708244000000004],[-80.266851,25.708203999999995]]],[[[-80.265739,25.719958],[-80.26533600000002,25.719898],[-80.265235,25.719716],[-80.265386,25.719642999999998],[-80.265506,25.719428999999998],[-80.265196,25.719298],[-80.26495700000001,25.718907],[-80.265104,25.718715999999997],[-80.264929,25.718601000000003],[-80.264907,25.71846999999999],[-80.264998,25.718379],[-80.265292,25.718397000000003],[-80.265493,25.718237],[-80.26538100000002,25.71812599999999],[-80.2653,25.718258999999996],[-80.26509,25.718045000000004],[-80.26520700000002,25.717882999999993],[-80.265479,25.717918999999995],[-80.265494,25.717752999999988],[-80.265388,25.717631999999995],[-80.265155,25.717720000000003],[-80.26507,25.717484999999996],[-80.26494900000002,25.717416],[-80.265056,25.717365000000004],[-80.265251,25.717445],[-80.26524,25.717341999999995],[-80.264941,25.717229],[-80.264984,25.717332],[-80.264879,25.717409999999997],[-80.264766,25.717286000000005],[-80.264932,25.717086],[-80.264898,25.716980000000003],[-80.265057,25.717056999999993],[-80.265089,25.716937],[-80.26495,25.716797000000003],[-80.264966,25.71654],[-80.264876,25.716554],[-80.264655,25.716316],[-80.264652,25.716199999999994],[-80.26493,25.715976999999995],[-80.264934,25.715792999999998],[-80.265054,25.715700999999996],[-80.264711,25.715505],[-80.264672,25.715596],[-80.264486,25.715586000000002],[-80.264337,25.715696],[-80.264134,25.715666],[-80.264237,25.71543599999999],[-80.264475,25.715512],[-80.264817,25.715378999999995],[-80.264782,25.715142000000004],[-80.264919,25.715208],[-80.265089,25.715094],[-80.265231,25.715320999999996],[-80.26529900000001,25.715210000000003],[-80.265061,25.715052000000007],[-80.265016,25.714909999999996],[-80.264786,25.714921999999998],[-80.264638,25.714820999999997],[-80.26427,25.71498499999999],[-80.264025,25.714895999999996],[-80.263849,25.715011000000004],[-80.263421,25.714474],[-80.263571,25.714421],[-80.26364,25.71461],[-80.263804,25.714700999999998],[-80.264033,25.714681999999996],[-80.264104,25.714534],[-80.26433,25.714698999999992],[-80.264731,25.71461499999999],[-80.264873,25.714694],[-80.265006,25.71458],[-80.2654,25.714569],[-80.265399,25.714182],[-80.265243,25.714087],[-80.265036,25.714172999999995],[-80.26497,25.714116000000008],[-80.265085,25.713931999999996],[-80.26521,25.714022],[-80.2653,25.713904],[-80.265367,25.713782000000002],[-80.265263,25.713592999999992],[-80.265368,25.713500999999997],[-80.265178,25.713387999999995],[-80.264937,25.713421],[-80.264974,25.713272999999997],[-80.264868,25.713220999999997],[-80.265214,25.713129999999996],[-80.265486,25.712770000000003],[-80.265647,25.712885999999997],[-80.26555500000002,25.713067],[-80.265462,25.713001],[-80.265539,25.713091],[-80.265489,25.713174],[-80.265858,25.71325499999999],[-80.265984,25.713554],[-80.26608300000001,25.713474000000005],[-80.266365,25.713524],[-80.266302,25.713753],[-80.266004,25.713584],[-80.265928,25.713622],[-80.265911,25.713846],[-80.265998,25.713975000000005],[-80.265798,25.713939],[-80.26568600000002,25.714042],[-80.265673,25.714330999999998],[-80.265813,25.714551999999998],[-80.265952,25.714604000000005],[-80.265865,25.714802999999996],[-80.265728,25.714768999999997],[-80.265746,25.71509],[-80.265843,25.71530999999999],[-80.265986,25.715268000000002],[-80.266091,25.715360999999998],[-80.265892,25.715404999999997],[-80.266031,25.715515999999997],[-80.265777,25.715700999999992],[-80.265958,25.715815999999997],[-80.266194,25.715542999999997],[-80.266179,25.715391],[-80.266336,25.715451999999992],[-80.266326,25.715341999999996],[-80.266422,25.715338000000003],[-80.266465,25.715488000000004],[-80.266655,25.715396999999992],[-80.266744,25.71559],[-80.266549,25.715682],[-80.266745,25.716057],[-80.266639,25.716185999999997],[-80.266556,25.716656],[-80.266714,25.716847999999995],[-80.266577,25.716926999999995],[-80.266569,25.717063],[-80.265853,25.717129999999994],[-80.266151,25.717337000000004],[-80.266131,25.717425],[-80.265902,25.71741099999999],[-80.265911,25.717567],[-80.265833,25.717563000000002],[-80.266001,25.717735000000005],[-80.265994,25.718042],[-80.266088,25.718186],[-80.265707,25.718377000000004],[-80.266075,25.718721000000002],[-80.26598,25.718779000000005],[-80.266103,25.71895],[-80.265927,25.719022999999996],[-80.265849,25.71920499999999],[-80.265834,25.719495],[-80.265951,25.719737999999996],[-80.265767,25.719714],[-80.265739,25.719958]]],[[[-80.26268725238357,25.752939457936108],[-80.262624,25.752879999999998],[-80.26268361174783,25.75284970146869],[-80.26268725238357,25.752939457936108]]],[[[-80.26274020766066,25.755106103830364],[-80.262716,25.755020999999996],[-80.26273308673403,25.754968947959586],[-80.26274020766066,25.755106103830364]]],[[[-80.3007608274192,25.755973758871217],[-80.300534,25.756061000000003],[-80.30047275022535,25.755978750225403],[-80.3007608274192,25.755973758871217]]],[[[-80.298085,25.75603601381475],[-80.298007,25.756111],[-80.29784079268788,25.75604039634396],[-80.298085,25.75603601381475]]],[[[-80.29779469979117,25.756041524496602],[-80.297661,25.756294999999998],[-80.297539,25.756218999999994],[-80.297561,25.756128],[-80.297284,25.756088],[-80.29779469979117,25.756041524496602]]],[[[-80.294794,25.75612663342956],[-80.294748,25.75619],[-80.29469057943886,25.756130476633242],[-80.294794,25.75612663342956]]],[[[-80.315708,25.756787],[-80.31543,25.75685899999999],[-80.315043,25.756733],[-80.315088,25.756989],[-80.315348,25.757021],[-80.31531,25.757126999999997],[-80.31513,25.757101],[-80.315183,25.757286],[-80.314839,25.757003999999995],[-80.314419,25.757096],[-80.313814,25.757027],[-80.31374,25.756906],[-80.31366,25.756935000000002],[-80.313616,25.756715999999997],[-80.313431,25.756693999999996],[-80.313368,25.756597999999997],[-80.313318,25.756672999999996],[-80.313029,25.756628],[-80.312522,25.756724000000002],[-80.312085,25.756645000000002],[-80.31208,25.756722999999997],[-80.311752,25.756912999999997],[-80.311644,25.756863],[-80.311623,25.756728],[-80.311424,25.756715000000003],[-80.311309,25.756557999999995],[-80.311274,25.75663],[-80.310769,25.756532999999997],[-80.310614,25.756722999999997],[-80.310773,25.756985999999994],[-80.311543,25.756896999999995],[-80.311737,25.757094],[-80.310089,25.757172000000008],[-80.30992100000002,25.757121000000005],[-80.309928,25.757049],[-80.310222,25.756973000000002],[-80.31033,25.756858],[-80.310381,25.756339],[-80.31047,25.756355999999997],[-80.31043,25.756229999999995],[-80.310262,25.7562],[-80.30984,25.756958],[-80.309651,25.757067999999997],[-80.309346,25.756863],[-80.309208,25.756918999999993],[-80.309212,25.757080000000002],[-80.309048,25.757084999999996],[-80.308966,25.756830000000004],[-80.308359,25.75699],[-80.308064,25.756826999999998],[-80.307872,25.756880999999996],[-80.307817,25.75733399999999],[-80.30775,25.756761],[-80.307464,25.756489],[-80.307256,25.75661499999999],[-80.307292,25.756763999999993],[-80.307136,25.756630999999995],[-80.306946,25.756605000000004],[-80.306611,25.756687999999997],[-80.30591,25.756411],[-80.30628,25.756323],[-80.306247,25.756119999999992],[-80.306154,25.75621],[-80.305876,25.75616399999999],[-80.30580800000001,25.756378999999995],[-80.305603,25.75617799999999],[-80.305359,25.756301],[-80.305262,25.756258000000003],[-80.305192,25.756153999999995],[-80.30532900000001,25.756142],[-80.305334,25.756071999999993],[-80.305159,25.755869999999998],[-80.304918,25.755842999999995],[-80.305137,25.756056],[-80.305124,25.756154],[-80.304629,25.756143],[-80.30458740208529,25.75585041251185],[-80.304818,25.756021],[-80.30493,25.755929999999996],[-80.30474735987806,25.755844719756148],[-80.31568972672588,25.755495266223516],[-80.315708,25.756787]]],[[[-80.29484829266741,25.756124615834302],[-80.297228,25.756091],[-80.296904,25.756175],[-80.295797,25.75620199999999],[-80.295826,25.756843999999997],[-80.296163,25.756996999999995],[-80.295855,25.756997999999992],[-80.295711,25.757258999999998],[-80.295684,25.757557000000002],[-80.295642,25.757058999999998],[-80.29539,25.756913],[-80.295574,25.756817],[-80.295612,25.756353999999998],[-80.295509,25.756209999999996],[-80.29484829266741,25.756124615834302]]],[[[-80.300427,25.756022],[-80.300353,25.756096999999993],[-80.300148,25.756035],[-80.300011,25.756101000000005],[-80.300458,25.756233999999996],[-80.300872,25.756234999999997],[-80.301114,25.756148000000003],[-80.30156600000001,25.756213000000002],[-80.301637,25.755944438658926],[-80.30182013006662,25.755939104053297],[-80.301771,25.756191000000005],[-80.302064,25.756494000000004],[-80.302126,25.756389999999996],[-80.30221300000001,25.756401999999998],[-80.302191,25.756313],[-80.302328,25.756374],[-80.302431,25.756135],[-80.302543,25.756363],[-80.30251600000001,25.756605999999998],[-80.302672,25.756632],[-80.302753,25.756766],[-80.302884,25.756686],[-80.303045,25.756793999999996],[-80.303027,25.756885],[-80.302885,25.756891999999997],[-80.302924,25.757552000000004],[-80.303592,25.757505999999996],[-80.303508,25.757261000000003],[-80.303565,25.756871],[-80.303221,25.756821000000002],[-80.30307900000001,25.75667],[-80.303181,25.756597000000003],[-80.303495,25.756621999999993],[-80.30364200000001,25.756504999999997],[-80.303718,25.756595999999995],[-80.303784,25.756415999999994],[-80.303991,25.756541],[-80.303753,25.756744999999995],[-80.303804,25.757125999999996],[-80.303984,25.75725],[-80.303808,25.757425000000005],[-80.303834,25.757877],[-80.303983,25.757971000000005],[-80.303831,25.758175],[-80.303868,25.758582999999998],[-80.304023,25.758667999999997],[-80.304009,25.758783999999995],[-80.303851,25.758849],[-80.303873,25.759298000000005],[-80.304099,25.759376],[-80.30411,25.759470999999994],[-80.303948,25.759510999999996],[-80.303852,25.759643000000004],[-80.30378,25.759524],[-80.303712,25.759613000000005],[-80.303641,25.75951299999999],[-80.302883,25.75962],[-80.302942,25.759762],[-80.302854,25.759738999999993],[-80.302808,25.759859],[-80.302843,25.760576999999998],[-80.302887,25.760742],[-80.303072,25.760884],[-80.302896,25.760903],[-80.302843,25.761093999999993],[-80.302966,25.761173000000003],[-80.30282100000001,25.761184],[-80.303169,25.761255999999992],[-80.303188,25.761332999999997],[-80.302448,25.761413],[-80.302519,25.761506999999995],[-80.30248,25.76176],[-80.302279,25.762303999999997],[-80.302654,25.762374],[-80.302747,25.762499999999996],[-80.301983,25.762893999999992],[-80.302411,25.76289699999999],[-80.30242400000002,25.762960999999986],[-80.301993,25.763016],[-80.301935,25.762840999999998],[-80.301849,25.762830999999995],[-80.30177900000001,25.763021999999996],[-80.301627,25.763032000000006],[-80.301502,25.762995999999998],[-80.30147600000001,25.762851000000005],[-80.301284,25.762899999999995],[-80.301217,25.762763999999994],[-80.301218,25.763015000000003],[-80.301449,25.763047],[-80.300195,25.763094999999996],[-80.300347,25.763027999999995],[-80.300272,25.762802999999998],[-80.300017,25.762786999999996],[-80.30014,25.762773],[-80.299974,25.762478],[-80.29966,25.762337999999996],[-80.299578,25.762423999999996],[-80.298617,25.762411999999998],[-80.298627,25.762602999999995],[-80.2985,25.762736999999998],[-80.298205,25.76276199999999],[-80.298011,25.762661],[-80.298138,25.762906000000005],[-80.298062,25.762958000000005],[-80.29794,25.762547],[-80.298009,25.762491999999998],[-80.297847,25.762195],[-80.297991,25.762270999999995],[-80.298828,25.762173999999998],[-80.298991,25.762235999999998],[-80.299135,25.762109],[-80.299206,25.762184999999995],[-80.299696,25.762214000000004],[-80.299881,25.76236],[-80.299939,25.762212000000005],[-80.300049,25.762234],[-80.300034,25.762149000000004],[-80.300192,25.762184000000005],[-80.300362,25.762096999999994],[-80.300038,25.761830000000003],[-80.29994,25.761861000000003],[-80.299816,25.762159],[-80.29976,25.761750000000003],[-80.299663,25.761629000000003],[-80.298774,25.761602000000003],[-80.298895,25.761447999999998],[-80.299061,25.76155599999999],[-80.29914000000001,25.761483999999992],[-80.299704,25.761439999999997],[-80.299782,25.761348],[-80.299756,25.760972999999993],[-80.299587,25.760827999999993],[-80.298848,25.760965],[-80.298454,25.760829],[-80.29830900000002,25.760938999999997],[-80.297951,25.760882999999996],[-80.29787700000001,25.761165],[-80.297947,25.761476],[-80.298291,25.761448999999995],[-80.298433,25.761515000000003],[-80.29865900000001,25.76143],[-80.298751,25.761578],[-80.298322,25.761613],[-80.298304,25.761694000000002],[-80.2982,25.761613999999994],[-80.297853,25.761682],[-80.297933,25.761809],[-80.297887,25.762138],[-80.297705,25.761700000000005],[-80.297096,25.76160399999999],[-80.29733,25.761530999999998],[-80.297656,25.761571999999994],[-80.297752,25.761352999999996],[-80.297669,25.761177999999997],[-80.297704,25.760954999999996],[-80.297534,25.760893999999997],[-80.296682,25.761033],[-80.296534,25.760971],[-80.296048,25.761013000000002],[-80.295929,25.761087000000003],[-80.295901,25.761385],[-80.296155,25.761606],[-80.296189,25.761541],[-80.296826,25.76156],[-80.296906,25.761634],[-80.296465,25.761644],[-80.296425,25.761739999999996],[-80.296245,25.761765],[-80.296007,25.761711],[-80.295861,25.761843999999996],[-80.295863,25.762784],[-80.29570900000002,25.762682999999996],[-80.295724,25.762554999999995],[-80.295458,25.762482999999992],[-80.295584,25.762337999999996],[-80.295493,25.762119999999996],[-80.295273,25.762124999999997],[-80.295241,25.762256],[-80.295113,25.762274],[-80.295044,25.762132999999995],[-80.294884,25.762109000000002],[-80.294867,25.762468000000002],[-80.295309,25.762454],[-80.295356,25.762551000000002],[-80.295219,25.762647000000005],[-80.294878,25.762629],[-80.294837,25.762725],[-80.29457,25.762772999999996],[-80.294488,25.763107000000005],[-80.294373,25.763104],[-80.29436,25.762857],[-80.294197,25.762876999999992],[-80.293972,25.762617999999996],[-80.293948,25.762407],[-80.293737,25.762300000000003],[-80.293694,25.762503],[-80.293527,25.762491],[-80.293356,25.762769],[-80.293083,25.76286],[-80.292924,25.762809],[-80.29289,25.762941],[-80.292574,25.762907000000002],[-80.292608,25.762604],[-80.29285100000001,25.762507],[-80.292856,25.762192000000002],[-80.293203,25.761996000000003],[-80.293227,25.761796999999998],[-80.293398,25.761950999999996],[-80.293391,25.761839999999996],[-80.293495,25.761834],[-80.293681,25.761533],[-80.29371,25.761244999999995],[-80.293568,25.761169999999996],[-80.293745,25.761061],[-80.293834,25.761134],[-80.294304,25.760997],[-80.294239,25.760912000000005],[-80.29399,25.760881999999995],[-80.294122,25.760758],[-80.294291,25.760801999999998],[-80.294582,25.760648],[-80.294734,25.760695],[-80.294737,25.760542999999995],[-80.294402,25.760488999999993],[-80.294391,25.76035],[-80.295165,25.760184000000002],[-80.295661,25.760227999999998],[-80.295668,25.759772],[-80.295571,25.759705],[-80.295194,25.759729999999998],[-80.295253,25.759642999999997],[-80.295347,25.759696],[-80.295684,25.759626],[-80.295629,25.759234999999997],[-80.29575400000002,25.759014],[-80.295762,25.759231000000003],[-80.295669,25.759201999999995],[-80.295774,25.759406999999996],[-80.295911,25.759453],[-80.295826,25.75956],[-80.295817,25.759915],[-80.295936,25.76004199999999],[-80.297677,25.759953999999993],[-80.297629,25.75965400000001],[-80.297388,25.759489],[-80.297175,25.759539],[-80.296805,25.759414999999997],[-80.296312,25.759444999999996],[-80.296111,25.759340000000005],[-80.296185,25.759261000000002],[-80.29631900000001,25.759321000000003],[-80.297083,25.759161],[-80.297414,25.759193999999997],[-80.297318,25.758986000000004],[-80.29717,25.758932999999995],[-80.2972,25.758818],[-80.29733,25.758778],[-80.297588,25.758874],[-80.297321,25.758707000000005],[-80.296422,25.758628999999996],[-80.296422,25.75849899999999],[-80.29692,25.758435999999996],[-80.296686,25.758295],[-80.296774,25.758048999999996],[-80.29726,25.758142],[-80.297407,25.758013000000002],[-80.297558,25.758242],[-80.297661,25.758035],[-80.297635,25.75794],[-80.297252,25.757874],[-80.29668,25.757876],[-80.296873,25.757729000000005],[-80.29728,25.757676999999997],[-80.297274,25.757589999999993],[-80.297242,25.757660999999995],[-80.297078,25.757663000000004],[-80.296853,25.757556],[-80.29687,25.757379000000004],[-80.29708,25.757169999999995],[-80.297363,25.75727],[-80.297286,25.757542999999995],[-80.297362,25.757625000000004],[-80.297576,25.757689],[-80.297677,25.757554999999993],[-80.297596,25.757035],[-80.297108,25.756993999999995],[-80.29699,25.756923],[-80.296998,25.756827],[-80.297139,25.756914999999996],[-80.29718700000001,25.756846999999993],[-80.297598,25.756825],[-80.29772,25.756662999999996],[-80.297783,25.756787],[-80.29794,25.756838999999996],[-80.299307,25.756759999999996],[-80.299562,25.756817],[-80.299622,25.756538],[-80.299542,25.756098],[-80.299006,25.756104999999998],[-80.29893,25.756189],[-80.298165,25.756111000000004],[-80.29811824227357,25.756035242273622],[-80.300427,25.756022]],[[-80.297993,25.758452000000002],[-80.298315,25.758438],[-80.298536,25.758333],[-80.298748,25.758382999999995],[-80.298749,25.758304999999996],[-80.298562,25.758296],[-80.298472,25.758145],[-80.298371,25.758178],[-80.298381,25.758089999999996],[-80.298624,25.758053],[-80.298857,25.75806],[-80.29898,25.758269999999996],[-80.298886,25.758313999999995],[-80.299054,25.758431999999996],[-80.299124,25.758351000000005],[-80.299335,25.758383],[-80.299433,25.758152999999993],[-80.299546,25.758174],[-80.299468,25.758236999999998],[-80.299602,25.758302999999998],[-80.299664,25.757803],[-80.299788,25.757762999999997],[-80.299597,25.757700999999994],[-80.299639,25.757282999999997],[-80.299552,25.756936],[-80.298933,25.757004999999992],[-80.298869,25.756901999999997],[-80.298627,25.756877],[-80.298202,25.756939999999997],[-80.298177,25.757028999999996],[-80.297945,25.756993],[-80.297973,25.757107000000005],[-80.297759,25.757039],[-80.29785,25.757225],[-80.297797,25.757468000000003],[-80.297868,25.757721000000004],[-80.297903,25.757638999999998],[-80.298378,25.757731],[-80.299149,25.757659999999994],[-80.299253,25.757733999999996],[-80.299383,25.757662],[-80.299583,25.757765999999993],[-80.298833,25.757853999999995],[-80.298721,25.757944000000002],[-80.298511,25.757853000000004],[-80.297909,25.757861999999996],[-80.297817,25.757949000000004],[-80.297993,25.758452000000002]]],[[[-80.273244,25.763906999999996],[-80.2732,25.763999999999996],[-80.273262,25.763836999999995],[-80.273426,25.763866000000004],[-80.273315,25.763628],[-80.273558,25.763535],[-80.27369,25.763353],[-80.27368,25.763253000000002],[-80.273551,25.763200000000005],[-80.273496,25.762908],[-80.273612,25.76231599999999],[-80.273153,25.761766999999995],[-80.273001,25.761337],[-80.273018,25.761],[-80.272903,25.7608],[-80.272642,25.76065699999999],[-80.27275300000001,25.760451999999997],[-80.272755,25.760171999999997],[-80.272512,25.760009999999998],[-80.272586,25.759546000000004],[-80.272046,25.759335],[-80.27208,25.759175999999993],[-80.27236,25.759127999999997],[-80.271855,25.759033000000002],[-80.27111,25.758592999999998],[-80.271086,25.758289],[-80.271244,25.75814099999999],[-80.271262,25.757961],[-80.270989,25.757948],[-80.271033,25.757817000000003],[-80.27116,25.757850999999995],[-80.271025,25.757414],[-80.270876,25.757278],[-80.271021,25.757064999999997],[-80.27069963764856,25.756971126766945],[-80.27259853991849,25.75689389580447],[-80.272601,25.757082],[-80.272851,25.757221999999995],[-80.272702,25.757200000000005],[-80.272707,25.757343],[-80.272532,25.757600999999994],[-80.273041,25.757813000000002],[-80.273103,25.757741999999993],[-80.273319,25.757822000000004],[-80.273483,25.757688],[-80.27364,25.757765999999997],[-80.273532,25.757631],[-80.273623,25.757513],[-80.27381,25.75765399999999],[-80.273509,25.757191],[-80.273629,25.757081],[-80.273722,25.757122],[-80.273742,25.757040000000003],[-80.273884,25.757036000000003],[-80.274034,25.757141999999998],[-80.273907,25.757121000000005],[-80.274159,25.757699],[-80.275128,25.757699999999996],[-80.27538,25.757403],[-80.275686,25.757794],[-80.27621,25.757717],[-80.276389,25.757779999999993],[-80.276452,25.757984],[-80.276646,25.758036],[-80.277052,25.757864999999995],[-80.277506,25.758096999999996],[-80.277881,25.75785],[-80.277989,25.757986],[-80.278185,25.757915],[-80.278443,25.758021999999993],[-80.278691,25.757972999999996],[-80.278715,25.757827000000002],[-80.278743,25.758003999999993],[-80.278854,25.758069999999996],[-80.279336,25.758090999999997],[-80.279407,25.757919000000005],[-80.279556,25.758016999999995],[-80.279637,25.757954999999992],[-80.280086,25.75820399999999],[-80.280142,25.758081000000004],[-80.280423,25.75818],[-80.280516,25.758015999999998],[-80.28078,25.758186],[-80.28103,25.758107999999996],[-80.281321,25.758169000000002],[-80.281367,25.758060999999998],[-80.281884,25.758055],[-80.282055,25.757827],[-80.282583,25.758298999999997],[-80.282765,25.758241999999996],[-80.282754,25.758072999999992],[-80.282978,25.758395999999994],[-80.283157,25.758450000000003],[-80.283234,25.758389999999995],[-80.283171,25.75826199999999],[-80.28343,25.758184],[-80.283449,25.757968],[-80.28364,25.757952999999997],[-80.283494,25.757795],[-80.283824,25.757986],[-80.284089,25.757908],[-80.284565,25.758025999999994],[-80.284564,25.757955999999997],[-80.284792,25.757903000000002],[-80.284953,25.758061],[-80.285228,25.758013],[-80.285297,25.757755999999997],[-80.285132,25.757735],[-80.285343,25.757558],[-80.285448,25.757356999999995],[-80.2854,25.757266999999995],[-80.285686,25.757310999999998],[-80.28612,25.756974999999997],[-80.28604,25.756820999999995],[-80.286133,25.756804999999996],[-80.286063,25.756727999999992],[-80.28619,25.756541],[-80.28616332766389,25.756396514101784],[-80.28644723277343,25.756383721289104],[-80.286451,25.756507999999997],[-80.286336,25.756463999999998],[-80.286353,25.756665999999996],[-80.286733,25.75667],[-80.28661300000002,25.756523999999995],[-80.2867107611407,25.756375522281527],[-80.28685639060012,25.756371015666502],[-80.28687300000001,25.756580000000003],[-80.287138,25.756500000000003],[-80.28738900000002,25.756550999999995],[-80.28751,25.757076000000005],[-80.287309,25.757215999999996],[-80.28742,25.757306999999997],[-80.287262,25.757307999999995],[-80.287181,25.757691],[-80.287275,25.757804],[-80.287257,25.757969],[-80.287382,25.758037],[-80.287534,25.757985000000005],[-80.287469,25.75771999999999],[-80.287542,25.757741000000003],[-80.28757,25.758366999999996],[-80.287271,25.75828899999999],[-80.287278,25.758523],[-80.28743,25.758669],[-80.287404,25.758816],[-80.286902,25.758849],[-80.286914,25.759019],[-80.287061,25.759136999999996],[-80.28678900000001,25.759132],[-80.286654,25.759030000000003],[-80.286755,25.75916],[-80.286677,25.759315],[-80.286476,25.759226000000005],[-80.286375,25.759289000000003],[-80.286216,25.759175999999997],[-80.286206,25.759252],[-80.286029,25.759052999999998],[-80.285779,25.758984000000005],[-80.285714,25.759143],[-80.285519,25.759164999999996],[-80.28533,25.759335],[-80.285205,25.759247000000002],[-80.285282,25.759087000000005],[-80.28543,25.759072000000003],[-80.285241,25.758954999999997],[-80.284932,25.759039999999995],[-80.2847,25.75898],[-80.284725,25.759141999999997],[-80.284398,25.759051000000003],[-80.284469,25.759217999999997],[-80.28436300000001,25.759252999999994],[-80.284283,25.759183999999998],[-80.284319,25.759052],[-80.284087,25.758967],[-80.28396800000002,25.759129999999995],[-80.283669,25.759144999999997],[-80.283721,25.759263999999998],[-80.283506,25.759026999999996],[-80.283191,25.759063],[-80.28304,25.758981999999996],[-80.282891,25.759407],[-80.282808,25.759222999999995],[-80.282677,25.759195999999992],[-80.282638,25.759303],[-80.282534,25.759314],[-80.282356,25.759201000000004],[-80.282305,25.759451999999996],[-80.282201,25.759448000000003],[-80.282243,25.759540999999995],[-80.282147,25.759594999999997],[-80.282282,25.759737],[-80.282213,25.759827],[-80.281359,25.75971699999999],[-80.281159,25.759885000000004],[-80.280909,25.75986599999999],[-80.280853,25.76001099999999],[-80.28110800000002,25.76019399999999],[-80.281093,25.760364000000003],[-80.280901,25.760342999999988],[-80.280778,25.76047000000001],[-80.280849,25.760566],[-80.280759,25.760522999999996],[-80.280695,25.760602],[-80.2806,25.760417999999998],[-80.280444,25.760403000000004],[-80.280309,25.760509999999993],[-80.280145,25.760472999999998],[-80.280282,25.760627],[-80.280078,25.7607],[-80.280014,25.760481000000002],[-80.279681,25.760407999999998],[-80.280222,25.760217999999995],[-80.280487,25.760244],[-80.2806,25.760071],[-80.280534,25.759732999999997],[-80.280376,25.759683999999993],[-80.280237,25.759769],[-80.280157,25.759619999999998],[-80.280051,25.75971],[-80.279952,25.759643999999998],[-80.280085,25.759519999999995],[-80.280507,25.759617999999996],[-80.28059400000001,25.759531999999997],[-80.2805,25.759420999999996],[-80.280698,25.759377],[-80.280567,25.759214],[-80.280605,25.759127],[-80.280091,25.75890899999999],[-80.28024200000002,25.758853000000002],[-80.280488,25.759004999999995],[-80.280493,25.758777999999992],[-80.280406,25.758695],[-80.280206,25.758806999999997],[-80.279791,25.758677999999993],[-80.279865,25.758980000000005],[-80.27967900000002,25.758986999999998],[-80.279647,25.759089999999993],[-80.27947,25.758990000000004],[-80.279442,25.759126000000002],[-80.279316,25.759133],[-80.279094,25.75934],[-80.278871,25.759099000000003],[-80.278835,25.759233999999992],[-80.278497,25.75920199999999],[-80.278383,25.759429],[-80.278186,25.759354999999992],[-80.278141,25.759475000000002],[-80.277959,25.759552999999997],[-80.27784,25.759434],[-80.277985,25.759295000000005],[-80.277948,25.759147999999996],[-80.27768,25.759119],[-80.277581,25.759268000000002],[-80.277377,25.759115],[-80.277269,25.759238999999997],[-80.277034,25.75925599999999],[-80.277006,25.759477000000004],[-80.27689,25.759488],[-80.276739,25.759247],[-80.276489,25.759215000000008],[-80.276485,25.759440999999995],[-80.276356,25.759437],[-80.276337,25.75957],[-80.276512,25.759745],[-80.276458,25.759816999999998],[-80.276577,25.759973],[-80.276425,25.759900999999996],[-80.276306,25.760035000000002],[-80.276362,25.76033199999999],[-80.276234,25.760505],[-80.276375,25.760739999999995],[-80.276315,25.761029999999995],[-80.276152,25.76117],[-80.276275,25.761289999999995],[-80.276227,25.761449999999996],[-80.276099,25.76145199999999],[-80.27591600000001,25.761306000000005],[-80.275632,25.761307999999996],[-80.275696,25.761502],[-80.275488,25.761610999999995],[-80.275454,25.761913999999994],[-80.275267,25.761712999999997],[-80.275146,25.761702999999997],[-80.275169,25.761808000000002],[-80.275089,25.761667999999993],[-80.27499,25.761688999999997],[-80.275218,25.762018000000005],[-80.275357,25.762075000000003],[-80.2754,25.762000999999998],[-80.275582,25.762167999999996],[-80.275714,25.762171],[-80.275663,25.762317],[-80.275743,25.762597],[-80.275659,25.762605],[-80.275687,25.762899999999995],[-80.275818,25.76309399999999],[-80.275708,25.76314],[-80.275813,25.76333199999999],[-80.27583200000001,25.763725999999995],[-80.27552,25.763654999999996],[-80.275316,25.763915999999995],[-80.274909,25.763942000000004],[-80.274776,25.763828999999998],[-80.274678,25.763962999999997],[-80.27344300000001,25.764],[-80.273401,25.763908],[-80.273244,25.763906999999996]]],[[[-80.280784,25.761906],[-80.280212,25.761654999999998],[-80.280645,25.761620000000004],[-80.280745,25.761365999999995],[-80.280655,25.761164999999995],[-80.280091,25.761159],[-80.27995,25.761271000000004],[-80.279691,25.761129000000004],[-80.279249,25.761168999999995],[-80.279085,25.761034],[-80.279148,25.760982],[-80.279066,25.760878000000005],[-80.279168,25.760759999999998],[-80.279112,25.760635999999998],[-80.279321,25.760747999999996],[-80.279332,25.760894],[-80.279475,25.760976],[-80.279638,25.760827000000003],[-80.279544,25.7607],[-80.279629,25.760627999999997],[-80.279673,25.760769999999997],[-80.280146,25.760971],[-80.280142,25.760879],[-80.28037,25.760821999999997],[-80.280536,25.760953999999998],[-80.280649,25.76094],[-80.280711,25.760893000000003],[-80.280629,25.76079],[-80.28043,25.760748999999993],[-80.280659,25.760688],[-80.280908,25.761003999999996],[-80.280967,25.760878999999992],[-80.281137,25.760873999999998],[-80.28113,25.761143999999998],[-80.280919,25.761153999999998],[-80.280879,25.761030999999996],[-80.280656,25.761016999999995],[-80.280883,25.761246],[-80.280784,25.761282],[-80.280894,25.761470999999997],[-80.280816,25.761663],[-80.281102,25.76154899999999],[-80.281357,25.761705999999997],[-80.281391,25.761553999999993],[-80.281581,25.761539],[-80.281645,25.761733999999997],[-80.281301,25.761732],[-80.280997,25.761891],[-80.280853,25.761786999999998],[-80.280784,25.761906]]],[[[-80.263186,25.759446],[-80.263224,25.758548],[-80.26316,25.758425000000003],[-80.26334,25.758453999999993],[-80.26347300000002,25.758358],[-80.263634,25.75857],[-80.263531,25.758699],[-80.263256,25.758779999999998],[-80.263218,25.759075999999997],[-80.263296,25.759202],[-80.263507,25.75910199999999],[-80.263601,25.759205],[-80.26398,25.759291],[-80.264146,25.759227999999997],[-80.26425700000001,25.759300999999994],[-80.264143,25.759465999999996],[-80.263637,25.759415],[-80.263433,25.759556],[-80.263456,25.759637],[-80.263804,25.759771],[-80.263932,25.759672999999996],[-80.263812,25.759613],[-80.26382500000001,25.759504000000003],[-80.264047,25.759757],[-80.264171,25.759753999999997],[-80.264212,25.759624999999996],[-80.264395,25.759707],[-80.2644,25.759820999999995],[-80.264252,25.759773999999993],[-80.264343,25.759872],[-80.26451500000002,25.75986],[-80.264438,25.759759],[-80.264511,25.759643000000004],[-80.26458,25.759807999999996],[-80.264777,25.759833],[-80.264703,25.759557000000004],[-80.264891,25.759562999999996],[-80.264941,25.759431999999997],[-80.264358,25.759382999999996],[-80.264273,25.759244],[-80.264524,25.759205000000005],[-80.264678,25.759314999999997],[-80.264742,25.759178999999996],[-80.264971,25.759174],[-80.265052,25.758898000000002],[-80.264954,25.758745999999995],[-80.265173,25.758600999999995],[-80.265163,25.758419999999997],[-80.265272,25.75849899999999],[-80.265321,25.758347],[-80.265479,25.758466999999996],[-80.26573100000002,25.758379999999995],[-80.265766,25.758553999999997],[-80.265628,25.758588999999997],[-80.265638,25.758744999999998],[-80.265545,25.758756000000005],[-80.265983,25.758904999999995],[-80.265925,25.759049000000005],[-80.265995,25.759318999999994],[-80.265957,25.759433999999995],[-80.265814,25.759335999999998],[-80.265582,25.759440000000005],[-80.26575,25.75955],[-80.265794,25.759416999999996],[-80.265889,25.759420999999996],[-80.266042,25.759669],[-80.265851,25.759629],[-80.265847,25.759767000000007],[-80.265424,25.759861999999988],[-80.265528,25.760085999999994],[-80.265401,25.760257],[-80.265285,25.760226999999997],[-80.265213,25.760554999999993],[-80.265585,25.760820999999996],[-80.26539,25.760906000000002],[-80.265689,25.761023],[-80.265735,25.761184999999994],[-80.266099,25.761205],[-80.266356,25.761027],[-80.266491,25.761037],[-80.266471,25.760958000000002],[-80.266828,25.761003],[-80.266933,25.760826000000005],[-80.266703,25.760790999999998],[-80.2668,25.760702999999996],[-80.266745,25.760606999999997],[-80.267105,25.760589],[-80.267297,25.760407999999998],[-80.267454,25.76067199999999],[-80.267282,25.76066399999999],[-80.267304,25.760922],[-80.267372,25.760795999999996],[-80.267553,25.760917999999997],[-80.267759,25.760866],[-80.268103,25.760980999999997],[-80.268105,25.761056],[-80.26799,25.761046000000004],[-80.268257,25.761329999999997],[-80.268169,25.761672000000004],[-80.268032,25.761682999999994],[-80.267811,25.761544],[-80.267866,25.76171099999999],[-80.267815,25.761747000000003],[-80.267755,25.761620999999998],[-80.267402,25.761602],[-80.267247,25.762010999999994],[-80.267068,25.762072999999997],[-80.267044,25.762186999999994],[-80.26691,25.762196000000003],[-80.26686,25.762287999999998],[-80.266593,25.762255],[-80.26642500000001,25.76245000000001],[-80.26611800000002,25.76253],[-80.265994,25.762449000000004],[-80.266065,25.762551000000006],[-80.265857,25.762672999999996],[-80.265715,25.762504000000003],[-80.265568,25.762479],[-80.265262,25.762716999999995],[-80.265111,25.762466999999997],[-80.264851,25.762574],[-80.264643,25.762876999999996],[-80.264443,25.762950000000004],[-80.264483,25.763154999999998],[-80.264154,25.763285000000003],[-80.264278,25.763423999999997],[-80.26419,25.763598],[-80.26397,25.76336999999999],[-80.263971,25.763132999999996],[-80.26338900000002,25.763059],[-80.263406,25.763366],[-80.263486,25.763434],[-80.26361200000001,25.763368],[-80.263726,25.763518000000005],[-80.264054,25.763545999999998],[-80.26426,25.763713999999997],[-80.264301,25.763960000000004],[-80.264119,25.763999],[-80.26414,25.764055],[-80.264424,25.764134000000002],[-80.264631,25.763888999999995],[-80.264683,25.764190999999993],[-80.264615,25.764273],[-80.263448,25.764304999999993],[-80.263283,25.763996],[-80.263282,25.76287],[-80.263172,25.76242399999999],[-80.26332,25.762417999999997],[-80.263336,25.761442],[-80.263263,25.761294],[-80.263186,25.759446]]],[[[-80.26669,25.764165],[-80.266665,25.763232000000002],[-80.266778,25.76318199999999],[-80.266813,25.762997],[-80.267284,25.762744],[-80.267193,25.762589999999996],[-80.26732800000002,25.76268],[-80.26746700000001,25.762539],[-80.268061,25.762487],[-80.268271,25.762563],[-80.268256,25.762860000000003],[-80.268337,25.76293],[-80.268266,25.762962999999996],[-80.268266,25.763222999999993],[-80.268113,25.763356999999996],[-80.268173,25.763486],[-80.268037,25.76341499999999],[-80.267994,25.763505999999992],[-80.267897,25.763430999999997],[-80.267752,25.763659],[-80.267511,25.763551999999997],[-80.267533,25.763737999999996],[-80.267354,25.763632999999995],[-80.267238,25.763807999999994],[-80.266907,25.763843],[-80.266971,25.763917999999993],[-80.266872,25.763937999999992],[-80.266843,25.764117999999993],[-80.26669,25.764165]]],[[[-80.301,25.765252999999994],[-80.300957,25.765314999999998],[-80.30087,25.765169999999998],[-80.300486,25.765245],[-80.300166,25.76507],[-80.30045,25.764894999999992],[-80.300375,25.76459],[-80.300707,25.764637],[-80.30065,25.764845999999995],[-80.300549,25.764868],[-80.30083,25.764941],[-80.300777,25.764235999999997],[-80.300344,25.764514999999996],[-80.300324,25.764400999999996],[-80.300409,25.764333],[-80.30038500000002,25.763928],[-80.300677,25.764077],[-80.300745,25.763899999999996],[-80.300436,25.763846999999995],[-80.30034,25.763722],[-80.300686,25.763685],[-80.300896,25.763329],[-80.301233,25.763697000000004],[-80.301089,25.764076999999997],[-80.301079,25.764528999999996],[-80.301294,25.764637999999994],[-80.301437,25.765048],[-80.301282,25.765206],[-80.301143,25.765167],[-80.301106,25.765316999999996],[-80.301,25.765252999999994]]],[[[-80.273665,25.766516],[-80.272781,25.766365],[-80.272796,25.766209],[-80.272958,25.7662],[-80.27286,25.766009999999998],[-80.272982,25.765885999999995],[-80.272923,25.765546999999994],[-80.273152,25.765441000000003],[-80.273226,25.765209999999993],[-80.273372,25.76523],[-80.273364,25.765032],[-80.273,25.764910000000004],[-80.273422,25.764625],[-80.273224,25.76451],[-80.273655,25.764343999999998],[-80.273722,25.764744],[-80.274755,25.764708999999996],[-80.2751,25.764793],[-80.275083,25.764878],[-80.274625,25.764996999999994],[-80.274555,25.765236999999996],[-80.274415,25.765273000000004],[-80.274483,25.765049999999995],[-80.274325,25.765012],[-80.274304,25.765146],[-80.274136,25.765288000000005],[-80.273859,25.765243999999996],[-80.273903,25.765389],[-80.274426,25.765521],[-80.274791,25.765479999999997],[-80.274845,25.765546],[-80.274665,25.765637],[-80.274145,25.765675999999996],[-80.27387900000001,25.766354],[-80.273665,25.766516]]],[[[-80.31074,25.770181999999995],[-80.31048,25.770046],[-80.310601,25.769934],[-80.31055,25.769873999999998],[-80.3105,25.769939999999995],[-80.310379,25.769806000000003],[-80.310469,25.769372999999998],[-80.310275,25.768788],[-80.310375,25.768579999999993],[-80.310023,25.768472999999997],[-80.310033,25.768324000000003],[-80.310315,25.768321000000004],[-80.310423,25.768228999999998],[-80.310361,25.767647],[-80.310436,25.767592000000004],[-80.310365,25.767502],[-80.31043,25.766954],[-80.310564,25.767204],[-80.310809,25.767349],[-80.311037,25.767256999999994],[-80.311147,25.767311],[-80.311169,25.767230000000005],[-80.311368,25.767369],[-80.310725,25.767406],[-80.31058,25.767530999999998],[-80.310624,25.767941000000004],[-80.310524,25.767976],[-80.310605,25.768084],[-80.310538,25.768191999999996],[-80.310609,25.768478999999996],[-80.310904,25.768428],[-80.311107,25.768312],[-80.31117600000002,25.768163],[-80.31205,25.767987999999995],[-80.311968,25.768128999999995],[-80.311762,25.768178],[-80.311738,25.768279],[-80.310728,25.768707999999997],[-80.310692,25.768967999999994],[-80.310768,25.769071000000004],[-80.310689,25.769193],[-80.310851,25.76932],[-80.310938,25.769091],[-80.311153,25.769192999999998],[-80.311419,25.768918999999997],[-80.311958,25.768863999999997],[-80.311996,25.76875],[-80.312059,25.768992000000004],[-80.311453,25.769415999999996],[-80.311216,25.769445999999995],[-80.31102,25.769823999999996],[-80.310793,25.769727999999997],[-80.31074,25.770181999999995]]],[[[-80.277028,25.770526],[-80.277082,25.770409],[-80.277295,25.77047799999999],[-80.277287,25.770369],[-80.277184,25.770393999999992],[-80.277212,25.770298999999998],[-80.277341,25.770234000000002],[-80.27746,25.770283],[-80.277517,25.769794],[-80.277744,25.770239999999998],[-80.277871,25.770312],[-80.277896,25.769986],[-80.278199,25.769988000000005],[-80.278268,25.769052],[-80.27816400000002,25.768255],[-80.27805,25.768001],[-80.278294,25.767801999999993],[-80.27842600000001,25.767933000000003],[-80.278369,25.769007999999996],[-80.278482,25.769818],[-80.278407,25.769847999999996],[-80.278705,25.769955999999993],[-80.278675,25.770093000000003],[-80.278498,25.770071999999995],[-80.278555,25.770354999999995],[-80.278488,25.770419999999998],[-80.27892,25.770435000000003],[-80.279065,25.770275000000005],[-80.278946,25.770244],[-80.278928,25.770134999999996],[-80.279122,25.769804],[-80.279271,25.770522999999997],[-80.279528,25.770415000000007],[-80.27972400000002,25.770138999999993],[-80.279655,25.769906000000002],[-80.279455,25.769877999999995],[-80.279412,25.769999999999996],[-80.279351,25.769867],[-80.279668,25.769748000000007],[-80.279729,25.769364999999997],[-80.279617,25.769298],[-80.279719,25.769247],[-80.279666,25.769020999999995],[-80.279797,25.768306],[-80.27994,25.768459999999997],[-80.279952,25.76904],[-80.28019,25.769366],[-80.280058,25.769476000000004],[-80.280208,25.769677],[-80.280087,25.769836],[-80.28024000000002,25.770063999999998],[-80.280591,25.769907],[-80.280512,25.769835999999998],[-80.280514,25.769581],[-80.28063,25.768736],[-80.280749,25.768866000000006],[-80.280875,25.769509000000006],[-80.281253,25.7697],[-80.281281,25.769883000000004],[-80.281401,25.769942999999998],[-80.28148,25.769294],[-80.281568,25.76939],[-80.28163400000001,25.770045],[-80.281337,25.770235],[-80.281401,25.770362999999996],[-80.281697,25.770360999999998],[-80.281739,25.770239000000004],[-80.281903,25.770167],[-80.28235,25.770379],[-80.282785,25.770342000000003],[-80.282859,25.770431999999996],[-80.281995,25.770547],[-80.28178,25.770466999999996],[-80.281494,25.770513],[-80.280829,25.770680999999996],[-80.280842,25.77084],[-80.281598,25.770845],[-80.28173,25.770946999999996],[-80.28072300000001,25.770964],[-80.280609,25.770822999999996],[-80.280363,25.770814],[-80.280345,25.770651999999995],[-80.28015800000001,25.770700000000005],[-80.280204,25.770625999999996],[-80.28002,25.770285],[-80.280022,25.770726],[-80.280085,25.770844000000004],[-80.280241,25.770846],[-80.280238,25.770957000000003],[-80.280164,25.770874],[-80.28002900000001,25.770999],[-80.279785,25.770961],[-80.279736,25.770488999999998],[-80.27957,25.770563999999997],[-80.279478,25.770729],[-80.279516,25.770902],[-80.27967900000002,25.771013999999997],[-80.279387,25.770935999999995],[-80.279437,25.770670999999997],[-80.27937,25.770543999999997],[-80.279084,25.770645999999992],[-80.279021,25.770842999999996],[-80.278981,25.770588999999998],[-80.27832,25.770607],[-80.278106,25.770262000000002],[-80.277976,25.770537],[-80.277766,25.770549999999993],[-80.277818,25.770703],[-80.277711,25.770769000000005],[-80.277621,25.771106000000007],[-80.277463,25.770859999999995],[-80.277028,25.770526]]],[[[-80.288557,25.770811],[-80.288428,25.770661999999998],[-80.288269,25.770632999999997],[-80.288839,25.770652],[-80.288861,25.770429999999998],[-80.288242,25.770471999999998],[-80.288399,25.770422],[-80.288545,25.770207],[-80.288665,25.770322],[-80.28881800000002,25.770252999999997],[-80.288963,25.769847000000002],[-80.28912300000002,25.770024999999993],[-80.289145,25.770243],[-80.289356,25.770324],[-80.289244,25.769993999999993],[-80.28938,25.769918999999998],[-80.28967,25.769993],[-80.289739,25.769460999999996],[-80.289675,25.769314999999995],[-80.289805,25.769363000000002],[-80.289838,25.769233],[-80.290711,25.769280999999996],[-80.290367,25.769413999999998],[-80.290025,25.769351000000004],[-80.289853,25.769444999999997],[-80.290061,25.769798000000005],[-80.29012800000001,25.769693],[-80.290255,25.769888999999996],[-80.290168,25.770057],[-80.290044,25.769983000000003],[-80.289971,25.770041],[-80.29025,25.770445],[-80.290099,25.770522],[-80.290107,25.770656999999996],[-80.290573,25.770697],[-80.2906,25.770812999999997],[-80.290732,25.770862999999995],[-80.289266,25.770858],[-80.288999,25.771077999999996],[-80.288883,25.770902999999997],[-80.288557,25.770811]]],[[[-80.26192872535584,25.700749903329093],[-80.26138,25.701576000000006],[-80.260769,25.702975999999996],[-80.259912,25.703901],[-80.259158,25.704518],[-80.259066,25.704816],[-80.258863,25.704746999999998],[-80.258957,25.704506000000002],[-80.259879,25.703695],[-80.260746,25.702719999999996],[-80.26171288052686,25.700724473661335],[-80.26192872535584,25.700749903329093]]],[[[-80.258075,25.705412000000003],[-80.25841000000001,25.705389000000004],[-80.258696,25.705401000000002],[-80.258031,25.705609999999997],[-80.258075,25.705412000000003]]],[[[-80.252946,25.711299],[-80.254201,25.709471999999998],[-80.255567,25.708463],[-80.256647,25.706764000000003],[-80.257834,25.70547499999999],[-80.257856,25.705737999999993],[-80.256988,25.706635],[-80.256219,25.707956999999993],[-80.254971,25.709128999999994],[-80.254122,25.709780000000006],[-80.253411,25.710858999999996],[-80.252946,25.711299]]],[[[-80.249178,25.716666],[-80.249676,25.716041000000004],[-80.249228,25.717019000000004],[-80.248995,25.717374000000003],[-80.248678,25.717636999999996],[-80.249178,25.716666]]],[[[-80.25891,25.726346],[-80.259026,25.726365000000005],[-80.259087,25.72626899999999],[-80.258907,25.726117],[-80.259172,25.725943],[-80.259252,25.725984000000004],[-80.259213,25.72567],[-80.25932300000001,25.725432],[-80.259449,25.725531999999998],[-80.259345,25.725538999999998],[-80.259398,25.725625000000004],[-80.259546,25.725600999999994],[-80.259761,25.725704999999994],[-80.25966500000001,25.725541],[-80.259814,25.725547],[-80.259904,25.725398999999996],[-80.260222,25.725571999999993],[-80.259893,25.725602999999996],[-80.259851,25.725717999999997],[-80.259731,25.725736],[-80.26023,25.725862],[-80.259926,25.725988],[-80.259851,25.726140000000004],[-80.259481,25.726254000000004],[-80.259457,25.726671],[-80.259588,25.726757999999997],[-80.259409,25.726961000000003],[-80.259177,25.726707],[-80.25910000000002,25.726395],[-80.259056,25.726890999999995],[-80.258939,25.726974],[-80.25891,25.726346]]],[[[-80.255355,25.7297],[-80.255049,25.729509000000004],[-80.254817,25.729537999999998],[-80.254689,25.729632],[-80.254739,25.72975],[-80.254607,25.729813999999994],[-80.254465,25.729671],[-80.254622,25.729337999999995],[-80.254556,25.729174],[-80.254663,25.729135],[-80.254779,25.729207999999993],[-80.254718,25.729129999999998],[-80.254898,25.728921999999997],[-80.254808,25.728774],[-80.255052,25.728718],[-80.255093,25.728485000000003],[-80.255452,25.72832199999999],[-80.255339,25.728099999999998],[-80.255394,25.727964999999998],[-80.255707,25.727872999999995],[-80.255835,25.72812],[-80.255904,25.727753000000003],[-80.256171,25.727661999999995],[-80.256174,25.727564999999988],[-80.256436,25.727624999999996],[-80.256243,25.727554],[-80.256163,25.727241999999997],[-80.256445,25.727371000000005],[-80.256727,25.727338999999997],[-80.25680500000001,25.727211999999998],[-80.256947,25.727183],[-80.25684800000002,25.727008],[-80.257101,25.726979999999998],[-80.256986,25.726813],[-80.257044,25.726730000000003],[-80.257137,25.726759],[-80.257067,25.726867999999996],[-80.257193,25.726992000000003],[-80.257656,25.726902999999993],[-80.25787,25.727356999999998],[-80.258096,25.727587999999994],[-80.258299,25.727636999999998],[-80.25792,25.727667999999998],[-80.257786,25.727826],[-80.257818,25.727913999999995],[-80.2577,25.727968999999998],[-80.257304,25.727794],[-80.257126,25.728015999999997],[-80.257326,25.728171000000003],[-80.256983,25.728240999999997],[-80.256951,25.728383999999995],[-80.256904,25.728242999999992],[-80.256779,25.728342000000005],[-80.256866,25.728724],[-80.256619,25.72877799999999],[-80.25661,25.728939000000004],[-80.256283,25.729099999999992],[-80.256198,25.72933999999999],[-80.256094,25.72933999999999],[-80.256132,25.729460999999997],[-80.255921,25.729529000000003],[-80.255809,25.72975999999999],[-80.255641,25.729770999999992],[-80.255501,25.729943999999996],[-80.255355,25.7297]]],[[[-80.258587,25.730280999999998],[-80.258543,25.730372999999997],[-80.258535,25.730112999999996],[-80.25868,25.729850000000003],[-80.258601,25.729736],[-80.259043,25.729373],[-80.259266,25.729349999999997],[-80.259398,25.729077999999994],[-80.259905,25.728662],[-80.260025,25.728714],[-80.259976,25.728606000000003],[-80.26039,25.728265999999998],[-80.260462,25.728467],[-80.260681,25.72861599999999],[-80.260475,25.728757999999996],[-80.260415,25.728579999999994],[-80.260393,25.72884],[-80.260016,25.729044],[-80.25996800000001,25.729180000000003],[-80.259383,25.729653],[-80.259057,25.729688999999997],[-80.25919400000001,25.729569],[-80.259314,25.729594],[-80.259196,25.729434000000005],[-80.258894,25.729684999999993],[-80.259069,25.729833999999997],[-80.258875,25.729797000000005],[-80.258837,25.729961999999997],[-80.25873,25.729961],[-80.258755,25.730156],[-80.258884,25.730146],[-80.25906,25.729944999999994],[-80.25933,25.730084999999995],[-80.259284,25.730291],[-80.259756,25.730219],[-80.260082,25.729940000000003],[-80.260241,25.729929000000002],[-80.26003,25.72983],[-80.260005,25.729653999999993],[-80.260317,25.729710999999995],[-80.259979,25.72955],[-80.260209,25.729395999999998],[-80.260331,25.729468],[-80.260293,25.729343],[-80.260504,25.729328999999996],[-80.260592,25.729457999999994],[-80.260842,25.729308000000003],[-80.260691,25.729127000000005],[-80.260744,25.728934999999996],[-80.260916,25.72879],[-80.261113,25.729012],[-80.261254,25.728787999999998],[-80.261451,25.728749],[-80.261585,25.728826999999995],[-80.261372,25.729199999999995],[-80.261548,25.729467999999997],[-80.261728,25.729452000000002],[-80.26174900000001,25.729228],[-80.261716,25.729738],[-80.261584,25.729854999999997],[-80.261594,25.730004],[-80.261708,25.730016999999993],[-80.261201,25.730183999999998],[-80.261162,25.730270000000004],[-80.26034,25.73027],[-80.260292,25.730192],[-80.260473,25.730159000000004],[-80.260474,25.730071],[-80.260786,25.730089000000003],[-80.260959,25.729960999999996],[-80.260601,25.729697000000005],[-80.259766,25.730271],[-80.259563,25.730286999999997],[-80.259596,25.730385],[-80.258783,25.73050200000001],[-80.258826,25.730413999999996],[-80.258587,25.730280999999998]]],[[[-80.254175,25.732567999999997],[-80.254438,25.732125],[-80.253998,25.732424000000005],[-80.254323,25.732119000000004],[-80.254386,25.731936999999995],[-80.25421300000001,25.731858999999993],[-80.254482,25.731739],[-80.254351,25.731618999999995],[-80.254515,25.731707],[-80.254488,25.731580999999995],[-80.254707,25.731500999999998],[-80.254827,25.731569000000004],[-80.25499,25.73148],[-80.254986,25.731350999999997],[-80.254754,25.731342],[-80.254718,25.731420999999997],[-80.254636,25.731123999999998],[-80.253897,25.731037999999998],[-80.253888,25.730854],[-80.254101,25.730834999999995],[-80.254142,25.730724],[-80.254243,25.730860000000003],[-80.254427,25.730915],[-80.254501,25.730811000000003],[-80.254599,25.730938999999996],[-80.254768,25.730661999999995],[-80.255083,25.73076],[-80.255086,25.730481000000005],[-80.255234,25.730543],[-80.255022,25.730304],[-80.255099,25.730163],[-80.255011,25.730093999999998],[-80.25543,25.730004],[-80.255582,25.730094999999995],[-80.255579,25.730299],[-80.255493,25.730340999999996],[-80.255363,25.730210000000007],[-80.255213,25.730227999999997],[-80.255381,25.730445999999993],[-80.255352,25.730581999999988],[-80.255231,25.730612000000008],[-80.255235,25.730806],[-80.25564,25.730856],[-80.255717,25.730974999999994],[-80.255357,25.73106200000001],[-80.255358,25.73117],[-80.255177,25.731182],[-80.255189,25.731247999999994],[-80.255718,25.731264999999997],[-80.255934,25.731455],[-80.25585500000001,25.731435999999995],[-80.255835,25.731542],[-80.25598400000001,25.731779000000003],[-80.255785,25.731691000000005],[-80.255758,25.731587000000005],[-80.255603,25.731566],[-80.255586,25.731698999999992],[-80.255354,25.731823],[-80.25518,25.731807000000003],[-80.254863,25.732002000000005],[-80.254175,25.732567999999997]]],[[[-80.255705,25.732461999999998],[-80.255694,25.732103],[-80.2562,25.731673999999998],[-80.256701,25.731270000000002],[-80.256818,25.731277999999996],[-80.25716,25.731060000000003],[-80.257468,25.730657999999995],[-80.257557,25.730812999999998],[-80.257568,25.730672],[-80.257772,25.730536999999998],[-80.257967,25.730592999999995],[-80.257968,25.730687999999997],[-80.257104,25.731343],[-80.257092,25.73151199999999],[-80.257013,25.731458999999997],[-80.256911,25.731532],[-80.256855,25.731815999999995],[-80.256514,25.731853],[-80.256127,25.732301],[-80.255981,25.732331999999996],[-80.25593700000002,25.732497999999996],[-80.255795,25.732539],[-80.255705,25.732461999999998]]],[[[-80.257765,25.741257999999995],[-80.257898,25.741036],[-80.257945,25.741145999999997],[-80.258231,25.74109],[-80.258262,25.740662000000004],[-80.257963,25.74045999999999],[-80.258291,25.740301999999996],[-80.25832600000001,25.739813999999996],[-80.258221,25.739742],[-80.258091,25.739883999999996],[-80.257868,25.739781999999998],[-80.25771,25.739818],[-80.257532,25.739584],[-80.257709,25.739518],[-80.257688,25.739226999999993],[-80.257832,25.739135999999995],[-80.257798,25.739065000000004],[-80.257632,25.739084999999996],[-80.257562,25.738975000000007],[-80.257728,25.73893199999999],[-80.257915,25.73912899999999],[-80.257927,25.739234999999997],[-80.257751,25.739358000000003],[-80.257859,25.739503],[-80.257738,25.73953],[-80.257944,25.739727],[-80.25804,25.73961],[-80.25791,25.739457000000005],[-80.258047,25.739349],[-80.258075,25.739194],[-80.257877,25.73897300000001],[-80.257934,25.738894],[-80.258047,25.738932],[-80.258006,25.738760999999997],[-80.257651,25.73854],[-80.257494,25.738640999999998],[-80.257399,25.738419999999998],[-80.257541,25.738021999999997],[-80.257449,25.737898000000005],[-80.25772,25.73800500000001],[-80.257695,25.737934999999997],[-80.257795,25.737934],[-80.257371,25.737655999999998],[-80.257525,25.737733999999996],[-80.257647,25.737616000000003],[-80.257794,25.737787],[-80.257667,25.737585000000006],[-80.25769,25.737315999999993],[-80.257609,25.737281000000003],[-80.25763,25.737374],[-80.257528,25.737218],[-80.257909,25.737208000000003],[-80.258141,25.737003999999995],[-80.258306,25.737058],[-80.258322,25.737311],[-80.258181,25.737323000000004],[-80.25832600000001,25.737426000000003],[-80.258292,25.737701],[-80.258547,25.737591999999992],[-80.258488,25.737449],[-80.258611,25.737025999999997],[-80.25879700000002,25.737279999999995],[-80.258862,25.737112999999994],[-80.259095,25.737094],[-80.25906300000001,25.737241999999995],[-80.2589,25.737224999999995],[-80.258936,25.737633],[-80.259152,25.737659999999998],[-80.25906,25.73747399999999],[-80.259167,25.737319999999997],[-80.259335,25.737484],[-80.259312,25.737685],[-80.259527,25.737707999999998],[-80.259429,25.737844000000003],[-80.259315,25.737792],[-80.25919200000001,25.73785],[-80.259375,25.738053999999995],[-80.25928,25.738235],[-80.259394,25.738319000000004],[-80.260067,25.738372999999996],[-80.259956,25.738402999999998],[-80.25992100000002,25.738576000000002],[-80.259767,25.738432000000007],[-80.259473,25.738565999999995],[-80.259254,25.738555],[-80.259199,25.738648],[-80.25961,25.738783999999995],[-80.259602,25.738895000000003],[-80.259478,25.738866999999995],[-80.259587,25.738987999999992],[-80.260165,25.739009999999997],[-80.260127,25.737537999999997],[-80.260315,25.737623999999997],[-80.260547,25.737617000000004],[-80.260614,25.737508],[-80.260778,25.737588999999996],[-80.260925,25.737509999999997],[-80.261014,25.737591],[-80.261118,25.737565],[-80.260714,25.737342999999996],[-80.260686,25.737490999999995],[-80.260552,25.737359000000005],[-80.260548,25.737212999999997],[-80.260714,25.737124999999995],[-80.260501,25.736929],[-80.26079700000001,25.736873999999997],[-80.260828,25.736710999999996],[-80.261019,25.736511],[-80.261244,25.736597999999997],[-80.261476,25.736536],[-80.261203,25.736248999999997],[-80.261287,25.736164999999996],[-80.261435,25.73624],[-80.261523,25.736160999999996],[-80.261816,25.73615],[-80.262143,25.73636],[-80.262223,25.736291],[-80.262343,25.736327000000003],[-80.262328,25.737179999999995],[-80.262288,25.737235999999996],[-80.262216,25.737021999999996],[-80.262144,25.737202],[-80.262074,25.737042],[-80.262098,25.737709999999996],[-80.261877,25.737759999999998],[-80.261948,25.737917999999997],[-80.261857,25.73792],[-80.261884,25.738008],[-80.261786,25.737966999999998],[-80.26177,25.737698],[-80.261428,25.737727],[-80.261222,25.738120000000006],[-80.261173,25.737841999999997],[-80.260983,25.737702999999996],[-80.260742,25.737843],[-80.260561,25.737844000000003],[-80.260483,25.738136],[-80.2606,25.738386000000002],[-80.26025,25.738462999999996],[-80.260308,25.738918999999996],[-80.260444,25.738907],[-80.260501,25.738727000000004],[-80.260593,25.73879],[-80.260612,25.738989999999998],[-80.26082,25.738925],[-80.260742,25.738813999999998],[-80.260764,25.738744],[-80.26083,25.738897],[-80.261426,25.739001000000005],[-80.261536,25.738921],[-80.261566,25.739086],[-80.261392,25.739095],[-80.261355,25.739356000000004],[-80.261288,25.739383],[-80.261196,25.73927],[-80.261209,25.739081],[-80.260927,25.739146],[-80.260913,25.739354],[-80.26076,25.73916],[-80.260639,25.739158],[-80.260686,25.739344],[-80.260548,25.739175],[-80.260459,25.739184],[-80.26040200000001,25.739610000000003],[-80.260848,25.739754],[-80.260784,25.739928],[-80.260473,25.739934],[-80.26036500000001,25.739858999999996],[-80.260322,25.739939999999997],[-80.260086,25.739794000000003],[-80.25979200000002,25.739813999999992],[-80.25989,25.739640999999992],[-80.260067,25.739713999999992],[-80.260212,25.739661],[-80.260145,25.739160999999992],[-80.259998,25.739170999999995],[-80.260027,25.739282],[-80.259941,25.739317000000003],[-80.260065,25.739470999999998],[-80.259745,25.739311],[-80.25993100000001,25.739469999999997],[-80.259733,25.739569999999997],[-80.259429,25.739458999999997],[-80.25946,25.739563999999994],[-80.259172,25.739248000000003],[-80.25924,25.739391000000005],[-80.25902,25.739551000000002],[-80.259014,25.739271999999993],[-80.258764,25.739234999999997],[-80.258696,25.740266],[-80.258593,25.740422],[-80.258694,25.740468999999997],[-80.258875,25.740308999999996],[-80.25893,25.740099999999998],[-80.259085,25.740168999999995],[-80.259124,25.740516000000003],[-80.258953,25.740594000000005],[-80.258924,25.740840999999996],[-80.258796,25.740815],[-80.25884000000002,25.740698999999992],[-80.258566,25.740745],[-80.258476,25.741180000000004],[-80.258437,25.740972000000003],[-80.258351,25.740935999999994],[-80.258205,25.741356000000003],[-80.25783,25.741290999999997],[-80.257859,25.741451],[-80.257765,25.741257999999995]]],[[[-80.254059,25.739700999999997],[-80.254025,25.73900199999999],[-80.253916,25.738933],[-80.253904,25.738749],[-80.254024,25.738684],[-80.253995,25.73768099999999],[-80.254199,25.737764],[-80.254193,25.737481],[-80.254345,25.737997],[-80.25454,25.737951999999996],[-80.254962,25.738347999999995],[-80.254864,25.738591],[-80.254918,25.738907999999995],[-80.255043,25.738862],[-80.255103,25.738575],[-80.25533,25.738915000000002],[-80.255593,25.739010000000004],[-80.255764,25.738904],[-80.25611,25.738960999999996],[-80.256136,25.738818000000002],[-80.256161,25.739205000000002],[-80.25602,25.739148],[-80.255983,25.739288999999992],[-80.256092,25.739458],[-80.255974,25.739442999999994],[-80.255788,25.739588],[-80.256058,25.739622999999998],[-80.25635,25.739817999999996],[-80.256393,25.739966999999993],[-80.255964,25.739983999999996],[-80.25577,25.739895999999998],[-80.255596,25.740035],[-80.255495,25.739994],[-80.255668,25.740141],[-80.256055,25.740060999999997],[-80.256099,25.740207000000005],[-80.255843,25.740168999999995],[-80.255756,25.740273999999996],[-80.255945,25.740417],[-80.256232,25.740477],[-80.256277,25.740633999999996],[-80.255966,25.740702000000002],[-80.255561,25.740631999999998],[-80.255521,25.740533],[-80.255656,25.740435999999992],[-80.255781,25.740512999999996],[-80.255742,25.740348],[-80.255524,25.740291000000003],[-80.255349,25.740362999999995],[-80.255148,25.740270000000002],[-80.255062,25.740021999999996],[-80.254584,25.739929999999998],[-80.25472,25.739722000000004],[-80.254558,25.739571],[-80.254609,25.739362999999997],[-80.254531,25.739245000000004],[-80.254381,25.739248999999994],[-80.254229,25.739385000000002],[-80.254154,25.739269000000004],[-80.254059,25.739700999999997]]],[[[-80.254454,25.749857999999996],[-80.254389,25.748132000000002],[-80.254314,25.748040999999997],[-80.254381,25.747887],[-80.254328,25.746318999999996],[-80.254252,25.746143],[-80.254315,25.746026000000004],[-80.254225,25.7454],[-80.254287,25.745255999999998],[-80.2542,25.743106],[-80.253849,25.743058999999995],[-80.253824,25.742951000000005],[-80.254187,25.742904999999997],[-80.254205,25.742589],[-80.254388,25.742621999999997],[-80.254468,25.744470999999997],[-80.254721,25.744418999999997],[-80.254863,25.744728],[-80.25485,25.744579999999996],[-80.255098,25.744521],[-80.25539,25.744508999999997],[-80.255484,25.744616],[-80.254889,25.744752999999996],[-80.255117,25.745011000000005],[-80.254931,25.745117999999998],[-80.254933,25.745291],[-80.255085,25.745294999999995],[-80.25516,25.745203999999998],[-80.255473,25.745252],[-80.255567,25.745354999999993],[-80.255788,25.745312000000002],[-80.25496,25.745572999999997],[-80.255012,25.745669],[-80.255399,25.745711999999997],[-80.255539,25.745839],[-80.25502,25.745910999999996],[-80.255352,25.746053999999994],[-80.255256,25.746134999999995],[-80.255319,25.746321999999996],[-80.255635,25.74638699999999],[-80.255924,25.746287],[-80.256039,25.746356],[-80.25593700000002,25.746187],[-80.255591,25.746125999999993],[-80.255833,25.746012],[-80.256049,25.746028],[-80.256099,25.745774999999995],[-80.256214,25.746062999999996],[-80.25605,25.746263999999996],[-80.256398,25.746451000000004],[-80.256154,25.74647],[-80.256374,25.746861000000003],[-80.256262,25.746886],[-80.256293,25.74716],[-80.256424,25.747147000000002],[-80.256599,25.746470999999996],[-80.25641600000002,25.746315000000003],[-80.256439,25.74614],[-80.256656,25.746343999999997],[-80.2571,25.746341999999995],[-80.256988,25.746465000000004],[-80.257202,25.746481999999993],[-80.257231,25.746796999999997],[-80.257721,25.746692999999993],[-80.257734,25.746543999999997],[-80.257898,25.746646999999996],[-80.257866,25.746850999999996],[-80.257653,25.746828],[-80.257664,25.747058],[-80.257858,25.747125999999994],[-80.257481,25.747166],[-80.257698,25.747245000000003],[-80.257465,25.747254999999996],[-80.257436,25.747348999999996],[-80.257353,25.747257999999995],[-80.25671900000002,25.747291],[-80.256684,25.747550999999998],[-80.256604,25.747397],[-80.256542,25.747636],[-80.256451,25.747528],[-80.25632,25.74773799999999],[-80.256026,25.747752999999996],[-80.255909,25.747873],[-80.255654,25.747932999999993],[-80.255605,25.747685999999998],[-80.25519,25.747693999999996],[-80.25516300000001,25.747611],[-80.255713,25.747565000000005],[-80.255826,25.747623999999995],[-80.255831,25.747369000000003],[-80.255086,25.747369999999997],[-80.255043,25.747208999999998],[-80.255177,25.747151],[-80.254893,25.747036999999995],[-80.254837,25.746814],[-80.254701,25.74677],[-80.25455300000002,25.746530000000003],[-80.254699,25.746455000000005],[-80.254681,25.746326000000003],[-80.25487,25.746048999999992],[-80.2548,25.745904000000007],[-80.254527,25.745915999999994],[-80.254548,25.748764],[-80.254636,25.748679999999997],[-80.254689,25.748985999999995],[-80.254845,25.74920599999999],[-80.254621,25.749324000000005],[-80.254574,25.749238000000002],[-80.254666,25.74981],[-80.254454,25.749857999999996]]],[[[-80.26247988730913,25.746933665990547],[-80.262427,25.746841],[-80.26247598768414,25.746839164614045],[-80.26247988730913,25.746933665990547]]],[[[-80.26265200000002,25.752790000000005],[-80.262455,25.752780999999995],[-80.262526,25.752858999999997],[-80.262303,25.752942],[-80.262173,25.752850999999993],[-80.261482,25.752895],[-80.261452,25.753004000000004],[-80.261295,25.752804],[-80.261124,25.752762999999998],[-80.26267463874863,25.752628480178807],[-80.26265200000002,25.752790000000005]]],[[[-80.249971,25.757401999999995],[-80.254603,25.757274000000002],[-80.254704,25.757149],[-80.25450800000002,25.751784999999998],[-80.254305,25.751698000000005],[-80.254285,25.751575000000003],[-80.25450800000002,25.751459000000004],[-80.254466,25.750005000000005],[-80.254837,25.750005],[-80.254789,25.749896999999997],[-80.254914,25.749832999999995],[-80.255122,25.749993999999997],[-80.25523,25.749955999999997],[-80.25506,25.749827999999997],[-80.255403,25.749909],[-80.255449,25.750004999999998],[-80.255091,25.750026],[-80.255158,25.750153999999995],[-80.255442,25.750069999999997],[-80.255469,25.750188999999995],[-80.255334,25.75033],[-80.255411,25.750462],[-80.255357,25.750576],[-80.255262,25.750564999999998],[-80.255306,25.750675999999995],[-80.255196,25.750810999999995],[-80.255676,25.751226999999993],[-80.255862,25.751048999999995],[-80.255798,25.750886999999995],[-80.256238,25.751116999999997],[-80.256397,25.751347999999997],[-80.256747,25.751505999999996],[-80.256818,25.750848999999995],[-80.256872,25.751318],[-80.257165,25.751301999999995],[-80.257323,25.751427999999997],[-80.257127,25.751760000000004],[-80.2574,25.752058],[-80.257469,25.751945000000003],[-80.258559,25.751955],[-80.258551,25.751697999999998],[-80.258286,25.751774],[-80.258127,25.751675000000002],[-80.25855,25.751630999999996],[-80.258554,25.751364999999996],[-80.258041,25.751355999999998],[-80.258129,25.751224000000004],[-80.258547,25.751177999999996],[-80.258532,25.750930999999998],[-80.258404,25.750878000000004],[-80.258523,25.750851000000008],[-80.258553,25.750701000000003],[-80.258681,25.750827999999995],[-80.258716,25.751469999999998],[-80.258768,25.750262999999997],[-80.258811,25.750407000000003],[-80.259021,25.750425],[-80.25925,25.750268],[-80.259372,25.750486],[-80.258827,25.750592],[-80.258893,25.75116999999999],[-80.259174,25.751148000000004],[-80.25910200000001,25.750975],[-80.259202,25.750939999999993],[-80.259197,25.75077299999999],[-80.259347,25.750719000000004],[-80.259526,25.750785999999998],[-80.260467,25.750707999999996],[-80.260619,25.750843000000003],[-80.260765,25.750667000000004],[-80.260925,25.751052000000005],[-80.26089,25.751368],[-80.26076,25.751173999999995],[-80.260699,25.7517],[-80.260665,25.751533],[-80.258885,25.751669999999997],[-80.25893,25.751949999999997],[-80.260466,25.751842],[-80.259366,25.752057000000004],[-80.259248,25.752126],[-80.259357,25.752272],[-80.259568,25.752261],[-80.259696,25.752122],[-80.259744,25.752200000000002],[-80.259602,25.752270000000003],[-80.258909,25.752337],[-80.258906,25.75261499999999],[-80.258701,25.752517999999995],[-80.258628,25.752691999999993],[-80.258571,25.752348],[-80.257654,25.752897999999995],[-80.257527,25.752874999999996],[-80.257562,25.75274299999999],[-80.25776,25.752629999999996],[-80.257827,25.752485],[-80.258106,25.752401],[-80.258107,25.752327999999995],[-80.25785,25.752447000000007],[-80.257175,25.752326999999998],[-80.257406,25.752312],[-80.257475,25.752205],[-80.257336,25.752062999999996],[-80.257352,25.752190999999993],[-80.257013,25.752180999999997],[-80.256804,25.751914],[-80.256643,25.751957],[-80.256689,25.751686],[-80.256493,25.751524999999997],[-80.254818,25.75176099999999],[-80.254857,25.752156],[-80.25499,25.752238],[-80.255372,25.752203],[-80.255539,25.752307000000002],[-80.255318,25.752416999999998],[-80.255369,25.752519],[-80.255284,25.752597],[-80.254874,25.752668],[-80.254873,25.753275000000002],[-80.255201,25.753262],[-80.255209,25.753110999999993],[-80.25529200000001,25.753098999999995],[-80.255359,25.753258],[-80.255885,25.753273000000004],[-80.25576,25.753329999999995],[-80.255924,25.753508],[-80.25573,25.753651999999995],[-80.255616,25.753997999999996],[-80.255475,25.754029999999997],[-80.255655,25.754172],[-80.255508,25.754171999999997],[-80.25555000000001,25.754304999999995],[-80.255275,25.754167999999996],[-80.255154,25.754464999999996],[-80.255246,25.754595999999996],[-80.255144,25.754783999999994],[-80.25489,25.75478],[-80.25491,25.754941000000002],[-80.255291,25.754930999999992],[-80.255131,25.755356],[-80.254897,25.755640999999994],[-80.254885,25.755862999999994],[-80.254806,25.755615999999996],[-80.254739,25.755954000000003],[-80.254778,25.75646],[-80.254806,25.756534999999996],[-80.254902,25.756114999999998],[-80.254915,25.756647999999995],[-80.254986,25.756693999999996],[-80.254921,25.756768000000005],[-80.25498700000001,25.758300999999996],[-80.255184,25.758311999999997],[-80.254965,25.758404],[-80.255005,25.758894],[-80.254884,25.758935999999995],[-80.254835,25.759083999999998],[-80.254693,25.758986000000004],[-80.254263,25.759142999999995],[-80.253936,25.759145999999998],[-80.253938,25.759219999999996],[-80.254075,25.759253999999995],[-80.254034,25.759326999999995],[-80.253691,25.759081999999992],[-80.253763,25.759348],[-80.25355800000001,25.759308],[-80.253457,25.759424999999997],[-80.253521,25.759543999999998],[-80.253714,25.759594],[-80.253752,25.759732],[-80.253592,25.759753000000003],[-80.253454,25.7599],[-80.2536,25.759997],[-80.253597,25.76016],[-80.253426,25.760195999999997],[-80.253311,25.760103],[-80.253164,25.760167],[-80.253274,25.760361],[-80.253437,25.760349999999995],[-80.25347400000001,25.760488],[-80.253415,25.760526],[-80.253286,25.760425],[-80.253103,25.760538999999994],[-80.253198,25.760702000000002],[-80.253119,25.760865999999996],[-80.253182,25.761033999999995],[-80.253031,25.761029],[-80.253016,25.761110000000002],[-80.253262,25.761322],[-80.25321600000001,25.761588999999997],[-80.25360300000001,25.761722],[-80.253688,25.76185900000001],[-80.253574,25.761907999999995],[-80.25317,25.761856999999992],[-80.25312,25.761753000000002],[-80.253217,25.761634],[-80.252873,25.761431999999996],[-80.252622,25.761025],[-80.252637,25.760406],[-80.252817,25.760279999999998],[-80.252757,25.759916999999998],[-80.25265,25.759827000000005],[-80.252076,25.759782999999995],[-80.25225800000001,25.759635000000003],[-80.25273,25.759588999999995],[-80.252656,25.759464],[-80.252727,25.759203000000003],[-80.252629,25.759081999999996],[-80.25277400000002,25.759096],[-80.25275,25.759036999999996],[-80.252181,25.758981],[-80.252122,25.758863],[-80.252078,25.759013999999993],[-80.251973,25.758948999999998],[-80.252084,25.758751999999998],[-80.252307,25.758853],[-80.252761,25.758730000000003],[-80.252621,25.758512],[-80.252508,25.758612],[-80.252179,25.758547],[-80.252209,25.758436999999997],[-80.252285,25.758537999999998],[-80.252393,25.758512999999997],[-80.25234800000001,25.758406],[-80.252452,25.758454999999994],[-80.252515,25.758315000000003],[-80.252725,25.758401000000003],[-80.252742,25.758331999999996],[-80.252594,25.758226000000004],[-80.25213,25.758227000000005],[-80.252111,25.758331999999992],[-80.251837,25.758194999999994],[-80.25151900000002,25.758200999999996],[-80.251701,25.75803],[-80.25203,25.758036000000004],[-80.252144,25.758118999999997],[-80.252369,25.758010000000002],[-80.252221,25.757857999999995],[-80.252196,25.757925000000004],[-80.251758,25.75796],[-80.251451,25.757916999999992],[-80.251316,25.757705],[-80.251236,25.757758999999997],[-80.251302,25.757877],[-80.251002,25.757758999999997],[-80.250926,25.757998999999998],[-80.25117900000001,25.758210999999996],[-80.251075,25.758170999999994],[-80.250912,25.758269],[-80.250848,25.759014],[-80.250646,25.758739000000002],[-80.25077,25.758414],[-80.250537,25.758339],[-80.250492,25.758438999999996],[-80.250387,25.758382000000008],[-80.250152,25.758431],[-80.25014,25.758324],[-80.250258,25.75825],[-80.250003,25.758139999999997],[-80.249903,25.75757299999999],[-80.249971,25.757401999999995]]],[[[-80.253947,25.763892999999996],[-80.253929,25.763573999999995],[-80.253742,25.763375000000003],[-80.253765,25.763236999999997],[-80.25403700000001,25.763128],[-80.254172,25.763250999999997],[-80.254402,25.763241999999998],[-80.25424800000002,25.762983999999996],[-80.254244,25.762667000000004],[-80.25386100000001,25.762273],[-80.253637,25.762212000000005],[-80.253209,25.762264],[-80.253145,25.762136999999996],[-80.253254,25.762062000000004],[-80.253636,25.762101],[-80.253938,25.761993999999998],[-80.25401,25.762202999999996],[-80.254078,25.762091999999996],[-80.25414,25.762189999999997],[-80.254156,25.762489000000002],[-80.254286,25.762605],[-80.254499,25.762427],[-80.254694,25.761969999999994],[-80.25485800000001,25.761902999999993],[-80.254829,25.760494999999995],[-80.254673,25.760472999999998],[-80.254716,25.760589000000003],[-80.254584,25.760521999999998],[-80.254717,25.760814999999997],[-80.254569,25.760692],[-80.254442,25.760723],[-80.254358,25.760587000000005],[-80.254501,25.76058099999999],[-80.254533,25.760491],[-80.254397,25.760538999999994],[-80.254234,25.760354],[-80.254257,25.760226],[-80.254389,25.760234000000004],[-80.254453,25.760136],[-80.254405,25.759951999999995],[-80.254778,25.759712999999998],[-80.254883,25.760244],[-80.254939,25.760310000000004],[-80.255064,25.760203],[-80.25511400000002,25.760506999999997],[-80.255324,25.760636999999996],[-80.255341,25.76073],[-80.255242,25.760792],[-80.255126,25.760727999999997],[-80.255106,25.760793000000003],[-80.255392,25.761177000000004],[-80.255261,25.761197999999997],[-80.255237,25.761059000000003],[-80.255137,25.761064999999995],[-80.255129,25.761333999999994],[-80.255343,25.761390000000002],[-80.255109,25.761492999999998],[-80.255075,25.761916999999997],[-80.254998,25.76138999999999],[-80.254927,25.76228],[-80.254759,25.76250699999999],[-80.254815,25.762724],[-80.254717,25.762724],[-80.254736,25.762841000000005],[-80.254906,25.762962000000005],[-80.254839,25.763098999999997],[-80.254477,25.763127],[-80.254546,25.763598000000005],[-80.254229,25.763851999999996],[-80.254302,25.764098],[-80.253947,25.763892999999996]]],[[[-80.25537600000001,25.766184999999993],[-80.255299,25.76594],[-80.25528,25.765620999999992],[-80.255378,25.765976],[-80.255612,25.765962000000002],[-80.255789,25.766052999999996],[-80.255772,25.765965999999995],[-80.25603,25.765936999999997],[-80.255879,25.765834],[-80.255854,25.765701000000004],[-80.256184,25.765511],[-80.255501,25.765443],[-80.255556,25.765294],[-80.255741,25.765317999999997],[-80.255814,25.765055],[-80.255925,25.765288],[-80.256681,25.765279999999997],[-80.256795,25.765237],[-80.256876,25.765044],[-80.257123,25.765129000000005],[-80.257164,25.765232000000005],[-80.25705,25.765253],[-80.257224,25.765382],[-80.256812,25.765449999999998],[-80.256976,25.765745000000003],[-80.256754,25.765903999999992],[-80.257257,25.766063],[-80.256853,25.766139000000003],[-80.256871,25.766345],[-80.25666,25.766160999999997],[-80.256203,25.766143000000003],[-80.256142,25.766282999999998],[-80.256284,25.766434999999998],[-80.256044,25.766484],[-80.256026,25.766335000000005],[-80.255877,25.766227000000004],[-80.255863,25.766437000000003],[-80.255657,25.76652899999999],[-80.25554,25.766376000000005],[-80.25567700000002,25.76619699999999],[-80.25550500000001,25.766130999999998],[-80.25537600000001,25.766184999999993]]],[[[-80.255336,25.766628],[-80.255735,25.766655],[-80.255893,25.766760999999995],[-80.255823,25.766688999999996],[-80.255983,25.766657000000002],[-80.256146,25.766756000000008],[-80.256153,25.766819999999996],[-80.255989,25.766851],[-80.255731,25.76675699999999],[-80.255752,25.766832],[-80.25559,25.766876999999997],[-80.256098,25.767113],[-80.25588,25.767246999999998],[-80.255636,25.767238],[-80.255957,25.767524],[-80.255496,25.76754],[-80.255392,25.767615],[-80.255361,25.766906000000002],[-80.255491,25.76685],[-80.255496,25.766740999999996],[-80.255357,25.766686000000004],[-80.255336,25.766628]]],[[[-80.256845,25.769844999999997],[-80.257205,25.769789999999997],[-80.256822,25.769970999999998],[-80.256692,25.77016],[-80.257448,25.770197],[-80.25752,25.770265999999996],[-80.257197,25.77021],[-80.257149,25.770286999999996],[-80.256314,25.770338000000002],[-80.256376,25.770505000000004],[-80.256499,25.770498],[-80.256711,25.770691999999997],[-80.256569,25.770788],[-80.256424,25.770698999999993],[-80.256238,25.770819999999997],[-80.256395,25.770933999999997],[-80.256537,25.770849999999996],[-80.256623,25.770950999999997],[-80.256847,25.770916000000007],[-80.256888,25.77106],[-80.256644,25.770974000000002],[-80.256555,25.771037],[-80.256022,25.770976],[-80.255973,25.771048],[-80.255539,25.770968999999997],[-80.255302,25.770815],[-80.255252,25.771252999999994],[-80.255061,25.771048999999994],[-80.255125,25.770826999999993],[-80.254952,25.770724999999988],[-80.254756,25.770995999999993],[-80.25498900000001,25.771146],[-80.255003,25.771328],[-80.254927,25.77136399999999],[-80.254705,25.771162999999998],[-80.254743,25.771713],[-80.25419,25.771784999999998],[-80.253847,25.771675999999996],[-80.253825,25.771779999999996],[-80.25368500000002,25.771785999999995],[-80.253812,25.771758999999996],[-80.25381,25.771623999999996],[-80.253561,25.771618000000004],[-80.25351300000001,25.771837],[-80.253377,25.771784999999998],[-80.253342,25.771203999999997],[-80.253573,25.771298999999992],[-80.253736,25.771236],[-80.253954,25.770864999999993],[-80.25434200000001,25.770851],[-80.254305,25.770624999999995],[-80.254567,25.770654],[-80.25472700000002,25.77039],[-80.254837,25.770428999999996],[-80.25512,25.770219],[-80.255248,25.770436999999998],[-80.25532900000002,25.770392999999995],[-80.255411,25.770484999999997],[-80.255474,25.770287999999997],[-80.25597,25.770197],[-80.256845,25.769844999999997]]],[[[-80.26196000000002,25.771798],[-80.262237,25.771764999999995],[-80.261918,25.771666999999997],[-80.26224,25.771617999999997],[-80.262411,25.771444000000002],[-80.262063,25.771205000000002],[-80.262091,25.770967000000006],[-80.261819,25.770843999999997],[-80.261977,25.770882],[-80.261851,25.770671999999998],[-80.261963,25.770488],[-80.261667,25.770476999999996],[-80.261672,25.770740000000004],[-80.26157500000001,25.770730999999998],[-80.26154,25.770830000000004],[-80.261458,25.770746000000003],[-80.26148100000002,25.770469999999996],[-80.261225,25.770488000000004],[-80.260944,25.770362],[-80.261297,25.770347],[-80.261572,25.770213000000002],[-80.261804,25.770337],[-80.262108,25.770254],[-80.262443,25.770296000000002],[-80.262524,25.770372],[-80.262348,25.770514],[-80.262555,25.770481000000004],[-80.262617,25.770585],[-80.262593,25.770415],[-80.262712,25.77025099999999],[-80.263243,25.770228000000003],[-80.263256,25.770372999999992],[-80.263138,25.770459999999996],[-80.263236,25.770524],[-80.263335,25.770413999999995],[-80.263432,25.77044],[-80.263475,25.770915],[-80.26317,25.77096],[-80.263164,25.771113999999997],[-80.263476,25.771060999999996],[-80.263488,25.771582999999996],[-80.26364700000002,25.771683],[-80.263441,25.771830999999995],[-80.261962,25.771855000000002],[-80.26196000000002,25.771798]]],[[[-80.254904,25.777498999999995],[-80.254847,25.777222],[-80.255174,25.777],[-80.25503200000001,25.776533999999998],[-80.254824,25.776459999999997],[-80.254754,25.776516],[-80.254808,25.776429],[-80.25472700000002,25.776275],[-80.25503400000001,25.776153999999995],[-80.255028,25.776082999999996],[-80.255226,25.776066999999998],[-80.255266,25.775797],[-80.255164,25.775661],[-80.254878,25.775542],[-80.25469,25.775204],[-80.25450600000002,25.775396999999995],[-80.254298,25.775296000000004],[-80.254603,25.775127000000005],[-80.254507,25.774800000000003],[-80.254668,25.774613000000002],[-80.254514,25.774497],[-80.254661,25.774192],[-80.254839,25.774563],[-80.255392,25.774455],[-80.255403,25.774712000000005],[-80.255536,25.774918999999993],[-80.255673,25.774654],[-80.255622,25.774485999999996],[-80.255719,25.774547999999996],[-80.255755,25.776166],[-80.2556,25.775612000000002],[-80.255519,25.776058],[-80.255469,25.775939999999988],[-80.255323,25.775933],[-80.255591,25.776395999999995],[-80.255655,25.776165000000002],[-80.255758,25.77620299999999],[-80.255787,25.77726],[-80.255586,25.777340999999996],[-80.255464,25.777296],[-80.255297,25.777498999999995],[-80.255108,25.777486000000003],[-80.255056,25.77734999999999],[-80.254904,25.777498999999995]]],[[[-80.20689500000002,25.746494],[-80.210096,25.745166999999995],[-80.212296,25.744069000000003],[-80.212793,25.744048],[-80.21295,25.744519],[-80.213334,25.744435999999997],[-80.21605,25.742935000000003],[-80.218753,25.741778],[-80.220647,25.740597],[-80.222995,25.739352],[-80.22421,25.739031999999998],[-80.22509300000002,25.738676999999996],[-80.226238,25.737556000000005],[-80.22821,25.736595999999995],[-80.231264,25.734680000000004],[-80.23505,25.731721],[-80.235883,25.730607000000003],[-80.236875,25.729739999999996],[-80.237998,25.728488999999993],[-80.23957,25.727292999999996],[-80.240542,25.726098999999998],[-80.242043,25.724811],[-80.243114,25.723497],[-80.244636,25.722098999999996],[-80.246611,25.719765999999996],[-80.248483,25.717858],[-80.245471,25.721258999999996],[-80.24465,25.722349999999995],[-80.243345,25.723487],[-80.242211,25.724931999999992],[-80.241131,25.725699],[-80.239769,25.727275999999996],[-80.236553,25.73026],[-80.235922,25.730926999999998],[-80.235221,25.731924999999997],[-80.233096,25.733405],[-80.231559,25.734639],[-80.228787,25.736417999999997],[-80.226499,25.737617999999998],[-80.224974,25.738974],[-80.224275,25.739266],[-80.222983,25.739477],[-80.221008,25.740537],[-80.21859100000002,25.741998000000002],[-80.214114,25.744105999999995],[-80.213042,25.744767999999997],[-80.21278,25.744756],[-80.212473,25.744327000000002],[-80.211909,25.744395],[-80.210032,25.745352],[-80.208648,25.745836],[-80.206708,25.746782],[-80.206239,25.747353000000004],[-80.20541,25.747522000000004],[-80.204967,25.747721],[-80.203365,25.749057999999998],[-80.203082,25.749448000000005],[-80.201967,25.750403999999993],[-80.20074,25.750889999999995],[-80.200052,25.751548],[-80.198973,25.752257999999998],[-80.199178,25.752010000000002],[-80.200352,25.751182],[-80.20068,25.750819],[-80.20146,25.750225000000004],[-80.202703,25.749479999999995],[-80.204496,25.747846],[-80.205214,25.74748],[-80.206162,25.747196999999996],[-80.20689500000002,25.746494]]],[[[-80.195098,25.755138999999993],[-80.195734,25.754786999999997],[-80.195445,25.755273],[-80.194882,25.755853999999996],[-80.194382,25.75675],[-80.193995,25.75711499999999],[-80.193767,25.757560999999995],[-80.193587,25.758535],[-80.193882,25.759434],[-80.193693,25.760085000000004],[-80.193584,25.759916],[-80.193466,25.759137000000003],[-80.19325,25.758675999999994],[-80.193573,25.757057999999997],[-80.194347,25.755775999999997],[-80.195098,25.755138999999993]]],[[[-80.188715,25.771388999999996],[-80.188917,25.770869000000005],[-80.1891,25.770689],[-80.190176,25.770393999999996],[-80.190185,25.770631],[-80.189707,25.770711999999996],[-80.189356,25.770981000000003],[-80.188681,25.771688],[-80.188491,25.772111000000002],[-80.188606,25.772742],[-80.189459,25.773438],[-80.189593,25.773664999999998],[-80.189538,25.774459000000004],[-80.188917,25.775102999999998],[-80.188584,25.775651999999997],[-80.188514,25.775934000000003],[-80.189283,25.777743],[-80.190984,25.780248999999998],[-80.191292,25.780317999999994],[-80.192131,25.780152],[-80.193337,25.780090000000005],[-80.19343,25.780816000000005],[-80.193334,25.780942999999997],[-80.191291,25.780975],[-80.191206,25.781053999999994],[-80.192146,25.788008999999995],[-80.191974,25.792209],[-80.191807,25.793681999999993],[-80.191408,25.794765999999996],[-80.19082000000002,25.795437],[-80.190634,25.795838000000003],[-80.190418,25.797608999999998],[-80.190018,25.799105],[-80.190029,25.80120399999999],[-80.189604,25.802690999999996],[-80.18929,25.803277],[-80.188604,25.803674000000004],[-80.188249,25.804830999999997],[-80.187636,25.810439999999996],[-80.187308,25.811223],[-80.187206,25.811745000000002],[-80.187177,25.813830999999997],[-80.187042,25.814160000000005],[-80.186616,25.814615],[-80.186292,25.815277000000002],[-80.186413,25.816244],[-80.186383,25.817310999999993],[-80.186948,25.819257999999994],[-80.18695,25.819963999999988],[-80.185556,25.822675999999998],[-80.184043,25.826285],[-80.18377,25.827210000000004],[-80.183502,25.829060999999996],[-80.182216,25.833095],[-80.181721,25.835074],[-80.181861,25.835986999999996],[-80.182103,25.836442999999996],[-80.18272300000001,25.837215999999998],[-80.182749,25.840076],[-80.183041,25.840744],[-80.183805,25.841659],[-80.183958,25.84396],[-80.184084,25.844433999999996],[-80.184309,25.844724],[-80.184834,25.844943],[-80.187157,25.844979],[-80.187477,25.845192999999995],[-80.188017,25.845809],[-80.188601,25.847029999999997],[-80.188747,25.847139000000002],[-80.188847,25.847091000000002],[-80.188946,25.850236],[-80.18887,25.851018999999997],[-80.188546,25.847346],[-80.187783,25.846102],[-80.1872,25.845561999999997],[-80.186611,25.845282],[-80.184727,25.84506100000001],[-80.183954,25.844586999999994],[-80.183682,25.844220999999994],[-80.183253,25.842088999999998],[-80.182464,25.840422],[-80.182516,25.837939],[-80.18176900000002,25.836507999999995],[-80.181581,25.835411000000004],[-80.181677,25.833704999999995],[-80.182208,25.830541999999998],[-80.183077,25.827876999999997],[-80.18404,25.825773],[-80.184672,25.823371999999996],[-80.185775,25.820919],[-80.185924,25.820395000000005],[-80.186178,25.818668999999996],[-80.186168,25.817857999999994],[-80.185973,25.817154],[-80.186109,25.815151999999998],[-80.186202,25.814778],[-80.186816,25.813951000000007],[-80.187048,25.813003999999992],[-80.18697,25.811683],[-80.187233,25.811062999999997],[-80.187406,25.809970999999994],[-80.187284,25.808653999999994],[-80.187503,25.807625],[-80.18741,25.806796],[-80.18766500000001,25.805167],[-80.188011,25.803758999999996],[-80.18892000000001,25.80216400000001],[-80.18903,25.800946999999997],[-80.18947900000002,25.799593],[-80.18976,25.797670000000004],[-80.189893,25.794131],[-80.190268,25.792142999999996],[-80.190369,25.787675999999998],[-80.190486,25.786957999999995],[-80.190323,25.785761999999995],[-80.190282,25.783788],[-80.19052,25.782449],[-80.19033,25.782089999999997],[-80.190165,25.780620999999996],[-80.189585,25.780258000000003],[-80.189281,25.779714000000002],[-80.188736,25.778183000000002],[-80.188076,25.775845],[-80.188075,25.775603],[-80.188305,25.775152999999996],[-80.189026,25.774184],[-80.189079,25.773830999999994],[-80.189296,25.773643999999997],[-80.189209,25.773496],[-80.188383,25.772894000000004],[-80.18827300000001,25.772529999999996],[-80.188161,25.772462000000004],[-80.18848400000002,25.771657999999995],[-80.188715,25.771388999999996]]],[[[-80.222096,25.783211],[-80.221618,25.782721999999996],[-80.220915,25.782272],[-80.219211,25.781760999999996],[-80.218887,25.781353],[-80.218528,25.78113799999999],[-80.218017,25.780333],[-80.21719,25.779683],[-80.216454,25.779237999999992],[-80.215491,25.778833999999996],[-80.214888,25.778791999999992],[-80.214378,25.778921999999998],[-80.213914,25.779285],[-80.213787,25.779587],[-80.213809,25.779879000000005],[-80.215554,25.781823999999997],[-80.216811,25.782463999999994],[-80.218423,25.782867],[-80.220465,25.78366],[-80.220088,25.783651000000003],[-80.218265,25.783018000000002],[-80.216238,25.782478],[-80.21493,25.781604],[-80.214447,25.781073],[-80.213645,25.779848],[-80.213562,25.779531],[-80.21364,25.779273],[-80.214072,25.778842],[-80.214483,25.778639],[-80.215549,25.778679],[-80.216461,25.778869],[-80.217065,25.779178],[-80.21793,25.779867000000003],[-80.218428,25.780377999999995],[-80.218825,25.781123000000004],[-80.219492,25.781637999999997],[-80.220678,25.781979999999997],[-80.221351,25.782304],[-80.222953,25.78213],[-80.223799,25.78213999999999],[-80.224684,25.782275],[-80.226,25.782872],[-80.227126,25.783670999999995],[-80.227636,25.784231999999996],[-80.227646,25.78453899999999],[-80.227426,25.784936],[-80.226668,25.785325],[-80.225908,25.785427999999996],[-80.224954,25.785293],[-80.222882,25.784727999999998],[-80.222701,25.783849000000004],[-80.222027,25.783460999999992],[-80.22154300000001,25.783413],[-80.222013,25.783299999999993],[-80.222096,25.783211]],[[-80.223842,25.782692],[-80.223125,25.782847],[-80.222814,25.782997999999996],[-80.222712,25.783178],[-80.222845,25.783426999999993],[-80.223702,25.783730999999996],[-80.224764,25.784402999999994],[-80.225503,25.784697],[-80.226464,25.784980000000004],[-80.226773,25.784987000000005],[-80.226939,25.784888],[-80.227137,25.78451799999999],[-80.227064,25.784235999999993],[-80.225975,25.78311],[-80.225121,25.782717],[-80.223842,25.782692]]],[[[-80.239931,25.798604000000005],[-80.240895,25.798939],[-80.241186,25.799140999999995],[-80.242021,25.799993999999998],[-80.242031,25.801188],[-80.242227,25.801886],[-80.242633,25.802102],[-80.243222,25.801579999999998],[-80.243428,25.801577000000005],[-80.244169,25.802378],[-80.244234,25.802764],[-80.244047,25.802952999999995],[-80.243233,25.803198999999996],[-80.241921,25.803994],[-80.241205,25.80427],[-80.241009,25.804541000000004],[-80.241009,25.804768999999997],[-80.241743,25.805022],[-80.241783,25.805115],[-80.241581,25.805677],[-80.241415,25.805849999999996],[-80.240124,25.806397999999998],[-80.240124,25.805053],[-80.23994,25.802706],[-80.239931,25.798604000000005]]],[[[-80.240274,25.808720999999995],[-80.240134,25.807494000000002],[-80.240721,25.80750099999999],[-80.241132,25.80736],[-80.241773,25.806972],[-80.242342,25.806856],[-80.242733,25.806876999999997],[-80.243663,25.80719],[-80.244212,25.807523],[-80.245812,25.807965000000003],[-80.246426,25.808698],[-80.24699,25.808959000000005],[-80.24714,25.80943],[-80.246518,25.809927999999996],[-80.246016,25.810082],[-80.24552,25.810365999999995],[-80.245148,25.810413],[-80.244493,25.810064000000004],[-80.24358,25.809746],[-80.241005,25.809248],[-80.240274,25.808720999999995]]],[[[-80.237491,25.811389999999996],[-80.238048,25.811553999999997],[-80.23846,25.811662999999996],[-80.238367,25.811762000000005],[-80.238264,25.811688000000004],[-80.238039,25.811828999999992],[-80.237373,25.811832999999996],[-80.237358,25.811632999999997],[-80.237484,25.811634],[-80.237491,25.811389999999996]]],[[[-80.243473,25.812114],[-80.244207,25.811795999999998],[-80.244816,25.811691],[-80.245771,25.812081],[-80.243473,25.812114]]],[[[-80.217571,25.846567],[-80.21743000000001,25.846322999999998],[-80.2177,25.845774],[-80.217103,25.845222000000003],[-80.216957,25.844707999999997],[-80.216636,25.844663],[-80.216563,25.844304000000005],[-80.216665,25.844131],[-80.217129,25.844019999999997],[-80.217268,25.843867999999997],[-80.217572,25.844286],[-80.21817,25.844381],[-80.218397,25.844125],[-80.21814,25.843830000000004],[-80.21812200000001,25.843525],[-80.218245,25.843590999999993],[-80.218246,25.843852000000005],[-80.218466,25.844037999999998],[-80.21889400000002,25.843946000000003],[-80.218997,25.84376],[-80.21881000000002,25.843406],[-80.218495,25.843348],[-80.218413,25.843240999999995],[-80.219065,25.843262],[-80.219395,25.843785000000004],[-80.2197,25.84377999999999],[-80.219813,25.843853999999997],[-80.21969,25.843993999999995],[-80.219255,25.84400099999999],[-80.219371,25.844330999999993],[-80.21969,25.844368999999997],[-80.220164,25.844685],[-80.220132,25.844902000000005],[-80.220005,25.84501],[-80.219693,25.84484],[-80.219249,25.844863999999998],[-80.219294,25.845214999999996],[-80.219134,25.845282],[-80.21911,25.845477000000006],[-80.219177,25.846290000000007],[-80.219009,25.846534],[-80.217571,25.846567]]],[[[-80.209215,25.847505999999996],[-80.209594,25.847651000000003],[-80.209649,25.847879000000006],[-80.209728,25.847716],[-80.209458,25.847388],[-80.209422,25.847185999999997],[-80.209472,25.846943],[-80.209722,25.846829999999997],[-80.209143,25.846662999999996],[-80.209113,25.845902],[-80.209236,25.84558300000001],[-80.209361,25.845483000000005],[-80.209951,25.845959000000008],[-80.210508,25.845961],[-80.210678,25.845826999999996],[-80.210689,25.845556999999996],[-80.21085,25.845419999999997],[-80.210822,25.84518],[-80.210564,25.844891000000004],[-80.210575,25.844576999999997],[-80.210665,25.844685],[-80.210662,25.844913],[-80.211527,25.84499],[-80.211707,25.844917000000002],[-80.211106,25.844547999999996],[-80.210868,25.844554],[-80.210663,25.844361999999997],[-80.21108,25.843808999999997],[-80.210779,25.843531],[-80.210867,25.843259999999997],[-80.21118600000001,25.843059999999998],[-80.2117,25.843168],[-80.211811,25.843008],[-80.210858,25.842445999999995],[-80.210667,25.842014],[-80.211113,25.841807],[-80.211127,25.84153299999999],[-80.211335,25.841443000000005],[-80.21164,25.841462000000003],[-80.211716,25.841344],[-80.211637,25.841253999999996],[-80.211867,25.841246999999996],[-80.212308,25.842159],[-80.21240200000001,25.842670000000002],[-80.212325,25.842989000000003],[-80.212723,25.843285999999996],[-80.213229,25.84408],[-80.213191,25.844364999999996],[-80.213314,25.844648],[-80.213391,25.844921],[-80.213921,25.845428999999996],[-80.214418,25.845390999999996],[-80.214415,25.845108],[-80.214827,25.845081999999994],[-80.215018,25.845208999999997],[-80.215107,25.845458],[-80.214731,25.845354],[-80.214376,25.845625999999992],[-80.213314,25.845381],[-80.213174,25.845176999999996],[-80.213295,25.844650999999992],[-80.212902,25.844391],[-80.212703,25.843957000000003],[-80.21241,25.844019],[-80.212098,25.843887999999996],[-80.211599,25.843903999999995],[-80.211667,25.844254000000003],[-80.211606,25.84463699999999],[-80.211791,25.844858],[-80.21240200000001,25.845068000000005],[-80.21270700000001,25.845768],[-80.212777,25.845545999999995],[-80.213229,25.845685999999993],[-80.213308,25.845601999999996],[-80.213744,25.846421999999993],[-80.213359,25.846339],[-80.213292,25.846408000000004],[-80.213008,25.846211000000004],[-80.212929,25.846281999999995],[-80.213001,25.846455000000002],[-80.213425,25.846826],[-80.213373,25.847142999999996],[-80.213589,25.847526],[-80.213773,25.847271000000003],[-80.214216,25.847273],[-80.214376,25.847400999999994],[-80.214451,25.847729999999995],[-80.2147,25.847867],[-80.214823,25.847848000000003],[-80.215102,25.848287000000003],[-80.215407,25.848509],[-80.21568394759599,25.848124442029793],[-80.21524239697607,25.849693096884565],[-80.21514999996386,25.849882999981972],[-80.214823,25.849625999999997],[-80.214895,25.849418],[-80.214795,25.849149000000004],[-80.214503,25.848881999999996],[-80.214261,25.848835],[-80.213772,25.848958000000003],[-80.213117,25.84888099999999],[-80.212825,25.848925999999995],[-80.212612,25.848991],[-80.212374,25.849205999999995],[-80.212075,25.849085000000002],[-80.211759,25.849486999999993],[-80.211455,25.848978],[-80.211212,25.849088],[-80.209908,25.848819],[-80.20973,25.848842],[-80.209633,25.849065],[-80.209369,25.848833000000006],[-80.209215,25.847505999999996]]],[[[-80.21582,25.844984000000004],[-80.2164,25.845225],[-80.216645,25.845452999999996],[-80.216798,25.845896],[-80.216661,25.846051999999997],[-80.216649,25.846327],[-80.215153,25.845485],[-80.215336,25.845209],[-80.21582,25.844984000000004]]],[[[-80.180445,25.852779999999996],[-80.180924,25.853097],[-80.181265,25.853043000000003],[-80.181494,25.852877],[-80.181851,25.852097],[-80.181949,25.851438000000005],[-80.182987,25.850258999999994],[-80.182861,25.849664999999998],[-80.182708,25.849537],[-80.182533,25.849529000000004],[-80.181826,25.850216999999997],[-80.181614,25.850914999999993],[-80.181434,25.851128999999997],[-80.181187,25.851274],[-80.181528,25.850892000000005],[-80.18168700000001,25.850143],[-80.182105,25.849654999999995],[-80.18253,25.849391000000004],[-80.18291,25.849327],[-80.183285,25.849440999999995],[-80.183405,25.849702],[-80.183214,25.850353999999996],[-80.18321,25.850972999999996],[-80.183943,25.851689],[-80.184153,25.852294999999994],[-80.18409,25.852585],[-80.183725,25.852852999999996],[-80.183035,25.853066000000002],[-80.182757,25.853254999999997],[-80.182536,25.853652],[-80.182459,25.854326],[-80.18224200000002,25.854575],[-80.181362,25.854854999999997],[-80.180622,25.854691000000006],[-80.180497,25.854551],[-80.18049,25.854354000000004],[-80.181058,25.853869999999997],[-80.181241,25.853436999999996],[-80.181002,25.853240999999997],[-80.18034000000002,25.853231999999995],[-80.180046,25.853375000000003],[-80.17977,25.853674],[-80.179078,25.855004999999995],[-80.17886600000001,25.85516],[-80.178607,25.855138999999998],[-80.178399,25.854754],[-80.178465,25.854455999999995],[-80.179162,25.853917],[-80.179644,25.852958],[-80.179878,25.852703],[-80.18049,25.852503],[-80.180445,25.852779999999996]]],[[[-80.18744400000001,25.854025999999998],[-80.187253,25.854504000000002],[-80.18607,25.855018000000005],[-80.18566,25.855525],[-80.184556,25.856172999999995],[-80.184494,25.856279999999995],[-80.184681,25.856362999999998],[-80.18506500000001,25.856329999999996],[-80.186904,25.855502],[-80.187036,25.855838000000002],[-80.187428,25.855826999999998],[-80.187514,25.855584999999998],[-80.187672,25.855483999999997],[-80.18800700000001,25.855664],[-80.188339,25.855493],[-80.188607,25.855792000000005],[-80.188649,25.855516999999995],[-80.188478,25.855245999999998],[-80.188525,25.855161999999993],[-80.188901,25.855151],[-80.189114,25.855239000000005],[-80.189143,25.855542],[-80.189526,25.855838000000002],[-80.190822,25.855909],[-80.191045,25.855633000000005],[-80.191185,25.856491000000002],[-80.190995,25.856644],[-80.190941,25.857074],[-80.19043,25.856934999999996],[-80.189666,25.85704],[-80.189353,25.857472000000005],[-80.189474,25.857962],[-80.18932,25.858114999999998],[-80.189543,25.858508000000004],[-80.189711,25.858453],[-80.189593,25.858043],[-80.190098,25.857879000000004],[-80.190402,25.858074],[-80.190874,25.858138999999998],[-80.190959,25.858006],[-80.190813,25.857809],[-80.191077,25.858002000000003],[-80.191155,25.858276999999998],[-80.190942,25.858563],[-80.19118,25.858829000000007],[-80.190667,25.858785],[-80.190369,25.859007999999996],[-80.190092,25.858977999999997],[-80.189894,25.859082999999995],[-80.190122,25.859388],[-80.189507,25.86020699999999],[-80.189187,25.859976],[-80.189092,25.860098999999998],[-80.189111,25.860423],[-80.188865,25.860484999999997],[-80.188454,25.860376999999996],[-80.18804,25.861005],[-80.188143,25.861208999999995],[-80.186033,25.861284999999988],[-80.185818,25.861165],[-80.185736,25.86129199999999],[-80.185513,25.861303],[-80.185518,25.860739],[-80.185705,25.8606],[-80.185779,25.860399],[-80.186135,25.860623],[-80.186362,25.860652999999996],[-80.186502,25.860439000000003],[-80.187156,25.859912],[-80.187129,25.8597],[-80.188107,25.860035999999997],[-80.187674,25.859473999999995],[-80.18736000000001,25.859479999999998],[-80.187051,25.8596],[-80.186828,25.859362999999995],[-80.186729,25.859077],[-80.187062,25.85895199999999],[-80.187357,25.859255],[-80.187605,25.859301],[-80.187527,25.858832000000003],[-80.187604,25.858746000000004],[-80.187585,25.858519999999995],[-80.188148,25.858263999999995],[-80.187979,25.858221999999998],[-80.187807,25.857999999999997],[-80.18799,25.857778000000007],[-80.188772,25.857905],[-80.18902,25.857834],[-80.188902,25.857658],[-80.18861500000001,25.857530999999998],[-80.187957,25.857637999999998],[-80.187379,25.857228],[-80.187133,25.857204999999997],[-80.187056,25.857322],[-80.186477,25.857048],[-80.186222,25.857175999999995],[-80.185533,25.856814999999997],[-80.185354,25.856812999999995],[-80.185187,25.856951999999993],[-80.185178,25.857118],[-80.185858,25.857881],[-80.185475,25.858715999999998],[-80.184553,25.858943000000004],[-80.183853,25.858670999999994],[-80.183443,25.858704999999993],[-80.182849,25.859430999999994],[-80.182229,25.859955],[-80.182,25.860039],[-80.181883,25.859955999999997],[-80.181932,25.859572],[-80.181441,25.859368],[-80.181047,25.859031999999992],[-80.180767,25.858422],[-80.180432,25.858047999999997],[-80.180125,25.857319999999994],[-80.179988,25.857134],[-80.179818,25.857083999999997],[-80.17947400000001,25.857361000000004],[-80.177866,25.860011],[-80.177383,25.861522],[-80.177296,25.862204999999996],[-80.17736245107679,25.862633377107628],[-80.17621811845883,25.862676893258662],[-80.176095,25.862371],[-80.176115,25.861882999999995],[-80.175613,25.861222000000005],[-80.175499,25.860442999999997],[-80.17531200000002,25.860221],[-80.17478800000002,25.859908000000004],[-80.17468,25.859679999999997],[-80.175122,25.85885],[-80.17537,25.85798],[-80.175783,25.8575],[-80.175902,25.856809999999992],[-80.176044,25.856702999999992],[-80.176549,25.85663],[-80.176737,25.856376000000004],[-80.176686,25.856153999999997],[-80.176121,25.855546000000004],[-80.176066,25.855274],[-80.1772,25.853219999999997],[-80.17748000000002,25.851897],[-80.177387,25.851472000000005],[-80.177478,25.850759999999998],[-80.177446,25.850011000000002],[-80.177758,25.848928000000004],[-80.177713,25.848341],[-80.177901,25.847387999999995],[-80.178102,25.847430000000003],[-80.178431,25.847698999999995],[-80.179029,25.847866],[-80.17934500000001,25.848134],[-80.179422,25.848403],[-80.178502,25.85002799999999],[-80.178296,25.851371999999998],[-80.17838700000001,25.851773000000005],[-80.178346,25.852071],[-80.177573,25.85433],[-80.177918,25.85545],[-80.177912,25.855908999999997],[-80.177709,25.856479],[-80.17695600000002,25.857280999999993],[-80.176622,25.857854],[-80.176501,25.858477000000008],[-80.17661,25.858859000000002],[-80.176786,25.859064],[-80.17700100000002,25.859135000000002],[-80.177384,25.859088],[-80.17804500000001,25.858702999999995],[-80.178687,25.858234000000003],[-80.17955600000002,25.857030999999996],[-80.18003700000001,25.856898999999995],[-80.180271,25.85696],[-80.180397,25.85709099999999],[-80.180603,25.857834],[-80.180947,25.858319999999996],[-80.180945,25.858639999999998],[-80.18113,25.858879999999992],[-80.181676,25.85885],[-80.182227,25.859256000000002],[-80.182494,25.859352000000005],[-80.182785,25.859236999999997],[-80.183301,25.858546],[-80.183623,25.858378999999996],[-80.183931,25.858383],[-80.18451,25.858678],[-80.184768,25.858706999999995],[-80.184911,25.858525000000004],[-80.184876,25.858187999999995],[-80.183895,25.856906000000002],[-80.183707,25.856568999999993],[-80.183705,25.856389999999998],[-80.185298,25.855457000000005],[-80.18605800000002,25.854731000000005],[-80.18744400000001,25.854025999999998]],[[-80.177947,25.848312999999997],[-80.177579,25.849853],[-80.177661,25.850400000000004],[-80.17752,25.851341999999995],[-80.177598,25.852235999999994],[-80.177397,25.852688999999998],[-80.177275,25.853431],[-80.176576,25.854797],[-80.176675,25.855202999999996],[-80.177217,25.856050000000003],[-80.177431,25.856183],[-80.177684,25.855948],[-80.177757,25.855568],[-80.177642,25.85520199999999],[-80.177275,25.85467],[-80.177249,25.854435999999996],[-80.177729,25.853413999999997],[-80.177772,25.852783000000002],[-80.1781,25.851893000000004],[-80.177997,25.850709999999992],[-80.178073,25.849982999999995],[-80.178574,25.848815],[-80.178518,25.848362],[-80.178347,25.848088999999998],[-80.178095,25.848065999999996],[-80.177947,25.848312999999997]]],[[[-80.19284,25.858005000000002],[-80.191498,25.857734],[-80.191609,25.857711],[-80.191499,25.857324000000002],[-80.192014,25.857183],[-80.191376,25.856905],[-80.192003,25.856742],[-80.192253,25.856759],[-80.192473,25.856633999999993],[-80.192121,25.856351],[-80.192266,25.856242999999996],[-80.192555,25.856449000000005],[-80.192583,25.856114],[-80.192944,25.85616999999999],[-80.193211,25.856385999999997],[-80.193152,25.85822],[-80.19284,25.858005000000002]]],[[[-80.17416087798146,25.86274171808986],[-80.174308,25.861833000000004],[-80.174561,25.861363],[-80.174821,25.861151999999997],[-80.175142,25.861196000000003],[-80.175257,25.861425000000004],[-80.175046,25.862018999999997],[-80.17504,25.862475999999994],[-80.17490895523105,25.862717089539817],[-80.17416087798146,25.86274171808986]]],[[[-80.18122789811812,25.86252077054027],[-80.1814,25.861881000000004],[-80.181551,25.861798000000007],[-80.1817,25.861889],[-80.18205284668512,25.862497337105356],[-80.18122789811812,25.86252077054027]]],[[[-80.175705,25.862649999999995],[-80.17582857169143,25.86268680819321],[-80.17557450143477,25.862695174862857],[-80.175705,25.862649999999995]]]]},"properties":{"cls":3,"src":0}}]}